asset_id,asset_type,canonical_path,file_size_bytes,related_project_ids,primary_external_ref_id,source_ids,source_url,rights_status,risk_note,review_status,updated_at
asset-000001,museum_object_image,corpus/005_excavation-sites-periods-and-batches/001_public-domain-object-image-assets/001_asset-000001_met-obj-42045_object-image.jpg,1780568,met-obj-00001,met-obj-42045,src-metmuseum-oracle-bone,https://images.metmuseum.org/CRDImages/as/original/LC-67_43_14_002.jpg,public_domain_verified,The Met API marks object 42045 as public domain; retain object page/API provenance and do not treat the image as decipherment evidence without scholarly review.,reviewed,2026-06-05
asset-000002,museum_object_image,corpus/005_excavation-sites-periods-and-batches/001_public-domain-object-image-assets/002_asset-000002_met-obj-42022_object-image.jpg,2508142,met-obj-00002,met-obj-42022,src-metmuseum-oracle-bone,https://images.metmuseum.org/CRDImages/as/original/LC-18_56_71_002.jpg,public_domain_verified,The Met API marks object 42022 as public domain; retain object page/API provenance and do not treat the image as decipherment evidence without scholarly review.,reviewed,2026-06-05
asset-000003,museum_object_image,corpus/005_excavation-sites-periods-and-batches/001_public-domain-object-image-assets/003_asset-000003_si-nmaa-fsc-o-26_object-image.jpg,633418,si-nmaa-obj-00001,si-nmaa-fsc-o-26,src-smithsonian-nmaa-oracle-bone,https://ids.si.edu/ids/iiif/FS-FSC-O-26_1/full/full/0/default.jpg,public_domain_verified,Smithsonian/NMAA archive page and IIIF manifest mark FSC-O-26 / FS-FSC-O-26_1 as CC0; retain object-page and manifest provenance and do not treat image metadata as decipherment evidence.,reviewed,2026-06-05
asset-000004,glyph_candidate_image,corpus/001_oracle-characters/074_undeciphered-005701-005800_obs-unk-bucket_oracle-character-candidates/008_obs-unk-005708_hust-obc-und-X-005708_oracle-character-candidate/03_visual-assets/001_asset-000004_hust-X-005708_glyph.png,13523,obs-unk-005708,hust-obc-und-X-005708,src-hust-obc,https://ndownloader.figshare.com/files/48465988,source_marked_risk_noted,HUST-OBC image derivative extracted from registered large source package for local preparation-stage visual review; rights signals conflict between Figshare and article page and this is not decipherment evidence.,needs_human_visual_review,2026-06-19
asset-000005,glyph_candidate_image,corpus/001_oracle-characters/079_undeciphered-006201-006300_obs-unk-bucket_oracle-character-candidates/094_obs-unk-006294_hust-obc-und-X-006294_oracle-character-candidate/03_visual-assets/001_asset-000005_hust-X-006294_glyph.png,11893,obs-unk-006294,hust-obc-und-X-006294,src-hust-obc,https://ndownloader.figshare.com/files/48465988,source_marked_risk_noted,HUST-OBC image derivative extracted from registered large source package for local preparation-stage visual review; rights signals conflict between Figshare and article page and this is not decipherment evidence.,needs_human_visual_review,2026-06-19
asset-000006,glyph_candidate_image,corpus/001_oracle-characters/001_000001-000100_obs-char-bucket_oracle-characters/001_obs-char-000001_hust-obc-cat-0001_oracle-character/03_visual-assets/001_asset-000006_hust-obc-cat-0001_glyph.png,1408,obs-char-000001,hust-obc-cat-0001,src-hust-obc,https://ndownloader.figshare.com/files/48465988,source_marked_risk_noted,HUST-OBC image derivative extracted from registered large source package for local preparation-stage visual review; rights signals conflict between Figshare and article page and this is not decipherment evidence.,needs_human_visual_review,2026-06-20
asset-000007,glyph_candidate_image,corpus/001_oracle-characters/001_000001-000100_obs-char-bucket_oracle-characters/002_obs-char-000002_hust-obc-cat-0002_oracle-character/03_visual-assets/001_asset-000007_hust-obc-cat-0002_glyph.png,1478,obs-char-000002,hust-obc-cat-0002,src-hust-obc,https://ndownloader.figshare.com/files/48465988,source_marked_risk_noted,HUST-OBC image derivative extracted from registered large source package for local preparation-stage visual review; rights signals conflict between Figshare and article page and this is not decipherment evidence.,needs_human_visual_review,2026-06-20
asset-000008,glyph_candidate_image,corpus/001_oracle-characters/001_000001-000100_obs-char-bucket_oracle-characters/003_obs-char-000003_hust-obc-cat-0003_oracle-character/03_visual-assets/001_asset-000008_hust-obc-cat-0003_glyph.png,1766,obs-char-000003,hust-obc-cat-0003,src-hust-obc,https://ndownloader.figshare.com/files/48465988,source_marked_risk_noted,HUST-OBC image derivative extracted from registered large source package for local preparation-stage visual review; rights signals conflict between Figshare and article page and this is not decipherment evidence.,needs_human_visual_review,2026-06-20
asset-000009,glyph_candidate_image,corpus/001_oracle-characters/001_000001-000100_obs-char-bucket_oracle-characters/004_obs-char-000004_hust-obc-cat-0004_oracle-character/03_visual-assets/001_asset-000009_hust-obc-cat-0004_glyph.png,1261,obs-char-000004,hust-obc-cat-0004,src-hust-obc,https://ndownloader.figshare.com/files/48465988,source_marked_risk_noted,HUST-OBC image derivative extracted from registered large source package for local preparation-stage visual review; rights signals conflict between Figshare and article page and this is not decipherment evidence.,needs_human_visual_review,2026-06-20
asset-000010,glyph_candidate_image,corpus/001_oracle-characters/001_000001-000100_obs-char-bucket_oracle-characters/005_obs-char-000005_hust-obc-cat-0005_oracle-character/03_visual-assets/001_asset-000010_hust-obc-cat-0005_glyph.png,1296,obs-char-000005,hust-obc-cat-0005,src-hust-obc,https://ndownloader.figshare.com/files/48465988,source_marked_risk_noted,HUST-OBC image derivative extracted from registered large source package for local preparation-stage visual review; rights signals conflict between Figshare and article page and this is not decipherment evidence.,needs_human_visual_review,2026-06-20
asset-000011,glyph_candidate_image,corpus/001_oracle-characters/001_000001-000100_obs-char-bucket_oracle-characters/006_obs-char-000006_hust-obc-cat-0006_oracle-character/03_visual-assets/001_asset-000011_hust-obc-cat-0006_glyph.png,1240,obs-char-000006,hust-obc-cat-0006,src-hust-obc,https://ndownloader.figshare.com/files/48465988,source_marked_risk_noted,HUST-OBC image derivative extracted from registered large source package for local preparation-stage visual review; rights signals conflict between Figshare and article page and this is not decipherment evidence.,needs_human_visual_review,2026-06-20
asset-000012,glyph_candidate_image,corpus/001_oracle-characters/001_000001-000100_obs-char-bucket_oracle-characters/007_obs-char-000007_hust-obc-cat-0007_oracle-character/03_visual-assets/001_asset-000012_hust-obc-cat-0007_glyph.png,3081,obs-char-000007,hust-obc-cat-0007,src-hust-obc,https://ndownloader.figshare.com/files/48465988,source_marked_risk_noted,HUST-OBC image derivative extracted from registered large source package for local preparation-stage visual review; rights signals conflict between Figshare and article page and this is not decipherment evidence.,needs_human_visual_review,2026-06-20
asset-000013,glyph_candidate_image,corpus/001_oracle-characters/001_000001-000100_obs-char-bucket_oracle-characters/008_obs-char-000008_hust-obc-cat-0008_oracle-character/03_visual-assets/001_asset-000013_hust-obc-cat-0008_glyph.png,1717,obs-char-000008,hust-obc-cat-0008,src-hust-obc,https://ndownloader.figshare.com/files/48465988,source_marked_risk_noted,HUST-OBC image derivative extracted from registered large source package for local preparation-stage visual review; rights signals conflict between Figshare and article page and this is not decipherment evidence.,needs_human_visual_review,2026-06-20
asset-000014,glyph_candidate_image,corpus/001_oracle-characters/001_000001-000100_obs-char-bucket_oracle-characters/009_obs-char-000009_hust-obc-cat-0009_oracle-character/03_visual-assets/001_asset-000014_hust-obc-cat-0009_glyph.png,1769,obs-char-000009,hust-obc-cat-0009,src-hust-obc,https://ndownloader.figshare.com/files/48465988,source_marked_risk_noted,HUST-OBC image derivative extracted from registered large source package for local preparation-stage visual review; rights signals conflict between Figshare and article page and this is not decipherment evidence.,needs_human_visual_review,2026-06-20
asset-000015,glyph_candidate_image,corpus/001_oracle-characters/001_000001-000100_obs-char-bucket_oracle-characters/010_obs-char-000010_hust-obc-cat-0010_oracle-character/03_visual-assets/001_asset-000015_hust-obc-cat-0010_glyph.png,1814,obs-char-000010,hust-obc-cat-0010,src-hust-obc,https://ndownloader.figshare.com/files/48465988,source_marked_risk_noted,HUST-OBC image derivative extracted from registered large source package for local preparation-stage visual review; rights signals conflict between Figshare and article page and this is not decipherment evidence.,needs_human_visual_review,2026-06-20
asset-000016,glyph_candidate_image,corpus/001_oracle-characters/001_000001-000100_obs-char-bucket_oracle-characters/011_obs-char-000011_hust-obc-cat-0011_0012_0013_oracle-character/03_visual-assets/001_asset-000016_hust-obc-cat-0011_0012_0013_glyph.png,1144,obs-char-000011,hust-obc-cat-0011_0012_0013,src-hust-obc,https://ndownloader.figshare.com/files/48465988,source_marked_risk_noted,HUST-OBC image derivative extracted from registered large source package for local preparation-stage visual review; rights signals conflict between Figshare and article page and this is not decipherment evidence.,needs_human_visual_review,2026-06-20
asset-000017,glyph_candidate_image,corpus/001_oracle-characters/001_000001-000100_obs-char-bucket_oracle-characters/012_obs-char-000012_hust-obc-cat-0014_oracle-character/03_visual-assets/001_asset-000017_hust-obc-cat-0014_glyph.png,15146,obs-char-000012,hust-obc-cat-0014,src-hust-obc,https://ndownloader.figshare.com/files/48465988,source_marked_risk_noted,HUST-OBC image derivative extracted from registered large source package for local preparation-stage visual review; rights signals conflict between Figshare and article page and this is not decipherment evidence.,needs_human_visual_review,2026-06-20
asset-000018,glyph_candidate_image,corpus/001_oracle-characters/001_000001-000100_obs-char-bucket_oracle-characters/013_obs-char-000013_hust-obc-cat-0015_0016_oracle-character/03_visual-assets/001_asset-000018_hust-obc-cat-0015_0016_glyph.png,1595,obs-char-000013,hust-obc-cat-0015_0016,src-hust-obc,https://ndownloader.figshare.com/files/48465988,source_marked_risk_noted,HUST-OBC image derivative extracted from registered large source package for local preparation-stage visual review; rights signals conflict between Figshare and article page and this is not decipherment evidence.,needs_human_visual_review,2026-06-20
asset-000019,glyph_candidate_image,corpus/001_oracle-characters/001_000001-000100_obs-char-bucket_oracle-characters/014_obs-char-000014_hust-obc-cat-0017_oracle-character/03_visual-assets/001_asset-000019_hust-obc-cat-0017_glyph.png,2539,obs-char-000014,hust-obc-cat-0017,src-hust-obc,https://ndownloader.figshare.com/files/48465988,source_marked_risk_noted,HUST-OBC image derivative extracted from registered large source package for local preparation-stage visual review; rights signals conflict between Figshare and article page and this is not decipherment evidence.,needs_human_visual_review,2026-06-20
asset-000020,glyph_candidate_image,corpus/001_oracle-characters/001_000001-000100_obs-char-bucket_oracle-characters/015_obs-char-000015_hust-obc-cat-0018_oracle-character/03_visual-assets/001_asset-000020_hust-obc-cat-0018_glyph.png,1660,obs-char-000015,hust-obc-cat-0018,src-hust-obc,https://ndownloader.figshare.com/files/48465988,source_marked_risk_noted,HUST-OBC image derivative extracted from registered large source package for local preparation-stage visual review; rights signals conflict between Figshare and article page and this is not decipherment evidence.,needs_human_visual_review,2026-06-20
asset-000021,glyph_candidate_image,corpus/001_oracle-characters/001_000001-000100_obs-char-bucket_oracle-characters/016_obs-char-000016_hust-obc-cat-0019_oracle-character/03_visual-assets/001_asset-000021_hust-obc-cat-0019_glyph.png,3463,obs-char-000016,hust-obc-cat-0019,src-hust-obc,https://ndownloader.figshare.com/files/48465988,source_marked_risk_noted,HUST-OBC image derivative extracted from registered large source package for local preparation-stage visual review; rights signals conflict between Figshare and article page and this is not decipherment evidence.,needs_human_visual_review,2026-06-20
asset-000022,glyph_candidate_image,corpus/001_oracle-characters/001_000001-000100_obs-char-bucket_oracle-characters/017_obs-char-000017_hust-obc-cat-0020_oracle-character/03_visual-assets/001_asset-000022_hust-obc-cat-0020_glyph.png,1830,obs-char-000017,hust-obc-cat-0020,src-hust-obc,https://ndownloader.figshare.com/files/48465988,source_marked_risk_noted,HUST-OBC image derivative extracted from registered large source package for local preparation-stage visual review; rights signals conflict between Figshare and article page and this is not decipherment evidence.,needs_human_visual_review,2026-06-20
asset-000023,glyph_candidate_image,corpus/001_oracle-characters/001_000001-000100_obs-char-bucket_oracle-characters/018_obs-char-000018_hust-obc-cat-0021_oracle-character/03_visual-assets/001_asset-000023_hust-obc-cat-0021_glyph.png,1842,obs-char-000018,hust-obc-cat-0021,src-hust-obc,https://ndownloader.figshare.com/files/48465988,source_marked_risk_noted,HUST-OBC image derivative extracted from registered large source package for local preparation-stage visual review; rights signals conflict between Figshare and article page and this is not decipherment evidence.,needs_human_visual_review,2026-06-20
asset-000024,glyph_candidate_image,corpus/001_oracle-characters/001_000001-000100_obs-char-bucket_oracle-characters/019_obs-char-000019_hust-obc-cat-0022_oracle-character/03_visual-assets/001_asset-000024_hust-obc-cat-0022_glyph.png,3501,obs-char-000019,hust-obc-cat-0022,src-hust-obc,https://ndownloader.figshare.com/files/48465988,source_marked_risk_noted,HUST-OBC image derivative extracted from registered large source package for local preparation-stage visual review; rights signals conflict between Figshare and article page and this is not decipherment evidence.,needs_human_visual_review,2026-06-20
asset-000025,glyph_candidate_image,corpus/001_oracle-characters/001_000001-000100_obs-char-bucket_oracle-characters/020_obs-char-000020_hust-obc-cat-0023_0024_oracle-character/03_visual-assets/001_asset-000025_hust-obc-cat-0023_0024_glyph.png,4164,obs-char-000020,hust-obc-cat-0023_0024,src-hust-obc,https://ndownloader.figshare.com/files/48465988,source_marked_risk_noted,HUST-OBC image derivative extracted from registered large source package for local preparation-stage visual review; rights signals conflict between Figshare and article page and this is not decipherment evidence.,needs_human_visual_review,2026-06-20
asset-000026,glyph_candidate_image,corpus/001_oracle-characters/001_000001-000100_obs-char-bucket_oracle-characters/021_obs-char-000021_hust-obc-cat-0025_0026_oracle-character/03_visual-assets/001_asset-000026_hust-obc-cat-0025_0026_glyph.png,1108,obs-char-000021,hust-obc-cat-0025_0026,src-hust-obc,https://ndownloader.figshare.com/files/48465988,source_marked_risk_noted,HUST-OBC image derivative extracted from registered large source package for local preparation-stage visual review; rights signals conflict between Figshare and article page and this is not decipherment evidence.,needs_human_visual_review,2026-06-20
asset-000027,glyph_candidate_image,corpus/001_oracle-characters/001_000001-000100_obs-char-bucket_oracle-characters/022_obs-char-000022_hust-obc-cat-0027_oracle-character/03_visual-assets/001_asset-000027_hust-obc-cat-0027_glyph.png,1454,obs-char-000022,hust-obc-cat-0027,src-hust-obc,https://ndownloader.figshare.com/files/48465988,source_marked_risk_noted,HUST-OBC image derivative extracted from registered large source package for local preparation-stage visual review; rights signals conflict between Figshare and article page and this is not decipherment evidence.,needs_human_visual_review,2026-06-20
asset-000028,glyph_candidate_image,corpus/001_oracle-characters/001_000001-000100_obs-char-bucket_oracle-characters/023_obs-char-000023_hust-obc-cat-0028_oracle-character/03_visual-assets/001_asset-000028_hust-obc-cat-0028_glyph.png,1567,obs-char-000023,hust-obc-cat-0028,src-hust-obc,https://ndownloader.figshare.com/files/48465988,source_marked_risk_noted,HUST-OBC image derivative extracted from registered large source package for local preparation-stage visual review; rights signals conflict between Figshare and article page and this is not decipherment evidence.,needs_human_visual_review,2026-06-20
asset-000029,glyph_candidate_image,corpus/001_oracle-characters/001_000001-000100_obs-char-bucket_oracle-characters/024_obs-char-000024_hust-obc-cat-0029_oracle-character/03_visual-assets/001_asset-000029_hust-obc-cat-0029_glyph.png,2329,obs-char-000024,hust-obc-cat-0029,src-hust-obc,https://ndownloader.figshare.com/files/48465988,source_marked_risk_noted,HUST-OBC image derivative extracted from registered large source package for local preparation-stage visual review; rights signals conflict between Figshare and article page and this is not decipherment evidence.,needs_human_visual_review,2026-06-20
asset-000030,glyph_candidate_image,corpus/001_oracle-characters/001_000001-000100_obs-char-bucket_oracle-characters/025_obs-char-000025_hust-obc-cat-0030_oracle-character/03_visual-assets/001_asset-000030_hust-obc-cat-0030_glyph.png,1404,obs-char-000025,hust-obc-cat-0030,src-hust-obc,https://ndownloader.figshare.com/files/48465988,source_marked_risk_noted,HUST-OBC image derivative extracted from registered large source package for local preparation-stage visual review; rights signals conflict between Figshare and article page and this is not decipherment evidence.,needs_human_visual_review,2026-06-20
asset-000031,glyph_candidate_image,corpus/001_oracle-characters/001_000001-000100_obs-char-bucket_oracle-characters/026_obs-char-000026_hust-obc-cat-0031_oracle-character/03_visual-assets/001_asset-000031_hust-obc-cat-0031_glyph.png,3691,obs-char-000026,hust-obc-cat-0031,src-hust-obc,https://ndownloader.figshare.com/files/48465988,source_marked_risk_noted,HUST-OBC image derivative extracted from registered large source package for local preparation-stage visual review; rights signals conflict between Figshare and article page and this is not decipherment evidence.,needs_human_visual_review,2026-06-20
asset-000032,glyph_candidate_image,corpus/001_oracle-characters/001_000001-000100_obs-char-bucket_oracle-characters/027_obs-char-000027_hust-obc-cat-0032_oracle-character/03_visual-assets/001_asset-000032_hust-obc-cat-0032_glyph.png,4206,obs-char-000027,hust-obc-cat-0032,src-hust-obc,https://ndownloader.figshare.com/files/48465988,source_marked_risk_noted,HUST-OBC image derivative extracted from registered large source package for local preparation-stage visual review; rights signals conflict between Figshare and article page and this is not decipherment evidence.,needs_human_visual_review,2026-06-20
asset-000033,glyph_candidate_image,corpus/001_oracle-characters/001_000001-000100_obs-char-bucket_oracle-characters/028_obs-char-000028_hust-obc-cat-0033_oracle-character/03_visual-assets/001_asset-000033_hust-obc-cat-0033_glyph.png,10734,obs-char-000028,hust-obc-cat-0033,src-hust-obc,https://ndownloader.figshare.com/files/48465988,source_marked_risk_noted,HUST-OBC image derivative extracted from registered large source package for local preparation-stage visual review; rights signals conflict between Figshare and article page and this is not decipherment evidence.,needs_human_visual_review,2026-06-20
asset-000034,glyph_candidate_image,corpus/001_oracle-characters/001_000001-000100_obs-char-bucket_oracle-characters/029_obs-char-000029_hust-obc-cat-0034_oracle-character/03_visual-assets/001_asset-000034_hust-obc-cat-0034_glyph.png,1320,obs-char-000029,hust-obc-cat-0034,src-hust-obc,https://ndownloader.figshare.com/files/48465988,source_marked_risk_noted,HUST-OBC image derivative extracted from registered large source package for local preparation-stage visual review; rights signals conflict between Figshare and article page and this is not decipherment evidence.,needs_human_visual_review,2026-06-20
asset-000035,glyph_candidate_image,corpus/001_oracle-characters/001_000001-000100_obs-char-bucket_oracle-characters/030_obs-char-000030_hust-obc-cat-0035_oracle-character/03_visual-assets/001_asset-000035_hust-obc-cat-0035_glyph.png,898,obs-char-000030,hust-obc-cat-0035,src-hust-obc,https://ndownloader.figshare.com/files/48465988,source_marked_risk_noted,HUST-OBC image derivative extracted from registered large source package for local preparation-stage visual review; rights signals conflict between Figshare and article page and this is not decipherment evidence.,needs_human_visual_review,2026-06-20
asset-000036,glyph_candidate_image,corpus/001_oracle-characters/001_000001-000100_obs-char-bucket_oracle-characters/031_obs-char-000031_hust-obc-cat-0036_oracle-character/03_visual-assets/001_asset-000036_hust-obc-cat-0036_glyph.png,1036,obs-char-000031,hust-obc-cat-0036,src-hust-obc,https://ndownloader.figshare.com/files/48465988,source_marked_risk_noted,HUST-OBC image derivative extracted from registered large source package for local preparation-stage visual review; rights signals conflict between Figshare and article page and this is not decipherment evidence.,needs_human_visual_review,2026-06-20
asset-000037,glyph_candidate_image,corpus/001_oracle-characters/001_000001-000100_obs-char-bucket_oracle-characters/032_obs-char-000032_hust-obc-cat-0037_oracle-character/03_visual-assets/001_asset-000037_hust-obc-cat-0037_glyph.png,2474,obs-char-000032,hust-obc-cat-0037,src-hust-obc,https://ndownloader.figshare.com/files/48465988,source_marked_risk_noted,HUST-OBC image derivative extracted from registered large source package for local preparation-stage visual review; rights signals conflict between Figshare and article page and this is not decipherment evidence.,needs_human_visual_review,2026-06-20
asset-000038,glyph_candidate_image,corpus/001_oracle-characters/001_000001-000100_obs-char-bucket_oracle-characters/033_obs-char-000033_hust-obc-cat-0038_oracle-character/03_visual-assets/001_asset-000038_hust-obc-cat-0038_glyph.png,1775,obs-char-000033,hust-obc-cat-0038,src-hust-obc,https://ndownloader.figshare.com/files/48465988,source_marked_risk_noted,HUST-OBC image derivative extracted from registered large source package for local preparation-stage visual review; rights signals conflict between Figshare and article page and this is not decipherment evidence.,needs_human_visual_review,2026-06-20
asset-000039,glyph_candidate_image,corpus/001_oracle-characters/001_000001-000100_obs-char-bucket_oracle-characters/034_obs-char-000034_hust-obc-cat-0039_oracle-character/03_visual-assets/001_asset-000039_hust-obc-cat-0039_glyph.png,2169,obs-char-000034,hust-obc-cat-0039,src-hust-obc,https://ndownloader.figshare.com/files/48465988,source_marked_risk_noted,HUST-OBC image derivative extracted from registered large source package for local preparation-stage visual review; rights signals conflict between Figshare and article page and this is not decipherment evidence.,needs_human_visual_review,2026-06-20
asset-000040,glyph_candidate_image,corpus/001_oracle-characters/001_000001-000100_obs-char-bucket_oracle-characters/035_obs-char-000035_hust-obc-cat-0040_oracle-character/03_visual-assets/001_asset-000040_hust-obc-cat-0040_glyph.png,1731,obs-char-000035,hust-obc-cat-0040,src-hust-obc,https://ndownloader.figshare.com/files/48465988,source_marked_risk_noted,HUST-OBC image derivative extracted from registered large source package for local preparation-stage visual review; rights signals conflict between Figshare and article page and this is not decipherment evidence.,needs_human_visual_review,2026-06-20
asset-000041,glyph_candidate_image,corpus/001_oracle-characters/001_000001-000100_obs-char-bucket_oracle-characters/036_obs-char-000036_hust-obc-cat-0041_0042_oracle-character/03_visual-assets/001_asset-000041_hust-obc-cat-0041_0042_glyph.png,1332,obs-char-000036,hust-obc-cat-0041_0042,src-hust-obc,https://ndownloader.figshare.com/files/48465988,source_marked_risk_noted,HUST-OBC image derivative extracted from registered large source package for local preparation-stage visual review; rights signals conflict between Figshare and article page and this is not decipherment evidence.,needs_human_visual_review,2026-06-20
asset-000042,glyph_candidate_image,corpus/001_oracle-characters/001_000001-000100_obs-char-bucket_oracle-characters/037_obs-char-000037_hust-obc-cat-0043_oracle-character/03_visual-assets/001_asset-000042_hust-obc-cat-0043_glyph.png,1606,obs-char-000037,hust-obc-cat-0043,src-hust-obc,https://ndownloader.figshare.com/files/48465988,source_marked_risk_noted,HUST-OBC image derivative extracted from registered large source package for local preparation-stage visual review; rights signals conflict between Figshare and article page and this is not decipherment evidence.,needs_human_visual_review,2026-06-20
asset-000043,glyph_candidate_image,corpus/001_oracle-characters/001_000001-000100_obs-char-bucket_oracle-characters/038_obs-char-000038_hust-obc-cat-0044_oracle-character/03_visual-assets/001_asset-000043_hust-obc-cat-0044_glyph.png,1319,obs-char-000038,hust-obc-cat-0044,src-hust-obc,https://ndownloader.figshare.com/files/48465988,source_marked_risk_noted,HUST-OBC image derivative extracted from registered large source package for local preparation-stage visual review; rights signals conflict between Figshare and article page and this is not decipherment evidence.,needs_human_visual_review,2026-06-20
asset-000044,glyph_candidate_image,corpus/001_oracle-characters/001_000001-000100_obs-char-bucket_oracle-characters/039_obs-char-000039_hust-obc-cat-0045_oracle-character/03_visual-assets/001_asset-000044_hust-obc-cat-0045_glyph.png,1181,obs-char-000039,hust-obc-cat-0045,src-hust-obc,https://ndownloader.figshare.com/files/48465988,source_marked_risk_noted,HUST-OBC image derivative extracted from registered large source package for local preparation-stage visual review; rights signals conflict between Figshare and article page and this is not decipherment evidence.,needs_human_visual_review,2026-06-20
asset-000045,glyph_candidate_image,corpus/001_oracle-characters/001_000001-000100_obs-char-bucket_oracle-characters/040_obs-char-000040_hust-obc-cat-0046_oracle-character/03_visual-assets/001_asset-000045_hust-obc-cat-0046_glyph.png,1216,obs-char-000040,hust-obc-cat-0046,src-hust-obc,https://ndownloader.figshare.com/files/48465988,source_marked_risk_noted,HUST-OBC image derivative extracted from registered large source package for local preparation-stage visual review; rights signals conflict between Figshare and article page and this is not decipherment evidence.,needs_human_visual_review,2026-06-20
asset-000046,glyph_candidate_image,corpus/001_oracle-characters/001_000001-000100_obs-char-bucket_oracle-characters/041_obs-char-000041_hust-obc-cat-0047_oracle-character/03_visual-assets/001_asset-000046_hust-obc-cat-0047_glyph.png,2572,obs-char-000041,hust-obc-cat-0047,src-hust-obc,https://ndownloader.figshare.com/files/48465988,source_marked_risk_noted,HUST-OBC image derivative extracted from registered large source package for local preparation-stage visual review; rights signals conflict between Figshare and article page and this is not decipherment evidence.,needs_human_visual_review,2026-06-20
asset-000047,glyph_candidate_image,corpus/001_oracle-characters/001_000001-000100_obs-char-bucket_oracle-characters/042_obs-char-000042_hust-obc-cat-0048_0049_oracle-character/03_visual-assets/001_asset-000047_hust-obc-cat-0048_0049_glyph.png,3514,obs-char-000042,hust-obc-cat-0048_0049,src-hust-obc,https://ndownloader.figshare.com/files/48465988,source_marked_risk_noted,HUST-OBC image derivative extracted from registered large source package for local preparation-stage visual review; rights signals conflict between Figshare and article page and this is not decipherment evidence.,needs_human_visual_review,2026-06-20
asset-000048,glyph_candidate_image,corpus/001_oracle-characters/001_000001-000100_obs-char-bucket_oracle-characters/043_obs-char-000043_hust-obc-cat-0050_oracle-character/03_visual-assets/001_asset-000048_hust-obc-cat-0050_glyph.png,1484,obs-char-000043,hust-obc-cat-0050,src-hust-obc,https://ndownloader.figshare.com/files/48465988,source_marked_risk_noted,HUST-OBC image derivative extracted from registered large source package for local preparation-stage visual review; rights signals conflict between Figshare and article page and this is not decipherment evidence.,needs_human_visual_review,2026-06-20
asset-000049,glyph_candidate_image,corpus/001_oracle-characters/001_000001-000100_obs-char-bucket_oracle-characters/044_obs-char-000044_hust-obc-cat-0051_oracle-character/03_visual-assets/001_asset-000049_hust-obc-cat-0051_glyph.png,1564,obs-char-000044,hust-obc-cat-0051,src-hust-obc,https://ndownloader.figshare.com/files/48465988,source_marked_risk_noted,HUST-OBC image derivative extracted from registered large source package for local preparation-stage visual review; rights signals conflict between Figshare and article page and this is not decipherment evidence.,needs_human_visual_review,2026-06-20
asset-000050,glyph_candidate_image,corpus/001_oracle-characters/001_000001-000100_obs-char-bucket_oracle-characters/045_obs-char-000045_hust-obc-cat-0052_0053_oracle-character/03_visual-assets/001_asset-000050_hust-obc-cat-0052_0053_glyph.png,1518,obs-char-000045,hust-obc-cat-0052_0053,src-hust-obc,https://ndownloader.figshare.com/files/48465988,source_marked_risk_noted,HUST-OBC image derivative extracted from registered large source package for local preparation-stage visual review; rights signals conflict between Figshare and article page and this is not decipherment evidence.,needs_human_visual_review,2026-06-20
asset-000051,glyph_candidate_image,corpus/001_oracle-characters/001_000001-000100_obs-char-bucket_oracle-characters/046_obs-char-000046_hust-obc-cat-0054_oracle-character/03_visual-assets/001_asset-000051_hust-obc-cat-0054_glyph.png,4321,obs-char-000046,hust-obc-cat-0054,src-hust-obc,https://ndownloader.figshare.com/files/48465988,source_marked_risk_noted,HUST-OBC image derivative extracted from registered large source package for local preparation-stage visual review; rights signals conflict between Figshare and article page and this is not decipherment evidence.,needs_human_visual_review,2026-06-20
asset-000052,glyph_candidate_image,corpus/001_oracle-characters/001_000001-000100_obs-char-bucket_oracle-characters/047_obs-char-000047_hust-obc-cat-0055_oracle-character/03_visual-assets/001_asset-000052_hust-obc-cat-0055_glyph.png,1982,obs-char-000047,hust-obc-cat-0055,src-hust-obc,https://ndownloader.figshare.com/files/48465988,source_marked_risk_noted,HUST-OBC image derivative extracted from registered large source package for local preparation-stage visual review; rights signals conflict between Figshare and article page and this is not decipherment evidence.,needs_human_visual_review,2026-06-20
asset-000053,glyph_candidate_image,corpus/001_oracle-characters/001_000001-000100_obs-char-bucket_oracle-characters/048_obs-char-000048_hust-obc-cat-0056_oracle-character/03_visual-assets/001_asset-000053_hust-obc-cat-0056_glyph.png,11252,obs-char-000048,hust-obc-cat-0056,src-hust-obc,https://ndownloader.figshare.com/files/48465988,source_marked_risk_noted,HUST-OBC image derivative extracted from registered large source package for local preparation-stage visual review; rights signals conflict between Figshare and article page and this is not decipherment evidence.,needs_human_visual_review,2026-06-20
asset-000054,glyph_candidate_image,corpus/001_oracle-characters/001_000001-000100_obs-char-bucket_oracle-characters/049_obs-char-000049_hust-obc-cat-0057_oracle-character/03_visual-assets/001_asset-000054_hust-obc-cat-0057_glyph.png,2810,obs-char-000049,hust-obc-cat-0057,src-hust-obc,https://ndownloader.figshare.com/files/48465988,source_marked_risk_noted,HUST-OBC image derivative extracted from registered large source package for local preparation-stage visual review; rights signals conflict between Figshare and article page and this is not decipherment evidence.,needs_human_visual_review,2026-06-20
asset-000055,glyph_candidate_image,corpus/001_oracle-characters/001_000001-000100_obs-char-bucket_oracle-characters/050_obs-char-000050_hust-obc-cat-0058_oracle-character/03_visual-assets/001_asset-000055_hust-obc-cat-0058_glyph.png,961,obs-char-000050,hust-obc-cat-0058,src-hust-obc,https://ndownloader.figshare.com/files/48465988,source_marked_risk_noted,HUST-OBC image derivative extracted from registered large source package for local preparation-stage visual review; rights signals conflict between Figshare and article page and this is not decipherment evidence.,needs_human_visual_review,2026-06-20
asset-000056,glyph_candidate_image,corpus/001_oracle-characters/001_000001-000100_obs-char-bucket_oracle-characters/051_obs-char-000051_hust-obc-cat-0059_oracle-character/03_visual-assets/001_asset-000056_hust-obc-cat-0059_glyph.png,1338,obs-char-000051,hust-obc-cat-0059,src-hust-obc,https://ndownloader.figshare.com/files/48465988,source_marked_risk_noted,HUST-OBC image derivative extracted from registered large source package for local preparation-stage visual review; rights signals conflict between Figshare and article page and this is not decipherment evidence.,needs_human_visual_review,2026-06-20
asset-000057,glyph_candidate_image,corpus/001_oracle-characters/001_000001-000100_obs-char-bucket_oracle-characters/052_obs-char-000052_hust-obc-cat-0060_oracle-character/03_visual-assets/001_asset-000057_hust-obc-cat-0060_glyph.png,1206,obs-char-000052,hust-obc-cat-0060,src-hust-obc,https://ndownloader.figshare.com/files/48465988,source_marked_risk_noted,HUST-OBC image derivative extracted from registered large source package for local preparation-stage visual review; rights signals conflict between Figshare and article page and this is not decipherment evidence.,needs_human_visual_review,2026-06-20
asset-000058,glyph_candidate_image,corpus/001_oracle-characters/001_000001-000100_obs-char-bucket_oracle-characters/053_obs-char-000053_hust-obc-cat-0061_oracle-character/03_visual-assets/001_asset-000058_hust-obc-cat-0061_glyph.png,16336,obs-char-000053,hust-obc-cat-0061,src-hust-obc,https://ndownloader.figshare.com/files/48465988,source_marked_risk_noted,HUST-OBC image derivative extracted from registered large source package for local preparation-stage visual review; rights signals conflict between Figshare and article page and this is not decipherment evidence.,needs_human_visual_review,2026-06-20
asset-000059,glyph_candidate_image,corpus/001_oracle-characters/001_000001-000100_obs-char-bucket_oracle-characters/054_obs-char-000054_hust-obc-cat-0062_0063_oracle-character/03_visual-assets/001_asset-000059_hust-obc-cat-0062_0063_glyph.png,3371,obs-char-000054,hust-obc-cat-0062_0063,src-hust-obc,https://ndownloader.figshare.com/files/48465988,source_marked_risk_noted,HUST-OBC image derivative extracted from registered large source package for local preparation-stage visual review; rights signals conflict between Figshare and article page and this is not decipherment evidence.,needs_human_visual_review,2026-06-20
asset-000060,glyph_candidate_image,corpus/001_oracle-characters/001_000001-000100_obs-char-bucket_oracle-characters/055_obs-char-000055_hust-obc-cat-0064_oracle-character/03_visual-assets/001_asset-000060_hust-obc-cat-0064_glyph.png,2889,obs-char-000055,hust-obc-cat-0064,src-hust-obc,https://ndownloader.figshare.com/files/48465988,source_marked_risk_noted,HUST-OBC image derivative extracted from registered large source package for local preparation-stage visual review; rights signals conflict between Figshare and article page and this is not decipherment evidence.,needs_human_visual_review,2026-06-20
asset-000061,glyph_candidate_image,corpus/001_oracle-characters/001_000001-000100_obs-char-bucket_oracle-characters/056_obs-char-000056_hust-obc-cat-0065_oracle-character/03_visual-assets/001_asset-000061_hust-obc-cat-0065_glyph.png,1459,obs-char-000056,hust-obc-cat-0065,src-hust-obc,https://ndownloader.figshare.com/files/48465988,source_marked_risk_noted,HUST-OBC image derivative extracted from registered large source package for local preparation-stage visual review; rights signals conflict between Figshare and article page and this is not decipherment evidence.,needs_human_visual_review,2026-06-20
asset-000062,glyph_candidate_image,corpus/001_oracle-characters/001_000001-000100_obs-char-bucket_oracle-characters/057_obs-char-000057_hust-obc-cat-0066_oracle-character/03_visual-assets/001_asset-000062_hust-obc-cat-0066_glyph.png,17542,obs-char-000057,hust-obc-cat-0066,src-hust-obc,https://ndownloader.figshare.com/files/48465988,source_marked_risk_noted,HUST-OBC image derivative extracted from registered large source package for local preparation-stage visual review; rights signals conflict between Figshare and article page and this is not decipherment evidence.,needs_human_visual_review,2026-06-20
asset-000063,glyph_candidate_image,corpus/001_oracle-characters/001_000001-000100_obs-char-bucket_oracle-characters/058_obs-char-000058_hust-obc-cat-0067_oracle-character/03_visual-assets/001_asset-000063_hust-obc-cat-0067_glyph.png,1879,obs-char-000058,hust-obc-cat-0067,src-hust-obc,https://ndownloader.figshare.com/files/48465988,source_marked_risk_noted,HUST-OBC image derivative extracted from registered large source package for local preparation-stage visual review; rights signals conflict between Figshare and article page and this is not decipherment evidence.,needs_human_visual_review,2026-06-20
asset-000064,glyph_candidate_image,corpus/001_oracle-characters/001_000001-000100_obs-char-bucket_oracle-characters/059_obs-char-000059_hust-obc-cat-0068_oracle-character/03_visual-assets/001_asset-000064_hust-obc-cat-0068_glyph.png,4353,obs-char-000059,hust-obc-cat-0068,src-hust-obc,https://ndownloader.figshare.com/files/48465988,source_marked_risk_noted,HUST-OBC image derivative extracted from registered large source package for local preparation-stage visual review; rights signals conflict between Figshare and article page and this is not decipherment evidence.,needs_human_visual_review,2026-06-20
asset-000065,glyph_candidate_image,corpus/001_oracle-characters/001_000001-000100_obs-char-bucket_oracle-characters/060_obs-char-000060_hust-obc-cat-0069_oracle-character/03_visual-assets/001_asset-000065_hust-obc-cat-0069_glyph.png,3478,obs-char-000060,hust-obc-cat-0069,src-hust-obc,https://ndownloader.figshare.com/files/48465988,source_marked_risk_noted,HUST-OBC image derivative extracted from registered large source package for local preparation-stage visual review; rights signals conflict between Figshare and article page and this is not decipherment evidence.,needs_human_visual_review,2026-06-20
asset-000066,glyph_candidate_image,corpus/001_oracle-characters/001_000001-000100_obs-char-bucket_oracle-characters/061_obs-char-000061_hust-obc-cat-0070_0071_oracle-character/03_visual-assets/001_asset-000066_hust-obc-cat-0070_0071_glyph.png,1590,obs-char-000061,hust-obc-cat-0070_0071,src-hust-obc,https://ndownloader.figshare.com/files/48465988,source_marked_risk_noted,HUST-OBC image derivative extracted from registered large source package for local preparation-stage visual review; rights signals conflict between Figshare and article page and this is not decipherment evidence.,needs_human_visual_review,2026-06-20
asset-000067,glyph_candidate_image,corpus/001_oracle-characters/001_000001-000100_obs-char-bucket_oracle-characters/062_obs-char-000062_hust-obc-cat-0072_oracle-character/03_visual-assets/001_asset-000067_hust-obc-cat-0072_glyph.png,1357,obs-char-000062,hust-obc-cat-0072,src-hust-obc,https://ndownloader.figshare.com/files/48465988,source_marked_risk_noted,HUST-OBC image derivative extracted from registered large source package for local preparation-stage visual review; rights signals conflict between Figshare and article page and this is not decipherment evidence.,needs_human_visual_review,2026-06-20
asset-000068,glyph_candidate_image,corpus/001_oracle-characters/001_000001-000100_obs-char-bucket_oracle-characters/063_obs-char-000063_hust-obc-cat-0073_oracle-character/03_visual-assets/001_asset-000068_hust-obc-cat-0073_glyph.png,1559,obs-char-000063,hust-obc-cat-0073,src-hust-obc,https://ndownloader.figshare.com/files/48465988,source_marked_risk_noted,HUST-OBC image derivative extracted from registered large source package for local preparation-stage visual review; rights signals conflict between Figshare and article page and this is not decipherment evidence.,needs_human_visual_review,2026-06-20
asset-000069,glyph_candidate_image,corpus/001_oracle-characters/001_000001-000100_obs-char-bucket_oracle-characters/064_obs-char-000064_hust-obc-cat-0074_oracle-character/03_visual-assets/001_asset-000069_hust-obc-cat-0074_glyph.png,12999,obs-char-000064,hust-obc-cat-0074,src-hust-obc,https://ndownloader.figshare.com/files/48465988,source_marked_risk_noted,HUST-OBC image derivative extracted from registered large source package for local preparation-stage visual review; rights signals conflict between Figshare and article page and this is not decipherment evidence.,needs_human_visual_review,2026-06-20
asset-000070,glyph_candidate_image,corpus/001_oracle-characters/001_000001-000100_obs-char-bucket_oracle-characters/065_obs-char-000065_hust-obc-cat-0075_oracle-character/03_visual-assets/001_asset-000070_hust-obc-cat-0075_glyph.png,3560,obs-char-000065,hust-obc-cat-0075,src-hust-obc,https://ndownloader.figshare.com/files/48465988,source_marked_risk_noted,HUST-OBC image derivative extracted from registered large source package for local preparation-stage visual review; rights signals conflict between Figshare and article page and this is not decipherment evidence.,needs_human_visual_review,2026-06-20
asset-000071,glyph_candidate_image,corpus/001_oracle-characters/001_000001-000100_obs-char-bucket_oracle-characters/066_obs-char-000066_hust-obc-cat-0076_oracle-character/03_visual-assets/001_asset-000071_hust-obc-cat-0076_glyph.png,1839,obs-char-000066,hust-obc-cat-0076,src-hust-obc,https://ndownloader.figshare.com/files/48465988,source_marked_risk_noted,HUST-OBC image derivative extracted from registered large source package for local preparation-stage visual review; rights signals conflict between Figshare and article page and this is not decipherment evidence.,needs_human_visual_review,2026-06-20
asset-000072,glyph_candidate_image,corpus/001_oracle-characters/001_000001-000100_obs-char-bucket_oracle-characters/067_obs-char-000067_hust-obc-cat-0077_oracle-character/03_visual-assets/001_asset-000072_hust-obc-cat-0077_glyph.png,20426,obs-char-000067,hust-obc-cat-0077,src-hust-obc,https://ndownloader.figshare.com/files/48465988,source_marked_risk_noted,HUST-OBC image derivative extracted from registered large source package for local preparation-stage visual review; rights signals conflict between Figshare and article page and this is not decipherment evidence.,needs_human_visual_review,2026-06-20
asset-000073,glyph_candidate_image,corpus/001_oracle-characters/001_000001-000100_obs-char-bucket_oracle-characters/068_obs-char-000068_hust-obc-cat-0078_oracle-character/03_visual-assets/001_asset-000073_hust-obc-cat-0078_glyph.png,3780,obs-char-000068,hust-obc-cat-0078,src-hust-obc,https://ndownloader.figshare.com/files/48465988,source_marked_risk_noted,HUST-OBC image derivative extracted from registered large source package for local preparation-stage visual review; rights signals conflict between Figshare and article page and this is not decipherment evidence.,needs_human_visual_review,2026-06-20
asset-000074,glyph_candidate_image,corpus/001_oracle-characters/001_000001-000100_obs-char-bucket_oracle-characters/069_obs-char-000069_hust-obc-cat-0079_oracle-character/03_visual-assets/001_asset-000074_hust-obc-cat-0079_glyph.png,1527,obs-char-000069,hust-obc-cat-0079,src-hust-obc,https://ndownloader.figshare.com/files/48465988,source_marked_risk_noted,HUST-OBC image derivative extracted from registered large source package for local preparation-stage visual review; rights signals conflict between Figshare and article page and this is not decipherment evidence.,needs_human_visual_review,2026-06-20
asset-000075,glyph_candidate_image,corpus/001_oracle-characters/001_000001-000100_obs-char-bucket_oracle-characters/070_obs-char-000070_hust-obc-cat-0080_oracle-character/03_visual-assets/001_asset-000075_hust-obc-cat-0080_glyph.png,1881,obs-char-000070,hust-obc-cat-0080,src-hust-obc,https://ndownloader.figshare.com/files/48465988,source_marked_risk_noted,HUST-OBC image derivative extracted from registered large source package for local preparation-stage visual review; rights signals conflict between Figshare and article page and this is not decipherment evidence.,needs_human_visual_review,2026-06-20
asset-000076,glyph_candidate_image,corpus/001_oracle-characters/001_000001-000100_obs-char-bucket_oracle-characters/071_obs-char-000071_hust-obc-cat-0081_oracle-character/03_visual-assets/001_asset-000076_hust-obc-cat-0081_glyph.png,195,obs-char-000071,hust-obc-cat-0081,src-hust-obc,https://ndownloader.figshare.com/files/48465988,source_marked_risk_noted,HUST-OBC image derivative extracted from registered large source package for local preparation-stage visual review; rights signals conflict between Figshare and article page and this is not decipherment evidence.,needs_human_visual_review,2026-06-20
asset-000077,glyph_candidate_image,corpus/001_oracle-characters/001_000001-000100_obs-char-bucket_oracle-characters/072_obs-char-000072_hust-obc-cat-0082_oracle-character/03_visual-assets/001_asset-000077_hust-obc-cat-0082_glyph.png,1423,obs-char-000072,hust-obc-cat-0082,src-hust-obc,https://ndownloader.figshare.com/files/48465988,source_marked_risk_noted,HUST-OBC image derivative extracted from registered large source package for local preparation-stage visual review; rights signals conflict between Figshare and article page and this is not decipherment evidence.,needs_human_visual_review,2026-06-20
asset-000078,glyph_candidate_image,corpus/001_oracle-characters/001_000001-000100_obs-char-bucket_oracle-characters/073_obs-char-000073_hust-obc-cat-0083_oracle-character/03_visual-assets/001_asset-000078_hust-obc-cat-0083_glyph.png,1070,obs-char-000073,hust-obc-cat-0083,src-hust-obc,https://ndownloader.figshare.com/files/48465988,source_marked_risk_noted,HUST-OBC image derivative extracted from registered large source package for local preparation-stage visual review; rights signals conflict between Figshare and article page and this is not decipherment evidence.,needs_human_visual_review,2026-06-20
asset-000079,glyph_candidate_image,corpus/001_oracle-characters/001_000001-000100_obs-char-bucket_oracle-characters/074_obs-char-000074_hust-obc-cat-0084_oracle-character/03_visual-assets/001_asset-000079_hust-obc-cat-0084_glyph.png,902,obs-char-000074,hust-obc-cat-0084,src-hust-obc,https://ndownloader.figshare.com/files/48465988,source_marked_risk_noted,HUST-OBC image derivative extracted from registered large source package for local preparation-stage visual review; rights signals conflict between Figshare and article page and this is not decipherment evidence.,needs_human_visual_review,2026-06-20
asset-000080,glyph_candidate_image,corpus/001_oracle-characters/001_000001-000100_obs-char-bucket_oracle-characters/075_obs-char-000075_hust-obc-cat-0085_oracle-character/03_visual-assets/001_asset-000080_hust-obc-cat-0085_glyph.png,954,obs-char-000075,hust-obc-cat-0085,src-hust-obc,https://ndownloader.figshare.com/files/48465988,source_marked_risk_noted,HUST-OBC image derivative extracted from registered large source package for local preparation-stage visual review; rights signals conflict between Figshare and article page and this is not decipherment evidence.,needs_human_visual_review,2026-06-20
asset-000081,glyph_candidate_image,corpus/001_oracle-characters/001_000001-000100_obs-char-bucket_oracle-characters/076_obs-char-000076_hust-obc-cat-0086_oracle-character/03_visual-assets/001_asset-000081_hust-obc-cat-0086_glyph.png,1135,obs-char-000076,hust-obc-cat-0086,src-hust-obc,https://ndownloader.figshare.com/files/48465988,source_marked_risk_noted,HUST-OBC image derivative extracted from registered large source package for local preparation-stage visual review; rights signals conflict between Figshare and article page and this is not decipherment evidence.,needs_human_visual_review,2026-06-20
asset-000082,glyph_candidate_image,corpus/001_oracle-characters/001_000001-000100_obs-char-bucket_oracle-characters/077_obs-char-000077_hust-obc-cat-0087_oracle-character/03_visual-assets/001_asset-000082_hust-obc-cat-0087_glyph.png,796,obs-char-000077,hust-obc-cat-0087,src-hust-obc,https://ndownloader.figshare.com/files/48465988,source_marked_risk_noted,HUST-OBC image derivative extracted from registered large source package for local preparation-stage visual review; rights signals conflict between Figshare and article page and this is not decipherment evidence.,needs_human_visual_review,2026-06-20
asset-000083,glyph_candidate_image,corpus/001_oracle-characters/001_000001-000100_obs-char-bucket_oracle-characters/078_obs-char-000078_hust-obc-cat-0088_oracle-character/03_visual-assets/001_asset-000083_hust-obc-cat-0088_glyph.png,777,obs-char-000078,hust-obc-cat-0088,src-hust-obc,https://ndownloader.figshare.com/files/48465988,source_marked_risk_noted,HUST-OBC image derivative extracted from registered large source package for local preparation-stage visual review; rights signals conflict between Figshare and article page and this is not decipherment evidence.,needs_human_visual_review,2026-06-20
asset-000084,glyph_candidate_image,corpus/001_oracle-characters/001_000001-000100_obs-char-bucket_oracle-characters/079_obs-char-000079_hust-obc-cat-0089_oracle-character/03_visual-assets/001_asset-000084_hust-obc-cat-0089_glyph.png,1218,obs-char-000079,hust-obc-cat-0089,src-hust-obc,https://ndownloader.figshare.com/files/48465988,source_marked_risk_noted,HUST-OBC image derivative extracted from registered large source package for local preparation-stage visual review; rights signals conflict between Figshare and article page and this is not decipherment evidence.,needs_human_visual_review,2026-06-20
asset-000085,glyph_candidate_image,corpus/001_oracle-characters/001_000001-000100_obs-char-bucket_oracle-characters/080_obs-char-000080_hust-obc-cat-0090_oracle-character/03_visual-assets/001_asset-000085_hust-obc-cat-0090_glyph.png,8255,obs-char-000080,hust-obc-cat-0090,src-hust-obc,https://ndownloader.figshare.com/files/48465988,source_marked_risk_noted,HUST-OBC image derivative extracted from registered large source package for local preparation-stage visual review; rights signals conflict between Figshare and article page and this is not decipherment evidence.,needs_human_visual_review,2026-06-20
asset-000086,glyph_candidate_image,corpus/001_oracle-characters/001_000001-000100_obs-char-bucket_oracle-characters/081_obs-char-000081_hust-obc-cat-0091_oracle-character/03_visual-assets/001_asset-000086_hust-obc-cat-0091_glyph.png,1583,obs-char-000081,hust-obc-cat-0091,src-hust-obc,https://ndownloader.figshare.com/files/48465988,source_marked_risk_noted,HUST-OBC image derivative extracted from registered large source package for local preparation-stage visual review; rights signals conflict between Figshare and article page and this is not decipherment evidence.,needs_human_visual_review,2026-06-20
asset-000087,glyph_candidate_image,corpus/001_oracle-characters/001_000001-000100_obs-char-bucket_oracle-characters/082_obs-char-000082_hust-obc-cat-0092_oracle-character/03_visual-assets/001_asset-000087_hust-obc-cat-0092_glyph.png,1716,obs-char-000082,hust-obc-cat-0092,src-hust-obc,https://ndownloader.figshare.com/files/48465988,source_marked_risk_noted,HUST-OBC image derivative extracted from registered large source package for local preparation-stage visual review; rights signals conflict between Figshare and article page and this is not decipherment evidence.,needs_human_visual_review,2026-06-20
asset-000088,glyph_candidate_image,corpus/001_oracle-characters/001_000001-000100_obs-char-bucket_oracle-characters/083_obs-char-000083_hust-obc-cat-0093_oracle-character/03_visual-assets/001_asset-000088_hust-obc-cat-0093_glyph.png,1850,obs-char-000083,hust-obc-cat-0093,src-hust-obc,https://ndownloader.figshare.com/files/48465988,source_marked_risk_noted,HUST-OBC image derivative extracted from registered large source package for local preparation-stage visual review; rights signals conflict between Figshare and article page and this is not decipherment evidence.,needs_human_visual_review,2026-06-20
asset-000089,glyph_candidate_image,corpus/001_oracle-characters/001_000001-000100_obs-char-bucket_oracle-characters/084_obs-char-000084_hust-obc-cat-0094_oracle-character/03_visual-assets/001_asset-000089_hust-obc-cat-0094_glyph.png,1539,obs-char-000084,hust-obc-cat-0094,src-hust-obc,https://ndownloader.figshare.com/files/48465988,source_marked_risk_noted,HUST-OBC image derivative extracted from registered large source package for local preparation-stage visual review; rights signals conflict between Figshare and article page and this is not decipherment evidence.,needs_human_visual_review,2026-06-20
asset-000090,glyph_candidate_image,corpus/001_oracle-characters/001_000001-000100_obs-char-bucket_oracle-characters/085_obs-char-000085_hust-obc-cat-0095_oracle-character/03_visual-assets/001_asset-000090_hust-obc-cat-0095_glyph.png,1086,obs-char-000085,hust-obc-cat-0095,src-hust-obc,https://ndownloader.figshare.com/files/48465988,source_marked_risk_noted,HUST-OBC image derivative extracted from registered large source package for local preparation-stage visual review; rights signals conflict between Figshare and article page and this is not decipherment evidence.,needs_human_visual_review,2026-06-20
asset-000091,glyph_candidate_image,corpus/001_oracle-characters/001_000001-000100_obs-char-bucket_oracle-characters/086_obs-char-000086_hust-obc-cat-0096_oracle-character/03_visual-assets/001_asset-000091_hust-obc-cat-0096_glyph.png,1239,obs-char-000086,hust-obc-cat-0096,src-hust-obc,https://ndownloader.figshare.com/files/48465988,source_marked_risk_noted,HUST-OBC image derivative extracted from registered large source package for local preparation-stage visual review; rights signals conflict between Figshare and article page and this is not decipherment evidence.,needs_human_visual_review,2026-06-20
asset-000092,glyph_candidate_image,corpus/001_oracle-characters/001_000001-000100_obs-char-bucket_oracle-characters/087_obs-char-000087_hust-obc-cat-0097_oracle-character/03_visual-assets/001_asset-000092_hust-obc-cat-0097_glyph.png,1382,obs-char-000087,hust-obc-cat-0097,src-hust-obc,https://ndownloader.figshare.com/files/48465988,source_marked_risk_noted,HUST-OBC image derivative extracted from registered large source package for local preparation-stage visual review; rights signals conflict between Figshare and article page and this is not decipherment evidence.,needs_human_visual_review,2026-06-20
asset-000093,glyph_candidate_image,corpus/001_oracle-characters/001_000001-000100_obs-char-bucket_oracle-characters/088_obs-char-000088_hust-obc-cat-0098_oracle-character/03_visual-assets/001_asset-000093_hust-obc-cat-0098_glyph.png,1804,obs-char-000088,hust-obc-cat-0098,src-hust-obc,https://ndownloader.figshare.com/files/48465988,source_marked_risk_noted,HUST-OBC image derivative extracted from registered large source package for local preparation-stage visual review; rights signals conflict between Figshare and article page and this is not decipherment evidence.,needs_human_visual_review,2026-06-20
asset-000094,glyph_candidate_image,corpus/001_oracle-characters/001_000001-000100_obs-char-bucket_oracle-characters/089_obs-char-000089_hust-obc-cat-0099_oracle-character/03_visual-assets/001_asset-000094_hust-obc-cat-0099_glyph.png,1296,obs-char-000089,hust-obc-cat-0099,src-hust-obc,https://ndownloader.figshare.com/files/48465988,source_marked_risk_noted,HUST-OBC image derivative extracted from registered large source package for local preparation-stage visual review; rights signals conflict between Figshare and article page and this is not decipherment evidence.,needs_human_visual_review,2026-06-20
asset-000095,glyph_candidate_image,corpus/001_oracle-characters/001_000001-000100_obs-char-bucket_oracle-characters/090_obs-char-000090_hust-obc-cat-0100_oracle-character/03_visual-assets/001_asset-000095_hust-obc-cat-0100_glyph.png,1614,obs-char-000090,hust-obc-cat-0100,src-hust-obc,https://ndownloader.figshare.com/files/48465988,source_marked_risk_noted,HUST-OBC image derivative extracted from registered large source package for local preparation-stage visual review; rights signals conflict between Figshare and article page and this is not decipherment evidence.,needs_human_visual_review,2026-06-20
asset-000096,glyph_candidate_image,corpus/001_oracle-characters/001_000001-000100_obs-char-bucket_oracle-characters/091_obs-char-000091_hust-obc-cat-0101_oracle-character/03_visual-assets/001_asset-000096_hust-obc-cat-0101_glyph.png,569,obs-char-000091,hust-obc-cat-0101,src-hust-obc,https://ndownloader.figshare.com/files/48465988,source_marked_risk_noted,HUST-OBC image derivative extracted from registered large source package for local preparation-stage visual review; rights signals conflict between Figshare and article page and this is not decipherment evidence.,needs_human_visual_review,2026-06-20
asset-000097,glyph_candidate_image,corpus/001_oracle-characters/001_000001-000100_obs-char-bucket_oracle-characters/092_obs-char-000092_hust-obc-cat-0102_oracle-character/03_visual-assets/001_asset-000097_hust-obc-cat-0102_glyph.png,1615,obs-char-000092,hust-obc-cat-0102,src-hust-obc,https://ndownloader.figshare.com/files/48465988,source_marked_risk_noted,HUST-OBC image derivative extracted from registered large source package for local preparation-stage visual review; rights signals conflict between Figshare and article page and this is not decipherment evidence.,needs_human_visual_review,2026-06-20
asset-000098,glyph_candidate_image,corpus/001_oracle-characters/001_000001-000100_obs-char-bucket_oracle-characters/093_obs-char-000093_hust-obc-cat-0103_oracle-character/03_visual-assets/001_asset-000098_hust-obc-cat-0103_glyph.png,845,obs-char-000093,hust-obc-cat-0103,src-hust-obc,https://ndownloader.figshare.com/files/48465988,source_marked_risk_noted,HUST-OBC image derivative extracted from registered large source package for local preparation-stage visual review; rights signals conflict between Figshare and article page and this is not decipherment evidence.,needs_human_visual_review,2026-06-20
asset-000099,glyph_candidate_image,corpus/001_oracle-characters/001_000001-000100_obs-char-bucket_oracle-characters/094_obs-char-000094_hust-obc-cat-0104_oracle-character/03_visual-assets/001_asset-000099_hust-obc-cat-0104_glyph.png,998,obs-char-000094,hust-obc-cat-0104,src-hust-obc,https://ndownloader.figshare.com/files/48465988,source_marked_risk_noted,HUST-OBC image derivative extracted from registered large source package for local preparation-stage visual review; rights signals conflict between Figshare and article page and this is not decipherment evidence.,needs_human_visual_review,2026-06-20
asset-000100,glyph_candidate_image,corpus/001_oracle-characters/001_000001-000100_obs-char-bucket_oracle-characters/095_obs-char-000095_hust-obc-cat-0105_oracle-character/03_visual-assets/001_asset-000100_hust-obc-cat-0105_glyph.png,1243,obs-char-000095,hust-obc-cat-0105,src-hust-obc,https://ndownloader.figshare.com/files/48465988,source_marked_risk_noted,HUST-OBC image derivative extracted from registered large source package for local preparation-stage visual review; rights signals conflict between Figshare and article page and this is not decipherment evidence.,needs_human_visual_review,2026-06-20
asset-000101,glyph_candidate_image,corpus/001_oracle-characters/001_000001-000100_obs-char-bucket_oracle-characters/096_obs-char-000096_hust-obc-cat-0106_0107_oracle-character/03_visual-assets/001_asset-000101_hust-obc-cat-0106_0107_glyph.png,1277,obs-char-000096,hust-obc-cat-0106_0107,src-hust-obc,https://ndownloader.figshare.com/files/48465988,source_marked_risk_noted,HUST-OBC image derivative extracted from registered large source package for local preparation-stage visual review; rights signals conflict between Figshare and article page and this is not decipherment evidence.,needs_human_visual_review,2026-06-20
asset-000102,glyph_candidate_image,corpus/001_oracle-characters/001_000001-000100_obs-char-bucket_oracle-characters/097_obs-char-000097_hust-obc-cat-0108_oracle-character/03_visual-assets/001_asset-000102_hust-obc-cat-0108_glyph.png,1107,obs-char-000097,hust-obc-cat-0108,src-hust-obc,https://ndownloader.figshare.com/files/48465988,source_marked_risk_noted,HUST-OBC image derivative extracted from registered large source package for local preparation-stage visual review; rights signals conflict between Figshare and article page and this is not decipherment evidence.,needs_human_visual_review,2026-06-20
asset-000103,glyph_candidate_image,corpus/001_oracle-characters/001_000001-000100_obs-char-bucket_oracle-characters/098_obs-char-000098_hust-obc-cat-0109_oracle-character/03_visual-assets/001_asset-000103_hust-obc-cat-0109_glyph.png,983,obs-char-000098,hust-obc-cat-0109,src-hust-obc,https://ndownloader.figshare.com/files/48465988,source_marked_risk_noted,HUST-OBC image derivative extracted from registered large source package for local preparation-stage visual review; rights signals conflict between Figshare and article page and this is not decipherment evidence.,needs_human_visual_review,2026-06-20
asset-000104,glyph_candidate_image,corpus/001_oracle-characters/001_000001-000100_obs-char-bucket_oracle-characters/099_obs-char-000099_hust-obc-cat-0110_oracle-character/03_visual-assets/001_asset-000104_hust-obc-cat-0110_glyph.png,678,obs-char-000099,hust-obc-cat-0110,src-hust-obc,https://ndownloader.figshare.com/files/48465988,source_marked_risk_noted,HUST-OBC image derivative extracted from registered large source package for local preparation-stage visual review; rights signals conflict between Figshare and article page and this is not decipherment evidence.,needs_human_visual_review,2026-06-20
asset-000105,glyph_candidate_image,corpus/001_oracle-characters/001_000001-000100_obs-char-bucket_oracle-characters/100_obs-char-000100_hust-obc-cat-0111_oracle-character/03_visual-assets/001_asset-000105_hust-obc-cat-0111_glyph.png,1146,obs-char-000100,hust-obc-cat-0111,src-hust-obc,https://ndownloader.figshare.com/files/48465988,source_marked_risk_noted,HUST-OBC image derivative extracted from registered large source package for local preparation-stage visual review; rights signals conflict between Figshare and article page and this is not decipherment evidence.,needs_human_visual_review,2026-06-20
asset-000106,glyph_candidate_image,corpus/001_oracle-characters/002_000101-000200_obs-char-bucket_oracle-characters/101_obs-char-000101_hust-obc-cat-0112_oracle-character/03_visual-assets/001_asset-000106_hust-obc-cat-0112_glyph.png,1635,obs-char-000101,hust-obc-cat-0112,src-hust-obc,https://ndownloader.figshare.com/files/48465988,source_marked_risk_noted,HUST-OBC image derivative extracted from registered large source package for local preparation-stage visual review; rights signals conflict between Figshare and article page and this is not decipherment evidence.,needs_human_visual_review,2026-06-20
asset-000107,glyph_candidate_image,corpus/001_oracle-characters/002_000101-000200_obs-char-bucket_oracle-characters/102_obs-char-000102_hust-obc-cat-0113_0114_oracle-character/03_visual-assets/001_asset-000107_hust-obc-cat-0113_0114_glyph.png,22948,obs-char-000102,hust-obc-cat-0113_0114,src-hust-obc,https://ndownloader.figshare.com/files/48465988,source_marked_risk_noted,HUST-OBC image derivative extracted from registered large source package for local preparation-stage visual review; rights signals conflict between Figshare and article page and this is not decipherment evidence.,needs_human_visual_review,2026-06-20
asset-000108,glyph_candidate_image,corpus/001_oracle-characters/002_000101-000200_obs-char-bucket_oracle-characters/103_obs-char-000103_hust-obc-cat-0115_oracle-character/03_visual-assets/001_asset-000108_hust-obc-cat-0115_glyph.png,1398,obs-char-000103,hust-obc-cat-0115,src-hust-obc,https://ndownloader.figshare.com/files/48465988,source_marked_risk_noted,HUST-OBC image derivative extracted from registered large source package for local preparation-stage visual review; rights signals conflict between Figshare and article page and this is not decipherment evidence.,needs_human_visual_review,2026-06-20
asset-000109,glyph_candidate_image,corpus/001_oracle-characters/002_000101-000200_obs-char-bucket_oracle-characters/104_obs-char-000104_hust-obc-cat-0116_oracle-character/03_visual-assets/001_asset-000109_hust-obc-cat-0116_glyph.png,922,obs-char-000104,hust-obc-cat-0116,src-hust-obc,https://ndownloader.figshare.com/files/48465988,source_marked_risk_noted,HUST-OBC image derivative extracted from registered large source package for local preparation-stage visual review; rights signals conflict between Figshare and article page and this is not decipherment evidence.,needs_human_visual_review,2026-06-20
asset-000110,glyph_candidate_image,corpus/001_oracle-characters/002_000101-000200_obs-char-bucket_oracle-characters/105_obs-char-000105_hust-obc-cat-0117_0118_oracle-character/03_visual-assets/001_asset-000110_hust-obc-cat-0117_0118_glyph.png,1042,obs-char-000105,hust-obc-cat-0117_0118,src-hust-obc,https://ndownloader.figshare.com/files/48465988,source_marked_risk_noted,HUST-OBC image derivative extracted from registered large source package for local preparation-stage visual review; rights signals conflict between Figshare and article page and this is not decipherment evidence.,needs_human_visual_review,2026-06-20
asset-000111,glyph_candidate_image,corpus/001_oracle-characters/002_000101-000200_obs-char-bucket_oracle-characters/106_obs-char-000106_hust-obc-cat-0119_0120_oracle-character/03_visual-assets/001_asset-000111_hust-obc-cat-0119_0120_glyph.png,1436,obs-char-000106,hust-obc-cat-0119_0120,src-hust-obc,https://ndownloader.figshare.com/files/48465988,source_marked_risk_noted,HUST-OBC image derivative extracted from registered large source package for local preparation-stage visual review; rights signals conflict between Figshare and article page and this is not decipherment evidence.,needs_human_visual_review,2026-06-20
asset-000112,glyph_candidate_image,corpus/001_oracle-characters/002_000101-000200_obs-char-bucket_oracle-characters/107_obs-char-000107_hust-obc-cat-0121_oracle-character/03_visual-assets/001_asset-000112_hust-obc-cat-0121_glyph.png,1142,obs-char-000107,hust-obc-cat-0121,src-hust-obc,https://ndownloader.figshare.com/files/48465988,source_marked_risk_noted,HUST-OBC image derivative extracted from registered large source package for local preparation-stage visual review; rights signals conflict between Figshare and article page and this is not decipherment evidence.,needs_human_visual_review,2026-06-20
asset-000113,glyph_candidate_image,corpus/001_oracle-characters/002_000101-000200_obs-char-bucket_oracle-characters/108_obs-char-000108_hust-obc-cat-0122_oracle-character/03_visual-assets/001_asset-000113_hust-obc-cat-0122_glyph.png,1344,obs-char-000108,hust-obc-cat-0122,src-hust-obc,https://ndownloader.figshare.com/files/48465988,source_marked_risk_noted,HUST-OBC image derivative extracted from registered large source package for local preparation-stage visual review; rights signals conflict between Figshare and article page and this is not decipherment evidence.,needs_human_visual_review,2026-06-20
asset-000114,glyph_candidate_image,corpus/001_oracle-characters/002_000101-000200_obs-char-bucket_oracle-characters/109_obs-char-000109_hust-obc-cat-0123_oracle-character/03_visual-assets/001_asset-000114_hust-obc-cat-0123_glyph.png,1127,obs-char-000109,hust-obc-cat-0123,src-hust-obc,https://ndownloader.figshare.com/files/48465988,source_marked_risk_noted,HUST-OBC image derivative extracted from registered large source package for local preparation-stage visual review; rights signals conflict between Figshare and article page and this is not decipherment evidence.,needs_human_visual_review,2026-06-20
asset-000115,glyph_candidate_image,corpus/001_oracle-characters/002_000101-000200_obs-char-bucket_oracle-characters/110_obs-char-000110_hust-obc-cat-0124_oracle-character/03_visual-assets/001_asset-000115_hust-obc-cat-0124_glyph.png,1631,obs-char-000110,hust-obc-cat-0124,src-hust-obc,https://ndownloader.figshare.com/files/48465988,source_marked_risk_noted,HUST-OBC image derivative extracted from registered large source package for local preparation-stage visual review; rights signals conflict between Figshare and article page and this is not decipherment evidence.,needs_human_visual_review,2026-06-20
asset-000116,glyph_candidate_image,corpus/001_oracle-characters/002_000101-000200_obs-char-bucket_oracle-characters/111_obs-char-000111_hust-obc-cat-0125_oracle-character/03_visual-assets/001_asset-000116_hust-obc-cat-0125_glyph.png,1035,obs-char-000111,hust-obc-cat-0125,src-hust-obc,https://ndownloader.figshare.com/files/48465988,source_marked_risk_noted,HUST-OBC image derivative extracted from registered large source package for local preparation-stage visual review; rights signals conflict between Figshare and article page and this is not decipherment evidence.,needs_human_visual_review,2026-06-20
asset-000117,glyph_candidate_image,corpus/001_oracle-characters/002_000101-000200_obs-char-bucket_oracle-characters/112_obs-char-000112_hust-obc-cat-0126_oracle-character/03_visual-assets/001_asset-000117_hust-obc-cat-0126_glyph.png,1065,obs-char-000112,hust-obc-cat-0126,src-hust-obc,https://ndownloader.figshare.com/files/48465988,source_marked_risk_noted,HUST-OBC image derivative extracted from registered large source package for local preparation-stage visual review; rights signals conflict between Figshare and article page and this is not decipherment evidence.,needs_human_visual_review,2026-06-20
asset-000118,glyph_candidate_image,corpus/001_oracle-characters/002_000101-000200_obs-char-bucket_oracle-characters/113_obs-char-000113_hust-obc-cat-0127_oracle-character/03_visual-assets/001_asset-000118_hust-obc-cat-0127_glyph.png,1054,obs-char-000113,hust-obc-cat-0127,src-hust-obc,https://ndownloader.figshare.com/files/48465988,source_marked_risk_noted,HUST-OBC image derivative extracted from registered large source package for local preparation-stage visual review; rights signals conflict between Figshare and article page and this is not decipherment evidence.,needs_human_visual_review,2026-06-20
asset-000119,glyph_candidate_image,corpus/001_oracle-characters/002_000101-000200_obs-char-bucket_oracle-characters/114_obs-char-000114_hust-obc-cat-0128_oracle-character/03_visual-assets/001_asset-000119_hust-obc-cat-0128_glyph.png,1029,obs-char-000114,hust-obc-cat-0128,src-hust-obc,https://ndownloader.figshare.com/files/48465988,source_marked_risk_noted,HUST-OBC image derivative extracted from registered large source package for local preparation-stage visual review; rights signals conflict between Figshare and article page and this is not decipherment evidence.,needs_human_visual_review,2026-06-20
asset-000120,glyph_candidate_image,corpus/001_oracle-characters/002_000101-000200_obs-char-bucket_oracle-characters/115_obs-char-000115_hust-obc-cat-0129_oracle-character/03_visual-assets/001_asset-000120_hust-obc-cat-0129_glyph.png,1163,obs-char-000115,hust-obc-cat-0129,src-hust-obc,https://ndownloader.figshare.com/files/48465988,source_marked_risk_noted,HUST-OBC image derivative extracted from registered large source package for local preparation-stage visual review; rights signals conflict between Figshare and article page and this is not decipherment evidence.,needs_human_visual_review,2026-06-20
asset-000121,glyph_candidate_image,corpus/001_oracle-characters/002_000101-000200_obs-char-bucket_oracle-characters/116_obs-char-000116_hust-obc-cat-0130_oracle-character/03_visual-assets/001_asset-000121_hust-obc-cat-0130_glyph.png,1307,obs-char-000116,hust-obc-cat-0130,src-hust-obc,https://ndownloader.figshare.com/files/48465988,source_marked_risk_noted,HUST-OBC image derivative extracted from registered large source package for local preparation-stage visual review; rights signals conflict between Figshare and article page and this is not decipherment evidence.,needs_human_visual_review,2026-06-20
asset-000122,glyph_candidate_image,corpus/001_oracle-characters/002_000101-000200_obs-char-bucket_oracle-characters/117_obs-char-000117_hust-obc-cat-0131_oracle-character/03_visual-assets/001_asset-000122_hust-obc-cat-0131_glyph.png,1353,obs-char-000117,hust-obc-cat-0131,src-hust-obc,https://ndownloader.figshare.com/files/48465988,source_marked_risk_noted,HUST-OBC image derivative extracted from registered large source package for local preparation-stage visual review; rights signals conflict between Figshare and article page and this is not decipherment evidence.,needs_human_visual_review,2026-06-20
asset-000123,glyph_candidate_image,corpus/001_oracle-characters/002_000101-000200_obs-char-bucket_oracle-characters/118_obs-char-000118_hust-obc-cat-0132_oracle-character/03_visual-assets/001_asset-000123_hust-obc-cat-0132_glyph.png,1466,obs-char-000118,hust-obc-cat-0132,src-hust-obc,https://ndownloader.figshare.com/files/48465988,source_marked_risk_noted,HUST-OBC image derivative extracted from registered large source package for local preparation-stage visual review; rights signals conflict between Figshare and article page and this is not decipherment evidence.,needs_human_visual_review,2026-06-20
asset-000124,glyph_candidate_image,corpus/001_oracle-characters/002_000101-000200_obs-char-bucket_oracle-characters/119_obs-char-000119_hust-obc-cat-0133_oracle-character/03_visual-assets/001_asset-000124_hust-obc-cat-0133_glyph.png,1901,obs-char-000119,hust-obc-cat-0133,src-hust-obc,https://ndownloader.figshare.com/files/48465988,source_marked_risk_noted,HUST-OBC image derivative extracted from registered large source package for local preparation-stage visual review; rights signals conflict between Figshare and article page and this is not decipherment evidence.,needs_human_visual_review,2026-06-20
asset-000125,glyph_candidate_image,corpus/001_oracle-characters/002_000101-000200_obs-char-bucket_oracle-characters/120_obs-char-000120_hust-obc-cat-0134_oracle-character/03_visual-assets/001_asset-000125_hust-obc-cat-0134_glyph.png,1296,obs-char-000120,hust-obc-cat-0134,src-hust-obc,https://ndownloader.figshare.com/files/48465988,source_marked_risk_noted,HUST-OBC image derivative extracted from registered large source package for local preparation-stage visual review; rights signals conflict between Figshare and article page and this is not decipherment evidence.,needs_human_visual_review,2026-06-20
asset-000126,glyph_candidate_image,corpus/001_oracle-characters/002_000101-000200_obs-char-bucket_oracle-characters/121_obs-char-000121_hust-obc-cat-0135_oracle-character/03_visual-assets/001_asset-000126_hust-obc-cat-0135_glyph.png,802,obs-char-000121,hust-obc-cat-0135,src-hust-obc,https://ndownloader.figshare.com/files/48465988,source_marked_risk_noted,HUST-OBC image derivative extracted from registered large source package for local preparation-stage visual review; rights signals conflict between Figshare and article page and this is not decipherment evidence.,needs_human_visual_review,2026-06-20
asset-000127,glyph_candidate_image,corpus/001_oracle-characters/002_000101-000200_obs-char-bucket_oracle-characters/122_obs-char-000122_hust-obc-cat-0136_oracle-character/03_visual-assets/001_asset-000127_hust-obc-cat-0136_glyph.png,2893,obs-char-000122,hust-obc-cat-0136,src-hust-obc,https://ndownloader.figshare.com/files/48465988,source_marked_risk_noted,HUST-OBC image derivative extracted from registered large source package for local preparation-stage visual review; rights signals conflict between Figshare and article page and this is not decipherment evidence.,needs_human_visual_review,2026-06-20
asset-000128,glyph_candidate_image,corpus/001_oracle-characters/002_000101-000200_obs-char-bucket_oracle-characters/123_obs-char-000123_hust-obc-cat-0137_oracle-character/03_visual-assets/001_asset-000128_hust-obc-cat-0137_glyph.png,1177,obs-char-000123,hust-obc-cat-0137,src-hust-obc,https://ndownloader.figshare.com/files/48465988,source_marked_risk_noted,HUST-OBC image derivative extracted from registered large source package for local preparation-stage visual review; rights signals conflict between Figshare and article page and this is not decipherment evidence.,needs_human_visual_review,2026-06-20
asset-000129,glyph_candidate_image,corpus/001_oracle-characters/002_000101-000200_obs-char-bucket_oracle-characters/124_obs-char-000124_hust-obc-cat-0138_oracle-character/03_visual-assets/001_asset-000129_hust-obc-cat-0138_glyph.png,1308,obs-char-000124,hust-obc-cat-0138,src-hust-obc,https://ndownloader.figshare.com/files/48465988,source_marked_risk_noted,HUST-OBC image derivative extracted from registered large source package for local preparation-stage visual review; rights signals conflict between Figshare and article page and this is not decipherment evidence.,needs_human_visual_review,2026-06-20
asset-000130,glyph_candidate_image,corpus/001_oracle-characters/002_000101-000200_obs-char-bucket_oracle-characters/125_obs-char-000125_hust-obc-cat-0139_oracle-character/03_visual-assets/001_asset-000130_hust-obc-cat-0139_glyph.png,1248,obs-char-000125,hust-obc-cat-0139,src-hust-obc,https://ndownloader.figshare.com/files/48465988,source_marked_risk_noted,HUST-OBC image derivative extracted from registered large source package for local preparation-stage visual review; rights signals conflict between Figshare and article page and this is not decipherment evidence.,needs_human_visual_review,2026-06-20
asset-000131,glyph_candidate_image,corpus/001_oracle-characters/002_000101-000200_obs-char-bucket_oracle-characters/126_obs-char-000126_hust-obc-cat-0140_oracle-character/03_visual-assets/001_asset-000131_hust-obc-cat-0140_glyph.png,1444,obs-char-000126,hust-obc-cat-0140,src-hust-obc,https://ndownloader.figshare.com/files/48465988,source_marked_risk_noted,HUST-OBC image derivative extracted from registered large source package for local preparation-stage visual review; rights signals conflict between Figshare and article page and this is not decipherment evidence.,needs_human_visual_review,2026-06-20
asset-000132,glyph_candidate_image,corpus/001_oracle-characters/002_000101-000200_obs-char-bucket_oracle-characters/127_obs-char-000127_hust-obc-cat-0141_oracle-character/03_visual-assets/001_asset-000132_hust-obc-cat-0141_glyph.png,878,obs-char-000127,hust-obc-cat-0141,src-hust-obc,https://ndownloader.figshare.com/files/48465988,source_marked_risk_noted,HUST-OBC image derivative extracted from registered large source package for local preparation-stage visual review; rights signals conflict between Figshare and article page and this is not decipherment evidence.,needs_human_visual_review,2026-06-20
asset-000133,glyph_candidate_image,corpus/001_oracle-characters/002_000101-000200_obs-char-bucket_oracle-characters/128_obs-char-000128_hust-obc-cat-0142_oracle-character/03_visual-assets/001_asset-000133_hust-obc-cat-0142_glyph.png,3426,obs-char-000128,hust-obc-cat-0142,src-hust-obc,https://ndownloader.figshare.com/files/48465988,source_marked_risk_noted,HUST-OBC image derivative extracted from registered large source package for local preparation-stage visual review; rights signals conflict between Figshare and article page and this is not decipherment evidence.,needs_human_visual_review,2026-06-20
asset-000134,glyph_candidate_image,corpus/001_oracle-characters/002_000101-000200_obs-char-bucket_oracle-characters/129_obs-char-000129_hust-obc-cat-0143_oracle-character/03_visual-assets/001_asset-000134_hust-obc-cat-0143_glyph.png,1278,obs-char-000129,hust-obc-cat-0143,src-hust-obc,https://ndownloader.figshare.com/files/48465988,source_marked_risk_noted,HUST-OBC image derivative extracted from registered large source package for local preparation-stage visual review; rights signals conflict between Figshare and article page and this is not decipherment evidence.,needs_human_visual_review,2026-06-20
asset-000135,glyph_candidate_image,corpus/001_oracle-characters/002_000101-000200_obs-char-bucket_oracle-characters/130_obs-char-000130_hust-obc-cat-0144_oracle-character/03_visual-assets/001_asset-000135_hust-obc-cat-0144_glyph.png,1130,obs-char-000130,hust-obc-cat-0144,src-hust-obc,https://ndownloader.figshare.com/files/48465988,source_marked_risk_noted,HUST-OBC image derivative extracted from registered large source package for local preparation-stage visual review; rights signals conflict between Figshare and article page and this is not decipherment evidence.,needs_human_visual_review,2026-06-20
asset-000136,glyph_candidate_image,corpus/001_oracle-characters/002_000101-000200_obs-char-bucket_oracle-characters/131_obs-char-000131_hust-obc-cat-0145_0146_oracle-character/03_visual-assets/001_asset-000136_hust-obc-cat-0145_0146_glyph.png,1412,obs-char-000131,hust-obc-cat-0145_0146,src-hust-obc,https://ndownloader.figshare.com/files/48465988,source_marked_risk_noted,HUST-OBC image derivative extracted from registered large source package for local preparation-stage visual review; rights signals conflict between Figshare and article page and this is not decipherment evidence.,needs_human_visual_review,2026-06-20
asset-000137,glyph_candidate_image,corpus/001_oracle-characters/002_000101-000200_obs-char-bucket_oracle-characters/132_obs-char-000132_hust-obc-cat-0147_oracle-character/03_visual-assets/001_asset-000137_hust-obc-cat-0147_glyph.png,1486,obs-char-000132,hust-obc-cat-0147,src-hust-obc,https://ndownloader.figshare.com/files/48465988,source_marked_risk_noted,HUST-OBC image derivative extracted from registered large source package for local preparation-stage visual review; rights signals conflict between Figshare and article page and this is not decipherment evidence.,needs_human_visual_review,2026-06-20
asset-000138,glyph_candidate_image,corpus/001_oracle-characters/002_000101-000200_obs-char-bucket_oracle-characters/133_obs-char-000133_hust-obc-cat-0148_oracle-character/03_visual-assets/001_asset-000138_hust-obc-cat-0148_glyph.png,1383,obs-char-000133,hust-obc-cat-0148,src-hust-obc,https://ndownloader.figshare.com/files/48465988,source_marked_risk_noted,HUST-OBC image derivative extracted from registered large source package for local preparation-stage visual review; rights signals conflict between Figshare and article page and this is not decipherment evidence.,needs_human_visual_review,2026-06-20
asset-000139,glyph_candidate_image,corpus/001_oracle-characters/002_000101-000200_obs-char-bucket_oracle-characters/134_obs-char-000134_hust-obc-cat-0149_oracle-character/03_visual-assets/001_asset-000139_hust-obc-cat-0149_glyph.png,1401,obs-char-000134,hust-obc-cat-0149,src-hust-obc,https://ndownloader.figshare.com/files/48465988,source_marked_risk_noted,HUST-OBC image derivative extracted from registered large source package for local preparation-stage visual review; rights signals conflict between Figshare and article page and this is not decipherment evidence.,needs_human_visual_review,2026-06-20
asset-000140,glyph_candidate_image,corpus/001_oracle-characters/002_000101-000200_obs-char-bucket_oracle-characters/135_obs-char-000135_hust-obc-cat-0150_oracle-character/03_visual-assets/001_asset-000140_hust-obc-cat-0150_glyph.png,26405,obs-char-000135,hust-obc-cat-0150,src-hust-obc,https://ndownloader.figshare.com/files/48465988,source_marked_risk_noted,HUST-OBC image derivative extracted from registered large source package for local preparation-stage visual review; rights signals conflict between Figshare and article page and this is not decipherment evidence.,needs_human_visual_review,2026-06-20
asset-000141,glyph_candidate_image,corpus/001_oracle-characters/002_000101-000200_obs-char-bucket_oracle-characters/136_obs-char-000136_hust-obc-cat-0151_oracle-character/03_visual-assets/001_asset-000141_hust-obc-cat-0151_glyph.png,1222,obs-char-000136,hust-obc-cat-0151,src-hust-obc,https://ndownloader.figshare.com/files/48465988,source_marked_risk_noted,HUST-OBC image derivative extracted from registered large source package for local preparation-stage visual review; rights signals conflict between Figshare and article page and this is not decipherment evidence.,needs_human_visual_review,2026-06-20
asset-000142,glyph_candidate_image,corpus/001_oracle-characters/002_000101-000200_obs-char-bucket_oracle-characters/137_obs-char-000137_hust-obc-cat-0152_oracle-character/03_visual-assets/001_asset-000142_hust-obc-cat-0152_glyph.png,1376,obs-char-000137,hust-obc-cat-0152,src-hust-obc,https://ndownloader.figshare.com/files/48465988,source_marked_risk_noted,HUST-OBC image derivative extracted from registered large source package for local preparation-stage visual review; rights signals conflict between Figshare and article page and this is not decipherment evidence.,needs_human_visual_review,2026-06-20
asset-000143,glyph_candidate_image,corpus/001_oracle-characters/002_000101-000200_obs-char-bucket_oracle-characters/138_obs-char-000138_hust-obc-cat-0153_oracle-character/03_visual-assets/001_asset-000143_hust-obc-cat-0153_glyph.png,1376,obs-char-000138,hust-obc-cat-0153,src-hust-obc,https://ndownloader.figshare.com/files/48465988,source_marked_risk_noted,HUST-OBC image derivative extracted from registered large source package for local preparation-stage visual review; rights signals conflict between Figshare and article page and this is not decipherment evidence.,needs_human_visual_review,2026-06-20
asset-000144,glyph_candidate_image,corpus/001_oracle-characters/002_000101-000200_obs-char-bucket_oracle-characters/139_obs-char-000139_hust-obc-cat-0154_oracle-character/03_visual-assets/001_asset-000144_hust-obc-cat-0154_glyph.png,1255,obs-char-000139,hust-obc-cat-0154,src-hust-obc,https://ndownloader.figshare.com/files/48465988,source_marked_risk_noted,HUST-OBC image derivative extracted from registered large source package for local preparation-stage visual review; rights signals conflict between Figshare and article page and this is not decipherment evidence.,needs_human_visual_review,2026-06-20
asset-000145,glyph_candidate_image,corpus/001_oracle-characters/002_000101-000200_obs-char-bucket_oracle-characters/140_obs-char-000140_hust-obc-cat-0155_oracle-character/03_visual-assets/001_asset-000145_hust-obc-cat-0155_glyph.png,3225,obs-char-000140,hust-obc-cat-0155,src-hust-obc,https://ndownloader.figshare.com/files/48465988,source_marked_risk_noted,HUST-OBC image derivative extracted from registered large source package for local preparation-stage visual review; rights signals conflict between Figshare and article page and this is not decipherment evidence.,needs_human_visual_review,2026-06-20
asset-000146,glyph_candidate_image,corpus/001_oracle-characters/002_000101-000200_obs-char-bucket_oracle-characters/141_obs-char-000141_hust-obc-cat-0156_oracle-character/03_visual-assets/001_asset-000146_hust-obc-cat-0156_glyph.png,1693,obs-char-000141,hust-obc-cat-0156,src-hust-obc,https://ndownloader.figshare.com/files/48465988,source_marked_risk_noted,HUST-OBC image derivative extracted from registered large source package for local preparation-stage visual review; rights signals conflict between Figshare and article page and this is not decipherment evidence.,needs_human_visual_review,2026-06-20
asset-000147,glyph_candidate_image,corpus/001_oracle-characters/002_000101-000200_obs-char-bucket_oracle-characters/142_obs-char-000142_hust-obc-cat-0157_oracle-character/03_visual-assets/001_asset-000147_hust-obc-cat-0157_glyph.png,12861,obs-char-000142,hust-obc-cat-0157,src-hust-obc,https://ndownloader.figshare.com/files/48465988,source_marked_risk_noted,HUST-OBC image derivative extracted from registered large source package for local preparation-stage visual review; rights signals conflict between Figshare and article page and this is not decipherment evidence.,needs_human_visual_review,2026-06-20
asset-000148,glyph_candidate_image,corpus/001_oracle-characters/002_000101-000200_obs-char-bucket_oracle-characters/143_obs-char-000143_hust-obc-cat-0158_oracle-character/03_visual-assets/001_asset-000148_hust-obc-cat-0158_glyph.png,1480,obs-char-000143,hust-obc-cat-0158,src-hust-obc,https://ndownloader.figshare.com/files/48465988,source_marked_risk_noted,HUST-OBC image derivative extracted from registered large source package for local preparation-stage visual review; rights signals conflict between Figshare and article page and this is not decipherment evidence.,needs_human_visual_review,2026-06-20
asset-000149,glyph_candidate_image,corpus/001_oracle-characters/002_000101-000200_obs-char-bucket_oracle-characters/144_obs-char-000144_hust-obc-cat-0159_oracle-character/03_visual-assets/001_asset-000149_hust-obc-cat-0159_glyph.png,2253,obs-char-000144,hust-obc-cat-0159,src-hust-obc,https://ndownloader.figshare.com/files/48465988,source_marked_risk_noted,HUST-OBC image derivative extracted from registered large source package for local preparation-stage visual review; rights signals conflict between Figshare and article page and this is not decipherment evidence.,needs_human_visual_review,2026-06-20
asset-000150,glyph_candidate_image,corpus/001_oracle-characters/002_000101-000200_obs-char-bucket_oracle-characters/145_obs-char-000145_hust-obc-cat-0160_oracle-character/03_visual-assets/001_asset-000150_hust-obc-cat-0160_glyph.png,1445,obs-char-000145,hust-obc-cat-0160,src-hust-obc,https://ndownloader.figshare.com/files/48465988,source_marked_risk_noted,HUST-OBC image derivative extracted from registered large source package for local preparation-stage visual review; rights signals conflict between Figshare and article page and this is not decipherment evidence.,needs_human_visual_review,2026-06-20
asset-000151,glyph_candidate_image,corpus/001_oracle-characters/002_000101-000200_obs-char-bucket_oracle-characters/146_obs-char-000146_hust-obc-cat-0161_0162_oracle-character/03_visual-assets/001_asset-000151_hust-obc-cat-0161_0162_glyph.png,1310,obs-char-000146,hust-obc-cat-0161_0162,src-hust-obc,https://ndownloader.figshare.com/files/48465988,source_marked_risk_noted,HUST-OBC image derivative extracted from registered large source package for local preparation-stage visual review; rights signals conflict between Figshare and article page and this is not decipherment evidence.,needs_human_visual_review,2026-06-20
asset-000152,glyph_candidate_image,corpus/001_oracle-characters/002_000101-000200_obs-char-bucket_oracle-characters/147_obs-char-000147_hust-obc-cat-0163_oracle-character/03_visual-assets/001_asset-000152_hust-obc-cat-0163_glyph.png,954,obs-char-000147,hust-obc-cat-0163,src-hust-obc,https://ndownloader.figshare.com/files/48465988,source_marked_risk_noted,HUST-OBC image derivative extracted from registered large source package for local preparation-stage visual review; rights signals conflict between Figshare and article page and this is not decipherment evidence.,needs_human_visual_review,2026-06-20
asset-000153,glyph_candidate_image,corpus/001_oracle-characters/002_000101-000200_obs-char-bucket_oracle-characters/148_obs-char-000148_hust-obc-cat-0164_oracle-character/03_visual-assets/001_asset-000153_hust-obc-cat-0164_glyph.png,1130,obs-char-000148,hust-obc-cat-0164,src-hust-obc,https://ndownloader.figshare.com/files/48465988,source_marked_risk_noted,HUST-OBC image derivative extracted from registered large source package for local preparation-stage visual review; rights signals conflict between Figshare and article page and this is not decipherment evidence.,needs_human_visual_review,2026-06-20
asset-000154,glyph_candidate_image,corpus/001_oracle-characters/002_000101-000200_obs-char-bucket_oracle-characters/149_obs-char-000149_hust-obc-cat-0165_oracle-character/03_visual-assets/001_asset-000154_hust-obc-cat-0165_glyph.png,1306,obs-char-000149,hust-obc-cat-0165,src-hust-obc,https://ndownloader.figshare.com/files/48465988,source_marked_risk_noted,HUST-OBC image derivative extracted from registered large source package for local preparation-stage visual review; rights signals conflict between Figshare and article page and this is not decipherment evidence.,needs_human_visual_review,2026-06-20
asset-000155,glyph_candidate_image,corpus/001_oracle-characters/002_000101-000200_obs-char-bucket_oracle-characters/150_obs-char-000150_hust-obc-cat-0166_oracle-character/03_visual-assets/001_asset-000155_hust-obc-cat-0166_glyph.png,1468,obs-char-000150,hust-obc-cat-0166,src-hust-obc,https://ndownloader.figshare.com/files/48465988,source_marked_risk_noted,HUST-OBC image derivative extracted from registered large source package for local preparation-stage visual review; rights signals conflict between Figshare and article page and this is not decipherment evidence.,needs_human_visual_review,2026-06-20
asset-000156,glyph_candidate_image,corpus/001_oracle-characters/002_000101-000200_obs-char-bucket_oracle-characters/151_obs-char-000151_hust-obc-cat-0167_oracle-character/03_visual-assets/001_asset-000156_hust-obc-cat-0167_glyph.png,1179,obs-char-000151,hust-obc-cat-0167,src-hust-obc,https://ndownloader.figshare.com/files/48465988,source_marked_risk_noted,HUST-OBC image derivative extracted from registered large source package for local preparation-stage visual review; rights signals conflict between Figshare and article page and this is not decipherment evidence.,needs_human_visual_review,2026-06-20
asset-000157,glyph_candidate_image,corpus/001_oracle-characters/002_000101-000200_obs-char-bucket_oracle-characters/152_obs-char-000152_hust-obc-cat-0168_oracle-character/03_visual-assets/001_asset-000157_hust-obc-cat-0168_glyph.png,1797,obs-char-000152,hust-obc-cat-0168,src-hust-obc,https://ndownloader.figshare.com/files/48465988,source_marked_risk_noted,HUST-OBC image derivative extracted from registered large source package for local preparation-stage visual review; rights signals conflict between Figshare and article page and this is not decipherment evidence.,needs_human_visual_review,2026-06-20
asset-000158,glyph_candidate_image,corpus/001_oracle-characters/002_000101-000200_obs-char-bucket_oracle-characters/153_obs-char-000153_hust-obc-cat-0169_oracle-character/03_visual-assets/001_asset-000158_hust-obc-cat-0169_glyph.png,3407,obs-char-000153,hust-obc-cat-0169,src-hust-obc,https://ndownloader.figshare.com/files/48465988,source_marked_risk_noted,HUST-OBC image derivative extracted from registered large source package for local preparation-stage visual review; rights signals conflict between Figshare and article page and this is not decipherment evidence.,needs_human_visual_review,2026-06-20
asset-000159,glyph_candidate_image,corpus/001_oracle-characters/002_000101-000200_obs-char-bucket_oracle-characters/154_obs-char-000154_hust-obc-cat-0170_oracle-character/03_visual-assets/001_asset-000159_hust-obc-cat-0170_glyph.png,1348,obs-char-000154,hust-obc-cat-0170,src-hust-obc,https://ndownloader.figshare.com/files/48465988,source_marked_risk_noted,HUST-OBC image derivative extracted from registered large source package for local preparation-stage visual review; rights signals conflict between Figshare and article page and this is not decipherment evidence.,needs_human_visual_review,2026-06-20
asset-000160,glyph_candidate_image,corpus/001_oracle-characters/002_000101-000200_obs-char-bucket_oracle-characters/155_obs-char-000155_hust-obc-cat-0171_oracle-character/03_visual-assets/001_asset-000160_hust-obc-cat-0171_glyph.png,1306,obs-char-000155,hust-obc-cat-0171,src-hust-obc,https://ndownloader.figshare.com/files/48465988,source_marked_risk_noted,HUST-OBC image derivative extracted from registered large source package for local preparation-stage visual review; rights signals conflict between Figshare and article page and this is not decipherment evidence.,needs_human_visual_review,2026-06-20
asset-000161,glyph_candidate_image,corpus/001_oracle-characters/002_000101-000200_obs-char-bucket_oracle-characters/156_obs-char-000156_hust-obc-cat-0172_oracle-character/03_visual-assets/001_asset-000161_hust-obc-cat-0172_glyph.png,4237,obs-char-000156,hust-obc-cat-0172,src-hust-obc,https://ndownloader.figshare.com/files/48465988,source_marked_risk_noted,HUST-OBC image derivative extracted from registered large source package for local preparation-stage visual review; rights signals conflict between Figshare and article page and this is not decipherment evidence.,needs_human_visual_review,2026-06-20
asset-000162,glyph_candidate_image,corpus/001_oracle-characters/002_000101-000200_obs-char-bucket_oracle-characters/157_obs-char-000157_hust-obc-cat-0173_oracle-character/03_visual-assets/001_asset-000162_hust-obc-cat-0173_glyph.png,1356,obs-char-000157,hust-obc-cat-0173,src-hust-obc,https://ndownloader.figshare.com/files/48465988,source_marked_risk_noted,HUST-OBC image derivative extracted from registered large source package for local preparation-stage visual review; rights signals conflict between Figshare and article page and this is not decipherment evidence.,needs_human_visual_review,2026-06-20
asset-000163,glyph_candidate_image,corpus/001_oracle-characters/002_000101-000200_obs-char-bucket_oracle-characters/158_obs-char-000158_hust-obc-cat-0174_oracle-character/03_visual-assets/001_asset-000163_hust-obc-cat-0174_glyph.png,2157,obs-char-000158,hust-obc-cat-0174,src-hust-obc,https://ndownloader.figshare.com/files/48465988,source_marked_risk_noted,HUST-OBC image derivative extracted from registered large source package for local preparation-stage visual review; rights signals conflict between Figshare and article page and this is not decipherment evidence.,needs_human_visual_review,2026-06-20
asset-000164,glyph_candidate_image,corpus/001_oracle-characters/002_000101-000200_obs-char-bucket_oracle-characters/159_obs-char-000159_hust-obc-cat-0175_oracle-character/03_visual-assets/001_asset-000164_hust-obc-cat-0175_glyph.png,2302,obs-char-000159,hust-obc-cat-0175,src-hust-obc,https://ndownloader.figshare.com/files/48465988,source_marked_risk_noted,HUST-OBC image derivative extracted from registered large source package for local preparation-stage visual review; rights signals conflict between Figshare and article page and this is not decipherment evidence.,needs_human_visual_review,2026-06-20
asset-000165,glyph_candidate_image,corpus/001_oracle-characters/002_000101-000200_obs-char-bucket_oracle-characters/160_obs-char-000160_hust-obc-cat-0176_oracle-character/03_visual-assets/001_asset-000165_hust-obc-cat-0176_glyph.png,1808,obs-char-000160,hust-obc-cat-0176,src-hust-obc,https://ndownloader.figshare.com/files/48465988,source_marked_risk_noted,HUST-OBC image derivative extracted from registered large source package for local preparation-stage visual review; rights signals conflict between Figshare and article page and this is not decipherment evidence.,needs_human_visual_review,2026-06-20
asset-000166,glyph_candidate_image,corpus/001_oracle-characters/002_000101-000200_obs-char-bucket_oracle-characters/161_obs-char-000161_hust-obc-cat-0177_oracle-character/03_visual-assets/001_asset-000166_hust-obc-cat-0177_glyph.png,1635,obs-char-000161,hust-obc-cat-0177,src-hust-obc,https://ndownloader.figshare.com/files/48465988,source_marked_risk_noted,HUST-OBC image derivative extracted from registered large source package for local preparation-stage visual review; rights signals conflict between Figshare and article page and this is not decipherment evidence.,needs_human_visual_review,2026-06-20
asset-000167,glyph_candidate_image,corpus/001_oracle-characters/002_000101-000200_obs-char-bucket_oracle-characters/162_obs-char-000162_hust-obc-cat-0178_oracle-character/03_visual-assets/001_asset-000167_hust-obc-cat-0178_glyph.png,15380,obs-char-000162,hust-obc-cat-0178,src-hust-obc,https://ndownloader.figshare.com/files/48465988,source_marked_risk_noted,HUST-OBC image derivative extracted from registered large source package for local preparation-stage visual review; rights signals conflict between Figshare and article page and this is not decipherment evidence.,needs_human_visual_review,2026-06-20
asset-000168,glyph_candidate_image,corpus/001_oracle-characters/002_000101-000200_obs-char-bucket_oracle-characters/163_obs-char-000163_hust-obc-cat-0179_oracle-character/03_visual-assets/001_asset-000168_hust-obc-cat-0179_glyph.png,791,obs-char-000163,hust-obc-cat-0179,src-hust-obc,https://ndownloader.figshare.com/files/48465988,source_marked_risk_noted,HUST-OBC image derivative extracted from registered large source package for local preparation-stage visual review; rights signals conflict between Figshare and article page and this is not decipherment evidence.,needs_human_visual_review,2026-06-20
asset-000169,glyph_candidate_image,corpus/001_oracle-characters/002_000101-000200_obs-char-bucket_oracle-characters/164_obs-char-000164_hust-obc-cat-0180_oracle-character/03_visual-assets/001_asset-000169_hust-obc-cat-0180_glyph.png,928,obs-char-000164,hust-obc-cat-0180,src-hust-obc,https://ndownloader.figshare.com/files/48465988,source_marked_risk_noted,HUST-OBC image derivative extracted from registered large source package for local preparation-stage visual review; rights signals conflict between Figshare and article page and this is not decipherment evidence.,needs_human_visual_review,2026-06-20
asset-000170,glyph_candidate_image,corpus/001_oracle-characters/002_000101-000200_obs-char-bucket_oracle-characters/165_obs-char-000165_hust-obc-cat-0181_oracle-character/03_visual-assets/001_asset-000170_hust-obc-cat-0181_glyph.png,3596,obs-char-000165,hust-obc-cat-0181,src-hust-obc,https://ndownloader.figshare.com/files/48465988,source_marked_risk_noted,HUST-OBC image derivative extracted from registered large source package for local preparation-stage visual review; rights signals conflict between Figshare and article page and this is not decipherment evidence.,needs_human_visual_review,2026-06-20
asset-000171,glyph_candidate_image,corpus/001_oracle-characters/002_000101-000200_obs-char-bucket_oracle-characters/166_obs-char-000166_hust-obc-cat-0182_oracle-character/03_visual-assets/001_asset-000171_hust-obc-cat-0182_glyph.png,1175,obs-char-000166,hust-obc-cat-0182,src-hust-obc,https://ndownloader.figshare.com/files/48465988,source_marked_risk_noted,HUST-OBC image derivative extracted from registered large source package for local preparation-stage visual review; rights signals conflict between Figshare and article page and this is not decipherment evidence.,needs_human_visual_review,2026-06-20
asset-000172,glyph_candidate_image,corpus/001_oracle-characters/002_000101-000200_obs-char-bucket_oracle-characters/167_obs-char-000167_hust-obc-cat-0183_oracle-character/03_visual-assets/001_asset-000172_hust-obc-cat-0183_glyph.png,1393,obs-char-000167,hust-obc-cat-0183,src-hust-obc,https://ndownloader.figshare.com/files/48465988,source_marked_risk_noted,HUST-OBC image derivative extracted from registered large source package for local preparation-stage visual review; rights signals conflict between Figshare and article page and this is not decipherment evidence.,needs_human_visual_review,2026-06-20
asset-000173,glyph_candidate_image,corpus/001_oracle-characters/002_000101-000200_obs-char-bucket_oracle-characters/168_obs-char-000168_hust-obc-cat-0184_oracle-character/03_visual-assets/001_asset-000173_hust-obc-cat-0184_glyph.png,1964,obs-char-000168,hust-obc-cat-0184,src-hust-obc,https://ndownloader.figshare.com/files/48465988,source_marked_risk_noted,HUST-OBC image derivative extracted from registered large source package for local preparation-stage visual review; rights signals conflict between Figshare and article page and this is not decipherment evidence.,needs_human_visual_review,2026-06-20
asset-000174,glyph_candidate_image,corpus/001_oracle-characters/002_000101-000200_obs-char-bucket_oracle-characters/169_obs-char-000169_hust-obc-cat-0185_oracle-character/03_visual-assets/001_asset-000174_hust-obc-cat-0185_glyph.png,3595,obs-char-000169,hust-obc-cat-0185,src-hust-obc,https://ndownloader.figshare.com/files/48465988,source_marked_risk_noted,HUST-OBC image derivative extracted from registered large source package for local preparation-stage visual review; rights signals conflict between Figshare and article page and this is not decipherment evidence.,needs_human_visual_review,2026-06-20
asset-000175,glyph_candidate_image,corpus/001_oracle-characters/002_000101-000200_obs-char-bucket_oracle-characters/170_obs-char-000170_hust-obc-cat-0186_oracle-character/03_visual-assets/001_asset-000175_hust-obc-cat-0186_glyph.png,1105,obs-char-000170,hust-obc-cat-0186,src-hust-obc,https://ndownloader.figshare.com/files/48465988,source_marked_risk_noted,HUST-OBC image derivative extracted from registered large source package for local preparation-stage visual review; rights signals conflict between Figshare and article page and this is not decipherment evidence.,needs_human_visual_review,2026-06-20
asset-000176,glyph_candidate_image,corpus/001_oracle-characters/002_000101-000200_obs-char-bucket_oracle-characters/171_obs-char-000171_hust-obc-cat-0187_oracle-character/03_visual-assets/001_asset-000176_hust-obc-cat-0187_glyph.png,1481,obs-char-000171,hust-obc-cat-0187,src-hust-obc,https://ndownloader.figshare.com/files/48465988,source_marked_risk_noted,HUST-OBC image derivative extracted from registered large source package for local preparation-stage visual review; rights signals conflict between Figshare and article page and this is not decipherment evidence.,needs_human_visual_review,2026-06-20
asset-000177,glyph_candidate_image,corpus/001_oracle-characters/002_000101-000200_obs-char-bucket_oracle-characters/172_obs-char-000172_hust-obc-cat-0188_oracle-character/03_visual-assets/001_asset-000177_hust-obc-cat-0188_glyph.png,976,obs-char-000172,hust-obc-cat-0188,src-hust-obc,https://ndownloader.figshare.com/files/48465988,source_marked_risk_noted,HUST-OBC image derivative extracted from registered large source package for local preparation-stage visual review; rights signals conflict between Figshare and article page and this is not decipherment evidence.,needs_human_visual_review,2026-06-20
asset-000178,glyph_candidate_image,corpus/001_oracle-characters/002_000101-000200_obs-char-bucket_oracle-characters/173_obs-char-000173_hust-obc-cat-0189_0190_oracle-character/03_visual-assets/001_asset-000178_hust-obc-cat-0189_0190_glyph.png,1132,obs-char-000173,hust-obc-cat-0189_0190,src-hust-obc,https://ndownloader.figshare.com/files/48465988,source_marked_risk_noted,HUST-OBC image derivative extracted from registered large source package for local preparation-stage visual review; rights signals conflict between Figshare and article page and this is not decipherment evidence.,needs_human_visual_review,2026-06-20
asset-000179,glyph_candidate_image,corpus/001_oracle-characters/002_000101-000200_obs-char-bucket_oracle-characters/174_obs-char-000174_hust-obc-cat-0191_oracle-character/03_visual-assets/001_asset-000179_hust-obc-cat-0191_glyph.png,1139,obs-char-000174,hust-obc-cat-0191,src-hust-obc,https://ndownloader.figshare.com/files/48465988,source_marked_risk_noted,HUST-OBC image derivative extracted from registered large source package for local preparation-stage visual review; rights signals conflict between Figshare and article page and this is not decipherment evidence.,needs_human_visual_review,2026-06-20
asset-000180,glyph_candidate_image,corpus/001_oracle-characters/002_000101-000200_obs-char-bucket_oracle-characters/175_obs-char-000175_hust-obc-cat-0192_oracle-character/03_visual-assets/001_asset-000180_hust-obc-cat-0192_glyph.png,1120,obs-char-000175,hust-obc-cat-0192,src-hust-obc,https://ndownloader.figshare.com/files/48465988,source_marked_risk_noted,HUST-OBC image derivative extracted from registered large source package for local preparation-stage visual review; rights signals conflict between Figshare and article page and this is not decipherment evidence.,needs_human_visual_review,2026-06-20
asset-000181,glyph_candidate_image,corpus/001_oracle-characters/002_000101-000200_obs-char-bucket_oracle-characters/176_obs-char-000176_hust-obc-cat-0193_0194_oracle-character/03_visual-assets/001_asset-000181_hust-obc-cat-0193_0194_glyph.png,1581,obs-char-000176,hust-obc-cat-0193_0194,src-hust-obc,https://ndownloader.figshare.com/files/48465988,source_marked_risk_noted,HUST-OBC image derivative extracted from registered large source package for local preparation-stage visual review; rights signals conflict between Figshare and article page and this is not decipherment evidence.,needs_human_visual_review,2026-06-20
asset-000182,glyph_candidate_image,corpus/001_oracle-characters/002_000101-000200_obs-char-bucket_oracle-characters/177_obs-char-000177_hust-obc-cat-0195_oracle-character/03_visual-assets/001_asset-000182_hust-obc-cat-0195_glyph.png,672,obs-char-000177,hust-obc-cat-0195,src-hust-obc,https://ndownloader.figshare.com/files/48465988,source_marked_risk_noted,HUST-OBC image derivative extracted from registered large source package for local preparation-stage visual review; rights signals conflict between Figshare and article page and this is not decipherment evidence.,needs_human_visual_review,2026-06-20
asset-000183,glyph_candidate_image,corpus/001_oracle-characters/002_000101-000200_obs-char-bucket_oracle-characters/178_obs-char-000178_hust-obc-cat-0196_0197_oracle-character/03_visual-assets/001_asset-000183_hust-obc-cat-0196_0197_glyph.png,1498,obs-char-000178,hust-obc-cat-0196_0197,src-hust-obc,https://ndownloader.figshare.com/files/48465988,source_marked_risk_noted,HUST-OBC image derivative extracted from registered large source package for local preparation-stage visual review; rights signals conflict between Figshare and article page and this is not decipherment evidence.,needs_human_visual_review,2026-06-20
asset-000184,glyph_candidate_image,corpus/001_oracle-characters/002_000101-000200_obs-char-bucket_oracle-characters/179_obs-char-000179_hust-obc-cat-0198_oracle-character/03_visual-assets/001_asset-000184_hust-obc-cat-0198_glyph.png,12929,obs-char-000179,hust-obc-cat-0198,src-hust-obc,https://ndownloader.figshare.com/files/48465988,source_marked_risk_noted,HUST-OBC image derivative extracted from registered large source package for local preparation-stage visual review; rights signals conflict between Figshare and article page and this is not decipherment evidence.,needs_human_visual_review,2026-06-20
asset-000185,glyph_candidate_image,corpus/001_oracle-characters/002_000101-000200_obs-char-bucket_oracle-characters/180_obs-char-000180_hust-obc-cat-0199_oracle-character/03_visual-assets/001_asset-000185_hust-obc-cat-0199_glyph.png,1203,obs-char-000180,hust-obc-cat-0199,src-hust-obc,https://ndownloader.figshare.com/files/48465988,source_marked_risk_noted,HUST-OBC image derivative extracted from registered large source package for local preparation-stage visual review; rights signals conflict between Figshare and article page and this is not decipherment evidence.,needs_human_visual_review,2026-06-20
asset-000186,glyph_candidate_image,corpus/001_oracle-characters/002_000101-000200_obs-char-bucket_oracle-characters/181_obs-char-000181_hust-obc-cat-0200_oracle-character/03_visual-assets/001_asset-000186_hust-obc-cat-0200_glyph.png,1267,obs-char-000181,hust-obc-cat-0200,src-hust-obc,https://ndownloader.figshare.com/files/48465988,source_marked_risk_noted,HUST-OBC image derivative extracted from registered large source package for local preparation-stage visual review; rights signals conflict between Figshare and article page and this is not decipherment evidence.,needs_human_visual_review,2026-06-20
asset-000187,glyph_candidate_image,corpus/001_oracle-characters/002_000101-000200_obs-char-bucket_oracle-characters/182_obs-char-000182_hust-obc-cat-0201_oracle-character/03_visual-assets/001_asset-000187_hust-obc-cat-0201_glyph.png,1968,obs-char-000182,hust-obc-cat-0201,src-hust-obc,https://ndownloader.figshare.com/files/48465988,source_marked_risk_noted,HUST-OBC image derivative extracted from registered large source package for local preparation-stage visual review; rights signals conflict between Figshare and article page and this is not decipherment evidence.,needs_human_visual_review,2026-06-20
asset-000188,glyph_candidate_image,corpus/001_oracle-characters/002_000101-000200_obs-char-bucket_oracle-characters/183_obs-char-000183_hust-obc-cat-0202_oracle-character/03_visual-assets/001_asset-000188_hust-obc-cat-0202_glyph.png,1095,obs-char-000183,hust-obc-cat-0202,src-hust-obc,https://ndownloader.figshare.com/files/48465988,source_marked_risk_noted,HUST-OBC image derivative extracted from registered large source package for local preparation-stage visual review; rights signals conflict between Figshare and article page and this is not decipherment evidence.,needs_human_visual_review,2026-06-20
asset-000189,glyph_candidate_image,corpus/001_oracle-characters/002_000101-000200_obs-char-bucket_oracle-characters/184_obs-char-000184_hust-obc-cat-0203_oracle-character/03_visual-assets/001_asset-000189_hust-obc-cat-0203_glyph.png,5314,obs-char-000184,hust-obc-cat-0203,src-hust-obc,https://ndownloader.figshare.com/files/48465988,source_marked_risk_noted,HUST-OBC image derivative extracted from registered large source package for local preparation-stage visual review; rights signals conflict between Figshare and article page and this is not decipherment evidence.,needs_human_visual_review,2026-06-20
asset-000190,glyph_candidate_image,corpus/001_oracle-characters/002_000101-000200_obs-char-bucket_oracle-characters/185_obs-char-000185_hust-obc-cat-0204_oracle-character/03_visual-assets/001_asset-000190_hust-obc-cat-0204_glyph.png,1412,obs-char-000185,hust-obc-cat-0204,src-hust-obc,https://ndownloader.figshare.com/files/48465988,source_marked_risk_noted,HUST-OBC image derivative extracted from registered large source package for local preparation-stage visual review; rights signals conflict between Figshare and article page and this is not decipherment evidence.,needs_human_visual_review,2026-06-20
asset-000191,glyph_candidate_image,corpus/001_oracle-characters/002_000101-000200_obs-char-bucket_oracle-characters/186_obs-char-000186_hust-obc-cat-0205_0206_oracle-character/03_visual-assets/001_asset-000191_hust-obc-cat-0205_0206_glyph.png,1647,obs-char-000186,hust-obc-cat-0205_0206,src-hust-obc,https://ndownloader.figshare.com/files/48465988,source_marked_risk_noted,HUST-OBC image derivative extracted from registered large source package for local preparation-stage visual review; rights signals conflict between Figshare and article page and this is not decipherment evidence.,needs_human_visual_review,2026-06-20
asset-000192,glyph_candidate_image,corpus/001_oracle-characters/002_000101-000200_obs-char-bucket_oracle-characters/187_obs-char-000187_hust-obc-cat-0207_oracle-character/03_visual-assets/001_asset-000192_hust-obc-cat-0207_glyph.png,1890,obs-char-000187,hust-obc-cat-0207,src-hust-obc,https://ndownloader.figshare.com/files/48465988,source_marked_risk_noted,HUST-OBC image derivative extracted from registered large source package for local preparation-stage visual review; rights signals conflict between Figshare and article page and this is not decipherment evidence.,needs_human_visual_review,2026-06-20
asset-000193,glyph_candidate_image,corpus/001_oracle-characters/002_000101-000200_obs-char-bucket_oracle-characters/188_obs-char-000188_hust-obc-cat-0208_oracle-character/03_visual-assets/001_asset-000193_hust-obc-cat-0208_glyph.png,1915,obs-char-000188,hust-obc-cat-0208,src-hust-obc,https://ndownloader.figshare.com/files/48465988,source_marked_risk_noted,HUST-OBC image derivative extracted from registered large source package for local preparation-stage visual review; rights signals conflict between Figshare and article page and this is not decipherment evidence.,needs_human_visual_review,2026-06-20
asset-000194,glyph_candidate_image,corpus/001_oracle-characters/002_000101-000200_obs-char-bucket_oracle-characters/189_obs-char-000189_hust-obc-cat-0209_oracle-character/03_visual-assets/001_asset-000194_hust-obc-cat-0209_glyph.png,4014,obs-char-000189,hust-obc-cat-0209,src-hust-obc,https://ndownloader.figshare.com/files/48465988,source_marked_risk_noted,HUST-OBC image derivative extracted from registered large source package for local preparation-stage visual review; rights signals conflict between Figshare and article page and this is not decipherment evidence.,needs_human_visual_review,2026-06-20
asset-000195,glyph_candidate_image,corpus/001_oracle-characters/002_000101-000200_obs-char-bucket_oracle-characters/190_obs-char-000190_hust-obc-cat-0210_0211_oracle-character/03_visual-assets/001_asset-000195_hust-obc-cat-0210_0211_glyph.png,1525,obs-char-000190,hust-obc-cat-0210_0211,src-hust-obc,https://ndownloader.figshare.com/files/48465988,source_marked_risk_noted,HUST-OBC image derivative extracted from registered large source package for local preparation-stage visual review; rights signals conflict between Figshare and article page and this is not decipherment evidence.,needs_human_visual_review,2026-06-20
asset-000196,glyph_candidate_image,corpus/001_oracle-characters/002_000101-000200_obs-char-bucket_oracle-characters/191_obs-char-000191_hust-obc-cat-0212_0213_oracle-character/03_visual-assets/001_asset-000196_hust-obc-cat-0212_0213_glyph.png,1759,obs-char-000191,hust-obc-cat-0212_0213,src-hust-obc,https://ndownloader.figshare.com/files/48465988,source_marked_risk_noted,HUST-OBC image derivative extracted from registered large source package for local preparation-stage visual review; rights signals conflict between Figshare and article page and this is not decipherment evidence.,needs_human_visual_review,2026-06-20
asset-000197,glyph_candidate_image,corpus/001_oracle-characters/002_000101-000200_obs-char-bucket_oracle-characters/192_obs-char-000192_hust-obc-cat-0214_oracle-character/03_visual-assets/001_asset-000197_hust-obc-cat-0214_glyph.png,1631,obs-char-000192,hust-obc-cat-0214,src-hust-obc,https://ndownloader.figshare.com/files/48465988,source_marked_risk_noted,HUST-OBC image derivative extracted from registered large source package for local preparation-stage visual review; rights signals conflict between Figshare and article page and this is not decipherment evidence.,needs_human_visual_review,2026-06-20
asset-000198,glyph_candidate_image,corpus/001_oracle-characters/002_000101-000200_obs-char-bucket_oracle-characters/193_obs-char-000193_hust-obc-cat-0215_oracle-character/03_visual-assets/001_asset-000198_hust-obc-cat-0215_glyph.png,1242,obs-char-000193,hust-obc-cat-0215,src-hust-obc,https://ndownloader.figshare.com/files/48465988,source_marked_risk_noted,HUST-OBC image derivative extracted from registered large source package for local preparation-stage visual review; rights signals conflict between Figshare and article page and this is not decipherment evidence.,needs_human_visual_review,2026-06-20
asset-000199,glyph_candidate_image,corpus/001_oracle-characters/002_000101-000200_obs-char-bucket_oracle-characters/194_obs-char-000194_hust-obc-cat-0216_oracle-character/03_visual-assets/001_asset-000199_hust-obc-cat-0216_glyph.png,1336,obs-char-000194,hust-obc-cat-0216,src-hust-obc,https://ndownloader.figshare.com/files/48465988,source_marked_risk_noted,HUST-OBC image derivative extracted from registered large source package for local preparation-stage visual review; rights signals conflict between Figshare and article page and this is not decipherment evidence.,needs_human_visual_review,2026-06-20
asset-000200,glyph_candidate_image,corpus/001_oracle-characters/002_000101-000200_obs-char-bucket_oracle-characters/195_obs-char-000195_hust-obc-cat-0217_oracle-character/03_visual-assets/001_asset-000200_hust-obc-cat-0217_glyph.png,14718,obs-char-000195,hust-obc-cat-0217,src-hust-obc,https://ndownloader.figshare.com/files/48465988,source_marked_risk_noted,HUST-OBC image derivative extracted from registered large source package for local preparation-stage visual review; rights signals conflict between Figshare and article page and this is not decipherment evidence.,needs_human_visual_review,2026-06-20
asset-000201,glyph_candidate_image,corpus/001_oracle-characters/002_000101-000200_obs-char-bucket_oracle-characters/196_obs-char-000196_hust-obc-cat-0218_oracle-character/03_visual-assets/001_asset-000201_hust-obc-cat-0218_glyph.png,1283,obs-char-000196,hust-obc-cat-0218,src-hust-obc,https://ndownloader.figshare.com/files/48465988,source_marked_risk_noted,HUST-OBC image derivative extracted from registered large source package for local preparation-stage visual review; rights signals conflict between Figshare and article page and this is not decipherment evidence.,needs_human_visual_review,2026-06-20
asset-000202,glyph_candidate_image,corpus/001_oracle-characters/002_000101-000200_obs-char-bucket_oracle-characters/197_obs-char-000197_hust-obc-cat-0219_oracle-character/03_visual-assets/001_asset-000202_hust-obc-cat-0219_glyph.png,1139,obs-char-000197,hust-obc-cat-0219,src-hust-obc,https://ndownloader.figshare.com/files/48465988,source_marked_risk_noted,HUST-OBC image derivative extracted from registered large source package for local preparation-stage visual review; rights signals conflict between Figshare and article page and this is not decipherment evidence.,needs_human_visual_review,2026-06-20
asset-000203,glyph_candidate_image,corpus/001_oracle-characters/002_000101-000200_obs-char-bucket_oracle-characters/198_obs-char-000198_hust-obc-cat-0220_0221_oracle-character/03_visual-assets/001_asset-000203_hust-obc-cat-0220_0221_glyph.png,2592,obs-char-000198,hust-obc-cat-0220_0221,src-hust-obc,https://ndownloader.figshare.com/files/48465988,source_marked_risk_noted,HUST-OBC image derivative extracted from registered large source package for local preparation-stage visual review; rights signals conflict between Figshare and article page and this is not decipherment evidence.,needs_human_visual_review,2026-06-20
asset-000204,glyph_candidate_image,corpus/001_oracle-characters/002_000101-000200_obs-char-bucket_oracle-characters/199_obs-char-000199_hust-obc-cat-0222_oracle-character/03_visual-assets/001_asset-000204_hust-obc-cat-0222_glyph.png,1412,obs-char-000199,hust-obc-cat-0222,src-hust-obc,https://ndownloader.figshare.com/files/48465988,source_marked_risk_noted,HUST-OBC image derivative extracted from registered large source package for local preparation-stage visual review; rights signals conflict between Figshare and article page and this is not decipherment evidence.,needs_human_visual_review,2026-06-20
asset-000205,glyph_candidate_image,corpus/001_oracle-characters/002_000101-000200_obs-char-bucket_oracle-characters/200_obs-char-000200_hust-obc-cat-0223_oracle-character/03_visual-assets/001_asset-000205_hust-obc-cat-0223_glyph.png,1325,obs-char-000200,hust-obc-cat-0223,src-hust-obc,https://ndownloader.figshare.com/files/48465988,source_marked_risk_noted,HUST-OBC image derivative extracted from registered large source package for local preparation-stage visual review; rights signals conflict between Figshare and article page and this is not decipherment evidence.,needs_human_visual_review,2026-06-20
