project_id,record_type,canonical_path,primary_external_ref_id,all_external_ref_ids,source_ids,rights_status,review_status,updated_at
obs-insc-cw-cand-000001,inscription_crosswalk_candidate,corpus/002_oracle-bone-inscriptions/001_000001-000100_obs-insc-cw-bucket_crosswalk-candidates/001_obs-insc-cw-cand-000001_cam-hopkins-cw-000001_crosswalk-candidate,cam-hopkins-cw-000001,cam-hopkins-crosswalk-000001;y1;45;459;39502,src-cambridge-hopkins,metadata_only_until_verified,needs_human_inscription_crosswalk_review,2026-06-21
obs-insc-cw-cand-000002,inscription_crosswalk_candidate,corpus/002_oracle-bone-inscriptions/001_000001-000100_obs-insc-cw-bucket_crosswalk-candidates/002_obs-insc-cw-cand-000002_cam-hopkins-cw-000002_crosswalk-candidate,cam-hopkins-cw-000002,cam-hopkins-crosswalk-000002;y13;24;703;39545,src-cambridge-hopkins,metadata_only_until_verified,needs_human_inscription_crosswalk_review,2026-06-21
obs-insc-cw-cand-000003,inscription_crosswalk_candidate,corpus/002_oracle-bone-inscriptions/001_000001-000100_obs-insc-cw-bucket_crosswalk-candidates/003_obs-insc-cw-cand-000003_cam-hopkins-cw-000003_crosswalk-candidate,cam-hopkins-cw-000003,cam-hopkins-crosswalk-000003;y14;73;698;*****,src-cambridge-hopkins,metadata_only_until_verified,needs_human_inscription_crosswalk_review,2026-06-21
obs-insc-cw-cand-000004,inscription_crosswalk_candidate,corpus/002_oracle-bone-inscriptions/001_000001-000100_obs-insc-cw-bucket_crosswalk-candidates/004_obs-insc-cw-cand-000004_cam-hopkins-cw-000004_crosswalk-candidate,cam-hopkins-cw-000004,cam-hopkins-crosswalk-000004;y23;237;557;39900,src-cambridge-hopkins,metadata_only_until_verified,needs_human_inscription_crosswalk_review,2026-06-21
obs-insc-cw-cand-000005,inscription_crosswalk_candidate,corpus/002_oracle-bone-inscriptions/001_000001-000100_obs-insc-cw-bucket_crosswalk-candidates/005_obs-insc-cw-cand-000005_cam-hopkins-cw-000005_crosswalk-candidate,cam-hopkins-cw-000005,cam-hopkins-crosswalk-000005;y27;216;***;*****,src-cambridge-hopkins,metadata_only_until_verified,needs_human_inscription_crosswalk_review,2026-06-21
obs-insc-cw-cand-000006,inscription_crosswalk_candidate,corpus/002_oracle-bone-inscriptions/001_000001-000100_obs-insc-cw-bucket_crosswalk-candidates/006_obs-insc-cw-cand-000006_cam-hopkins-cw-000006_crosswalk-candidate,cam-hopkins-cw-000006,cam-hopkins-crosswalk-000006;y30;69;722;39572,src-cambridge-hopkins,metadata_only_until_verified,needs_human_inscription_crosswalk_review,2026-06-21
obs-insc-cw-cand-000007,inscription_crosswalk_candidate,corpus/002_oracle-bone-inscriptions/001_000001-000100_obs-insc-cw-bucket_crosswalk-candidates/007_obs-insc-cw-cand-000007_cam-hopkins-cw-000007_crosswalk-candidate,cam-hopkins-cw-000007,cam-hopkins-crosswalk-000007;y38;70;491;39500,src-cambridge-hopkins,metadata_only_until_verified,needs_human_inscription_crosswalk_review,2026-06-21
obs-insc-cw-cand-000008,inscription_crosswalk_candidate,corpus/002_oracle-bone-inscriptions/001_000001-000100_obs-insc-cw-bucket_crosswalk-candidates/008_obs-insc-cw-cand-000008_cam-hopkins-cw-000008_crosswalk-candidate,cam-hopkins-cw-000008,cam-hopkins-crosswalk-000008;y39;10;555;39588,src-cambridge-hopkins,metadata_only_until_verified,needs_human_inscription_crosswalk_review,2026-06-21
obs-insc-cw-cand-000009,inscription_crosswalk_candidate,corpus/002_oracle-bone-inscriptions/001_000001-000100_obs-insc-cw-bucket_crosswalk-candidates/009_obs-insc-cw-cand-000009_cam-hopkins-cw-000009_crosswalk-candidate,cam-hopkins-cw-000009,cam-hopkins-crosswalk-000009;y50;498;***;*****,src-cambridge-hopkins,metadata_only_until_verified,needs_human_inscription_crosswalk_review,2026-06-21
obs-insc-cw-cand-000010,inscription_crosswalk_candidate,corpus/002_oracle-bone-inscriptions/001_000001-000100_obs-insc-cw-bucket_crosswalk-candidates/010_obs-insc-cw-cand-000010_cam-hopkins-cw-000010_crosswalk-candidate,cam-hopkins-cw-000010,cam-hopkins-crosswalk-000010;y60;33;480;40093,src-cambridge-hopkins,metadata_only_until_verified,needs_human_inscription_crosswalk_review,2026-06-21
obs-insc-cw-cand-000011,inscription_crosswalk_candidate,corpus/002_oracle-bone-inscriptions/001_000001-000100_obs-insc-cw-bucket_crosswalk-candidates/011_obs-insc-cw-cand-000011_cam-hopkins-cw-000011_crosswalk-candidate,cam-hopkins-cw-000011,cam-hopkins-crosswalk-000011;y62;64;692;*****,src-cambridge-hopkins,metadata_only_until_verified,needs_human_inscription_crosswalk_review,2026-06-21
obs-insc-cw-cand-000012,inscription_crosswalk_candidate,corpus/002_oracle-bone-inscriptions/001_000001-000100_obs-insc-cw-bucket_crosswalk-candidates/012_obs-insc-cw-cand-000012_cam-hopkins-cw-000012_crosswalk-candidate,cam-hopkins-cw-000012,cam-hopkins-crosswalk-000012;y63;92;***;*****,src-cambridge-hopkins,metadata_only_until_verified,needs_human_inscription_crosswalk_review,2026-06-21
obs-insc-cw-cand-000013,inscription_crosswalk_candidate,corpus/002_oracle-bone-inscriptions/001_000001-000100_obs-insc-cw-bucket_crosswalk-candidates/013_obs-insc-cw-cand-000013_cam-hopkins-cw-000013_crosswalk-candidate,cam-hopkins-cw-000013,cam-hopkins-crosswalk-000013;y66;19;451;39602,src-cambridge-hopkins,metadata_only_until_verified,needs_human_inscription_crosswalk_review,2026-06-21
obs-insc-cw-cand-000014,inscription_crosswalk_candidate,corpus/002_oracle-bone-inscriptions/001_000001-000100_obs-insc-cw-bucket_crosswalk-candidates/014_obs-insc-cw-cand-000014_cam-hopkins-cw-000014_crosswalk-candidate,cam-hopkins-cw-000014,cam-hopkins-crosswalk-000014;y78;66;335;39616,src-cambridge-hopkins,metadata_only_until_verified,needs_human_inscription_crosswalk_review,2026-06-21
obs-insc-cw-cand-000015,inscription_crosswalk_candidate,corpus/002_oracle-bone-inscriptions/001_000001-000100_obs-insc-cw-bucket_crosswalk-candidates/015_obs-insc-cw-cand-000015_cam-hopkins-cw-000015_crosswalk-candidate,cam-hopkins-cw-000015,cam-hopkins-crosswalk-000015;y79;53;637;39617,src-cambridge-hopkins,metadata_only_until_verified,needs_human_inscription_crosswalk_review,2026-06-21
obs-insc-cw-cand-000016,inscription_crosswalk_candidate,corpus/002_oracle-bone-inscriptions/001_000001-000100_obs-insc-cw-bucket_crosswalk-candidates/016_obs-insc-cw-cand-000016_cam-hopkins-cw-000016_crosswalk-candidate,cam-hopkins-cw-000016,cam-hopkins-crosswalk-000016;y81;57;542;*****,src-cambridge-hopkins,metadata_only_until_verified,needs_human_inscription_crosswalk_review,2026-06-21
obs-insc-cw-cand-000017,inscription_crosswalk_candidate,corpus/002_oracle-bone-inscriptions/001_000001-000100_obs-insc-cw-bucket_crosswalk-candidates/017_obs-insc-cw-cand-000017_cam-hopkins-cw-000017_crosswalk-candidate,cam-hopkins-cw-000017,cam-hopkins-crosswalk-000017;y82;58;625;39618,src-cambridge-hopkins,metadata_only_until_verified,needs_human_inscription_crosswalk_review,2026-06-21
obs-insc-cw-cand-000018,inscription_crosswalk_candidate,corpus/002_oracle-bone-inscriptions/001_000001-000100_obs-insc-cw-bucket_crosswalk-candidates/018_obs-insc-cw-cand-000018_cam-hopkins-cw-000018_crosswalk-candidate,cam-hopkins-cw-000018,cam-hopkins-crosswalk-000018;y86;185;391;39560,src-cambridge-hopkins,metadata_only_until_verified,needs_human_inscription_crosswalk_review,2026-06-21
obs-insc-cw-cand-000019,inscription_crosswalk_candidate,corpus/002_oracle-bone-inscriptions/001_000001-000100_obs-insc-cw-bucket_crosswalk-candidates/019_obs-insc-cw-cand-000019_cam-hopkins-cw-000019_crosswalk-candidate,cam-hopkins-cw-000019,cam-hopkins-crosswalk-000019;y87;174;***;*****,src-cambridge-hopkins,metadata_only_until_verified,needs_human_inscription_crosswalk_review,2026-06-21
obs-insc-cw-cand-000020,inscription_crosswalk_candidate,corpus/002_oracle-bone-inscriptions/001_000001-000100_obs-insc-cw-bucket_crosswalk-candidates/020_obs-insc-cw-cand-000020_cam-hopkins-cw-000020_crosswalk-candidate,cam-hopkins-cw-000020,cam-hopkins-crosswalk-000020;y107;56;736;*****,src-cambridge-hopkins,metadata_only_until_verified,needs_human_inscription_crosswalk_review,2026-06-21
obs-insc-cw-cand-000021,inscription_crosswalk_candidate,corpus/002_oracle-bone-inscriptions/001_000001-000100_obs-insc-cw-bucket_crosswalk-candidates/021_obs-insc-cw-cand-000021_cam-hopkins-cw-000021_crosswalk-candidate,cam-hopkins-cw-000021,cam-hopkins-crosswalk-000021;y125;146;548;40384,src-cambridge-hopkins,metadata_only_until_verified,needs_human_inscription_crosswalk_review,2026-06-21
obs-insc-cw-cand-000022,inscription_crosswalk_candidate,corpus/002_oracle-bone-inscriptions/001_000001-000100_obs-insc-cw-bucket_crosswalk-candidates/022_obs-insc-cw-cand-000022_cam-hopkins-cw-000022_crosswalk-candidate,cam-hopkins-cw-000022,cam-hopkins-crosswalk-000022;y129;8;408;40524,src-cambridge-hopkins,metadata_only_until_verified,needs_human_inscription_crosswalk_review,2026-06-21
obs-insc-cw-cand-000023,inscription_crosswalk_candidate,corpus/002_oracle-bone-inscriptions/001_000001-000100_obs-insc-cw-bucket_crosswalk-candidates/023_obs-insc-cw-cand-000023_cam-hopkins-cw-000023_crosswalk-candidate,cam-hopkins-cw-000023,cam-hopkins-crosswalk-000023;y133;248;417;39688,src-cambridge-hopkins,metadata_only_until_verified,needs_human_inscription_crosswalk_review,2026-06-21
obs-insc-cw-cand-000024,inscription_crosswalk_candidate,corpus/002_oracle-bone-inscriptions/001_000001-000100_obs-insc-cw-bucket_crosswalk-candidates/024_obs-insc-cw-cand-000024_cam-hopkins-cw-000024_crosswalk-candidate,cam-hopkins-cw-000024,cam-hopkins-crosswalk-000024;y134;2;468;*****,src-cambridge-hopkins,metadata_only_until_verified,needs_human_inscription_crosswalk_review,2026-06-21
obs-insc-cw-cand-000025,inscription_crosswalk_candidate,corpus/002_oracle-bone-inscriptions/001_000001-000100_obs-insc-cw-bucket_crosswalk-candidates/025_obs-insc-cw-cand-000025_cam-hopkins-cw-000025_crosswalk-candidate,cam-hopkins-cw-000025,cam-hopkins-crosswalk-000025;y151;***;709;39953,src-cambridge-hopkins,metadata_only_until_verified,needs_human_inscription_crosswalk_review,2026-06-21
obs-insc-cw-cand-000026,inscription_crosswalk_candidate,corpus/002_oracle-bone-inscriptions/001_000001-000100_obs-insc-cw-bucket_crosswalk-candidates/026_obs-insc-cw-cand-000026_cam-hopkins-cw-000026_crosswalk-candidate,cam-hopkins-cw-000026,cam-hopkins-crosswalk-000026;y158;147;506;*****,src-cambridge-hopkins,metadata_only_until_verified,needs_human_inscription_crosswalk_review,2026-06-21
obs-insc-cw-cand-000027,inscription_crosswalk_candidate,corpus/002_oracle-bone-inscriptions/001_000001-000100_obs-insc-cw-bucket_crosswalk-candidates/027_obs-insc-cw-cand-000027_cam-hopkins-cw-000027_crosswalk-candidate,cam-hopkins-cw-000027,cam-hopkins-crosswalk-000027;y163;149;630;39663,src-cambridge-hopkins,metadata_only_until_verified,needs_human_inscription_crosswalk_review,2026-06-21
obs-insc-cw-cand-000028,inscription_crosswalk_candidate,corpus/002_oracle-bone-inscriptions/001_000001-000100_obs-insc-cw-bucket_crosswalk-candidates/028_obs-insc-cw-cand-000028_cam-hopkins-cw-000028_crosswalk-candidate,cam-hopkins-cw-000028,cam-hopkins-crosswalk-000028;y164;130;674;40383,src-cambridge-hopkins,metadata_only_until_verified,needs_human_inscription_crosswalk_review,2026-06-21
obs-insc-cw-cand-000029,inscription_crosswalk_candidate,corpus/002_oracle-bone-inscriptions/001_000001-000100_obs-insc-cw-bucket_crosswalk-candidates/029_obs-insc-cw-cand-000029_cam-hopkins-cw-000029_crosswalk-candidate,cam-hopkins-cw-000029,cam-hopkins-crosswalk-000029;y181;164;653;39676,src-cambridge-hopkins,metadata_only_until_verified,needs_human_inscription_crosswalk_review,2026-06-21
obs-insc-cw-cand-000030,inscription_crosswalk_candidate,corpus/002_oracle-bone-inscriptions/001_000001-000100_obs-insc-cw-bucket_crosswalk-candidates/030_obs-insc-cw-cand-000030_cam-hopkins-cw-000030_crosswalk-candidate,cam-hopkins-cw-000030,cam-hopkins-crosswalk-000030;y183;148;***;*****,src-cambridge-hopkins,metadata_only_until_verified,needs_human_inscription_crosswalk_review,2026-06-21
obs-insc-cw-cand-000031,inscription_crosswalk_candidate,corpus/002_oracle-bone-inscriptions/001_000001-000100_obs-insc-cw-bucket_crosswalk-candidates/031_obs-insc-cw-cand-000031_cam-hopkins-cw-000031_crosswalk-candidate,cam-hopkins-cw-000031,cam-hopkins-crosswalk-000031;y184;75;642;39698,src-cambridge-hopkins,metadata_only_until_verified,needs_human_inscription_crosswalk_review,2026-06-21
obs-insc-cw-cand-000032,inscription_crosswalk_candidate,corpus/002_oracle-bone-inscriptions/001_000001-000100_obs-insc-cw-bucket_crosswalk-candidates/032_obs-insc-cw-cand-000032_cam-hopkins-cw-000032_crosswalk-candidate,cam-hopkins-cw-000032,cam-hopkins-crosswalk-000032;y188;112;597;39701,src-cambridge-hopkins,metadata_only_until_verified,needs_human_inscription_crosswalk_review,2026-06-21
obs-insc-cw-cand-000033,inscription_crosswalk_candidate,corpus/002_oracle-bone-inscriptions/001_000001-000100_obs-insc-cw-bucket_crosswalk-candidates/033_obs-insc-cw-cand-000033_cam-hopkins-cw-000033_crosswalk-candidate,cam-hopkins-cw-000033,cam-hopkins-crosswalk-000033;y192;184;***;*****,src-cambridge-hopkins,metadata_only_until_verified,needs_human_inscription_crosswalk_review,2026-06-21
obs-insc-cw-cand-000034,inscription_crosswalk_candidate,corpus/002_oracle-bone-inscriptions/001_000001-000100_obs-insc-cw-bucket_crosswalk-candidates/034_obs-insc-cw-cand-000034_cam-hopkins-cw-000034_crosswalk-candidate,cam-hopkins-cw-000034,cam-hopkins-crosswalk-000034;y198;125;***;*****,src-cambridge-hopkins,metadata_only_until_verified,needs_human_inscription_crosswalk_review,2026-06-21
obs-insc-cw-cand-000035,inscription_crosswalk_candidate,corpus/002_oracle-bone-inscriptions/001_000001-000100_obs-insc-cw-bucket_crosswalk-candidates/035_obs-insc-cw-cand-000035_cam-hopkins-cw-000035_crosswalk-candidate,cam-hopkins-cw-000035,cam-hopkins-crosswalk-000035;y200;199;716;*****,src-cambridge-hopkins,metadata_only_until_verified,needs_human_inscription_crosswalk_review,2026-06-21
obs-insc-cw-cand-000036,inscription_crosswalk_candidate,corpus/002_oracle-bone-inscriptions/001_000001-000100_obs-insc-cw-bucket_crosswalk-candidates/036_obs-insc-cw-cand-000036_cam-hopkins-cw-000036_crosswalk-candidate,cam-hopkins-cw-000036,cam-hopkins-crosswalk-000036;y201;198;489;*****,src-cambridge-hopkins,metadata_only_until_verified,needs_human_inscription_crosswalk_review,2026-06-21
obs-insc-cw-cand-000037,inscription_crosswalk_candidate,corpus/002_oracle-bone-inscriptions/001_000001-000100_obs-insc-cw-bucket_crosswalk-candidates/037_obs-insc-cw-cand-000037_cam-hopkins-cw-000037_crosswalk-candidate,cam-hopkins-cw-000037,cam-hopkins-crosswalk-000037;y202;201;546;*****,src-cambridge-hopkins,metadata_only_until_verified,needs_human_inscription_crosswalk_review,2026-06-21
obs-insc-cw-cand-000038,inscription_crosswalk_candidate,corpus/002_oracle-bone-inscriptions/001_000001-000100_obs-insc-cw-bucket_crosswalk-candidates/038_obs-insc-cw-cand-000038_cam-hopkins-cw-000038_crosswalk-candidate,cam-hopkins-cw-000038,cam-hopkins-crosswalk-000038;y205;204;537;*****,src-cambridge-hopkins,metadata_only_until_verified,needs_human_inscription_crosswalk_review,2026-06-21
obs-insc-cw-cand-000039,inscription_crosswalk_candidate,corpus/002_oracle-bone-inscriptions/001_000001-000100_obs-insc-cw-bucket_crosswalk-candidates/039_obs-insc-cw-cand-000039_cam-hopkins-cw-000039_crosswalk-candidate,cam-hopkins-cw-000039,cam-hopkins-crosswalk-000039;y207;205;386;*****,src-cambridge-hopkins,metadata_only_until_verified,needs_human_inscription_crosswalk_review,2026-06-21
obs-insc-cw-cand-000040,inscription_crosswalk_candidate,corpus/002_oracle-bone-inscriptions/001_000001-000100_obs-insc-cw-bucket_crosswalk-candidates/040_obs-insc-cw-cand-000040_cam-hopkins-cw-000040_crosswalk-candidate,cam-hopkins-cw-000040,cam-hopkins-crosswalk-000040;y211;214;***;*****,src-cambridge-hopkins,metadata_only_until_verified,needs_human_inscription_crosswalk_review,2026-06-21
obs-insc-cw-cand-000041,inscription_crosswalk_candidate,corpus/002_oracle-bone-inscriptions/001_000001-000100_obs-insc-cw-bucket_crosswalk-candidates/041_obs-insc-cw-cand-000041_cam-hopkins-cw-000041_crosswalk-candidate,cam-hopkins-cw-000041,cam-hopkins-crosswalk-000041;y216;227;***;*****,src-cambridge-hopkins,metadata_only_until_verified,needs_human_inscription_crosswalk_review,2026-06-21
obs-insc-cw-cand-000042,inscription_crosswalk_candidate,corpus/002_oracle-bone-inscriptions/001_000001-000100_obs-insc-cw-bucket_crosswalk-candidates/042_obs-insc-cw-cand-000042_cam-hopkins-cw-000042_crosswalk-candidate,cam-hopkins-cw-000042,cam-hopkins-crosswalk-000042;y245;203;***;*****,src-cambridge-hopkins,metadata_only_until_verified,needs_human_inscription_crosswalk_review,2026-06-21
obs-insc-cw-cand-000043,inscription_crosswalk_candidate,corpus/002_oracle-bone-inscriptions/001_000001-000100_obs-insc-cw-bucket_crosswalk-candidates/043_obs-insc-cw-cand-000043_cam-hopkins-cw-000043_crosswalk-candidate,cam-hopkins-cw-000043,cam-hopkins-crosswalk-000043;y256;202;***;*****,src-cambridge-hopkins,metadata_only_until_verified,needs_human_inscription_crosswalk_review,2026-06-21
obs-insc-cw-cand-000044,inscription_crosswalk_candidate,corpus/002_oracle-bone-inscriptions/001_000001-000100_obs-insc-cw-bucket_crosswalk-candidates/044_obs-insc-cw-cand-000044_cam-hopkins-cw-000044_crosswalk-candidate,cam-hopkins-cw-000044,cam-hopkins-crosswalk-000044;y259;207;***;*****,src-cambridge-hopkins,metadata_only_until_verified,needs_human_inscription_crosswalk_review,2026-06-21
obs-insc-cw-cand-000045,inscription_crosswalk_candidate,corpus/002_oracle-bone-inscriptions/001_000001-000100_obs-insc-cw-bucket_crosswalk-candidates/045_obs-insc-cw-cand-000045_cam-hopkins-cw-000045_crosswalk-candidate,cam-hopkins-cw-000045,cam-hopkins-crosswalk-000045;y276;316;***;*****,src-cambridge-hopkins,metadata_only_until_verified,needs_human_inscription_crosswalk_review,2026-06-21
obs-insc-cw-cand-000046,inscription_crosswalk_candidate,corpus/002_oracle-bone-inscriptions/001_000001-000100_obs-insc-cw-bucket_crosswalk-candidates/046_obs-insc-cw-cand-000046_cam-hopkins-cw-000046_crosswalk-candidate,cam-hopkins-cw-000046,cam-hopkins-crosswalk-000046;y284;200;497;*****,src-cambridge-hopkins,metadata_only_until_verified,needs_human_inscription_crosswalk_review,2026-06-21
obs-insc-cw-cand-000047,inscription_crosswalk_candidate,corpus/002_oracle-bone-inscriptions/001_000001-000100_obs-insc-cw-bucket_crosswalk-candidates/047_obs-insc-cw-cand-000047_cam-hopkins-cw-000047_crosswalk-candidate,cam-hopkins-cw-000047,cam-hopkins-crosswalk-000047;y285;206;***;*****,src-cambridge-hopkins,metadata_only_until_verified,needs_human_inscription_crosswalk_review,2026-06-21
obs-insc-cw-cand-000048,inscription_crosswalk_candidate,corpus/002_oracle-bone-inscriptions/001_000001-000100_obs-insc-cw-bucket_crosswalk-candidates/048_obs-insc-cw-cand-000048_cam-hopkins-cw-000048_crosswalk-candidate,cam-hopkins-cw-000048,cam-hopkins-crosswalk-000048;y304;21;545;*****,src-cambridge-hopkins,metadata_only_until_verified,needs_human_inscription_crosswalk_review,2026-06-21
obs-insc-cw-cand-000049,inscription_crosswalk_candidate,corpus/002_oracle-bone-inscriptions/001_000001-000100_obs-insc-cw-bucket_crosswalk-candidates/049_obs-insc-cw-cand-000049_cam-hopkins-cw-000049_crosswalk-candidate,cam-hopkins-cw-000049,cam-hopkins-crosswalk-000049;y312;241;690;41507,src-cambridge-hopkins,metadata_only_until_verified,needs_human_inscription_crosswalk_review,2026-06-21
obs-insc-cw-cand-000050,inscription_crosswalk_candidate,corpus/002_oracle-bone-inscriptions/001_000001-000100_obs-insc-cw-bucket_crosswalk-candidates/050_obs-insc-cw-cand-000050_cam-hopkins-cw-000050_crosswalk-candidate,cam-hopkins-cw-000050,cam-hopkins-crosswalk-000050;y327;488;***;*****,src-cambridge-hopkins,metadata_only_until_verified,needs_human_inscription_crosswalk_review,2026-06-21
obs-insc-cw-cand-000051,inscription_crosswalk_candidate,corpus/002_oracle-bone-inscriptions/001_000001-000100_obs-insc-cw-bucket_crosswalk-candidates/051_obs-insc-cw-cand-000051_cam-hopkins-cw-000051_crosswalk-candidate,cam-hopkins-cw-000051,cam-hopkins-crosswalk-000051;y334;151;***;*****,src-cambridge-hopkins,metadata_only_until_verified,needs_human_inscription_crosswalk_review,2026-06-21
obs-insc-cw-cand-000052,inscription_crosswalk_candidate,corpus/002_oracle-bone-inscriptions/001_000001-000100_obs-insc-cw-bucket_crosswalk-candidates/052_obs-insc-cw-cand-000052_cam-hopkins-cw-000052_crosswalk-candidate,cam-hopkins-cw-000052,cam-hopkins-crosswalk-000052;y339;43;618;40571,src-cambridge-hopkins,metadata_only_until_verified,needs_human_inscription_crosswalk_review,2026-06-21
obs-insc-cw-cand-000053,inscription_crosswalk_candidate,corpus/002_oracle-bone-inscriptions/001_000001-000100_obs-insc-cw-bucket_crosswalk-candidates/053_obs-insc-cw-cand-000053_cam-hopkins-cw-000053_crosswalk-candidate,cam-hopkins-cw-000053,cam-hopkins-crosswalk-000053;y351;165;***;*****,src-cambridge-hopkins,metadata_only_until_verified,needs_human_inscription_crosswalk_review,2026-06-21
obs-insc-cw-cand-000054,inscription_crosswalk_candidate,corpus/002_oracle-bone-inscriptions/001_000001-000100_obs-insc-cw-bucket_crosswalk-candidates/054_obs-insc-cw-cand-000054_cam-hopkins-cw-000054_crosswalk-candidate,cam-hopkins-cw-000054,cam-hopkins-crosswalk-000054;y353;134;699;39781,src-cambridge-hopkins,metadata_only_until_verified,needs_human_inscription_crosswalk_review,2026-06-21
obs-insc-cw-cand-000055,inscription_crosswalk_candidate,corpus/002_oracle-bone-inscriptions/001_000001-000100_obs-insc-cw-bucket_crosswalk-candidates/055_obs-insc-cw-cand-000055_cam-hopkins-cw-000055_crosswalk-candidate,cam-hopkins-cw-000055,cam-hopkins-crosswalk-000055;y358;238;723;40050,src-cambridge-hopkins,metadata_only_until_verified,needs_human_inscription_crosswalk_review,2026-06-21
obs-insc-cw-cand-000056,inscription_crosswalk_candidate,corpus/002_oracle-bone-inscriptions/001_000001-000100_obs-insc-cw-bucket_crosswalk-candidates/056_obs-insc-cw-cand-000056_cam-hopkins-cw-000056_crosswalk-candidate,cam-hopkins-cw-000056,cam-hopkins-crosswalk-000056;y362;15;652;39773,src-cambridge-hopkins,metadata_only_until_verified,needs_human_inscription_crosswalk_review,2026-06-21
obs-insc-cw-cand-000057,inscription_crosswalk_candidate,corpus/002_oracle-bone-inscriptions/001_000001-000100_obs-insc-cw-bucket_crosswalk-candidates/057_obs-insc-cw-cand-000057_cam-hopkins-cw-000057_crosswalk-candidate,cam-hopkins-cw-000057,cam-hopkins-crosswalk-000057;y374;79;411;39782,src-cambridge-hopkins,metadata_only_until_verified,needs_human_inscription_crosswalk_review,2026-06-21
obs-insc-cw-cand-000058,inscription_crosswalk_candidate,corpus/002_oracle-bone-inscriptions/001_000001-000100_obs-insc-cw-bucket_crosswalk-candidates/058_obs-insc-cw-cand-000058_cam-hopkins-cw-000058_crosswalk-candidate,cam-hopkins-cw-000058,cam-hopkins-crosswalk-000058;y389;231;***;*****,src-cambridge-hopkins,metadata_only_until_verified,needs_human_inscription_crosswalk_review,2026-06-21
obs-insc-cw-cand-000059,inscription_crosswalk_candidate,corpus/002_oracle-bone-inscriptions/001_000001-000100_obs-insc-cw-bucket_crosswalk-candidates/059_obs-insc-cw-cand-000059_cam-hopkins-cw-000059_crosswalk-candidate,cam-hopkins-cw-000059,cam-hopkins-crosswalk-000059;y392;136;675;39526,src-cambridge-hopkins,metadata_only_until_verified,needs_human_inscription_crosswalk_review,2026-06-21
obs-insc-cw-cand-000060,inscription_crosswalk_candidate,corpus/002_oracle-bone-inscriptions/001_000001-000100_obs-insc-cw-bucket_crosswalk-candidates/060_obs-insc-cw-cand-000060_cam-hopkins-cw-000060_crosswalk-candidate,cam-hopkins-cw-000060,cam-hopkins-crosswalk-000060;y403;235;367;39776,src-cambridge-hopkins,metadata_only_until_verified,needs_human_inscription_crosswalk_review,2026-06-21
obs-insc-cw-cand-000061,inscription_crosswalk_candidate,corpus/002_oracle-bone-inscriptions/001_000001-000100_obs-insc-cw-bucket_crosswalk-candidates/061_obs-insc-cw-cand-000061_cam-hopkins-cw-000061_crosswalk-candidate,cam-hopkins-cw-000061,cam-hopkins-crosswalk-000061;y408;55;481;39538,src-cambridge-hopkins,metadata_only_until_verified,needs_human_inscription_crosswalk_review,2026-06-21
obs-insc-cw-cand-000062,inscription_crosswalk_candidate,corpus/002_oracle-bone-inscriptions/001_000001-000100_obs-insc-cw-bucket_crosswalk-candidates/062_obs-insc-cw-cand-000062_cam-hopkins-cw-000062_crosswalk-candidate,cam-hopkins-cw-000062,cam-hopkins-crosswalk-000062;y409;243;656;39811,src-cambridge-hopkins,metadata_only_until_verified,needs_human_inscription_crosswalk_review,2026-06-21
obs-insc-cw-cand-000063,inscription_crosswalk_candidate,corpus/002_oracle-bone-inscriptions/001_000001-000100_obs-insc-cw-bucket_crosswalk-candidates/063_obs-insc-cw-cand-000063_cam-hopkins-cw-000063_crosswalk-candidate,cam-hopkins-cw-000063,cam-hopkins-crosswalk-000063;y410;244;534;*****,src-cambridge-hopkins,metadata_only_until_verified,needs_human_inscription_crosswalk_review,2026-06-21
obs-insc-cw-cand-000064,inscription_crosswalk_candidate,corpus/002_oracle-bone-inscriptions/001_000001-000100_obs-insc-cw-bucket_crosswalk-candidates/064_obs-insc-cw-cand-000064_cam-hopkins-cw-000064_crosswalk-candidate,cam-hopkins-cw-000064,cam-hopkins-crosswalk-000064;y414;133;473;40059,src-cambridge-hopkins,metadata_only_until_verified,needs_human_inscription_crosswalk_review,2026-06-21
obs-insc-cw-cand-000065,inscription_crosswalk_candidate,corpus/002_oracle-bone-inscriptions/001_000001-000100_obs-insc-cw-bucket_crosswalk-candidates/065_obs-insc-cw-cand-000065_cam-hopkins-cw-000065_crosswalk-candidate,cam-hopkins-cw-000065,cam-hopkins-crosswalk-000065;y428;217;***;*****,src-cambridge-hopkins,metadata_only_until_verified,needs_human_inscription_crosswalk_review,2026-06-21
obs-insc-cw-cand-000066,inscription_crosswalk_candidate,corpus/002_oracle-bone-inscriptions/001_000001-000100_obs-insc-cw-bucket_crosswalk-candidates/066_obs-insc-cw-cand-000066_cam-hopkins-cw-000066_crosswalk-candidate,cam-hopkins-cw-000066,cam-hopkins-crosswalk-000066;y429;218;***;*****,src-cambridge-hopkins,metadata_only_until_verified,needs_human_inscription_crosswalk_review,2026-06-21
obs-insc-cw-cand-000067,inscription_crosswalk_candidate,corpus/002_oracle-bone-inscriptions/001_000001-000100_obs-insc-cw-bucket_crosswalk-candidates/067_obs-insc-cw-cand-000067_cam-hopkins-cw-000067_crosswalk-candidate,cam-hopkins-cw-000067,cam-hopkins-crosswalk-000067;y430;215;***;*****,src-cambridge-hopkins,metadata_only_until_verified,needs_human_inscription_crosswalk_review,2026-06-21
obs-insc-cw-cand-000068,inscription_crosswalk_candidate,corpus/002_oracle-bone-inscriptions/001_000001-000100_obs-insc-cw-bucket_crosswalk-candidates/068_obs-insc-cw-cand-000068_cam-hopkins-cw-000068_crosswalk-candidate,cam-hopkins-cw-000068,cam-hopkins-crosswalk-000068;y454;59;488;*****,src-cambridge-hopkins,metadata_only_until_verified,needs_human_inscription_crosswalk_review,2026-06-21
obs-insc-cw-cand-000069,inscription_crosswalk_candidate,corpus/002_oracle-bone-inscriptions/001_000001-000100_obs-insc-cw-bucket_crosswalk-candidates/069_obs-insc-cw-cand-000069_cam-hopkins-cw-000069_crosswalk-candidate,cam-hopkins-cw-000069,cam-hopkins-crosswalk-000069;y458;A11;***;*****,src-cambridge-hopkins,metadata_only_until_verified,needs_human_inscription_crosswalk_review,2026-06-21
obs-insc-cw-cand-000070,inscription_crosswalk_candidate,corpus/002_oracle-bone-inscriptions/001_000001-000100_obs-insc-cw-bucket_crosswalk-candidates/070_obs-insc-cw-cand-000070_cam-hopkins-cw-000070_crosswalk-candidate,cam-hopkins-cw-000070,cam-hopkins-crosswalk-000070;y462;137;380;39721,src-cambridge-hopkins,metadata_only_until_verified,needs_human_inscription_crosswalk_review,2026-06-21
obs-insc-cw-cand-000071,inscription_crosswalk_candidate,corpus/002_oracle-bone-inscriptions/001_000001-000100_obs-insc-cw-bucket_crosswalk-candidates/071_obs-insc-cw-cand-000071_cam-hopkins-cw-000071_crosswalk-candidate,cam-hopkins-cw-000071,cam-hopkins-crosswalk-000071;y469;91;***;*****,src-cambridge-hopkins,metadata_only_until_verified,needs_human_inscription_crosswalk_review,2026-06-21
obs-insc-cw-cand-000072,inscription_crosswalk_candidate,corpus/002_oracle-bone-inscriptions/001_000001-000100_obs-insc-cw-bucket_crosswalk-candidates/072_obs-insc-cw-cand-000072_cam-hopkins-cw-000072_crosswalk-candidate,cam-hopkins-cw-000072,cam-hopkins-crosswalk-000072;y470;89;***;*****,src-cambridge-hopkins,metadata_only_until_verified,needs_human_inscription_crosswalk_review,2026-06-21
obs-insc-cw-cand-000073,inscription_crosswalk_candidate,corpus/002_oracle-bone-inscriptions/001_000001-000100_obs-insc-cw-bucket_crosswalk-candidates/073_obs-insc-cw-cand-000073_cam-hopkins-cw-000073_crosswalk-candidate,cam-hopkins-cw-000073,cam-hopkins-crosswalk-000073;y472;228;***;*****,src-cambridge-hopkins,metadata_only_until_verified,needs_human_inscription_crosswalk_review,2026-06-21
obs-insc-cw-cand-000074,inscription_crosswalk_candidate,corpus/002_oracle-bone-inscriptions/001_000001-000100_obs-insc-cw-bucket_crosswalk-candidates/074_obs-insc-cw-cand-000074_cam-hopkins-cw-000074_crosswalk-candidate,cam-hopkins-cw-000074,cam-hopkins-crosswalk-000074;y474;105;***;*****,src-cambridge-hopkins,metadata_only_until_verified,needs_human_inscription_crosswalk_review,2026-06-21
obs-insc-cw-cand-000075,inscription_crosswalk_candidate,corpus/002_oracle-bone-inscriptions/001_000001-000100_obs-insc-cw-bucket_crosswalk-candidates/075_obs-insc-cw-cand-000075_cam-hopkins-cw-000075_crosswalk-candidate,cam-hopkins-cw-000075,cam-hopkins-crosswalk-000075;y475;225;***;*****,src-cambridge-hopkins,metadata_only_until_verified,needs_human_inscription_crosswalk_review,2026-06-21
obs-insc-cw-cand-000076,inscription_crosswalk_candidate,corpus/002_oracle-bone-inscriptions/001_000001-000100_obs-insc-cw-bucket_crosswalk-candidates/076_obs-insc-cw-cand-000076_cam-hopkins-cw-000076_crosswalk-candidate,cam-hopkins-cw-000076,cam-hopkins-crosswalk-000076;y477;109;681;*****,src-cambridge-hopkins,metadata_only_until_verified,needs_human_inscription_crosswalk_review,2026-06-21
obs-insc-cw-cand-000077,inscription_crosswalk_candidate,corpus/002_oracle-bone-inscriptions/001_000001-000100_obs-insc-cw-bucket_crosswalk-candidates/077_obs-insc-cw-cand-000077_cam-hopkins-cw-000077_crosswalk-candidate,cam-hopkins-cw-000077,cam-hopkins-crosswalk-000077;y479;20;563;*****,src-cambridge-hopkins,metadata_only_until_verified,needs_human_inscription_crosswalk_review,2026-06-21
obs-insc-cw-cand-000078,inscription_crosswalk_candidate,corpus/002_oracle-bone-inscriptions/001_000001-000100_obs-insc-cw-bucket_crosswalk-candidates/078_obs-insc-cw-cand-000078_cam-hopkins-cw-000078_crosswalk-candidate,cam-hopkins-cw-000078,cam-hopkins-crosswalk-000078;y505;210;360;*****,src-cambridge-hopkins,metadata_only_until_verified,needs_human_inscription_crosswalk_review,2026-06-21
obs-insc-cw-cand-000079,inscription_crosswalk_candidate,corpus/002_oracle-bone-inscriptions/001_000001-000100_obs-insc-cw-bucket_crosswalk-candidates/079_obs-insc-cw-cand-000079_cam-hopkins-cw-000079_crosswalk-candidate,cam-hopkins-cw-000079,cam-hopkins-crosswalk-000079;y508;178;***;*****,src-cambridge-hopkins,metadata_only_until_verified,needs_human_inscription_crosswalk_review,2026-06-21
obs-insc-cw-cand-000080,inscription_crosswalk_candidate,corpus/002_oracle-bone-inscriptions/001_000001-000100_obs-insc-cw-bucket_crosswalk-candidates/080_obs-insc-cw-cand-000080_cam-hopkins-cw-000080_crosswalk-candidate,cam-hopkins-cw-000080,cam-hopkins-crosswalk-000080;y521;119;487;39516,src-cambridge-hopkins,metadata_only_until_verified,needs_human_inscription_crosswalk_review,2026-06-21
obs-insc-cw-cand-000081,inscription_crosswalk_candidate,corpus/002_oracle-bone-inscriptions/001_000001-000100_obs-insc-cw-bucket_crosswalk-candidates/081_obs-insc-cw-cand-000081_cam-hopkins-cw-000081_crosswalk-candidate,cam-hopkins-cw-000081,cam-hopkins-crosswalk-000081;y523;193;527;*****,src-cambridge-hopkins,metadata_only_until_verified,needs_human_inscription_crosswalk_review,2026-06-21
obs-insc-cw-cand-000082,inscription_crosswalk_candidate,corpus/002_oracle-bone-inscriptions/001_000001-000100_obs-insc-cw-bucket_crosswalk-candidates/082_obs-insc-cw-cand-000082_cam-hopkins-cw-000082_crosswalk-candidate,cam-hopkins-cw-000082,cam-hopkins-crosswalk-000082;y527;161;609;41340,src-cambridge-hopkins,metadata_only_until_verified,needs_human_inscription_crosswalk_review,2026-06-21
obs-insc-cw-cand-000083,inscription_crosswalk_candidate,corpus/002_oracle-bone-inscriptions/001_000001-000100_obs-insc-cw-bucket_crosswalk-candidates/083_obs-insc-cw-cand-000083_cam-hopkins-cw-000083_crosswalk-candidate,cam-hopkins-cw-000083,cam-hopkins-crosswalk-000083;y528;239;590;39835,src-cambridge-hopkins,metadata_only_until_verified,needs_human_inscription_crosswalk_review,2026-06-21
obs-insc-cw-cand-000084,inscription_crosswalk_candidate,corpus/002_oracle-bone-inscriptions/001_000001-000100_obs-insc-cw-bucket_crosswalk-candidates/084_obs-insc-cw-cand-000084_cam-hopkins-cw-000084_crosswalk-candidate,cam-hopkins-cw-000084,cam-hopkins-crosswalk-000084;y533;140;388;39524,src-cambridge-hopkins,metadata_only_until_verified,needs_human_inscription_crosswalk_review,2026-06-21
obs-insc-cw-cand-000085,inscription_crosswalk_candidate,corpus/002_oracle-bone-inscriptions/001_000001-000100_obs-insc-cw-bucket_crosswalk-candidates/085_obs-insc-cw-cand-000085_cam-hopkins-cw-000085_crosswalk-candidate,cam-hopkins-cw-000085,cam-hopkins-crosswalk-000085;y543;99;673;39854,src-cambridge-hopkins,metadata_only_until_verified,needs_human_inscription_crosswalk_review,2026-06-21
obs-insc-cw-cand-000086,inscription_crosswalk_candidate,corpus/002_oracle-bone-inscriptions/001_000001-000100_obs-insc-cw-bucket_crosswalk-candidates/086_obs-insc-cw-cand-000086_cam-hopkins-cw-000086_crosswalk-candidate,cam-hopkins-cw-000086,cam-hopkins-crosswalk-000086;y547;103;507;39858,src-cambridge-hopkins,metadata_only_until_verified,needs_human_inscription_crosswalk_review,2026-06-21
obs-insc-cw-cand-000087,inscription_crosswalk_candidate,corpus/002_oracle-bone-inscriptions/001_000001-000100_obs-insc-cw-bucket_crosswalk-candidates/087_obs-insc-cw-cand-000087_cam-hopkins-cw-000087_crosswalk-candidate,cam-hopkins-cw-000087,cam-hopkins-crosswalk-000087;y551;102;592;40032,src-cambridge-hopkins,metadata_only_until_verified,needs_human_inscription_crosswalk_review,2026-06-21
obs-insc-cw-cand-000088,inscription_crosswalk_candidate,corpus/002_oracle-bone-inscriptions/001_000001-000100_obs-insc-cw-bucket_crosswalk-candidates/088_obs-insc-cw-cand-000088_cam-hopkins-cw-000088_crosswalk-candidate,cam-hopkins-cw-000088,cam-hopkins-crosswalk-000088;y552;104;***;*****,src-cambridge-hopkins,metadata_only_until_verified,needs_human_inscription_crosswalk_review,2026-06-21
obs-insc-cw-cand-000089,inscription_crosswalk_candidate,corpus/002_oracle-bone-inscriptions/001_000001-000100_obs-insc-cw-bucket_crosswalk-candidates/089_obs-insc-cw-cand-000089_cam-hopkins-cw-000089_crosswalk-candidate,cam-hopkins-cw-000089,cam-hopkins-crosswalk-000089;y553;94;389;40402,src-cambridge-hopkins,metadata_only_until_verified,needs_human_inscription_crosswalk_review,2026-06-21
obs-insc-cw-cand-000090,inscription_crosswalk_candidate,corpus/002_oracle-bone-inscriptions/001_000001-000100_obs-insc-cw-bucket_crosswalk-candidates/090_obs-insc-cw-cand-000090_cam-hopkins-cw-000090_crosswalk-candidate,cam-hopkins-cw-000090,cam-hopkins-crosswalk-000090;y554;96;682;*****,src-cambridge-hopkins,metadata_only_until_verified,needs_human_inscription_crosswalk_review,2026-06-21
obs-insc-cw-cand-000091,inscription_crosswalk_candidate,corpus/002_oracle-bone-inscriptions/001_000001-000100_obs-insc-cw-bucket_crosswalk-candidates/091_obs-insc-cw-cand-000091_cam-hopkins-cw-000091_crosswalk-candidate,cam-hopkins-cw-000091,cam-hopkins-crosswalk-000091;y555;100;508;39856,src-cambridge-hopkins,metadata_only_until_verified,needs_human_inscription_crosswalk_review,2026-06-21
obs-insc-cw-cand-000092,inscription_crosswalk_candidate,corpus/002_oracle-bone-inscriptions/001_000001-000100_obs-insc-cw-bucket_crosswalk-candidates/092_obs-insc-cw-cand-000092_cam-hopkins-cw-000092_crosswalk-candidate,cam-hopkins-cw-000092,cam-hopkins-crosswalk-000092;y556;106;650;*****,src-cambridge-hopkins,metadata_only_until_verified,needs_human_inscription_crosswalk_review,2026-06-21
obs-insc-cw-cand-000093,inscription_crosswalk_candidate,corpus/002_oracle-bone-inscriptions/001_000001-000100_obs-insc-cw-bucket_crosswalk-candidates/093_obs-insc-cw-cand-000093_cam-hopkins-cw-000093_crosswalk-candidate,cam-hopkins-cw-000093,cam-hopkins-crosswalk-000093;y559;108;524;39864,src-cambridge-hopkins,metadata_only_until_verified,needs_human_inscription_crosswalk_review,2026-06-21
obs-insc-cw-cand-000094,inscription_crosswalk_candidate,corpus/002_oracle-bone-inscriptions/001_000001-000100_obs-insc-cw-bucket_crosswalk-candidates/094_obs-insc-cw-cand-000094_cam-hopkins-cw-000094_crosswalk-candidate,cam-hopkins-cw-000094,cam-hopkins-crosswalk-000094;y560;101;600;39869,src-cambridge-hopkins,metadata_only_until_verified,needs_human_inscription_crosswalk_review,2026-06-21
obs-insc-cw-cand-000095,inscription_crosswalk_candidate,corpus/002_oracle-bone-inscriptions/001_000001-000100_obs-insc-cw-bucket_crosswalk-candidates/095_obs-insc-cw-cand-000095_cam-hopkins-cw-000095_crosswalk-candidate,cam-hopkins-cw-000095,cam-hopkins-crosswalk-000095;y564;93;522;39868,src-cambridge-hopkins,metadata_only_until_verified,needs_human_inscription_crosswalk_review,2026-06-21
obs-insc-cw-cand-000096,inscription_crosswalk_candidate,corpus/002_oracle-bone-inscriptions/001_000001-000100_obs-insc-cw-bucket_crosswalk-candidates/096_obs-insc-cw-cand-000096_cam-hopkins-cw-000096_crosswalk-candidate,cam-hopkins-cw-000096,cam-hopkins-crosswalk-000096;y566;97;364;39874,src-cambridge-hopkins,metadata_only_until_verified,needs_human_inscription_crosswalk_review,2026-06-21
obs-insc-cw-cand-000097,inscription_crosswalk_candidate,corpus/002_oracle-bone-inscriptions/001_000001-000100_obs-insc-cw-bucket_crosswalk-candidates/097_obs-insc-cw-cand-000097_cam-hopkins-cw-000097_crosswalk-candidate,cam-hopkins-cw-000097,cam-hopkins-crosswalk-000097;y569;107;665;39878,src-cambridge-hopkins,metadata_only_until_verified,needs_human_inscription_crosswalk_review,2026-06-21
obs-insc-cw-cand-000098,inscription_crosswalk_candidate,corpus/002_oracle-bone-inscriptions/001_000001-000100_obs-insc-cw-bucket_crosswalk-candidates/098_obs-insc-cw-cand-000098_cam-hopkins-cw-000098_crosswalk-candidate,cam-hopkins-cw-000098,cam-hopkins-crosswalk-000098;y571;98;531;39877,src-cambridge-hopkins,metadata_only_until_verified,needs_human_inscription_crosswalk_review,2026-06-21
obs-insc-cw-cand-000099,inscription_crosswalk_candidate,corpus/002_oracle-bone-inscriptions/001_000001-000100_obs-insc-cw-bucket_crosswalk-candidates/099_obs-insc-cw-cand-000099_cam-hopkins-cw-000099_crosswalk-candidate,cam-hopkins-cw-000099,cam-hopkins-crosswalk-000099;y578;260a;538;39881,src-cambridge-hopkins,metadata_only_until_verified,needs_human_inscription_crosswalk_review,2026-06-21
obs-insc-cw-cand-000100,inscription_crosswalk_candidate,corpus/002_oracle-bone-inscriptions/001_000001-000100_obs-insc-cw-bucket_crosswalk-candidates/100_obs-insc-cw-cand-000100_cam-hopkins-cw-000100_crosswalk-candidate,cam-hopkins-cw-000100,cam-hopkins-crosswalk-000100;y579;260b;539;39882,src-cambridge-hopkins,metadata_only_until_verified,needs_human_inscription_crosswalk_review,2026-06-21
obs-insc-cw-cand-000101,inscription_crosswalk_candidate,corpus/002_oracle-bone-inscriptions/002_000101-000200_obs-insc-cw-bucket_crosswalk-candidates/101_obs-insc-cw-cand-000101_cam-hopkins-cw-000101_crosswalk-candidate,cam-hopkins-cw-000101,cam-hopkins-crosswalk-000101;y580;128;606;39880,src-cambridge-hopkins,metadata_only_until_verified,needs_human_inscription_crosswalk_review,2026-06-21
obs-insc-cw-cand-000102,inscription_crosswalk_candidate,corpus/002_oracle-bone-inscriptions/002_000101-000200_obs-insc-cw-bucket_crosswalk-candidates/102_obs-insc-cw-cand-000102_cam-hopkins-cw-000102_crosswalk-candidate,cam-hopkins-cw-000102,cam-hopkins-crosswalk-000102;y582;121;384;*****,src-cambridge-hopkins,metadata_only_until_verified,needs_human_inscription_crosswalk_review,2026-06-21
obs-insc-cw-cand-000103,inscription_crosswalk_candidate,corpus/002_oracle-bone-inscriptions/002_000101-000200_obs-insc-cw-bucket_crosswalk-candidates/103_obs-insc-cw-cand-000103_cam-hopkins-cw-000103_crosswalk-candidate,cam-hopkins-cw-000103,cam-hopkins-crosswalk-000103;y584;264;604;39883,src-cambridge-hopkins,metadata_only_until_verified,needs_human_inscription_crosswalk_review,2026-06-21
obs-insc-cw-cand-000104,inscription_crosswalk_candidate,corpus/002_oracle-bone-inscriptions/002_000101-000200_obs-insc-cw-bucket_crosswalk-candidates/104_obs-insc-cw-cand-000104_cam-hopkins-cw-000104_crosswalk-candidate,cam-hopkins-cw-000104,cam-hopkins-crosswalk-000104;y593;598;535;39967,src-cambridge-hopkins,metadata_only_until_verified,needs_human_inscription_crosswalk_review,2026-06-21
obs-insc-cw-cand-000105,inscription_crosswalk_candidate,corpus/002_oracle-bone-inscriptions/002_000101-000200_obs-insc-cw-bucket_crosswalk-candidates/105_obs-insc-cw-cand-000105_cam-hopkins-cw-000105_crosswalk-candidate,cam-hopkins-cw-000105,cam-hopkins-crosswalk-000105;y594;71;651;39492,src-cambridge-hopkins,metadata_only_until_verified,needs_human_inscription_crosswalk_review,2026-06-21
obs-insc-cw-cand-000106,inscription_crosswalk_candidate,corpus/002_oracle-bone-inscriptions/002_000101-000200_obs-insc-cw-bucket_crosswalk-candidates/106_obs-insc-cw-cand-000106_cam-hopkins-cw-000106_crosswalk-candidate,cam-hopkins-cw-000106,cam-hopkins-crosswalk-000106;y601;114;***;*****,src-cambridge-hopkins,metadata_only_until_verified,needs_human_inscription_crosswalk_review,2026-06-21
obs-insc-cw-cand-000107,inscription_crosswalk_candidate,corpus/002_oracle-bone-inscriptions/002_000101-000200_obs-insc-cw-bucket_crosswalk-candidates/107_obs-insc-cw-cand-000107_cam-hopkins-cw-000107_crosswalk-candidate,cam-hopkins-cw-000107,cam-hopkins-crosswalk-000107;y602;113;685;39930,src-cambridge-hopkins,metadata_only_until_verified,needs_human_inscription_crosswalk_review,2026-06-21
obs-insc-cw-cand-000108,inscription_crosswalk_candidate,corpus/002_oracle-bone-inscriptions/002_000101-000200_obs-insc-cw-bucket_crosswalk-candidates/108_obs-insc-cw-cand-000108_cam-hopkins-cw-000108_crosswalk-candidate,cam-hopkins-cw-000108,cam-hopkins-crosswalk-000108;y608;52;521;39514,src-cambridge-hopkins,metadata_only_until_verified,needs_human_inscription_crosswalk_review,2026-06-21
obs-insc-cw-cand-000109,inscription_crosswalk_candidate,corpus/002_oracle-bone-inscriptions/002_000101-000200_obs-insc-cw-bucket_crosswalk-candidates/109_obs-insc-cw-cand-000109_cam-hopkins-cw-000109_crosswalk-candidate,cam-hopkins-cw-000109,cam-hopkins-crosswalk-000109;y609;138;495;39515,src-cambridge-hopkins,metadata_only_until_verified,needs_human_inscription_crosswalk_review,2026-06-21
obs-insc-cw-cand-000110,inscription_crosswalk_candidate,corpus/002_oracle-bone-inscriptions/002_000101-000200_obs-insc-cw-bucket_crosswalk-candidates/110_obs-insc-cw-cand-000110_cam-hopkins-cw-000110_crosswalk-candidate,cam-hopkins-cw-000110,cam-hopkins-crosswalk-000110;y610;139;509;39513,src-cambridge-hopkins,metadata_only_until_verified,needs_human_inscription_crosswalk_review,2026-06-21
obs-insc-cw-cand-000111,inscription_crosswalk_candidate,corpus/002_oracle-bone-inscriptions/002_000101-000200_obs-insc-cw-bucket_crosswalk-candidates/111_obs-insc-cw-cand-000111_cam-hopkins-cw-000111_crosswalk-candidate,cam-hopkins-cw-000111,cam-hopkins-crosswalk-000111;y613;245;526;39925,src-cambridge-hopkins,metadata_only_until_verified,needs_human_inscription_crosswalk_review,2026-06-21
obs-insc-cw-cand-000112,inscription_crosswalk_candidate,corpus/002_oracle-bone-inscriptions/002_000101-000200_obs-insc-cw-bucket_crosswalk-candidates/112_obs-insc-cw-cand-000112_cam-hopkins-cw-000112_crosswalk-candidate,cam-hopkins-cw-000112,cam-hopkins-crosswalk-000112;y614;246;412;39927,src-cambridge-hopkins,metadata_only_until_verified,needs_human_inscription_crosswalk_review,2026-06-21
obs-insc-cw-cand-000113,inscription_crosswalk_candidate,corpus/002_oracle-bone-inscriptions/002_000101-000200_obs-insc-cw-bucket_crosswalk-candidates/113_obs-insc-cw-cand-000113_cam-hopkins-cw-000113_crosswalk-candidate,cam-hopkins-cw-000113,cam-hopkins-crosswalk-000113;y616;157;613;39934,src-cambridge-hopkins,metadata_only_until_verified,needs_human_inscription_crosswalk_review,2026-06-21
obs-insc-cw-cand-000114,inscription_crosswalk_candidate,corpus/002_oracle-bone-inscriptions/002_000101-000200_obs-insc-cw-bucket_crosswalk-candidates/114_obs-insc-cw-cand-000114_cam-hopkins-cw-000114_crosswalk-candidate,cam-hopkins-cw-000114,cam-hopkins-crosswalk-000114;y618;596;663;39941,src-cambridge-hopkins,metadata_only_until_verified,needs_human_inscription_crosswalk_review,2026-06-21
obs-insc-cw-cand-000115,inscription_crosswalk_candidate,corpus/002_oracle-bone-inscriptions/002_000101-000200_obs-insc-cw-bucket_crosswalk-candidates/115_obs-insc-cw-cand-000115_cam-hopkins-cw-000115_crosswalk-candidate,cam-hopkins-cw-000115,cam-hopkins-crosswalk-000115;y626;259;666;39908,src-cambridge-hopkins,metadata_only_until_verified,needs_human_inscription_crosswalk_review,2026-06-21
obs-insc-cw-cand-000116,inscription_crosswalk_candidate,corpus/002_oracle-bone-inscriptions/002_000101-000200_obs-insc-cw-bucket_crosswalk-candidates/116_obs-insc-cw-cand-000116_cam-hopkins-cw-000116_crosswalk-candidate,cam-hopkins-cw-000116,cam-hopkins-crosswalk-000116;y635;127;660;39947,src-cambridge-hopkins,metadata_only_until_verified,needs_human_inscription_crosswalk_review,2026-06-21
obs-insc-cw-cand-000117,inscription_crosswalk_candidate,corpus/002_oracle-bone-inscriptions/002_000101-000200_obs-insc-cw-bucket_crosswalk-candidates/117_obs-insc-cw-cand-000117_cam-hopkins-cw-000117_crosswalk-candidate,cam-hopkins-cw-000117,cam-hopkins-crosswalk-000117;y636;168;***;*****,src-cambridge-hopkins,metadata_only_until_verified,needs_human_inscription_crosswalk_review,2026-06-21
obs-insc-cw-cand-000118,inscription_crosswalk_candidate,corpus/002_oracle-bone-inscriptions/002_000101-000200_obs-insc-cw-bucket_crosswalk-candidates/118_obs-insc-cw-cand-000118_cam-hopkins-cw-000118_crosswalk-candidate,cam-hopkins-cw-000118,cam-hopkins-crosswalk-000118;y640;126;383;40662,src-cambridge-hopkins,metadata_only_until_verified,needs_human_inscription_crosswalk_review,2026-06-21
obs-insc-cw-cand-000119,inscription_crosswalk_candidate,corpus/002_oracle-bone-inscriptions/002_000101-000200_obs-insc-cw-bucket_crosswalk-candidates/119_obs-insc-cw-cand-000119_cam-hopkins-cw-000119_crosswalk-candidate,cam-hopkins-cw-000119,cam-hopkins-crosswalk-000119;y641;252;659;40037,src-cambridge-hopkins,metadata_only_until_verified,needs_human_inscription_crosswalk_review,2026-06-21
obs-insc-cw-cand-000120,inscription_crosswalk_candidate,corpus/002_oracle-bone-inscriptions/002_000101-000200_obs-insc-cw-bucket_crosswalk-candidates/120_obs-insc-cw-cand-000120_cam-hopkins-cw-000120_crosswalk-candidate,cam-hopkins-cw-000120,cam-hopkins-crosswalk-000120;y653;124;***;*****,src-cambridge-hopkins,metadata_only_until_verified,needs_human_inscription_crosswalk_review,2026-06-21
obs-insc-cw-cand-000121,inscription_crosswalk_candidate,corpus/002_oracle-bone-inscriptions/002_000101-000200_obs-insc-cw-bucket_crosswalk-candidates/121_obs-insc-cw-cand-000121_cam-hopkins-cw-000121_crosswalk-candidate,cam-hopkins-cw-000121,cam-hopkins-crosswalk-000121;y654;123;713;*****,src-cambridge-hopkins,metadata_only_until_verified,needs_human_inscription_crosswalk_review,2026-06-21
obs-insc-cw-cand-000122,inscription_crosswalk_candidate,corpus/002_oracle-bone-inscriptions/002_000101-000200_obs-insc-cw-bucket_crosswalk-candidates/122_obs-insc-cw-cand-000122_cam-hopkins-cw-000122_crosswalk-candidate,cam-hopkins-cw-000122,cam-hopkins-crosswalk-000122;y657;110;498;39952,src-cambridge-hopkins,metadata_only_until_verified,needs_human_inscription_crosswalk_review,2026-06-21
obs-insc-cw-cand-000123,inscription_crosswalk_candidate,corpus/002_oracle-bone-inscriptions/002_000101-000200_obs-insc-cw-bucket_crosswalk-candidates/123_obs-insc-cw-cand-000123_cam-hopkins-cw-000123_crosswalk-candidate,cam-hopkins-cw-000123,cam-hopkins-crosswalk-000123;y659;111;601;39954,src-cambridge-hopkins,metadata_only_until_verified,needs_human_inscription_crosswalk_review,2026-06-21
obs-insc-cw-cand-000124,inscription_crosswalk_candidate,corpus/002_oracle-bone-inscriptions/002_000101-000200_obs-insc-cw-bucket_crosswalk-candidates/124_obs-insc-cw-cand-000124_cam-hopkins-cw-000124_crosswalk-candidate,cam-hopkins-cw-000124,cam-hopkins-crosswalk-000124;y662;118;562;*****,src-cambridge-hopkins,metadata_only_until_verified,needs_human_inscription_crosswalk_review,2026-06-21
obs-insc-cw-cand-000125,inscription_crosswalk_candidate,corpus/002_oracle-bone-inscriptions/002_000101-000200_obs-insc-cw-bucket_crosswalk-candidates/125_obs-insc-cw-cand-000125_cam-hopkins-cw-000125_crosswalk-candidate,cam-hopkins-cw-000125,cam-hopkins-crosswalk-000125;y665;117;586;39963,src-cambridge-hopkins,metadata_only_until_verified,needs_human_inscription_crosswalk_review,2026-06-21
obs-insc-cw-cand-000126,inscription_crosswalk_candidate,corpus/002_oracle-bone-inscriptions/002_000101-000200_obs-insc-cw-bucket_crosswalk-candidates/126_obs-insc-cw-cand-000126_cam-hopkins-cw-000126_crosswalk-candidate,cam-hopkins-cw-000126,cam-hopkins-crosswalk-000126;y667;120;***;*****,src-cambridge-hopkins,metadata_only_until_verified,needs_human_inscription_crosswalk_review,2026-06-21
obs-insc-cw-cand-000127,inscription_crosswalk_candidate,corpus/002_oracle-bone-inscriptions/002_000101-000200_obs-insc-cw-bucket_crosswalk-candidates/127_obs-insc-cw-cand-000127_cam-hopkins-cw-000127_crosswalk-candidate,cam-hopkins-cw-000127,cam-hopkins-crosswalk-000127;y671;115;460;*****,src-cambridge-hopkins,metadata_only_until_verified,needs_human_inscription_crosswalk_review,2026-06-21
obs-insc-cw-cand-000128,inscription_crosswalk_candidate,corpus/002_oracle-bone-inscriptions/002_000101-000200_obs-insc-cw-bucket_crosswalk-candidates/128_obs-insc-cw-cand-000128_cam-hopkins-cw-000128_crosswalk-candidate,cam-hopkins-cw-000128,cam-hopkins-crosswalk-000128;y672;116;647;39964,src-cambridge-hopkins,metadata_only_until_verified,needs_human_inscription_crosswalk_review,2026-06-21
obs-insc-cw-cand-000129,inscription_crosswalk_candidate,corpus/002_oracle-bone-inscriptions/002_000101-000200_obs-insc-cw-bucket_crosswalk-candidates/129_obs-insc-cw-cand-000129_cam-hopkins-cw-000129_crosswalk-candidate,cam-hopkins-cw-000129,cam-hopkins-crosswalk-000129;y680;262;677;40345,src-cambridge-hopkins,metadata_only_until_verified,needs_human_inscription_crosswalk_review,2026-06-21
obs-insc-cw-cand-000130,inscription_crosswalk_candidate,corpus/002_oracle-bone-inscriptions/002_000101-000200_obs-insc-cw-bucket_crosswalk-candidates/130_obs-insc-cw-cand-000130_cam-hopkins-cw-000130_crosswalk-candidate,cam-hopkins-cw-000130,cam-hopkins-crosswalk-000130;y681;263;503;39981,src-cambridge-hopkins,metadata_only_until_verified,needs_human_inscription_crosswalk_review,2026-06-21
obs-insc-cw-cand-000131,inscription_crosswalk_candidate,corpus/002_oracle-bone-inscriptions/002_000101-000200_obs-insc-cw-bucket_crosswalk-candidates/131_obs-insc-cw-cand-000131_cam-hopkins-cw-000131_crosswalk-candidate,cam-hopkins-cw-000131,cam-hopkins-crosswalk-000131;y686;129;410;39975,src-cambridge-hopkins,metadata_only_until_verified,needs_human_inscription_crosswalk_review,2026-06-21
obs-insc-cw-cand-000132,inscription_crosswalk_candidate,corpus/002_oracle-bone-inscriptions/002_000101-000200_obs-insc-cw-bucket_crosswalk-candidates/132_obs-insc-cw-cand-000132_cam-hopkins-cw-000132_crosswalk-candidate,cam-hopkins-cw-000132,cam-hopkins-crosswalk-000132;y711;163;558;*****,src-cambridge-hopkins,metadata_only_until_verified,needs_human_inscription_crosswalk_review,2026-06-21
obs-insc-cw-cand-000133,inscription_crosswalk_candidate,corpus/002_oracle-bone-inscriptions/002_000101-000200_obs-insc-cw-bucket_crosswalk-candidates/133_obs-insc-cw-cand-000133_cam-hopkins-cw-000133_crosswalk-candidate,cam-hopkins-cw-000133,cam-hopkins-crosswalk-000133;y724;142;478;40360,src-cambridge-hopkins,metadata_only_until_verified,needs_human_inscription_crosswalk_review,2026-06-21
obs-insc-cw-cand-000134,inscription_crosswalk_candidate,corpus/002_oracle-bone-inscriptions/002_000101-000200_obs-insc-cw-bucket_crosswalk-candidates/134_obs-insc-cw-cand-000134_cam-hopkins-cw-000134_crosswalk-candidate,cam-hopkins-cw-000134,cam-hopkins-crosswalk-000134;y729;173;407;40205,src-cambridge-hopkins,metadata_only_until_verified,needs_human_inscription_crosswalk_review,2026-06-21
obs-insc-cw-cand-000135,inscription_crosswalk_candidate,corpus/002_oracle-bone-inscriptions/002_000101-000200_obs-insc-cw-bucket_crosswalk-candidates/135_obs-insc-cw-cand-000135_cam-hopkins-cw-000135_crosswalk-candidate,cam-hopkins-cw-000135,cam-hopkins-crosswalk-000135;y731;141;708;*****,src-cambridge-hopkins,metadata_only_until_verified,needs_human_inscription_crosswalk_review,2026-06-21
obs-insc-cw-cand-000136,inscription_crosswalk_candidate,corpus/002_oracle-bone-inscriptions/002_000101-000200_obs-insc-cw-bucket_crosswalk-candidates/136_obs-insc-cw-cand-000136_cam-hopkins-cw-000136_crosswalk-candidate,cam-hopkins-cw-000136,cam-hopkins-crosswalk-000136;y732;131;402;39527,src-cambridge-hopkins,metadata_only_until_verified,needs_human_inscription_crosswalk_review,2026-06-21
obs-insc-cw-cand-000137,inscription_crosswalk_candidate,corpus/002_oracle-bone-inscriptions/002_000101-000200_obs-insc-cw-bucket_crosswalk-candidates/137_obs-insc-cw-cand-000137_cam-hopkins-cw-000137_crosswalk-candidate,cam-hopkins-cw-000137,cam-hopkins-crosswalk-000137;y749;135;***;*****,src-cambridge-hopkins,metadata_only_until_verified,needs_human_inscription_crosswalk_review,2026-06-21
obs-insc-cw-cand-000138,inscription_crosswalk_candidate,corpus/002_oracle-bone-inscriptions/002_000101-000200_obs-insc-cw-bucket_crosswalk-candidates/138_obs-insc-cw-cand-000138_cam-hopkins-cw-000138_crosswalk-candidate,cam-hopkins-cw-000138,cam-hopkins-crosswalk-000138;y757;30;567;*****,src-cambridge-hopkins,metadata_only_until_verified,needs_human_inscription_crosswalk_review,2026-06-21
obs-insc-cw-cand-000139,inscription_crosswalk_candidate,corpus/002_oracle-bone-inscriptions/002_000101-000200_obs-insc-cw-bucket_crosswalk-candidates/139_obs-insc-cw-cand-000139_cam-hopkins-cw-000139_crosswalk-candidate,cam-hopkins-cw-000139,cam-hopkins-crosswalk-000139;y792;35;612;*****,src-cambridge-hopkins,metadata_only_until_verified,needs_human_inscription_crosswalk_review,2026-06-21
obs-insc-cw-cand-000140,inscription_crosswalk_candidate,corpus/002_oracle-bone-inscriptions/002_000101-000200_obs-insc-cw-bucket_crosswalk-candidates/140_obs-insc-cw-cand-000140_cam-hopkins-cw-000140_crosswalk-candidate,cam-hopkins-cw-000140,cam-hopkins-crosswalk-000140;y793;40;631;40111,src-cambridge-hopkins,metadata_only_until_verified,needs_human_inscription_crosswalk_review,2026-06-21
obs-insc-cw-cand-000141,inscription_crosswalk_candidate,corpus/002_oracle-bone-inscriptions/002_000101-000200_obs-insc-cw-bucket_crosswalk-candidates/141_obs-insc-cw-cand-000141_cam-hopkins-cw-000141_crosswalk-candidate,cam-hopkins-cw-000141,cam-hopkins-crosswalk-000141;y794;31;***;*****,src-cambridge-hopkins,metadata_only_until_verified,needs_human_inscription_crosswalk_review,2026-06-21
obs-insc-cw-cand-000142,inscription_crosswalk_candidate,corpus/002_oracle-bone-inscriptions/002_000101-000200_obs-insc-cw-bucket_crosswalk-candidates/142_obs-insc-cw-cand-000142_cam-hopkins-cw-000142_crosswalk-candidate,cam-hopkins-cw-000142,cam-hopkins-crosswalk-000142;y799;36;***;*****,src-cambridge-hopkins,metadata_only_until_verified,needs_human_inscription_crosswalk_review,2026-06-21
obs-insc-cw-cand-000143,inscription_crosswalk_candidate,corpus/002_oracle-bone-inscriptions/002_000101-000200_obs-insc-cw-bucket_crosswalk-candidates/143_obs-insc-cw-cand-000143_cam-hopkins-cw-000143_crosswalk-candidate,cam-hopkins-cw-000143,cam-hopkins-crosswalk-000143;y800;29;648;*****,src-cambridge-hopkins,metadata_only_until_verified,needs_human_inscription_crosswalk_review,2026-06-21
obs-insc-cw-cand-000144,inscription_crosswalk_candidate,corpus/002_oracle-bone-inscriptions/002_000101-000200_obs-insc-cw-bucket_crosswalk-candidates/144_obs-insc-cw-cand-000144_cam-hopkins-cw-000144_crosswalk-candidate,cam-hopkins-cw-000144,cam-hopkins-crosswalk-000144;y803;27;372;40094,src-cambridge-hopkins,metadata_only_until_verified,needs_human_inscription_crosswalk_review,2026-06-21
obs-insc-cw-cand-000145,inscription_crosswalk_candidate,corpus/002_oracle-bone-inscriptions/002_000101-000200_obs-insc-cw-bucket_crosswalk-candidates/145_obs-insc-cw-cand-000145_cam-hopkins-cw-000145_crosswalk-candidate,cam-hopkins-cw-000145,cam-hopkins-crosswalk-000145;y810;28;645;40079,src-cambridge-hopkins,metadata_only_until_verified,needs_human_inscription_crosswalk_review,2026-06-21
obs-insc-cw-cand-000146,inscription_crosswalk_candidate,corpus/002_oracle-bone-inscriptions/002_000101-000200_obs-insc-cw-bucket_crosswalk-candidates/146_obs-insc-cw-cand-000146_cam-hopkins-cw-000146_crosswalk-candidate,cam-hopkins-cw-000146,cam-hopkins-crosswalk-000146;y814;48;528;*****,src-cambridge-hopkins,metadata_only_until_verified,needs_human_inscription_crosswalk_review,2026-06-21
obs-insc-cw-cand-000147,inscription_crosswalk_candidate,corpus/002_oracle-bone-inscriptions/002_000101-000200_obs-insc-cw-bucket_crosswalk-candidates/147_obs-insc-cw-cand-000147_cam-hopkins-cw-000147_crosswalk-candidate,cam-hopkins-cw-000147,cam-hopkins-crosswalk-000147;y818;14;373;40118,src-cambridge-hopkins,metadata_only_until_verified,needs_human_inscription_crosswalk_review,2026-06-21
obs-insc-cw-cand-000148,inscription_crosswalk_candidate,corpus/002_oracle-bone-inscriptions/002_000101-000200_obs-insc-cw-bucket_crosswalk-candidates/148_obs-insc-cw-cand-000148_cam-hopkins-cw-000148_crosswalk-candidate,cam-hopkins-cw-000148,cam-hopkins-crosswalk-000148;y821;34;***;*****,src-cambridge-hopkins,metadata_only_until_verified,needs_human_inscription_crosswalk_review,2026-06-21
obs-insc-cw-cand-000149,inscription_crosswalk_candidate,corpus/002_oracle-bone-inscriptions/002_000101-000200_obs-insc-cw-bucket_crosswalk-candidates/149_obs-insc-cw-cand-000149_cam-hopkins-cw-000149_crosswalk-candidate,cam-hopkins-cw-000149,cam-hopkins-crosswalk-000149;y824;160;616;40106,src-cambridge-hopkins,metadata_only_until_verified,needs_human_inscription_crosswalk_review,2026-06-21
obs-insc-cw-cand-000150,inscription_crosswalk_candidate,corpus/002_oracle-bone-inscriptions/002_000101-000200_obs-insc-cw-bucket_crosswalk-candidates/150_obs-insc-cw-cand-000150_cam-hopkins-cw-000150_crosswalk-candidate,cam-hopkins-cw-000150,cam-hopkins-crosswalk-000150;y834;155;569;40075,src-cambridge-hopkins,metadata_only_until_verified,needs_human_inscription_crosswalk_review,2026-06-21
obs-insc-cw-cand-000151,inscription_crosswalk_candidate,corpus/002_oracle-bone-inscriptions/002_000101-000200_obs-insc-cw-bucket_crosswalk-candidates/151_obs-insc-cw-cand-000151_cam-hopkins-cw-000151_crosswalk-candidate,cam-hopkins-cw-000151,cam-hopkins-crosswalk-000151;y835;154;715;40076,src-cambridge-hopkins,metadata_only_until_verified,needs_human_inscription_crosswalk_review,2026-06-21
obs-insc-cw-cand-000152,inscription_crosswalk_candidate,corpus/002_oracle-bone-inscriptions/002_000101-000200_obs-insc-cw-bucket_crosswalk-candidates/152_obs-insc-cw-cand-000152_cam-hopkins-cw-000152_crosswalk-candidate,cam-hopkins-cw-000152,cam-hopkins-crosswalk-000152;y840;158;***;40161,src-cambridge-hopkins,metadata_only_until_verified,needs_human_inscription_crosswalk_review,2026-06-21
obs-insc-cw-cand-000153,inscription_crosswalk_candidate,corpus/002_oracle-bone-inscriptions/002_000101-000200_obs-insc-cw-bucket_crosswalk-candidates/153_obs-insc-cw-cand-000153_cam-hopkins-cw-000153_crosswalk-candidate,cam-hopkins-cw-000153,cam-hopkins-crosswalk-000153;y842;159;605;40162,src-cambridge-hopkins,metadata_only_until_verified,needs_human_inscription_crosswalk_review,2026-06-21
obs-insc-cw-cand-000154,inscription_crosswalk_candidate,corpus/002_oracle-bone-inscriptions/002_000101-000200_obs-insc-cw-bucket_crosswalk-candidates/154_obs-insc-cw-cand-000154_cam-hopkins-cw-000154_crosswalk-candidate,cam-hopkins-cw-000154,cam-hopkins-crosswalk-000154;y848;253;687;*****,src-cambridge-hopkins,metadata_only_until_verified,needs_human_inscription_crosswalk_review,2026-06-21
obs-insc-cw-cand-000155,inscription_crosswalk_candidate,corpus/002_oracle-bone-inscriptions/002_000101-000200_obs-insc-cw-bucket_crosswalk-candidates/155_obs-insc-cw-cand-000155_cam-hopkins-cw-000155_crosswalk-candidate,cam-hopkins-cw-000155,cam-hopkins-crosswalk-000155;y856;162;479;*****,src-cambridge-hopkins,metadata_only_until_verified,needs_human_inscription_crosswalk_review,2026-06-21
obs-insc-cw-cand-000156,inscription_crosswalk_candidate,corpus/002_oracle-bone-inscriptions/002_000101-000200_obs-insc-cw-bucket_crosswalk-candidates/156_obs-insc-cw-cand-000156_cam-hopkins-cw-000156_crosswalk-candidate,cam-hopkins-cw-000156,cam-hopkins-crosswalk-000156;y885;1;594;40204,src-cambridge-hopkins,metadata_only_until_verified,needs_human_inscription_crosswalk_review,2026-06-21
obs-insc-cw-cand-000157,inscription_crosswalk_candidate,corpus/002_oracle-bone-inscriptions/002_000101-000200_obs-insc-cw-bucket_crosswalk-candidates/157_obs-insc-cw-cand-000157_cam-hopkins-cw-000157_crosswalk-candidate,cam-hopkins-cw-000157,cam-hopkins-crosswalk-000157;y906;23;***;*****,src-cambridge-hopkins,metadata_only_until_verified,needs_human_inscription_crosswalk_review,2026-06-21
obs-insc-cw-cand-000158,inscription_crosswalk_candidate,corpus/002_oracle-bone-inscriptions/002_000101-000200_obs-insc-cw-bucket_crosswalk-candidates/158_obs-insc-cw-cand-000158_cam-hopkins-cw-000158_crosswalk-candidate,cam-hopkins-cw-000158,cam-hopkins-crosswalk-000158;y939;A9;***;*****,src-cambridge-hopkins,metadata_only_until_verified,needs_human_inscription_crosswalk_review,2026-06-21
obs-insc-cw-cand-000159,inscription_crosswalk_candidate,corpus/002_oracle-bone-inscriptions/002_000101-000200_obs-insc-cw-bucket_crosswalk-candidates/159_obs-insc-cw-cand-000159_cam-hopkins-cw-000159_crosswalk-candidate,cam-hopkins-cw-000159,cam-hopkins-crosswalk-000159;y943;224;***;*****,src-cambridge-hopkins,metadata_only_until_verified,needs_human_inscription_crosswalk_review,2026-06-21
obs-insc-cw-cand-000160,inscription_crosswalk_candidate,corpus/002_oracle-bone-inscriptions/002_000101-000200_obs-insc-cw-bucket_crosswalk-candidates/160_obs-insc-cw-cand-000160_cam-hopkins-cw-000160_crosswalk-candidate,cam-hopkins-cw-000160,cam-hopkins-crosswalk-000160;y945;90;***;*****,src-cambridge-hopkins,metadata_only_until_verified,needs_human_inscription_crosswalk_review,2026-06-21
obs-insc-cw-cand-000161,inscription_crosswalk_candidate,corpus/002_oracle-bone-inscriptions/002_000101-000200_obs-insc-cw-bucket_crosswalk-candidates/161_obs-insc-cw-cand-000161_cam-hopkins-cw-000161_crosswalk-candidate,cam-hopkins-cw-000161,cam-hopkins-crosswalk-000161;y954;233;***;*****,src-cambridge-hopkins,metadata_only_until_verified,needs_human_inscription_crosswalk_review,2026-06-21
obs-insc-cw-cand-000162,inscription_crosswalk_candidate,corpus/002_oracle-bone-inscriptions/002_000101-000200_obs-insc-cw-bucket_crosswalk-candidates/162_obs-insc-cw-cand-000162_cam-hopkins-cw-000162_crosswalk-candidate,cam-hopkins-cw-000162,cam-hopkins-crosswalk-000162;y956;234;***;*****,src-cambridge-hopkins,metadata_only_until_verified,needs_human_inscription_crosswalk_review,2026-06-21
obs-insc-cw-cand-000163,inscription_crosswalk_candidate,corpus/002_oracle-bone-inscriptions/002_000101-000200_obs-insc-cw-bucket_crosswalk-candidates/163_obs-insc-cw-cand-000163_cam-hopkins-cw-000163_crosswalk-candidate,cam-hopkins-cw-000163,cam-hopkins-crosswalk-000163;y967;87;626;*****,src-cambridge-hopkins,metadata_only_until_verified,needs_human_inscription_crosswalk_review,2026-06-21
obs-insc-cw-cand-000164,inscription_crosswalk_candidate,corpus/002_oracle-bone-inscriptions/002_000101-000200_obs-insc-cw-bucket_crosswalk-candidates/164_obs-insc-cw-cand-000164_cam-hopkins-cw-000164_crosswalk-candidate,cam-hopkins-cw-000164,cam-hopkins-crosswalk-000164;y996;9;638;40429,src-cambridge-hopkins,metadata_only_until_verified,needs_human_inscription_crosswalk_review,2026-06-21
obs-insc-cw-cand-000165,inscription_crosswalk_candidate,corpus/002_oracle-bone-inscriptions/002_000101-000200_obs-insc-cw-bucket_crosswalk-candidates/165_obs-insc-cw-cand-000165_cam-hopkins-cw-000165_crosswalk-candidate,cam-hopkins-cw-000165,cam-hopkins-crosswalk-000165;y997;16;483;40297,src-cambridge-hopkins,metadata_only_until_verified,needs_human_inscription_crosswalk_review,2026-06-21
obs-insc-cw-cand-000166,inscription_crosswalk_candidate,corpus/002_oracle-bone-inscriptions/002_000101-000200_obs-insc-cw-bucket_crosswalk-candidates/166_obs-insc-cw-cand-000166_cam-hopkins-cw-000166_crosswalk-candidate,cam-hopkins-cw-000166,cam-hopkins-crosswalk-000166;y1002;7;350;*****,src-cambridge-hopkins,metadata_only_until_verified,needs_human_inscription_crosswalk_review,2026-06-21
obs-insc-cw-cand-000167,inscription_crosswalk_candidate,corpus/002_oracle-bone-inscriptions/002_000101-000200_obs-insc-cw-bucket_crosswalk-candidates/167_obs-insc-cw-cand-000167_cam-hopkins-cw-000167_crosswalk-candidate,cam-hopkins-cw-000167,cam-hopkins-crosswalk-000167;y1004;18;***;*****,src-cambridge-hopkins,metadata_only_until_verified,needs_human_inscription_crosswalk_review,2026-06-21
obs-insc-cw-cand-000168,inscription_crosswalk_candidate,corpus/002_oracle-bone-inscriptions/002_000101-000200_obs-insc-cw-bucket_crosswalk-candidates/168_obs-insc-cw-cand-000168_cam-hopkins-cw-000168_crosswalk-candidate,cam-hopkins-cw-000168,cam-hopkins-crosswalk-000168;y1007;17;644;*****,src-cambridge-hopkins,metadata_only_until_verified,needs_human_inscription_crosswalk_review,2026-06-21
obs-insc-cw-cand-000169,inscription_crosswalk_candidate,corpus/002_oracle-bone-inscriptions/002_000101-000200_obs-insc-cw-bucket_crosswalk-candidates/169_obs-insc-cw-cand-000169_cam-hopkins-cw-000169_crosswalk-candidate,cam-hopkins-cw-000169,cam-hopkins-crosswalk-000169;y1011;4;474;40302,src-cambridge-hopkins,metadata_only_until_verified,needs_human_inscription_crosswalk_review,2026-06-21
obs-insc-cw-cand-000170,inscription_crosswalk_candidate,corpus/002_oracle-bone-inscriptions/002_000101-000200_obs-insc-cw-bucket_crosswalk-candidates/170_obs-insc-cw-cand-000170_cam-hopkins-cw-000170_crosswalk-candidate,cam-hopkins-cw-000170,cam-hopkins-crosswalk-000170;y1013;587;208;41605,src-cambridge-hopkins,metadata_only_until_verified,needs_human_inscription_crosswalk_review,2026-06-21
obs-insc-cw-cand-000171,inscription_crosswalk_candidate,corpus/002_oracle-bone-inscriptions/002_000101-000200_obs-insc-cw-bucket_crosswalk-candidates/171_obs-insc-cw-cand-000171_cam-hopkins-cw-000171_crosswalk-candidate,cam-hopkins-cw-000171,cam-hopkins-crosswalk-000171;y1014;11;341;40783,src-cambridge-hopkins,metadata_only_until_verified,needs_human_inscription_crosswalk_review,2026-06-21
obs-insc-cw-cand-000172,inscription_crosswalk_candidate,corpus/002_oracle-bone-inscriptions/002_000101-000200_obs-insc-cw-bucket_crosswalk-candidates/172_obs-insc-cw-cand-000172_cam-hopkins-cw-000172_crosswalk-candidate,cam-hopkins-cw-000172,cam-hopkins-crosswalk-000172;y1015;3;695;*****,src-cambridge-hopkins,metadata_only_until_verified,needs_human_inscription_crosswalk_review,2026-06-21
obs-insc-cw-cand-000173,inscription_crosswalk_candidate,corpus/002_oracle-bone-inscriptions/002_000101-000200_obs-insc-cw-bucket_crosswalk-candidates/173_obs-insc-cw-cand-000173_cam-hopkins-cw-000173_crosswalk-candidate,cam-hopkins-cw-000173,cam-hopkins-crosswalk-000173;y1017;597;475;*****,src-cambridge-hopkins,metadata_only_until_verified,needs_human_inscription_crosswalk_review,2026-06-21
obs-insc-cw-cand-000174,inscription_crosswalk_candidate,corpus/002_oracle-bone-inscriptions/002_000101-000200_obs-insc-cw-bucket_crosswalk-candidates/174_obs-insc-cw-cand-000174_cam-hopkins-cw-000174_crosswalk-candidate,cam-hopkins-cw-000174,cam-hopkins-crosswalk-000174;y1022;5;***;*****,src-cambridge-hopkins,metadata_only_until_verified,needs_human_inscription_crosswalk_review,2026-06-21
obs-insc-cw-cand-000175,inscription_crosswalk_candidate,corpus/002_oracle-bone-inscriptions/002_000101-000200_obs-insc-cw-bucket_crosswalk-candidates/175_obs-insc-cw-cand-000175_cam-hopkins-cw-000175_crosswalk-candidate,cam-hopkins-cw-000175,cam-hopkins-crosswalk-000175;y1039;183;467;*****,src-cambridge-hopkins,metadata_only_until_verified,needs_human_inscription_crosswalk_review,2026-06-21
obs-insc-cw-cand-000176,inscription_crosswalk_candidate,corpus/002_oracle-bone-inscriptions/002_000101-000200_obs-insc-cw-bucket_crosswalk-candidates/176_obs-insc-cw-cand-000176_cam-hopkins-cw-000176_crosswalk-candidate,cam-hopkins-cw-000176,cam-hopkins-crosswalk-000176;y1042;6;***;*****,src-cambridge-hopkins,metadata_only_until_verified,needs_human_inscription_crosswalk_review,2026-06-21
obs-insc-cw-cand-000177,inscription_crosswalk_candidate,corpus/002_oracle-bone-inscriptions/002_000101-000200_obs-insc-cw-bucket_crosswalk-candidates/177_obs-insc-cw-cand-000177_cam-hopkins-cw-000177_crosswalk-candidate,cam-hopkins-cw-000177,cam-hopkins-crosswalk-000177;y1045;A6;***;*****,src-cambridge-hopkins,metadata_only_until_verified,needs_human_inscription_crosswalk_review,2026-06-21
obs-insc-cw-cand-000178,inscription_crosswalk_candidate,corpus/002_oracle-bone-inscriptions/002_000101-000200_obs-insc-cw-bucket_crosswalk-candidates/178_obs-insc-cw-cand-000178_cam-hopkins-cw-000178_crosswalk-candidate,cam-hopkins-cw-000178,cam-hopkins-crosswalk-000178;y1078;26;593;40329,src-cambridge-hopkins,metadata_only_until_verified,needs_human_inscription_crosswalk_review,2026-06-21
obs-insc-cw-cand-000179,inscription_crosswalk_candidate,corpus/002_oracle-bone-inscriptions/002_000101-000200_obs-insc-cw-bucket_crosswalk-candidates/179_obs-insc-cw-cand-000179_cam-hopkins-cw-000179_crosswalk-candidate,cam-hopkins-cw-000179,cam-hopkins-crosswalk-000179;y1080;25;654;40328,src-cambridge-hopkins,metadata_only_until_verified,needs_human_inscription_crosswalk_review,2026-06-21
obs-insc-cw-cand-000180,inscription_crosswalk_candidate,corpus/002_oracle-bone-inscriptions/002_000101-000200_obs-insc-cw-bucket_crosswalk-candidates/180_obs-insc-cw-cand-000180_cam-hopkins-cw-000180_crosswalk-candidate,cam-hopkins-cw-000180,cam-hopkins-crosswalk-000180;y1097;236;***;*****,src-cambridge-hopkins,metadata_only_until_verified,needs_human_inscription_crosswalk_review,2026-06-21
obs-insc-cw-cand-000181,inscription_crosswalk_candidate,corpus/002_oracle-bone-inscriptions/002_000101-000200_obs-insc-cw-bucket_crosswalk-candidates/181_obs-insc-cw-cand-000181_cam-hopkins-cw-000181_crosswalk-candidate,cam-hopkins-cw-000181,cam-hopkins-crosswalk-000181;y1105;150;611;40353,src-cambridge-hopkins,metadata_only_until_verified,needs_human_inscription_crosswalk_review,2026-06-21
obs-insc-cw-cand-000182,inscription_crosswalk_candidate,corpus/002_oracle-bone-inscriptions/002_000101-000200_obs-insc-cw-bucket_crosswalk-candidates/182_obs-insc-cw-cand-000182_cam-hopkins-cw-000182_crosswalk-candidate,cam-hopkins-cw-000182,cam-hopkins-crosswalk-000182;y1106;196;696;40352,src-cambridge-hopkins,metadata_only_until_verified,needs_human_inscription_crosswalk_review,2026-06-21
obs-insc-cw-cand-000183,inscription_crosswalk_candidate,corpus/002_oracle-bone-inscriptions/002_000101-000200_obs-insc-cw-bucket_crosswalk-candidates/183_obs-insc-cw-cand-000183_cam-hopkins-cw-000183_crosswalk-candidate,cam-hopkins-cw-000183,cam-hopkins-crosswalk-000183;y1116;143;636;40359,src-cambridge-hopkins,metadata_only_until_verified,needs_human_inscription_crosswalk_review,2026-06-21
obs-insc-cw-cand-000184,inscription_crosswalk_candidate,corpus/002_oracle-bone-inscriptions/002_000101-000200_obs-insc-cw-bucket_crosswalk-candidates/184_obs-insc-cw-cand-000184_cam-hopkins-cw-000184_crosswalk-candidate,cam-hopkins-cw-000184,cam-hopkins-crosswalk-000184;y1125;175;614;*****,src-cambridge-hopkins,metadata_only_until_verified,needs_human_inscription_crosswalk_review,2026-06-21
obs-insc-cw-cand-000185,inscription_crosswalk_candidate,corpus/002_oracle-bone-inscriptions/002_000101-000200_obs-insc-cw-bucket_crosswalk-candidates/185_obs-insc-cw-cand-000185_cam-hopkins-cw-000185_crosswalk-candidate,cam-hopkins-cw-000185,cam-hopkins-crosswalk-000185;y1133;153;496;39912,src-cambridge-hopkins,metadata_only_until_verified,needs_human_inscription_crosswalk_review,2026-06-21
obs-insc-cw-cand-000186,inscription_crosswalk_candidate,corpus/002_oracle-bone-inscriptions/002_000101-000200_obs-insc-cw-bucket_crosswalk-candidates/186_obs-insc-cw-cand-000186_cam-hopkins-cw-000186_crosswalk-candidate,cam-hopkins-cw-000186,cam-hopkins-crosswalk-000186;y1134;32;610;*****,src-cambridge-hopkins,metadata_only_until_verified,needs_human_inscription_crosswalk_review,2026-06-21
obs-insc-cw-cand-000187,inscription_crosswalk_candidate,corpus/002_oracle-bone-inscriptions/002_000101-000200_obs-insc-cw-bucket_crosswalk-candidates/187_obs-insc-cw-cand-000187_cam-hopkins-cw-000187_crosswalk-candidate,cam-hopkins-cw-000187,cam-hopkins-crosswalk-000187;y1149;12;461;*****,src-cambridge-hopkins,metadata_only_until_verified,needs_human_inscription_crosswalk_review,2026-06-21
obs-insc-cw-cand-000188,inscription_crosswalk_candidate,corpus/002_oracle-bone-inscriptions/002_000101-000200_obs-insc-cw-bucket_crosswalk-candidates/188_obs-insc-cw-cand-000188_cam-hopkins-cw-000188_crosswalk-candidate,cam-hopkins-cw-000188,cam-hopkins-crosswalk-000188;y1151;38;406;40417,src-cambridge-hopkins,metadata_only_until_verified,needs_human_inscription_crosswalk_review,2026-06-21
obs-insc-cw-cand-000189,inscription_crosswalk_candidate,corpus/002_oracle-bone-inscriptions/002_000101-000200_obs-insc-cw-bucket_crosswalk-candidates/189_obs-insc-cw-cand-000189_cam-hopkins-cw-000189_crosswalk-candidate,cam-hopkins-cw-000189,cam-hopkins-crosswalk-000189;y1152;132;595;40416,src-cambridge-hopkins,metadata_only_until_verified,needs_human_inscription_crosswalk_review,2026-06-21
obs-insc-cw-cand-000190,inscription_crosswalk_candidate,corpus/002_oracle-bone-inscriptions/002_000101-000200_obs-insc-cw-bucket_crosswalk-candidates/190_obs-insc-cw-cand-000190_cam-hopkins-cw-000190_crosswalk-candidate,cam-hopkins-cw-000190,cam-hopkins-crosswalk-000190;y1160;39;717;40112,src-cambridge-hopkins,metadata_only_until_verified,needs_human_inscription_crosswalk_review,2026-06-21
obs-insc-cw-cand-000191,inscription_crosswalk_candidate,corpus/002_oracle-bone-inscriptions/002_000101-000200_obs-insc-cw-bucket_crosswalk-candidates/191_obs-insc-cw-cand-000191_cam-hopkins-cw-000191_crosswalk-candidate,cam-hopkins-cw-000191,cam-hopkins-crosswalk-000191;y1164;63;352;*****,src-cambridge-hopkins,metadata_only_until_verified,needs_human_inscription_crosswalk_review,2026-06-21
obs-insc-cw-cand-000192,inscription_crosswalk_candidate,corpus/002_oracle-bone-inscriptions/002_000101-000200_obs-insc-cw-bucket_crosswalk-candidates/192_obs-insc-cw-cand-000192_cam-hopkins-cw-000192_crosswalk-candidate,cam-hopkins-cw-000192,cam-hopkins-crosswalk-000192;y1167;176;598;*****,src-cambridge-hopkins,metadata_only_until_verified,needs_human_inscription_crosswalk_review,2026-06-21
obs-insc-cw-cand-000193,inscription_crosswalk_candidate,corpus/002_oracle-bone-inscriptions/002_000101-000200_obs-insc-cw-bucket_crosswalk-candidates/193_obs-insc-cw-cand-000193_cam-hopkins-cw-000193_crosswalk-candidate,cam-hopkins-cw-000193,cam-hopkins-crosswalk-000193;y1170;42;662;39503,src-cambridge-hopkins,metadata_only_until_verified,needs_human_inscription_crosswalk_review,2026-06-21
obs-insc-cw-cand-000194,inscription_crosswalk_candidate,corpus/002_oracle-bone-inscriptions/002_000101-000200_obs-insc-cw-bucket_crosswalk-candidates/194_obs-insc-cw-cand-000194_cam-hopkins-cw-000194_crosswalk-candidate,cam-hopkins-cw-000194,cam-hopkins-crosswalk-000194;y1172;88;405;40441,src-cambridge-hopkins,metadata_only_until_verified,needs_human_inscription_crosswalk_review,2026-06-21
obs-insc-cw-cand-000195,inscription_crosswalk_candidate,corpus/002_oracle-bone-inscriptions/002_000101-000200_obs-insc-cw-bucket_crosswalk-candidates/195_obs-insc-cw-cand-000195_cam-hopkins-cw-000195_crosswalk-candidate,cam-hopkins-cw-000195,cam-hopkins-crosswalk-000195;y1173;37;624;40435,src-cambridge-hopkins,metadata_only_until_verified,needs_human_inscription_crosswalk_review,2026-06-21
obs-insc-cw-cand-000196,inscription_crosswalk_candidate,corpus/002_oracle-bone-inscriptions/002_000101-000200_obs-insc-cw-bucket_crosswalk-candidates/196_obs-insc-cw-cand-000196_cam-hopkins-cw-000196_crosswalk-candidate,cam-hopkins-cw-000196,cam-hopkins-crosswalk-000196;y1175;51;623;40430,src-cambridge-hopkins,metadata_only_until_verified,needs_human_inscription_crosswalk_review,2026-06-21
obs-insc-cw-cand-000197,inscription_crosswalk_candidate,corpus/002_oracle-bone-inscriptions/002_000101-000200_obs-insc-cw-bucket_crosswalk-candidates/197_obs-insc-cw-cand-000197_cam-hopkins-cw-000197_crosswalk-candidate,cam-hopkins-cw-000197,cam-hopkins-crosswalk-000197;y1177;242;449;40437,src-cambridge-hopkins,metadata_only_until_verified,needs_human_inscription_crosswalk_review,2026-06-21
obs-insc-cw-cand-000198,inscription_crosswalk_candidate,corpus/002_oracle-bone-inscriptions/002_000101-000200_obs-insc-cw-bucket_crosswalk-candidates/198_obs-insc-cw-cand-000198_cam-hopkins-cw-000198_crosswalk-candidate,cam-hopkins-cw-000198,cam-hopkins-crosswalk-000198;y1178;49;686;41833,src-cambridge-hopkins,metadata_only_until_verified,needs_human_inscription_crosswalk_review,2026-06-21
obs-insc-cw-cand-000199,inscription_crosswalk_candidate,corpus/002_oracle-bone-inscriptions/002_000101-000200_obs-insc-cw-bucket_crosswalk-candidates/199_obs-insc-cw-cand-000199_cam-hopkins-cw-000199_crosswalk-candidate,cam-hopkins-cw-000199,cam-hopkins-crosswalk-000199;y1179;95;525;39873,src-cambridge-hopkins,metadata_only_until_verified,needs_human_inscription_crosswalk_review,2026-06-21
obs-insc-cw-cand-000200,inscription_crosswalk_candidate,corpus/002_oracle-bone-inscriptions/002_000101-000200_obs-insc-cw-bucket_crosswalk-candidates/200_obs-insc-cw-cand-000200_cam-hopkins-cw-000200_crosswalk-candidate,cam-hopkins-cw-000200,cam-hopkins-crosswalk-000200;y1180;41;664;40438,src-cambridge-hopkins,metadata_only_until_verified,needs_human_inscription_crosswalk_review,2026-06-21
obs-insc-cw-cand-000201,inscription_crosswalk_candidate,corpus/002_oracle-bone-inscriptions/003_000201-000300_obs-insc-cw-bucket_crosswalk-candidates/201_obs-insc-cw-cand-000201_cam-hopkins-cw-000201_crosswalk-candidate,cam-hopkins-cw-000201,cam-hopkins-crosswalk-000201;y1181;50;640;*****,src-cambridge-hopkins,metadata_only_until_verified,needs_human_inscription_crosswalk_review,2026-06-21
obs-insc-cw-cand-000202,inscription_crosswalk_candidate,corpus/002_oracle-bone-inscriptions/003_000201-000300_obs-insc-cw-bucket_crosswalk-candidates/202_obs-insc-cw-cand-000202_cam-hopkins-cw-000202_crosswalk-candidate,cam-hopkins-cw-000202,cam-hopkins-crosswalk-000202;y1187;122;501;39716,src-cambridge-hopkins,metadata_only_until_verified,needs_human_inscription_crosswalk_review,2026-06-21
obs-insc-cw-cand-000203,inscription_crosswalk_candidate,corpus/002_oracle-bone-inscriptions/003_000201-000300_obs-insc-cw-bucket_crosswalk-candidates/203_obs-insc-cw-cand-000203_cam-hopkins-cw-000203_crosswalk-candidate,cam-hopkins-cw-000203,cam-hopkins-crosswalk-000203;y1194;67;641;39533,src-cambridge-hopkins,metadata_only_until_verified,needs_human_inscription_crosswalk_review,2026-06-21
obs-insc-cw-cand-000204,inscription_crosswalk_candidate,corpus/002_oracle-bone-inscriptions/003_000201-000300_obs-insc-cw-bucket_crosswalk-candidates/204_obs-insc-cw-cand-000204_cam-hopkins-cw-000204_crosswalk-candidate,cam-hopkins-cw-000204,cam-hopkins-crosswalk-000204;y1197;61;632;40451,src-cambridge-hopkins,metadata_only_until_verified,needs_human_inscription_crosswalk_review,2026-06-21
obs-insc-cw-cand-000205,inscription_crosswalk_candidate,corpus/002_oracle-bone-inscriptions/003_000201-000300_obs-insc-cw-bucket_crosswalk-candidates/205_obs-insc-cw-cand-000205_cam-hopkins-cw-000205_crosswalk-candidate,cam-hopkins-cw-000205,cam-hopkins-crosswalk-000205;y1198;187;617;*****,src-cambridge-hopkins,metadata_only_until_verified,needs_human_inscription_crosswalk_review,2026-06-21
obs-insc-cw-cand-000206,inscription_crosswalk_candidate,corpus/002_oracle-bone-inscriptions/003_000201-000300_obs-insc-cw-bucket_crosswalk-candidates/206_obs-insc-cw-cand-000206_cam-hopkins-cw-000206_crosswalk-candidate,cam-hopkins-cw-000206,cam-hopkins-crosswalk-000206;y1204;62;560;*****,src-cambridge-hopkins,metadata_only_until_verified,needs_human_inscription_crosswalk_review,2026-06-21
obs-insc-cw-cand-000207,inscription_crosswalk_candidate,corpus/002_oracle-bone-inscriptions/003_000201-000300_obs-insc-cw-bucket_crosswalk-candidates/207_obs-insc-cw-cand-000207_cam-hopkins-cw-000207_crosswalk-candidate,cam-hopkins-cw-000207,cam-hopkins-crosswalk-000207;y1209;81;734;40452,src-cambridge-hopkins,metadata_only_until_verified,needs_human_inscription_crosswalk_review,2026-06-21
obs-insc-cw-cand-000208,inscription_crosswalk_candidate,corpus/002_oracle-bone-inscriptions/003_000201-000300_obs-insc-cw-bucket_crosswalk-candidates/208_obs-insc-cw-cand-000208_cam-hopkins-cw-000208_crosswalk-candidate,cam-hopkins-cw-000208,cam-hopkins-crosswalk-000208;y1211;482;47;*****,src-cambridge-hopkins,metadata_only_until_verified,needs_human_inscription_crosswalk_review,2026-06-21
obs-insc-cw-cand-000209,inscription_crosswalk_candidate,corpus/002_oracle-bone-inscriptions/003_000201-000300_obs-insc-cw-bucket_crosswalk-candidates/209_obs-insc-cw-cand-000209_cam-hopkins-cw-000209_crosswalk-candidate,cam-hopkins-cw-000209,cam-hopkins-crosswalk-000209;y1228;78;362;*****,src-cambridge-hopkins,metadata_only_until_verified,needs_human_inscription_crosswalk_review,2026-06-21
obs-insc-cw-cand-000210,inscription_crosswalk_candidate,corpus/002_oracle-bone-inscriptions/003_000201-000300_obs-insc-cw-bucket_crosswalk-candidates/210_obs-insc-cw-cand-000210_cam-hopkins-cw-000210_crosswalk-candidate,cam-hopkins-cw-000210,cam-hopkins-crosswalk-000210;y1235;84;***;*****,src-cambridge-hopkins,metadata_only_until_verified,needs_human_inscription_crosswalk_review,2026-06-21
obs-insc-cw-cand-000211,inscription_crosswalk_candidate,corpus/002_oracle-bone-inscriptions/003_000201-000300_obs-insc-cw-bucket_crosswalk-candidates/211_obs-insc-cw-cand-000211_cam-hopkins-cw-000211_crosswalk-candidate,cam-hopkins-cw-000211,cam-hopkins-crosswalk-000211;y1239;77;515;40447,src-cambridge-hopkins,metadata_only_until_verified,needs_human_inscription_crosswalk_review,2026-06-21
obs-insc-cw-cand-000212,inscription_crosswalk_candidate,corpus/002_oracle-bone-inscriptions/003_000201-000300_obs-insc-cw-bucket_crosswalk-candidates/212_obs-insc-cw-cand-000212_cam-hopkins-cw-000212_crosswalk-candidate,cam-hopkins-cw-000212,cam-hopkins-crosswalk-000212;y1241;182;456;40450,src-cambridge-hopkins,metadata_only_until_verified,needs_human_inscription_crosswalk_review,2026-06-21
obs-insc-cw-cand-000213,inscription_crosswalk_candidate,corpus/002_oracle-bone-inscriptions/003_000201-000300_obs-insc-cw-bucket_crosswalk-candidates/213_obs-insc-cw-cand-000213_cam-hopkins-cw-000213_crosswalk-candidate,cam-hopkins-cw-000213,cam-hopkins-crosswalk-000213;y1245;A13;***;*****,src-cambridge-hopkins,metadata_only_until_verified,needs_human_inscription_crosswalk_review,2026-06-21
obs-insc-cw-cand-000214,inscription_crosswalk_candidate,corpus/002_oracle-bone-inscriptions/003_000201-000300_obs-insc-cw-bucket_crosswalk-candidates/214_obs-insc-cw-cand-000214_cam-hopkins-cw-000214_crosswalk-candidate,cam-hopkins-cw-000214,cam-hopkins-crosswalk-000214;y1249;85;***;*****,src-cambridge-hopkins,metadata_only_until_verified,needs_human_inscription_crosswalk_review,2026-06-21
obs-insc-cw-cand-000215,inscription_crosswalk_candidate,corpus/002_oracle-bone-inscriptions/003_000201-000300_obs-insc-cw-bucket_crosswalk-candidates/215_obs-insc-cw-cand-000215_cam-hopkins-cw-000215_crosswalk-candidate,cam-hopkins-cw-000215,cam-hopkins-crosswalk-000215;y1254;220;390;*****,src-cambridge-hopkins,metadata_only_until_verified,needs_human_inscription_crosswalk_review,2026-06-21
obs-insc-cw-cand-000216,inscription_crosswalk_candidate,corpus/002_oracle-bone-inscriptions/003_000201-000300_obs-insc-cw-bucket_crosswalk-candidates/216_obs-insc-cw-cand-000216_cam-hopkins-cw-000216_crosswalk-candidate,cam-hopkins-cw-000216,cam-hopkins-crosswalk-000216;y1256;46;670;40507,src-cambridge-hopkins,metadata_only_until_verified,needs_human_inscription_crosswalk_review,2026-06-21
obs-insc-cw-cand-000217,inscription_crosswalk_candidate,corpus/002_oracle-bone-inscriptions/003_000201-000300_obs-insc-cw-bucket_crosswalk-candidates/217_obs-insc-cw-cand-000217_cam-hopkins-cw-000217_crosswalk-candidate,cam-hopkins-cw-000217,cam-hopkins-crosswalk-000217;y1276;76;490;40521,src-cambridge-hopkins,metadata_only_until_verified,needs_human_inscription_crosswalk_review,2026-06-21
obs-insc-cw-cand-000218,inscription_crosswalk_candidate,corpus/002_oracle-bone-inscriptions/003_000201-000300_obs-insc-cw-bucket_crosswalk-candidates/218_obs-insc-cw-cand-000218_cam-hopkins-cw-000218_crosswalk-candidate,cam-hopkins-cw-000218,cam-hopkins-crosswalk-000218;y1282;22;502;40525,src-cambridge-hopkins,metadata_only_until_verified,needs_human_inscription_crosswalk_review,2026-06-21
obs-insc-cw-cand-000219,inscription_crosswalk_candidate,corpus/002_oracle-bone-inscriptions/003_000201-000300_obs-insc-cw-bucket_crosswalk-candidates/219_obs-insc-cw-cand-000219_cam-hopkins-cw-000219_crosswalk-candidate,cam-hopkins-cw-000219,cam-hopkins-crosswalk-000219;y1288;80;472;40550,src-cambridge-hopkins,metadata_only_until_verified,needs_human_inscription_crosswalk_review,2026-06-21
obs-insc-cw-cand-000220,inscription_crosswalk_candidate,corpus/002_oracle-bone-inscriptions/003_000201-000300_obs-insc-cw-bucket_crosswalk-candidates/220_obs-insc-cw-cand-000220_cam-hopkins-cw-000220_crosswalk-candidate,cam-hopkins-cw-000220,cam-hopkins-crosswalk-000220;y1289;195;***;*****,src-cambridge-hopkins,metadata_only_until_verified,needs_human_inscription_crosswalk_review,2026-06-21
obs-insc-cw-cand-000221,inscription_crosswalk_candidate,corpus/002_oracle-bone-inscriptions/003_000201-000300_obs-insc-cw-bucket_crosswalk-candidates/221_obs-insc-cw-cand-000221_cam-hopkins-cw-000221_crosswalk-candidate,cam-hopkins-cw-000221,cam-hopkins-crosswalk-000221;y1293;454;731;40541,src-cambridge-hopkins,metadata_only_until_verified,needs_human_inscription_crosswalk_review,2026-06-21
obs-insc-cw-cand-000222,inscription_crosswalk_candidate,corpus/002_oracle-bone-inscriptions/003_000201-000300_obs-insc-cw-bucket_crosswalk-candidates/222_obs-insc-cw-cand-000222_cam-hopkins-cw-000222_crosswalk-candidate,cam-hopkins-cw-000222,cam-hopkins-crosswalk-000222;y1300;254;571;*****,src-cambridge-hopkins,metadata_only_until_verified,needs_human_inscription_crosswalk_review,2026-06-21
obs-insc-cw-cand-000223,inscription_crosswalk_candidate,corpus/002_oracle-bone-inscriptions/003_000201-000300_obs-insc-cw-bucket_crosswalk-candidates/223_obs-insc-cw-cand-000223_cam-hopkins-cw-000223_crosswalk-candidate,cam-hopkins-cw-000223,cam-hopkins-crosswalk-000223;y1305;532;***;*****,src-cambridge-hopkins,metadata_only_until_verified,needs_human_inscription_crosswalk_review,2026-06-21
obs-insc-cw-cand-000224,inscription_crosswalk_candidate,corpus/002_oracle-bone-inscriptions/003_000201-000300_obs-insc-cw-bucket_crosswalk-candidates/224_obs-insc-cw-cand-000224_cam-hopkins-cw-000224_crosswalk-candidate,cam-hopkins-cw-000224,cam-hopkins-crosswalk-000224;y1309;310;***;*****,src-cambridge-hopkins,metadata_only_until_verified,needs_human_inscription_crosswalk_review,2026-06-21
obs-insc-cw-cand-000225,inscription_crosswalk_candidate,corpus/002_oracle-bone-inscriptions/003_000201-000300_obs-insc-cw-bucket_crosswalk-candidates/225_obs-insc-cw-cand-000225_cam-hopkins-cw-000225_crosswalk-candidate,cam-hopkins-cw-000225,cam-hopkins-crosswalk-000225;y1313;274;554;*****,src-cambridge-hopkins,metadata_only_until_verified,needs_human_inscription_crosswalk_review,2026-06-21
obs-insc-cw-cand-000226,inscription_crosswalk_candidate,corpus/002_oracle-bone-inscriptions/003_000201-000300_obs-insc-cw-bucket_crosswalk-candidates/226_obs-insc-cw-cand-000226_cam-hopkins-cw-000226_crosswalk-candidate,cam-hopkins-cw-000226,cam-hopkins-crosswalk-000226;y1314;213;629;*****,src-cambridge-hopkins,metadata_only_until_verified,needs_human_inscription_crosswalk_review,2026-06-21
obs-insc-cw-cand-000227,inscription_crosswalk_candidate,corpus/002_oracle-bone-inscriptions/003_000201-000300_obs-insc-cw-bucket_crosswalk-candidates/227_obs-insc-cw-cand-000227_cam-hopkins-cw-000227_crosswalk-candidate,cam-hopkins-cw-000227,cam-hopkins-crosswalk-000227;y1323;219;***;*****,src-cambridge-hopkins,metadata_only_until_verified,needs_human_inscription_crosswalk_review,2026-06-21
obs-insc-cw-cand-000228,inscription_crosswalk_candidate,corpus/002_oracle-bone-inscriptions/003_000201-000300_obs-insc-cw-bucket_crosswalk-candidates/228_obs-insc-cw-cand-000228_cam-hopkins-cw-000228_crosswalk-candidate,cam-hopkins-cw-000228,cam-hopkins-crosswalk-000228;y1327;226;***;*****,src-cambridge-hopkins,metadata_only_until_verified,needs_human_inscription_crosswalk_review,2026-06-21
obs-insc-cw-cand-000229,inscription_crosswalk_candidate,corpus/002_oracle-bone-inscriptions/003_000201-000300_obs-insc-cw-bucket_crosswalk-candidates/229_obs-insc-cw-cand-000229_cam-hopkins-cw-000229_crosswalk-candidate,cam-hopkins-cw-000229,cam-hopkins-crosswalk-000229;y1357;309;***;*****,src-cambridge-hopkins,metadata_only_until_verified,needs_human_inscription_crosswalk_review,2026-06-21
obs-insc-cw-cand-000230,inscription_crosswalk_candidate,corpus/002_oracle-bone-inscriptions/003_000201-000300_obs-insc-cw-bucket_crosswalk-candidates/230_obs-insc-cw-cand-000230_cam-hopkins-cw-000230_crosswalk-candidate,cam-hopkins-cw-000230,cam-hopkins-crosswalk-000230;y1369;229;***;*****,src-cambridge-hopkins,metadata_only_until_verified,needs_human_inscription_crosswalk_review,2026-06-21
obs-insc-cw-cand-000231,inscription_crosswalk_candidate,corpus/002_oracle-bone-inscriptions/003_000201-000300_obs-insc-cw-bucket_crosswalk-candidates/231_obs-insc-cw-cand-000231_cam-hopkins-cw-000231_crosswalk-candidate,cam-hopkins-cw-000231,cam-hopkins-crosswalk-000231;y1380;230;***;*****,src-cambridge-hopkins,metadata_only_until_verified,needs_human_inscription_crosswalk_review,2026-06-21
obs-insc-cw-cand-000232,inscription_crosswalk_candidate,corpus/002_oracle-bone-inscriptions/003_000201-000300_obs-insc-cw-bucket_crosswalk-candidates/232_obs-insc-cw-cand-000232_cam-hopkins-cw-000232_crosswalk-candidate,cam-hopkins-cw-000232,cam-hopkins-crosswalk-000232;y1406;222;***;*****,src-cambridge-hopkins,metadata_only_until_verified,needs_human_inscription_crosswalk_review,2026-06-21
obs-insc-cw-cand-000233,inscription_crosswalk_candidate,corpus/002_oracle-bone-inscriptions/003_000201-000300_obs-insc-cw-bucket_crosswalk-candidates/233_obs-insc-cw-cand-000233_cam-hopkins-cw-000233_crosswalk-candidate,cam-hopkins-cw-000233,cam-hopkins-crosswalk-000233;y1408;507;***;*****,src-cambridge-hopkins,metadata_only_until_verified,needs_human_inscription_crosswalk_review,2026-06-21
obs-insc-cw-cand-000234,inscription_crosswalk_candidate,corpus/002_oracle-bone-inscriptions/003_000201-000300_obs-insc-cw-bucket_crosswalk-candidates/234_obs-insc-cw-cand-000234_cam-hopkins-cw-000234_crosswalk-candidate,cam-hopkins-cw-000234,cam-hopkins-crosswalk-000234;y1448;188;***;*****,src-cambridge-hopkins,metadata_only_until_verified,needs_human_inscription_crosswalk_review,2026-06-21
obs-insc-cw-cand-000235,inscription_crosswalk_candidate,corpus/002_oracle-bone-inscriptions/003_000201-000300_obs-insc-cw-bucket_crosswalk-candidates/235_obs-insc-cw-cand-000235_cam-hopkins-cw-000235_crosswalk-candidate,cam-hopkins-cw-000235,cam-hopkins-crosswalk-000235;y1460;194;***;*****,src-cambridge-hopkins,metadata_only_until_verified,needs_human_inscription_crosswalk_review,2026-06-21
obs-insc-cw-cand-000236,inscription_crosswalk_candidate,corpus/002_oracle-bone-inscriptions/003_000201-000300_obs-insc-cw-bucket_crosswalk-candidates/236_obs-insc-cw-cand-000236_cam-hopkins-cw-000236_crosswalk-candidate,cam-hopkins-cw-000236,cam-hopkins-crosswalk-000236;y1482;191;81;*****,src-cambridge-hopkins,metadata_only_until_verified,needs_human_inscription_crosswalk_review,2026-06-21
obs-insc-cw-cand-000237,inscription_crosswalk_candidate,corpus/002_oracle-bone-inscriptions/003_000201-000300_obs-insc-cw-bucket_crosswalk-candidates/237_obs-insc-cw-cand-000237_cam-hopkins-cw-000237_crosswalk-candidate,cam-hopkins-cw-000237,cam-hopkins-crosswalk-000237;y1494;186;395;*****,src-cambridge-hopkins,metadata_only_until_verified,needs_human_inscription_crosswalk_review,2026-06-21
obs-insc-cw-cand-000238,inscription_crosswalk_candidate,corpus/002_oracle-bone-inscriptions/003_000201-000300_obs-insc-cw-bucket_crosswalk-candidates/238_obs-insc-cw-cand-000238_cam-hopkins-cw-000238_crosswalk-candidate,cam-hopkins-cw-000238,cam-hopkins-crosswalk-000238;y1495;189;634;*****,src-cambridge-hopkins,metadata_only_until_verified,needs_human_inscription_crosswalk_review,2026-06-21
obs-insc-cw-cand-000239,inscription_crosswalk_candidate,corpus/002_oracle-bone-inscriptions/003_000201-000300_obs-insc-cw-bucket_crosswalk-candidates/239_obs-insc-cw-cand-000239_cam-hopkins-cw-000239_crosswalk-candidate,cam-hopkins-cw-000239,cam-hopkins-crosswalk-000239;y1499;190;***;*****,src-cambridge-hopkins,metadata_only_until_verified,needs_human_inscription_crosswalk_review,2026-06-21
obs-insc-cw-cand-000240,inscription_crosswalk_candidate,corpus/002_oracle-bone-inscriptions/003_000201-000300_obs-insc-cw-bucket_crosswalk-candidates/240_obs-insc-cw-cand-000240_cam-hopkins-cw-000240_crosswalk-candidate,cam-hopkins-cw-000240,cam-hopkins-crosswalk-000240;y1553;181;***;*****,src-cambridge-hopkins,metadata_only_until_verified,needs_human_inscription_crosswalk_review,2026-06-21
obs-insc-cw-cand-000241,inscription_crosswalk_candidate,corpus/002_oracle-bone-inscriptions/003_000201-000300_obs-insc-cw-bucket_crosswalk-candidates/241_obs-insc-cw-cand-000241_cam-hopkins-cw-000241_crosswalk-candidate,cam-hopkins-cw-000241,cam-hopkins-crosswalk-000241;y1564;179;***;*****,src-cambridge-hopkins,metadata_only_until_verified,needs_human_inscription_crosswalk_review,2026-06-21
obs-insc-cw-cand-000242,inscription_crosswalk_candidate,corpus/002_oracle-bone-inscriptions/003_000201-000300_obs-insc-cw-bucket_crosswalk-candidates/242_obs-insc-cw-cand-000242_cam-hopkins-cw-000242_crosswalk-candidate,cam-hopkins-cw-000242,cam-hopkins-crosswalk-000242;y1581;289;73;*****,src-cambridge-hopkins,metadata_only_until_verified,needs_human_inscription_crosswalk_review,2026-06-21
obs-insc-cw-cand-000243,inscription_crosswalk_candidate,corpus/002_oracle-bone-inscriptions/003_000201-000300_obs-insc-cw-bucket_crosswalk-candidates/243_obs-insc-cw-cand-000243_cam-hopkins-cw-000243_crosswalk-candidate,cam-hopkins-cw-000243,cam-hopkins-crosswalk-000243;y1589;44;658;*****,src-cambridge-hopkins,metadata_only_until_verified,needs_human_inscription_crosswalk_review,2026-06-21
obs-insc-cw-cand-000244,inscription_crosswalk_candidate,corpus/002_oracle-bone-inscriptions/003_000201-000300_obs-insc-cw-bucket_crosswalk-candidates/244_obs-insc-cw-cand-000244_cam-hopkins-cw-000244_crosswalk-candidate,cam-hopkins-cw-000244,cam-hopkins-crosswalk-000244;y1590;167;633;*****,src-cambridge-hopkins,metadata_only_until_verified,needs_human_inscription_crosswalk_review,2026-06-21
obs-insc-cw-cand-000245,inscription_crosswalk_candidate,corpus/002_oracle-bone-inscriptions/003_000201-000300_obs-insc-cw-bucket_crosswalk-candidates/245_obs-insc-cw-cand-000245_cam-hopkins-cw-000245_crosswalk-candidate,cam-hopkins-cw-000245,cam-hopkins-crosswalk-000245;y1591;172;619;*****,src-cambridge-hopkins,metadata_only_until_verified,needs_human_inscription_crosswalk_review,2026-06-21
obs-insc-cw-cand-000246,inscription_crosswalk_candidate,corpus/002_oracle-bone-inscriptions/003_000201-000300_obs-insc-cw-bucket_crosswalk-candidates/246_obs-insc-cw-cand-000246_cam-hopkins-cw-000246_crosswalk-candidate,cam-hopkins-cw-000246,cam-hopkins-crosswalk-000246;y1593;169;***;*****,src-cambridge-hopkins,metadata_only_until_verified,needs_human_inscription_crosswalk_review,2026-06-21
obs-insc-cw-cand-000247,inscription_crosswalk_candidate,corpus/002_oracle-bone-inscriptions/003_000201-000300_obs-insc-cw-bucket_crosswalk-candidates/247_obs-insc-cw-cand-000247_cam-hopkins-cw-000247_crosswalk-candidate,cam-hopkins-cw-000247,cam-hopkins-crosswalk-000247;y1594;171;733;40742,src-cambridge-hopkins,metadata_only_until_verified,needs_human_inscription_crosswalk_review,2026-06-21
obs-insc-cw-cand-000248,inscription_crosswalk_candidate,corpus/002_oracle-bone-inscriptions/003_000201-000300_obs-insc-cw-bucket_crosswalk-candidates/248_obs-insc-cw-cand-000248_cam-hopkins-cw-000248_crosswalk-candidate,cam-hopkins-cw-000248,cam-hopkins-crosswalk-000248;y1595;170;570;40599,src-cambridge-hopkins,metadata_only_until_verified,needs_human_inscription_crosswalk_review,2026-06-21
obs-insc-cw-cand-000249,inscription_crosswalk_candidate,corpus/002_oracle-bone-inscriptions/003_000201-000300_obs-insc-cw-bucket_crosswalk-candidates/249_obs-insc-cw-cand-000249_cam-hopkins-cw-000249_crosswalk-candidate,cam-hopkins-cw-000249,cam-hopkins-crosswalk-000249;y1596;166;***;39865,src-cambridge-hopkins,metadata_only_until_verified,needs_human_inscription_crosswalk_review,2026-06-21
obs-insc-cw-cand-000250,inscription_crosswalk_candidate,corpus/002_oracle-bone-inscriptions/003_000201-000300_obs-insc-cw-bucket_crosswalk-candidates/250_obs-insc-cw-cand-000250_cam-hopkins-cw-000250_crosswalk-candidate,cam-hopkins-cw-000250,cam-hopkins-crosswalk-000250;y1599;250;***;*****,src-cambridge-hopkins,metadata_only_until_verified,needs_human_inscription_crosswalk_review,2026-06-21
obs-insc-cw-cand-000251,inscription_crosswalk_candidate,corpus/002_oracle-bone-inscriptions/003_000201-000300_obs-insc-cw-bucket_crosswalk-candidates/251_obs-insc-cw-cand-000251_cam-hopkins-cw-000251_crosswalk-candidate,cam-hopkins-cw-000251,cam-hopkins-crosswalk-000251;y1609;152;387;40354,src-cambridge-hopkins,metadata_only_until_verified,needs_human_inscription_crosswalk_review,2026-06-21
obs-insc-cw-cand-000252,inscription_crosswalk_candidate,corpus/002_oracle-bone-inscriptions/003_000201-000300_obs-insc-cw-bucket_crosswalk-candidates/252_obs-insc-cw-cand-000252_cam-hopkins-cw-000252_crosswalk-candidate,cam-hopkins-cw-000252,cam-hopkins-crosswalk-000252;y1616;83;741;40638,src-cambridge-hopkins,metadata_only_until_verified,needs_human_inscription_crosswalk_review,2026-06-21
obs-insc-cw-cand-000253,inscription_crosswalk_candidate,corpus/002_oracle-bone-inscriptions/003_000201-000300_obs-insc-cw-bucket_crosswalk-candidates/253_obs-insc-cw-cand-000253_cam-hopkins-cw-000253_crosswalk-candidate,cam-hopkins-cw-000253,cam-hopkins-crosswalk-000253;y1637;A5;***;*****,src-cambridge-hopkins,metadata_only_until_verified,needs_human_inscription_crosswalk_review,2026-06-21
obs-insc-cw-cand-000254,inscription_crosswalk_candidate,corpus/002_oracle-bone-inscriptions/003_000201-000300_obs-insc-cw-bucket_crosswalk-candidates/254_obs-insc-cw-cand-000254_cam-hopkins-cw-000254_crosswalk-candidate,cam-hopkins-cw-000254,cam-hopkins-crosswalk-000254;y1651;490;***;*****,src-cambridge-hopkins,metadata_only_until_verified,needs_human_inscription_crosswalk_review,2026-06-21
obs-insc-cw-cand-000255,inscription_crosswalk_candidate,corpus/002_oracle-bone-inscriptions/003_000201-000300_obs-insc-cw-bucket_crosswalk-candidates/255_obs-insc-cw-cand-000255_cam-hopkins-cw-000255_crosswalk-candidate,cam-hopkins-cw-000255,cam-hopkins-crosswalk-000255;y1673;317;***;*****,src-cambridge-hopkins,metadata_only_until_verified,needs_human_inscription_crosswalk_review,2026-06-21
obs-insc-cw-cand-000256,inscription_crosswalk_candidate,corpus/002_oracle-bone-inscriptions/003_000201-000300_obs-insc-cw-bucket_crosswalk-candidates/256_obs-insc-cw-cand-000256_cam-hopkins-cw-000256_crosswalk-candidate,cam-hopkins-cw-000256,cam-hopkins-crosswalk-000256;y1707;212;591;40483,src-cambridge-hopkins,metadata_only_until_verified,needs_human_inscription_crosswalk_review,2026-06-21
obs-insc-cw-cand-000257,inscription_crosswalk_candidate,corpus/002_oracle-bone-inscriptions/003_000201-000300_obs-insc-cw-bucket_crosswalk-candidates/257_obs-insc-cw-cand-000257_cam-hopkins-cw-000257_crosswalk-candidate,cam-hopkins-cw-000257,cam-hopkins-crosswalk-000257;y1715;232;***;*****,src-cambridge-hopkins,metadata_only_until_verified,needs_human_inscription_crosswalk_review,2026-06-21
obs-insc-cw-cand-000258,inscription_crosswalk_candidate,corpus/002_oracle-bone-inscriptions/003_000201-000300_obs-insc-cw-bucket_crosswalk-candidates/258_obs-insc-cw-cand-000258_cam-hopkins-cw-000258_crosswalk-candidate,cam-hopkins-cw-000258,cam-hopkins-crosswalk-000258;y1738;A1;***;*****,src-cambridge-hopkins,metadata_only_until_verified,needs_human_inscription_crosswalk_review,2026-06-21
obs-insc-cw-cand-000259,inscription_crosswalk_candidate,corpus/002_oracle-bone-inscriptions/003_000201-000300_obs-insc-cw-bucket_crosswalk-candidates/259_obs-insc-cw-cand-000259_cam-hopkins-cw-000259_crosswalk-candidate,cam-hopkins-cw-000259,cam-hopkins-crosswalk-000259;y1751;***;***;*****,src-cambridge-hopkins,metadata_only_until_verified,needs_human_inscription_crosswalk_review,2026-06-21
obs-insc-cw-cand-000260,inscription_crosswalk_candidate,corpus/002_oracle-bone-inscriptions/003_000201-000300_obs-insc-cw-bucket_crosswalk-candidates/260_obs-insc-cw-cand-000260_cam-hopkins-cw-000260_crosswalk-candidate,cam-hopkins-cw-000260,cam-hopkins-crosswalk-000260;y1752;522;***;*****,src-cambridge-hopkins,metadata_only_until_verified,needs_human_inscription_crosswalk_review,2026-06-21
obs-insc-cw-cand-000261,inscription_crosswalk_candidate,corpus/002_oracle-bone-inscriptions/003_000201-000300_obs-insc-cw-bucket_crosswalk-candidates/261_obs-insc-cw-cand-000261_cam-hopkins-cw-000261_crosswalk-candidate,cam-hopkins-cw-000261,cam-hopkins-crosswalk-000261;y1756;A10;***;*****,src-cambridge-hopkins,metadata_only_until_verified,needs_human_inscription_crosswalk_review,2026-06-21
obs-insc-cw-cand-000262,inscription_crosswalk_candidate,corpus/002_oracle-bone-inscriptions/003_000201-000300_obs-insc-cw-bucket_crosswalk-candidates/262_obs-insc-cw-cand-000262_cam-hopkins-cw-000262_crosswalk-candidate,cam-hopkins-cw-000262,cam-hopkins-crosswalk-000262;y1757;13;523;39554,src-cambridge-hopkins,metadata_only_until_verified,needs_human_inscription_crosswalk_review,2026-06-21
obs-insc-cw-cand-000263,inscription_crosswalk_candidate,corpus/002_oracle-bone-inscriptions/003_000201-000300_obs-insc-cw-bucket_crosswalk-candidates/263_obs-insc-cw-cand-000263_cam-hopkins-cw-000263_crosswalk-candidate,cam-hopkins-cw-000263,cam-hopkins-crosswalk-000263;y1765;60;357;40853,src-cambridge-hopkins,metadata_only_until_verified,needs_human_inscription_crosswalk_review,2026-06-21
obs-insc-cw-cand-000264,inscription_crosswalk_candidate,corpus/002_oracle-bone-inscriptions/003_000201-000300_obs-insc-cw-bucket_crosswalk-candidates/264_obs-insc-cw-cand-000264_cam-hopkins-cw-000264_crosswalk-candidate,cam-hopkins-cw-000264,cam-hopkins-crosswalk-000264;y1767;571;415;40830,src-cambridge-hopkins,metadata_only_until_verified,needs_human_inscription_crosswalk_review,2026-06-21
obs-insc-cw-cand-000265,inscription_crosswalk_candidate,corpus/002_oracle-bone-inscriptions/003_000201-000300_obs-insc-cw-bucket_crosswalk-candidates/265_obs-insc-cw-cand-000265_cam-hopkins-cw-000265_crosswalk-candidate,cam-hopkins-cw-000265,cam-hopkins-crosswalk-000265;y1770;552;738;*****,src-cambridge-hopkins,metadata_only_until_verified,needs_human_inscription_crosswalk_review,2026-06-21
obs-insc-cw-cand-000266,inscription_crosswalk_candidate,corpus/002_oracle-bone-inscriptions/003_000201-000300_obs-insc-cw-bucket_crosswalk-candidates/266_obs-insc-cw-cand-000266_cam-hopkins-cw-000266_crosswalk-candidate,cam-hopkins-cw-000266,cam-hopkins-crosswalk-000266;y1777;544;620;40896,src-cambridge-hopkins,metadata_only_until_verified,needs_human_inscription_crosswalk_review,2026-06-21
obs-insc-cw-cand-000267,inscription_crosswalk_candidate,corpus/002_oracle-bone-inscriptions/003_000201-000300_obs-insc-cw-bucket_crosswalk-candidates/267_obs-insc-cw-cand-000267_cam-hopkins-cw-000267_crosswalk-candidate,cam-hopkins-cw-000267,cam-hopkins-crosswalk-000267;y1779;548;727;40820,src-cambridge-hopkins,metadata_only_until_verified,needs_human_inscription_crosswalk_review,2026-06-21
obs-insc-cw-cand-000268,inscription_crosswalk_candidate,corpus/002_oracle-bone-inscriptions/003_000201-000300_obs-insc-cw-bucket_crosswalk-candidates/268_obs-insc-cw-cand-000268_cam-hopkins-cw-000268_crosswalk-candidate,cam-hopkins-cw-000268,cam-hopkins-crosswalk-000268;y1800;340;702;*****,src-cambridge-hopkins,metadata_only_until_verified,needs_human_inscription_crosswalk_review,2026-06-21
obs-insc-cw-cand-000269,inscription_crosswalk_candidate,corpus/002_oracle-bone-inscriptions/003_000201-000300_obs-insc-cw-bucket_crosswalk-candidates/269_obs-insc-cw-cand-000269_cam-hopkins-cw-000269_crosswalk-candidate,cam-hopkins-cw-000269,cam-hopkins-crosswalk-000269;y1809;549;724;*****,src-cambridge-hopkins,metadata_only_until_verified,needs_human_inscription_crosswalk_review,2026-06-21
obs-insc-cw-cand-000270,inscription_crosswalk_candidate,corpus/002_oracle-bone-inscriptions/003_000201-000300_obs-insc-cw-bucket_crosswalk-candidates/270_obs-insc-cw-cand-000270_cam-hopkins-cw-000270_crosswalk-candidate,cam-hopkins-cw-000270,cam-hopkins-crosswalk-000270;y1813;247;739;40825,src-cambridge-hopkins,metadata_only_until_verified,needs_human_inscription_crosswalk_review,2026-06-21
obs-insc-cw-cand-000271,inscription_crosswalk_candidate,corpus/002_oracle-bone-inscriptions/003_000201-000300_obs-insc-cw-bucket_crosswalk-candidates/271_obs-insc-cw-cand-000271_cam-hopkins-cw-000271_crosswalk-candidate,cam-hopkins-cw-000271,cam-hopkins-crosswalk-000271;y1822;557;622;40888,src-cambridge-hopkins,metadata_only_until_verified,needs_human_inscription_crosswalk_review,2026-06-21
obs-insc-cw-cand-000272,inscription_crosswalk_candidate,corpus/002_oracle-bone-inscriptions/003_000201-000300_obs-insc-cw-bucket_crosswalk-candidates/272_obs-insc-cw-cand-000272_cam-hopkins-cw-000272_crosswalk-candidate,cam-hopkins-cw-000272,cam-hopkins-crosswalk-000272;y1823;561;552;*****,src-cambridge-hopkins,metadata_only_until_verified,needs_human_inscription_crosswalk_review,2026-06-21
obs-insc-cw-cand-000273,inscription_crosswalk_candidate,corpus/002_oracle-bone-inscriptions/003_000201-000300_obs-insc-cw-bucket_crosswalk-candidates/273_obs-insc-cw-cand-000273_cam-hopkins-cw-000273_crosswalk-candidate,cam-hopkins-cw-000273,cam-hopkins-crosswalk-000273;y1826;251;***;*****,src-cambridge-hopkins,metadata_only_until_verified,needs_human_inscription_crosswalk_review,2026-06-21
obs-insc-cw-cand-000274,inscription_crosswalk_candidate,corpus/002_oracle-bone-inscriptions/003_000201-000300_obs-insc-cw-bucket_crosswalk-candidates/274_obs-insc-cw-cand-000274_cam-hopkins-cw-000274_crosswalk-candidate,cam-hopkins-cw-000274,cam-hopkins-crosswalk-000274;y1841;601;33;*****,src-cambridge-hopkins,metadata_only_until_verified,needs_human_inscription_crosswalk_review,2026-06-21
obs-insc-cw-cand-000275,inscription_crosswalk_candidate,corpus/002_oracle-bone-inscriptions/003_000201-000300_obs-insc-cw-bucket_crosswalk-candidates/275_obs-insc-cw-cand-000275_cam-hopkins-cw-000275_crosswalk-candidate,cam-hopkins-cw-000275,cam-hopkins-crosswalk-000275;y1842;586;43;*****,src-cambridge-hopkins,metadata_only_until_verified,needs_human_inscription_crosswalk_review,2026-06-21
obs-insc-cw-cand-000276,inscription_crosswalk_candidate,corpus/002_oracle-bone-inscriptions/003_000201-000300_obs-insc-cw-bucket_crosswalk-candidates/276_obs-insc-cw-cand-000276_cam-hopkins-cw-000276_crosswalk-candidate,cam-hopkins-cw-000276,cam-hopkins-crosswalk-000276;y1844;593;***;*****,src-cambridge-hopkins,metadata_only_until_verified,needs_human_inscription_crosswalk_review,2026-06-21
obs-insc-cw-cand-000277,inscription_crosswalk_candidate,corpus/002_oracle-bone-inscriptions/003_000201-000300_obs-insc-cw-bucket_crosswalk-candidates/277_obs-insc-cw-cand-000277_cam-hopkins-cw-000277_crosswalk-candidate,cam-hopkins-cw-000277,cam-hopkins-crosswalk-000277;y1846;563;711;40308,src-cambridge-hopkins,metadata_only_until_verified,needs_human_inscription_crosswalk_review,2026-06-21
obs-insc-cw-cand-000278,inscription_crosswalk_candidate,corpus/002_oracle-bone-inscriptions/003_000201-000300_obs-insc-cw-bucket_crosswalk-candidates/278_obs-insc-cw-cand-000278_cam-hopkins-cw-000278_crosswalk-candidate,cam-hopkins-cw-000278,cam-hopkins-crosswalk-000278;y1857;558;356;40459,src-cambridge-hopkins,metadata_only_until_verified,needs_human_inscription_crosswalk_review,2026-06-21
obs-insc-cw-cand-000279,inscription_crosswalk_candidate,corpus/002_oracle-bone-inscriptions/003_000201-000300_obs-insc-cw-bucket_crosswalk-candidates/279_obs-insc-cw-cand-000279_cam-hopkins-cw-000279_crosswalk-candidate,cam-hopkins-cw-000279,cam-hopkins-crosswalk-000279;y1864;47;553;*****,src-cambridge-hopkins,metadata_only_until_verified,needs_human_inscription_crosswalk_review,2026-06-21
obs-insc-cw-cand-000280,inscription_crosswalk_candidate,corpus/002_oracle-bone-inscriptions/003_000201-000300_obs-insc-cw-bucket_crosswalk-candidates/280_obs-insc-cw-cand-000280_cam-hopkins-cw-000280_crosswalk-candidate,cam-hopkins-cw-000280,cam-hopkins-crosswalk-000280;y1867;553;409;40817,src-cambridge-hopkins,metadata_only_until_verified,needs_human_inscription_crosswalk_review,2026-06-21
obs-insc-cw-cand-000281,inscription_crosswalk_candidate,corpus/002_oracle-bone-inscriptions/003_000201-000300_obs-insc-cw-bucket_crosswalk-candidates/281_obs-insc-cw-cand-000281_cam-hopkins-cw-000281_crosswalk-candidate,cam-hopkins-cw-000281,cam-hopkins-crosswalk-000281;y1887;559;565;*****,src-cambridge-hopkins,metadata_only_until_verified,needs_human_inscription_crosswalk_review,2026-06-21
obs-insc-cw-cand-000282,inscription_crosswalk_candidate,corpus/002_oracle-bone-inscriptions/003_000201-000300_obs-insc-cw-bucket_crosswalk-candidates/282_obs-insc-cw-cand-000282_cam-hopkins-cw-000282_crosswalk-candidate,cam-hopkins-cw-000282,cam-hopkins-crosswalk-000282;y1890;415;***;*****,src-cambridge-hopkins,metadata_only_until_verified,needs_human_inscription_crosswalk_review,2026-06-21
obs-insc-cw-cand-000283,inscription_crosswalk_candidate,corpus/002_oracle-bone-inscriptions/003_000201-000300_obs-insc-cw-bucket_crosswalk-candidates/283_obs-insc-cw-cand-000283_cam-hopkins-cw-000283_crosswalk-candidate,cam-hopkins-cw-000283,cam-hopkins-crosswalk-000283;y1896;562;***;*****,src-cambridge-hopkins,metadata_only_until_verified,needs_human_inscription_crosswalk_review,2026-06-21
obs-insc-cw-cand-000284,inscription_crosswalk_candidate,corpus/002_oracle-bone-inscriptions/003_000201-000300_obs-insc-cw-bucket_crosswalk-candidates/284_obs-insc-cw-cand-000284_cam-hopkins-cw-000284_crosswalk-candidate,cam-hopkins-cw-000284,cam-hopkins-crosswalk-000284;y1901;327;***;*****,src-cambridge-hopkins,metadata_only_until_verified,needs_human_inscription_crosswalk_review,2026-06-21
obs-insc-cw-cand-000285,inscription_crosswalk_candidate,corpus/002_oracle-bone-inscriptions/003_000201-000300_obs-insc-cw-bucket_crosswalk-candidates/285_obs-insc-cw-cand-000285_cam-hopkins-cw-000285_crosswalk-candidate,cam-hopkins-cw-000285,cam-hopkins-crosswalk-000285;y1903;556;486;40879,src-cambridge-hopkins,metadata_only_until_verified,needs_human_inscription_crosswalk_review,2026-06-21
obs-insc-cw-cand-000286,inscription_crosswalk_candidate,corpus/002_oracle-bone-inscriptions/003_000201-000300_obs-insc-cw-bucket_crosswalk-candidates/286_obs-insc-cw-cand-000286_cam-hopkins-cw-000286_crosswalk-candidate,cam-hopkins-cw-000286,cam-hopkins-crosswalk-000286;y1912;550;657;41329,src-cambridge-hopkins,metadata_only_until_verified,needs_human_inscription_crosswalk_review,2026-06-21
obs-insc-cw-cand-000287,inscription_crosswalk_candidate,corpus/002_oracle-bone-inscriptions/003_000201-000300_obs-insc-cw-bucket_crosswalk-candidates/287_obs-insc-cw-cand-000287_cam-hopkins-cw-000287_crosswalk-candidate,cam-hopkins-cw-000287,cam-hopkins-crosswalk-000287;y1913;255;679;40891,src-cambridge-hopkins,metadata_only_until_verified,needs_human_inscription_crosswalk_review,2026-06-21
obs-insc-cw-cand-000288,inscription_crosswalk_candidate,corpus/002_oracle-bone-inscriptions/003_000201-000300_obs-insc-cw-bucket_crosswalk-candidates/288_obs-insc-cw-cand-000288_cam-hopkins-cw-000288_crosswalk-candidate,cam-hopkins-cw-000288,cam-hopkins-crosswalk-000288;y1914;294;403;40890,src-cambridge-hopkins,metadata_only_until_verified,needs_human_inscription_crosswalk_review,2026-06-21
obs-insc-cw-cand-000289,inscription_crosswalk_candidate,corpus/002_oracle-bone-inscriptions/003_000201-000300_obs-insc-cw-bucket_crosswalk-candidates/289_obs-insc-cw-cand-000289_cam-hopkins-cw-000289_crosswalk-candidate,cam-hopkins-cw-000289,cam-hopkins-crosswalk-000289;y1915;545;556;*****,src-cambridge-hopkins,metadata_only_until_verified,needs_human_inscription_crosswalk_review,2026-06-21
obs-insc-cw-cand-000290,inscription_crosswalk_candidate,corpus/002_oracle-bone-inscriptions/003_000201-000300_obs-insc-cw-bucket_crosswalk-candidates/290_obs-insc-cw-cand-000290_cam-hopkins-cw-000290_crosswalk-candidate,cam-hopkins-cw-000290,cam-hopkins-crosswalk-000290;y1916;547;***;*****,src-cambridge-hopkins,metadata_only_until_verified,needs_human_inscription_crosswalk_review,2026-06-21
obs-insc-cw-cand-000291,inscription_crosswalk_candidate,corpus/002_oracle-bone-inscriptions/003_000201-000300_obs-insc-cw-bucket_crosswalk-candidates/291_obs-insc-cw-cand-000291_cam-hopkins-cw-000291_crosswalk-candidate,cam-hopkins-cw-000291,cam-hopkins-crosswalk-000291;y1920;560;725;*****,src-cambridge-hopkins,metadata_only_until_verified,needs_human_inscription_crosswalk_review,2026-06-21
obs-insc-cw-cand-000292,inscription_crosswalk_candidate,corpus/002_oracle-bone-inscriptions/003_000201-000300_obs-insc-cw-bucket_crosswalk-candidates/292_obs-insc-cw-cand-000292_cam-hopkins-cw-000292_crosswalk-candidate,cam-hopkins-cw-000292,cam-hopkins-crosswalk-000292;y1923;418;124;41027,src-cambridge-hopkins,metadata_only_until_verified,needs_human_inscription_crosswalk_review,2026-06-21
obs-insc-cw-cand-000293,inscription_crosswalk_candidate,corpus/002_oracle-bone-inscriptions/003_000201-000300_obs-insc-cw-bucket_crosswalk-candidates/293_obs-insc-cw-cand-000293_cam-hopkins-cw-000293_crosswalk-candidate,cam-hopkins-cw-000293,cam-hopkins-crosswalk-000293;y1924;420;122;40926,src-cambridge-hopkins,metadata_only_until_verified,needs_human_inscription_crosswalk_review,2026-06-21
obs-insc-cw-cand-000294,inscription_crosswalk_candidate,corpus/002_oracle-bone-inscriptions/003_000201-000300_obs-insc-cw-bucket_crosswalk-candidates/294_obs-insc-cw-cand-000294_cam-hopkins-cw-000294_crosswalk-candidate,cam-hopkins-cw-000294,cam-hopkins-crosswalk-000294;y1925;423;84;40927,src-cambridge-hopkins,metadata_only_until_verified,needs_human_inscription_crosswalk_review,2026-06-21
obs-insc-cw-cand-000295,inscription_crosswalk_candidate,corpus/002_oracle-bone-inscriptions/003_000201-000300_obs-insc-cw-bucket_crosswalk-candidates/295_obs-insc-cw-cand-000295_cam-hopkins-cw-000295_crosswalk-candidate,cam-hopkins-cw-000295,cam-hopkins-crosswalk-000295;y1926;419;53;*****,src-cambridge-hopkins,metadata_only_until_verified,needs_human_inscription_crosswalk_review,2026-06-21
obs-insc-cw-cand-000296,inscription_crosswalk_candidate,corpus/002_oracle-bone-inscriptions/003_000201-000300_obs-insc-cw-bucket_crosswalk-candidates/296_obs-insc-cw-cand-000296_cam-hopkins-cw-000296_crosswalk-candidate,cam-hopkins-cw-000296,cam-hopkins-crosswalk-000296;y1928;268;26;40931,src-cambridge-hopkins,metadata_only_until_verified,needs_human_inscription_crosswalk_review,2026-06-21
obs-insc-cw-cand-000297,inscription_crosswalk_candidate,corpus/002_oracle-bone-inscriptions/003_000201-000300_obs-insc-cw-bucket_crosswalk-candidates/297_obs-insc-cw-cand-000297_cam-hopkins-cw-000297_crosswalk-candidate,cam-hopkins-cw-000297,cam-hopkins-crosswalk-000297;y1931;497;***;*****,src-cambridge-hopkins,metadata_only_until_verified,needs_human_inscription_crosswalk_review,2026-06-21
obs-insc-cw-cand-000298,inscription_crosswalk_candidate,corpus/002_oracle-bone-inscriptions/003_000201-000300_obs-insc-cw-bucket_crosswalk-candidates/298_obs-insc-cw-cand-000298_cam-hopkins-cw-000298_crosswalk-candidate,cam-hopkins-cw-000298,cam-hopkins-crosswalk-000298;y1932;304;71;*****,src-cambridge-hopkins,metadata_only_until_verified,needs_human_inscription_crosswalk_review,2026-06-21
obs-insc-cw-cand-000299,inscription_crosswalk_candidate,corpus/002_oracle-bone-inscriptions/003_000201-000300_obs-insc-cw-bucket_crosswalk-candidates/299_obs-insc-cw-cand-000299_cam-hopkins-cw-000299_crosswalk-candidate,cam-hopkins-cw-000299,cam-hopkins-crosswalk-000299;y1933;426;7;40939,src-cambridge-hopkins,metadata_only_until_verified,needs_human_inscription_crosswalk_review,2026-06-21
obs-insc-cw-cand-000300,inscription_crosswalk_candidate,corpus/002_oracle-bone-inscriptions/003_000201-000300_obs-insc-cw-bucket_crosswalk-candidates/300_obs-insc-cw-cand-000300_cam-hopkins-cw-000300_crosswalk-candidate,cam-hopkins-cw-000300,cam-hopkins-crosswalk-000300;y1937;266;6;40995,src-cambridge-hopkins,metadata_only_until_verified,needs_human_inscription_crosswalk_review,2026-06-21
obs-insc-cw-cand-000301,inscription_crosswalk_candidate,corpus/002_oracle-bone-inscriptions/004_000301-000400_obs-insc-cw-bucket_crosswalk-candidates/301_obs-insc-cw-cand-000301_cam-hopkins-cw-000301_crosswalk-candidate,cam-hopkins-cw-000301,cam-hopkins-crosswalk-000301;y1940;421;75;40959,src-cambridge-hopkins,metadata_only_until_verified,needs_human_inscription_crosswalk_review,2026-06-21
obs-insc-cw-cand-000302,inscription_crosswalk_candidate,corpus/002_oracle-bone-inscriptions/004_000301-000400_obs-insc-cw-bucket_crosswalk-candidates/302_obs-insc-cw-cand-000302_cam-hopkins-cw-000302_crosswalk-candidate,cam-hopkins-cw-000302,cam-hopkins-crosswalk-000302;y1945;285;20;39626,src-cambridge-hopkins,metadata_only_until_verified,needs_human_inscription_crosswalk_review,2026-06-21
obs-insc-cw-cand-000303,inscription_crosswalk_candidate,corpus/002_oracle-bone-inscriptions/004_000301-000400_obs-insc-cw-bucket_crosswalk-candidates/303_obs-insc-cw-cand-000303_cam-hopkins-cw-000303_crosswalk-candidate,cam-hopkins-cw-000303,cam-hopkins-crosswalk-000303;y1947;503;***;*****,src-cambridge-hopkins,metadata_only_until_verified,needs_human_inscription_crosswalk_review,2026-06-21
obs-insc-cw-cand-000304,inscription_crosswalk_candidate,corpus/002_oracle-bone-inscriptions/004_000301-000400_obs-insc-cw-bucket_crosswalk-candidates/304_obs-insc-cw-cand-000304_cam-hopkins-cw-000304_crosswalk-candidate,cam-hopkins-cw-000304,cam-hopkins-crosswalk-000304;y1951;452;540;*****,src-cambridge-hopkins,metadata_only_until_verified,needs_human_inscription_crosswalk_review,2026-06-21
obs-insc-cw-cand-000305,inscription_crosswalk_candidate,corpus/002_oracle-bone-inscriptions/004_000301-000400_obs-insc-cw-bucket_crosswalk-candidates/305_obs-insc-cw-cand-000305_cam-hopkins-cw-000305_crosswalk-candidate,cam-hopkins-cw-000305,cam-hopkins-crosswalk-000305;y1953;427;76;40975,src-cambridge-hopkins,metadata_only_until_verified,needs_human_inscription_crosswalk_review,2026-06-21
obs-insc-cw-cand-000306,inscription_crosswalk_candidate,corpus/002_oracle-bone-inscriptions/004_000301-000400_obs-insc-cw-bucket_crosswalk-candidates/306_obs-insc-cw-cand-000306_cam-hopkins-cw-000306_crosswalk-candidate,cam-hopkins-cw-000306,cam-hopkins-crosswalk-000306;y1954;461;21;41145,src-cambridge-hopkins,metadata_only_until_verified,needs_human_inscription_crosswalk_review,2026-06-21
obs-insc-cw-cand-000307,inscription_crosswalk_candidate,corpus/002_oracle-bone-inscriptions/004_000301-000400_obs-insc-cw-bucket_crosswalk-candidates/307_obs-insc-cw-cand-000307_cam-hopkins-cw-000307_crosswalk-candidate,cam-hopkins-cw-000307,cam-hopkins-crosswalk-000307;y1957;180;530;40973,src-cambridge-hopkins,metadata_only_until_verified,needs_human_inscription_crosswalk_review,2026-06-21
obs-insc-cw-cand-000308,inscription_crosswalk_candidate,corpus/002_oracle-bone-inscriptions/004_000301-000400_obs-insc-cw-bucket_crosswalk-candidates/308_obs-insc-cw-cand-000308_cam-hopkins-cw-000308_crosswalk-candidate,cam-hopkins-cw-000308,cam-hopkins-crosswalk-000308;y1958;429;414;40977,src-cambridge-hopkins,metadata_only_until_verified,needs_human_inscription_crosswalk_review,2026-06-21
obs-insc-cw-cand-000309,inscription_crosswalk_candidate,corpus/002_oracle-bone-inscriptions/004_000301-000400_obs-insc-cw-bucket_crosswalk-candidates/309_obs-insc-cw-cand-000309_cam-hopkins-cw-000309_crosswalk-candidate,cam-hopkins-cw-000309,cam-hopkins-crosswalk-000309;y1961;422;121;40986,src-cambridge-hopkins,metadata_only_until_verified,needs_human_inscription_crosswalk_review,2026-06-21
obs-insc-cw-cand-000310,inscription_crosswalk_candidate,corpus/002_oracle-bone-inscriptions/004_000301-000400_obs-insc-cw-bucket_crosswalk-candidates/310_obs-insc-cw-cand-000310_cam-hopkins-cw-000310_crosswalk-candidate,cam-hopkins-cw-000310,cam-hopkins-crosswalk-000310;y1964;424;82;40990,src-cambridge-hopkins,metadata_only_until_verified,needs_human_inscription_crosswalk_review,2026-06-21
obs-insc-cw-cand-000311,inscription_crosswalk_candidate,corpus/002_oracle-bone-inscriptions/004_000301-000400_obs-insc-cw-bucket_crosswalk-candidates/311_obs-insc-cw-cand-000311_cam-hopkins-cw-000311_crosswalk-candidate,cam-hopkins-cw-000311,cam-hopkins-crosswalk-000311;y1965;428;79;40948,src-cambridge-hopkins,metadata_only_until_verified,needs_human_inscription_crosswalk_review,2026-06-21
obs-insc-cw-cand-000312,inscription_crosswalk_candidate,corpus/002_oracle-bone-inscriptions/004_000301-000400_obs-insc-cw-bucket_crosswalk-candidates/312_obs-insc-cw-cand-000312_cam-hopkins-cw-000312_crosswalk-candidate,cam-hopkins-cw-000312,cam-hopkins-crosswalk-000312;y1966;425;***;41083,src-cambridge-hopkins,metadata_only_until_verified,needs_human_inscription_crosswalk_review,2026-06-21
obs-insc-cw-cand-000313,inscription_crosswalk_candidate,corpus/002_oracle-bone-inscriptions/004_000301-000400_obs-insc-cw-bucket_crosswalk-candidates/313_obs-insc-cw-cand-000313_cam-hopkins-cw-000313_crosswalk-candidate,cam-hopkins-cw-000313,cam-hopkins-crosswalk-000313;y1967;493;***;*****,src-cambridge-hopkins,metadata_only_until_verified,needs_human_inscription_crosswalk_review,2026-06-21
obs-insc-cw-cand-000314,inscription_crosswalk_candidate,corpus/002_oracle-bone-inscriptions/004_000301-000400_obs-insc-cw-bucket_crosswalk-candidates/314_obs-insc-cw-cand-000314_cam-hopkins-cw-000314_crosswalk-candidate,cam-hopkins-cw-000314,cam-hopkins-crosswalk-000314;y1969;72;462;40998,src-cambridge-hopkins,metadata_only_until_verified,needs_human_inscription_crosswalk_review,2026-06-21
obs-insc-cw-cand-000315,inscription_crosswalk_candidate,corpus/002_oracle-bone-inscriptions/004_000301-000400_obs-insc-cw-bucket_crosswalk-candidates/315_obs-insc-cw-cand-000315_cam-hopkins-cw-000315_crosswalk-candidate,cam-hopkins-cw-000315,cam-hopkins-crosswalk-000315;y1970;463;93;*****,src-cambridge-hopkins,metadata_only_until_verified,needs_human_inscription_crosswalk_review,2026-06-21
obs-insc-cw-cand-000316,inscription_crosswalk_candidate,corpus/002_oracle-bone-inscriptions/004_000301-000400_obs-insc-cw-bucket_crosswalk-candidates/316_obs-insc-cw-cand-000316_cam-hopkins-cw-000316_crosswalk-candidate,cam-hopkins-cw-000316,cam-hopkins-crosswalk-000316;y1971;455;59;40999,src-cambridge-hopkins,metadata_only_until_verified,needs_human_inscription_crosswalk_review,2026-06-21
obs-insc-cw-cand-000317,inscription_crosswalk_candidate,corpus/002_oracle-bone-inscriptions/004_000301-000400_obs-insc-cw-bucket_crosswalk-candidates/317_obs-insc-cw-cand-000317_cam-hopkins-cw-000317_crosswalk-candidate,cam-hopkins-cw-000317,cam-hopkins-crosswalk-000317;y1972;54;694;40912,src-cambridge-hopkins,metadata_only_until_verified,needs_human_inscription_crosswalk_review,2026-06-21
obs-insc-cw-cand-000318,inscription_crosswalk_candidate,corpus/002_oracle-bone-inscriptions/004_000301-000400_obs-insc-cw-bucket_crosswalk-candidates/318_obs-insc-cw-cand-000318_cam-hopkins-cw-000318_crosswalk-candidate,cam-hopkins-cw-000318,cam-hopkins-crosswalk-000318;y1974;458;60;41000,src-cambridge-hopkins,metadata_only_until_verified,needs_human_inscription_crosswalk_review,2026-06-21
obs-insc-cw-cand-000319,inscription_crosswalk_candidate,corpus/002_oracle-bone-inscriptions/004_000301-000400_obs-insc-cw-bucket_crosswalk-candidates/319_obs-insc-cw-cand-000319_cam-hopkins-cw-000319_crosswalk-candidate,cam-hopkins-cw-000319,cam-hopkins-crosswalk-000319;y1976;451;500;41005,src-cambridge-hopkins,metadata_only_until_verified,needs_human_inscription_crosswalk_review,2026-06-21
obs-insc-cw-cand-000320,inscription_crosswalk_candidate,corpus/002_oracle-bone-inscriptions/004_000301-000400_obs-insc-cw-bucket_crosswalk-candidates/320_obs-insc-cw-cand-000320_cam-hopkins-cw-000320_crosswalk-candidate,cam-hopkins-cw-000320,cam-hopkins-crosswalk-000320;y1978;437;413;41011,src-cambridge-hopkins,metadata_only_until_verified,needs_human_inscription_crosswalk_review,2026-06-21
obs-insc-cw-cand-000321,inscription_crosswalk_candidate,corpus/002_oracle-bone-inscriptions/004_000301-000400_obs-insc-cw-bucket_crosswalk-candidates/321_obs-insc-cw-cand-000321_cam-hopkins-cw-000321_crosswalk-candidate,cam-hopkins-cw-000321,cam-hopkins-crosswalk-000321;y1988;528;***;*****,src-cambridge-hopkins,metadata_only_until_verified,needs_human_inscription_crosswalk_review,2026-06-21
obs-insc-cw-cand-000322,inscription_crosswalk_candidate,corpus/002_oracle-bone-inscriptions/004_000301-000400_obs-insc-cw-bucket_crosswalk-candidates/322_obs-insc-cw-cand-000322_cam-hopkins-cw-000322_crosswalk-candidate,cam-hopkins-cw-000322,cam-hopkins-crosswalk-000322;y1993;531;***;*****,src-cambridge-hopkins,metadata_only_until_verified,needs_human_inscription_crosswalk_review,2026-06-21
obs-insc-cw-cand-000323,inscription_crosswalk_candidate,corpus/002_oracle-bone-inscriptions/004_000301-000400_obs-insc-cw-bucket_crosswalk-candidates/323_obs-insc-cw-cand-000323_cam-hopkins-cw-000323_crosswalk-candidate,cam-hopkins-cw-000323,cam-hopkins-crosswalk-000323;y1994;438;78;41020,src-cambridge-hopkins,metadata_only_until_verified,needs_human_inscription_crosswalk_review,2026-06-21
obs-insc-cw-cand-000324,inscription_crosswalk_candidate,corpus/002_oracle-bone-inscriptions/004_000301-000400_obs-insc-cw-bucket_crosswalk-candidates/324_obs-insc-cw-cand-000324_cam-hopkins-cw-000324_crosswalk-candidate,cam-hopkins-cw-000324,cam-hopkins-crosswalk-000324;y1997;435;730;41119,src-cambridge-hopkins,metadata_only_until_verified,needs_human_inscription_crosswalk_review,2026-06-21
obs-insc-cw-cand-000325,inscription_crosswalk_candidate,corpus/002_oracle-bone-inscriptions/004_000301-000400_obs-insc-cw-bucket_crosswalk-candidates/325_obs-insc-cw-cand-000325_cam-hopkins-cw-000325_crosswalk-candidate,cam-hopkins-cw-000325,cam-hopkins-crosswalk-000325;y1998;436;729;40924,src-cambridge-hopkins,metadata_only_until_verified,needs_human_inscription_crosswalk_review,2026-06-21
obs-insc-cw-cand-000326,inscription_crosswalk_candidate,corpus/002_oracle-bone-inscriptions/004_000301-000400_obs-insc-cw-bucket_crosswalk-candidates/326_obs-insc-cw-cand-000326_cam-hopkins-cw-000326_crosswalk-candidate,cam-hopkins-cw-000326,cam-hopkins-crosswalk-000326;y1999;447;36;*****,src-cambridge-hopkins,metadata_only_until_verified,needs_human_inscription_crosswalk_review,2026-06-21
obs-insc-cw-cand-000327,inscription_crosswalk_candidate,corpus/002_oracle-bone-inscriptions/004_000301-000400_obs-insc-cw-bucket_crosswalk-candidates/327_obs-insc-cw-cand-000327_cam-hopkins-cw-000327_crosswalk-candidate,cam-hopkins-cw-000327,cam-hopkins-crosswalk-000327;y2001;514;397;41041,src-cambridge-hopkins,metadata_only_until_verified,needs_human_inscription_crosswalk_review,2026-06-21
obs-insc-cw-cand-000328,inscription_crosswalk_candidate,corpus/002_oracle-bone-inscriptions/004_000301-000400_obs-insc-cw-bucket_crosswalk-candidates/328_obs-insc-cw-cand-000328_cam-hopkins-cw-000328_crosswalk-candidate,cam-hopkins-cw-000328,cam-hopkins-crosswalk-000328;y2002;A2;***;*****,src-cambridge-hopkins,metadata_only_until_verified,needs_human_inscription_crosswalk_review,2026-06-21
obs-insc-cw-cand-000329,inscription_crosswalk_candidate,corpus/002_oracle-bone-inscriptions/004_000301-000400_obs-insc-cw-bucket_crosswalk-candidates/329_obs-insc-cw-cand-000329_cam-hopkins-cw-000329_crosswalk-candidate,cam-hopkins-cw-000329,cam-hopkins-crosswalk-000329;y2003;533;***;*****,src-cambridge-hopkins,metadata_only_until_verified,needs_human_inscription_crosswalk_review,2026-06-21
obs-insc-cw-cand-000330,inscription_crosswalk_candidate,corpus/002_oracle-bone-inscriptions/004_000301-000400_obs-insc-cw-bucket_crosswalk-candidates/330_obs-insc-cw-cand-000330_cam-hopkins-cw-000330_crosswalk-candidate,cam-hopkins-cw-000330,cam-hopkins-crosswalk-000330;y2004;541;***;*****,src-cambridge-hopkins,metadata_only_until_verified,needs_human_inscription_crosswalk_review,2026-06-21
obs-insc-cw-cand-000331,inscription_crosswalk_candidate,corpus/002_oracle-bone-inscriptions/004_000301-000400_obs-insc-cw-bucket_crosswalk-candidates/331_obs-insc-cw-cand-000331_cam-hopkins-cw-000331_crosswalk-candidate,cam-hopkins-cw-000331,cam-hopkins-crosswalk-000331;y2005;539;***;*****,src-cambridge-hopkins,metadata_only_until_verified,needs_human_inscription_crosswalk_review,2026-06-21
obs-insc-cw-cand-000332,inscription_crosswalk_candidate,corpus/002_oracle-bone-inscriptions/004_000301-000400_obs-insc-cw-bucket_crosswalk-candidates/332_obs-insc-cw-cand-000332_cam-hopkins-cw-000332_crosswalk-candidate,cam-hopkins-cw-000332,cam-hopkins-crosswalk-000332;y2006;515;77;*****,src-cambridge-hopkins,metadata_only_until_verified,needs_human_inscription_crosswalk_review,2026-06-21
obs-insc-cw-cand-000333,inscription_crosswalk_candidate,corpus/002_oracle-bone-inscriptions/004_000301-000400_obs-insc-cw-bucket_crosswalk-candidates/333_obs-insc-cw-cand-000333_cam-hopkins-cw-000333_crosswalk-candidate,cam-hopkins-cw-000333,cam-hopkins-crosswalk-000333;y2007;511;38;*****,src-cambridge-hopkins,metadata_only_until_verified,needs_human_inscription_crosswalk_review,2026-06-21
obs-insc-cw-cand-000334,inscription_crosswalk_candidate,corpus/002_oracle-bone-inscriptions/004_000301-000400_obs-insc-cw-bucket_crosswalk-candidates/334_obs-insc-cw-cand-000334_cam-hopkins-cw-000334_crosswalk-candidate,cam-hopkins-cw-000334,cam-hopkins-crosswalk-000334;y2008;543;***;*****,src-cambridge-hopkins,metadata_only_until_verified,needs_human_inscription_crosswalk_review,2026-06-21
obs-insc-cw-cand-000335,inscription_crosswalk_candidate,corpus/002_oracle-bone-inscriptions/004_000301-000400_obs-insc-cw-bucket_crosswalk-candidates/335_obs-insc-cw-cand-000335_cam-hopkins-cw-000335_crosswalk-candidate,cam-hopkins-cw-000335,cam-hopkins-crosswalk-000335;y2009;513;***;*****,src-cambridge-hopkins,metadata_only_until_verified,needs_human_inscription_crosswalk_review,2026-06-21
obs-insc-cw-cand-000336,inscription_crosswalk_candidate,corpus/002_oracle-bone-inscriptions/004_000301-000400_obs-insc-cw-bucket_crosswalk-candidates/336_obs-insc-cw-cand-000336_cam-hopkins-cw-000336_crosswalk-candidate,cam-hopkins-cw-000336,cam-hopkins-crosswalk-000336;y2010;517;57;*****,src-cambridge-hopkins,metadata_only_until_verified,needs_human_inscription_crosswalk_review,2026-06-21
obs-insc-cw-cand-000337,inscription_crosswalk_candidate,corpus/002_oracle-bone-inscriptions/004_000301-000400_obs-insc-cw-bucket_crosswalk-candidates/337_obs-insc-cw-cand-000337_cam-hopkins-cw-000337_crosswalk-candidate,cam-hopkins-cw-000337,cam-hopkins-crosswalk-000337;y2011;512;8;41048,src-cambridge-hopkins,metadata_only_until_verified,needs_human_inscription_crosswalk_review,2026-06-21
obs-insc-cw-cand-000338,inscription_crosswalk_candidate,corpus/002_oracle-bone-inscriptions/004_000301-000400_obs-insc-cw-bucket_crosswalk-candidates/338_obs-insc-cw-cand-000338_cam-hopkins-cw-000338_crosswalk-candidate,cam-hopkins-cw-000338,cam-hopkins-crosswalk-000338;y2012;536;***;*****,src-cambridge-hopkins,metadata_only_until_verified,needs_human_inscription_crosswalk_review,2026-06-21
obs-insc-cw-cand-000339,inscription_crosswalk_candidate,corpus/002_oracle-bone-inscriptions/004_000301-000400_obs-insc-cw-bucket_crosswalk-candidates/339_obs-insc-cw-cand-000339_cam-hopkins-cw-000339_crosswalk-candidate,cam-hopkins-cw-000339,cam-hopkins-crosswalk-000339;y2013;509;27;*****,src-cambridge-hopkins,metadata_only_until_verified,needs_human_inscription_crosswalk_review,2026-06-21
obs-insc-cw-cand-000340,inscription_crosswalk_candidate,corpus/002_oracle-bone-inscriptions/004_000301-000400_obs-insc-cw-bucket_crosswalk-candidates/340_obs-insc-cw-cand-000340_cam-hopkins-cw-000340_crosswalk-candidate,cam-hopkins-cw-000340,cam-hopkins-crosswalk-000340;y2014;542;***;41053,src-cambridge-hopkins,metadata_only_until_verified,needs_human_inscription_crosswalk_review,2026-06-21
obs-insc-cw-cand-000341,inscription_crosswalk_candidate,corpus/002_oracle-bone-inscriptions/004_000301-000400_obs-insc-cw-bucket_crosswalk-candidates/341_obs-insc-cw-cand-000341_cam-hopkins-cw-000341_crosswalk-candidate,cam-hopkins-cw-000341,cam-hopkins-crosswalk-000341;y2016;516;92;*****,src-cambridge-hopkins,metadata_only_until_verified,needs_human_inscription_crosswalk_review,2026-06-21
obs-insc-cw-cand-000342,inscription_crosswalk_candidate,corpus/002_oracle-bone-inscriptions/004_000301-000400_obs-insc-cw-bucket_crosswalk-candidates/342_obs-insc-cw-cand-000342_cam-hopkins-cw-000342_crosswalk-candidate,cam-hopkins-cw-000342,cam-hopkins-crosswalk-000342;y2020;534;***;*****,src-cambridge-hopkins,metadata_only_until_verified,needs_human_inscription_crosswalk_review,2026-06-21
obs-insc-cw-cand-000343,inscription_crosswalk_candidate,corpus/002_oracle-bone-inscriptions/004_000301-000400_obs-insc-cw-bucket_crosswalk-candidates/343_obs-insc-cw-cand-000343_cam-hopkins-cw-000343_crosswalk-candidate,cam-hopkins-cw-000343,cam-hopkins-crosswalk-000343;y2021;526;***;*****,src-cambridge-hopkins,metadata_only_until_verified,needs_human_inscription_crosswalk_review,2026-06-21
obs-insc-cw-cand-000344,inscription_crosswalk_candidate,corpus/002_oracle-bone-inscriptions/004_000301-000400_obs-insc-cw-bucket_crosswalk-candidates/344_obs-insc-cw-cand-000344_cam-hopkins-cw-000344_crosswalk-candidate,cam-hopkins-cw-000344,cam-hopkins-crosswalk-000344;y2022;508;2;*****,src-cambridge-hopkins,metadata_only_until_verified,needs_human_inscription_crosswalk_review,2026-06-21
obs-insc-cw-cand-000345,inscription_crosswalk_candidate,corpus/002_oracle-bone-inscriptions/004_000301-000400_obs-insc-cw-bucket_crosswalk-candidates/345_obs-insc-cw-cand-000345_cam-hopkins-cw-000345_crosswalk-candidate,cam-hopkins-cw-000345,cam-hopkins-crosswalk-000345;y2023;491;***;*****,src-cambridge-hopkins,metadata_only_until_verified,needs_human_inscription_crosswalk_review,2026-06-21
obs-insc-cw-cand-000346,inscription_crosswalk_candidate,corpus/002_oracle-bone-inscriptions/004_000301-000400_obs-insc-cw-bucket_crosswalk-candidates/346_obs-insc-cw-cand-000346_cam-hopkins-cw-000346_crosswalk-candidate,cam-hopkins-cw-000346,cam-hopkins-crosswalk-000346;y2024;500;***;*****,src-cambridge-hopkins,metadata_only_until_verified,needs_human_inscription_crosswalk_review,2026-06-21
obs-insc-cw-cand-000347,inscription_crosswalk_candidate,corpus/002_oracle-bone-inscriptions/004_000301-000400_obs-insc-cw-bucket_crosswalk-candidates/347_obs-insc-cw-cand-000347_cam-hopkins-cw-000347_crosswalk-candidate,cam-hopkins-cw-000347,cam-hopkins-crosswalk-000347;y2025;476;83;41032,src-cambridge-hopkins,metadata_only_until_verified,needs_human_inscription_crosswalk_review,2026-06-21
obs-insc-cw-cand-000348,inscription_crosswalk_candidate,corpus/002_oracle-bone-inscriptions/004_000301-000400_obs-insc-cw-bucket_crosswalk-candidates/348_obs-insc-cw-cand-000348_cam-hopkins-cw-000348_crosswalk-candidate,cam-hopkins-cw-000348,cam-hopkins-crosswalk-000348;y2034;256;125;*****,src-cambridge-hopkins,metadata_only_until_verified,needs_human_inscription_crosswalk_review,2026-06-21
obs-insc-cw-cand-000349,inscription_crosswalk_candidate,corpus/002_oracle-bone-inscriptions/004_000301-000400_obs-insc-cw-bucket_crosswalk-candidates/349_obs-insc-cw-cand-000349_cam-hopkins-cw-000349_crosswalk-candidate,cam-hopkins-cw-000349,cam-hopkins-crosswalk-000349;y2037;448;68;*****,src-cambridge-hopkins,metadata_only_until_verified,needs_human_inscription_crosswalk_review,2026-06-21
obs-insc-cw-cand-000350,inscription_crosswalk_candidate,corpus/002_oracle-bone-inscriptions/004_000301-000400_obs-insc-cw-bucket_crosswalk-candidates/350_obs-insc-cw-cand-000350_cam-hopkins-cw-000350_crosswalk-candidate,cam-hopkins-cw-000350,cam-hopkins-crosswalk-000350;y2038;449;85;41070,src-cambridge-hopkins,metadata_only_until_verified,needs_human_inscription_crosswalk_review,2026-06-21
obs-insc-cw-cand-000351,inscription_crosswalk_candidate,corpus/002_oracle-bone-inscriptions/004_000301-000400_obs-insc-cw-bucket_crosswalk-candidates/351_obs-insc-cw-cand-000351_cam-hopkins-cw-000351_crosswalk-candidate,cam-hopkins-cw-000351,cam-hopkins-crosswalk-000351;y2041;434;123;40957,src-cambridge-hopkins,metadata_only_until_verified,needs_human_inscription_crosswalk_review,2026-06-21
obs-insc-cw-cand-000352,inscription_crosswalk_candidate,corpus/002_oracle-bone-inscriptions/004_000301-000400_obs-insc-cw-bucket_crosswalk-candidates/352_obs-insc-cw-cand-000352_cam-hopkins-cw-000352_crosswalk-candidate,cam-hopkins-cw-000352,cam-hopkins-crosswalk-000352;y2042;456;25;41075,src-cambridge-hopkins,metadata_only_until_verified,needs_human_inscription_crosswalk_review,2026-06-21
obs-insc-cw-cand-000353,inscription_crosswalk_candidate,corpus/002_oracle-bone-inscriptions/004_000301-000400_obs-insc-cw-bucket_crosswalk-candidates/353_obs-insc-cw-cand-000353_cam-hopkins-cw-000353_crosswalk-candidate,cam-hopkins-cw-000353,cam-hopkins-crosswalk-000353;y2043;457;61;41036,src-cambridge-hopkins,metadata_only_until_verified,needs_human_inscription_crosswalk_review,2026-06-21
obs-insc-cw-cand-000354,inscription_crosswalk_candidate,corpus/002_oracle-bone-inscriptions/004_000301-000400_obs-insc-cw-bucket_crosswalk-candidates/354_obs-insc-cw-cand-000354_cam-hopkins-cw-000354_crosswalk-candidate,cam-hopkins-cw-000354,cam-hopkins-crosswalk-000354;y2045;487;***;*****,src-cambridge-hopkins,metadata_only_until_verified,needs_human_inscription_crosswalk_review,2026-06-21
obs-insc-cw-cand-000355,inscription_crosswalk_candidate,corpus/002_oracle-bone-inscriptions/004_000301-000400_obs-insc-cw-bucket_crosswalk-candidates/355_obs-insc-cw-cand-000355_cam-hopkins-cw-000355_crosswalk-candidate,cam-hopkins-cw-000355,cam-hopkins-crosswalk-000355;y2047;307;***;41086,src-cambridge-hopkins,metadata_only_until_verified,needs_human_inscription_crosswalk_review,2026-06-21
obs-insc-cw-cand-000356,inscription_crosswalk_candidate,corpus/002_oracle-bone-inscriptions/004_000301-000400_obs-insc-cw-bucket_crosswalk-candidates/356_obs-insc-cw-cand-000356_cam-hopkins-cw-000356_crosswalk-candidate,cam-hopkins-cw-000356,cam-hopkins-crosswalk-000356;y2048;477;89;*****,src-cambridge-hopkins,metadata_only_until_verified,needs_human_inscription_crosswalk_review,2026-06-21
obs-insc-cw-cand-000357,inscription_crosswalk_candidate,corpus/002_oracle-bone-inscriptions/004_000301-000400_obs-insc-cw-bucket_crosswalk-candidates/357_obs-insc-cw-cand-000357_cam-hopkins-cw-000357_crosswalk-candidate,cam-hopkins-cw-000357,cam-hopkins-crosswalk-000357;y2049;518;58;*****,src-cambridge-hopkins,metadata_only_until_verified,needs_human_inscription_crosswalk_review,2026-06-21
obs-insc-cw-cand-000358,inscription_crosswalk_candidate,corpus/002_oracle-bone-inscriptions/004_000301-000400_obs-insc-cw-bucket_crosswalk-candidates/358_obs-insc-cw-cand-000358_cam-hopkins-cw-000358_crosswalk-candidate,cam-hopkins-cw-000358,cam-hopkins-crosswalk-000358;y2051;450;51;*****,src-cambridge-hopkins,metadata_only_until_verified,needs_human_inscription_crosswalk_review,2026-06-21
obs-insc-cw-cand-000359,inscription_crosswalk_candidate,corpus/002_oracle-bone-inscriptions/004_000301-000400_obs-insc-cw-bucket_crosswalk-candidates/359_obs-insc-cw-cand-000359_cam-hopkins-cw-000359_crosswalk-candidate,cam-hopkins-cw-000359,cam-hopkins-crosswalk-000359;y2057;538;***;*****,src-cambridge-hopkins,metadata_only_until_verified,needs_human_inscription_crosswalk_review,2026-06-21
obs-insc-cw-cand-000360,inscription_crosswalk_candidate,corpus/002_oracle-bone-inscriptions/004_000301-000400_obs-insc-cw-bucket_crosswalk-candidates/360_obs-insc-cw-cand-000360_cam-hopkins-cw-000360_crosswalk-candidate,cam-hopkins-cw-000360,cam-hopkins-crosswalk-000360;y2062;584;***;*****,src-cambridge-hopkins,metadata_only_until_verified,needs_human_inscription_crosswalk_review,2026-06-21
obs-insc-cw-cand-000361,inscription_crosswalk_candidate,corpus/002_oracle-bone-inscriptions/004_000301-000400_obs-insc-cw-bucket_crosswalk-candidates/361_obs-insc-cw-cand-000361_cam-hopkins-cw-000361_crosswalk-candidate,cam-hopkins-cw-000361,cam-hopkins-crosswalk-000361;y2066;A4;***;*****,src-cambridge-hopkins,metadata_only_until_verified,needs_human_inscription_crosswalk_review,2026-06-21
obs-insc-cw-cand-000362,inscription_crosswalk_candidate,corpus/002_oracle-bone-inscriptions/004_000301-000400_obs-insc-cw-bucket_crosswalk-candidates/362_obs-insc-cw-cand-000362_cam-hopkins-cw-000362_crosswalk-candidate,cam-hopkins-cw-000362,cam-hopkins-crosswalk-000362;y2081;444;***;*****,src-cambridge-hopkins,metadata_only_until_verified,needs_human_inscription_crosswalk_review,2026-06-21
obs-insc-cw-cand-000363,inscription_crosswalk_candidate,corpus/002_oracle-bone-inscriptions/004_000301-000400_obs-insc-cw-bucket_crosswalk-candidates/363_obs-insc-cw-cand-000363_cam-hopkins-cw-000363_crosswalk-candidate,cam-hopkins-cw-000363,cam-hopkins-crosswalk-000363;y2082;440;***;41184,src-cambridge-hopkins,metadata_only_until_verified,needs_human_inscription_crosswalk_review,2026-06-21
obs-insc-cw-cand-000364,inscription_crosswalk_candidate,corpus/002_oracle-bone-inscriptions/004_000301-000400_obs-insc-cw-bucket_crosswalk-candidates/364_obs-insc-cw-cand-000364_cam-hopkins-cw-000364_crosswalk-candidate,cam-hopkins-cw-000364,cam-hopkins-crosswalk-000364;y2085;177;55;40374,src-cambridge-hopkins,metadata_only_until_verified,needs_human_inscription_crosswalk_review,2026-06-21
obs-insc-cw-cand-000365,inscription_crosswalk_candidate,corpus/002_oracle-bone-inscriptions/004_000301-000400_obs-insc-cw-bucket_crosswalk-candidates/365_obs-insc-cw-cand-000365_cam-hopkins-cw-000365_crosswalk-candidate,cam-hopkins-cw-000365,cam-hopkins-crosswalk-000365;y2088;211;70;39749,src-cambridge-hopkins,metadata_only_until_verified,needs_human_inscription_crosswalk_review,2026-06-21
obs-insc-cw-cand-000366,inscription_crosswalk_candidate,corpus/002_oracle-bone-inscriptions/004_000301-000400_obs-insc-cw-bucket_crosswalk-candidates/366_obs-insc-cw-cand-000366_cam-hopkins-cw-000366_crosswalk-candidate,cam-hopkins-cw-000366,cam-hopkins-crosswalk-000366;y2089;74;533;41656,src-cambridge-hopkins,metadata_only_until_verified,needs_human_inscription_crosswalk_review,2026-06-21
obs-insc-cw-cand-000367,inscription_crosswalk_candidate,corpus/002_oracle-bone-inscriptions/004_000301-000400_obs-insc-cw-bucket_crosswalk-candidates/367_obs-insc-cw-cand-000367_cam-hopkins-cw-000367_crosswalk-candidate,cam-hopkins-cw-000367,cam-hopkins-crosswalk-000367;y2090;144;504;41088,src-cambridge-hopkins,metadata_only_until_verified,needs_human_inscription_crosswalk_review,2026-06-21
obs-insc-cw-cand-000368,inscription_crosswalk_candidate,corpus/002_oracle-bone-inscriptions/004_000301-000400_obs-insc-cw-bucket_crosswalk-candidates/368_obs-insc-cw-cand-000368_cam-hopkins-cw-000368_crosswalk-candidate,cam-hopkins-cw-000368,cam-hopkins-crosswalk-000368;y2092;485;***;*****,src-cambridge-hopkins,metadata_only_until_verified,needs_human_inscription_crosswalk_review,2026-06-21
obs-insc-cw-cand-000369,inscription_crosswalk_candidate,corpus/002_oracle-bone-inscriptions/004_000301-000400_obs-insc-cw-bucket_crosswalk-candidates/369_obs-insc-cw-cand-000369_cam-hopkins-cw-000369_crosswalk-candidate,cam-hopkins-cw-000369,cam-hopkins-crosswalk-000369;y2106;470;98;*****,src-cambridge-hopkins,metadata_only_until_verified,needs_human_inscription_crosswalk_review,2026-06-21
obs-insc-cw-cand-000370,inscription_crosswalk_candidate,corpus/002_oracle-bone-inscriptions/004_000301-000400_obs-insc-cw-bucket_crosswalk-candidates/370_obs-insc-cw-cand-000370_cam-hopkins-cw-000370_crosswalk-candidate,cam-hopkins-cw-000370,cam-hopkins-crosswalk-000370;y2109;459;91;41136,src-cambridge-hopkins,metadata_only_until_verified,needs_human_inscription_crosswalk_review,2026-06-21
obs-insc-cw-cand-000371,inscription_crosswalk_candidate,corpus/002_oracle-bone-inscriptions/004_000301-000400_obs-insc-cw-bucket_crosswalk-candidates/371_obs-insc-cw-cand-000371_cam-hopkins-cw-000371_crosswalk-candidate,cam-hopkins-cw-000371,cam-hopkins-crosswalk-000371;y2110;460;90;41135,src-cambridge-hopkins,metadata_only_until_verified,needs_human_inscription_crosswalk_review,2026-06-21
obs-insc-cw-cand-000372,inscription_crosswalk_candidate,corpus/002_oracle-bone-inscriptions/004_000301-000400_obs-insc-cw-bucket_crosswalk-candidates/372_obs-insc-cw-cand-000372_cam-hopkins-cw-000372_crosswalk-candidate,cam-hopkins-cw-000372,cam-hopkins-crosswalk-000372;y2112;467;416;*****,src-cambridge-hopkins,metadata_only_until_verified,needs_human_inscription_crosswalk_review,2026-06-21
obs-insc-cw-cand-000373,inscription_crosswalk_candidate,corpus/002_oracle-bone-inscriptions/004_000301-000400_obs-insc-cw-bucket_crosswalk-candidates/373_obs-insc-cw-cand-000373_cam-hopkins-cw-000373_crosswalk-candidate,cam-hopkins-cw-000373,cam-hopkins-crosswalk-000373;y2116;492;***;*****,src-cambridge-hopkins,metadata_only_until_verified,needs_human_inscription_crosswalk_review,2026-06-21
obs-insc-cw-cand-000374,inscription_crosswalk_candidate,corpus/002_oracle-bone-inscriptions/004_000301-000400_obs-insc-cw-bucket_crosswalk-candidates/374_obs-insc-cw-cand-000374_cam-hopkins-cw-000374_crosswalk-candidate,cam-hopkins-cw-000374,cam-hopkins-crosswalk-000374;y2119;145;466;40363,src-cambridge-hopkins,metadata_only_until_verified,needs_human_inscription_crosswalk_review,2026-06-21
obs-insc-cw-cand-000375,inscription_crosswalk_candidate,corpus/002_oracle-bone-inscriptions/004_000301-000400_obs-insc-cw-bucket_crosswalk-candidates/375_obs-insc-cw-cand-000375_cam-hopkins-cw-000375_crosswalk-candidate,cam-hopkins-cw-000375,cam-hopkins-crosswalk-000375;y2121;494;***;*****,src-cambridge-hopkins,metadata_only_until_verified,needs_human_inscription_crosswalk_review,2026-06-21
obs-insc-cw-cand-000376,inscription_crosswalk_candidate,corpus/002_oracle-bone-inscriptions/004_000301-000400_obs-insc-cw-bucket_crosswalk-candidates/376_obs-insc-cw-cand-000376_cam-hopkins-cw-000376_crosswalk-candidate,cam-hopkins-cw-000376,cam-hopkins-crosswalk-000376;y2122;430;86;*****,src-cambridge-hopkins,metadata_only_until_verified,needs_human_inscription_crosswalk_review,2026-06-21
obs-insc-cw-cand-000377,inscription_crosswalk_candidate,corpus/002_oracle-bone-inscriptions/004_000301-000400_obs-insc-cw-bucket_crosswalk-candidates/377_obs-insc-cw-cand-000377_cam-hopkins-cw-000377_crosswalk-candidate,cam-hopkins-cw-000377,cam-hopkins-crosswalk-000377;y2123;475;4;*****,src-cambridge-hopkins,metadata_only_until_verified,needs_human_inscription_crosswalk_review,2026-06-21
obs-insc-cw-cand-000378,inscription_crosswalk_candidate,corpus/002_oracle-bone-inscriptions/004_000301-000400_obs-insc-cw-bucket_crosswalk-candidates/378_obs-insc-cw-cand-000378_cam-hopkins-cw-000378_crosswalk-candidate,cam-hopkins-cw-000378,cam-hopkins-crosswalk-000378;y2124;433;19;41173,src-cambridge-hopkins,metadata_only_until_verified,needs_human_inscription_crosswalk_review,2026-06-21
obs-insc-cw-cand-000379,inscription_crosswalk_candidate,corpus/002_oracle-bone-inscriptions/004_000301-000400_obs-insc-cw-bucket_crosswalk-candidates/379_obs-insc-cw-cand-000379_cam-hopkins-cw-000379_crosswalk-candidate,cam-hopkins-cw-000379,cam-hopkins-crosswalk-000379;y2126;432;***;*****,src-cambridge-hopkins,metadata_only_until_verified,needs_human_inscription_crosswalk_review,2026-06-21
obs-insc-cw-cand-000380,inscription_crosswalk_candidate,corpus/002_oracle-bone-inscriptions/004_000301-000400_obs-insc-cw-bucket_crosswalk-candidates/380_obs-insc-cw-cand-000380_cam-hopkins-cw-000380_crosswalk-candidate,cam-hopkins-cw-000380,cam-hopkins-crosswalk-000380;y2130;465;30;*****,src-cambridge-hopkins,metadata_only_until_verified,needs_human_inscription_crosswalk_review,2026-06-21
obs-insc-cw-cand-000381,inscription_crosswalk_candidate,corpus/002_oracle-bone-inscriptions/004_000301-000400_obs-insc-cw-bucket_crosswalk-candidates/381_obs-insc-cw-cand-000381_cam-hopkins-cw-000381_crosswalk-candidate,cam-hopkins-cw-000381,cam-hopkins-crosswalk-000381;y2134;466;39;*****,src-cambridge-hopkins,metadata_only_until_verified,needs_human_inscription_crosswalk_review,2026-06-21
obs-insc-cw-cand-000382,inscription_crosswalk_candidate,corpus/002_oracle-bone-inscriptions/004_000301-000400_obs-insc-cw-bucket_crosswalk-candidates/382_obs-insc-cw-cand-000382_cam-hopkins-cw-000382_crosswalk-candidate,cam-hopkins-cw-000382,cam-hopkins-crosswalk-000382;y2137;505;***;*****,src-cambridge-hopkins,metadata_only_until_verified,needs_human_inscription_crosswalk_review,2026-06-21
obs-insc-cw-cand-000383,inscription_crosswalk_candidate,corpus/002_oracle-bone-inscriptions/004_000301-000400_obs-insc-cw-bucket_crosswalk-candidates/383_obs-insc-cw-cand-000383_cam-hopkins-cw-000383_crosswalk-candidate,cam-hopkins-cw-000383,cam-hopkins-crosswalk-000383;y2138;486;***;*****,src-cambridge-hopkins,metadata_only_until_verified,needs_human_inscription_crosswalk_review,2026-06-21
obs-insc-cw-cand-000384,inscription_crosswalk_candidate,corpus/002_oracle-bone-inscriptions/004_000301-000400_obs-insc-cw-bucket_crosswalk-candidates/384_obs-insc-cw-cand-000384_cam-hopkins-cw-000384_crosswalk-candidate,cam-hopkins-cw-000384,cam-hopkins-crosswalk-000384;y2140;472;37;*****,src-cambridge-hopkins,metadata_only_until_verified,needs_human_inscription_crosswalk_review,2026-06-21
obs-insc-cw-cand-000385,inscription_crosswalk_candidate,corpus/002_oracle-bone-inscriptions/004_000301-000400_obs-insc-cw-bucket_crosswalk-candidates/385_obs-insc-cw-cand-000385_cam-hopkins-cw-000385_crosswalk-candidate,cam-hopkins-cw-000385,cam-hopkins-crosswalk-000385;y2141;441;10;41198,src-cambridge-hopkins,metadata_only_until_verified,needs_human_inscription_crosswalk_review,2026-06-21
obs-insc-cw-cand-000386,inscription_crosswalk_candidate,corpus/002_oracle-bone-inscriptions/004_000301-000400_obs-insc-cw-bucket_crosswalk-candidates/386_obs-insc-cw-cand-000386_cam-hopkins-cw-000386_crosswalk-candidate,cam-hopkins-cw-000386,cam-hopkins-crosswalk-000386;y2142;464;49;*****,src-cambridge-hopkins,metadata_only_until_verified,needs_human_inscription_crosswalk_review,2026-06-21
obs-insc-cw-cand-000387,inscription_crosswalk_candidate,corpus/002_oracle-bone-inscriptions/004_000301-000400_obs-insc-cw-bucket_crosswalk-candidates/387_obs-insc-cw-cand-000387_cam-hopkins-cw-000387_crosswalk-candidate,cam-hopkins-cw-000387,cam-hopkins-crosswalk-000387;y2146;535;***;*****,src-cambridge-hopkins,metadata_only_until_verified,needs_human_inscription_crosswalk_review,2026-06-21
obs-insc-cw-cand-000388,inscription_crosswalk_candidate,corpus/002_oracle-bone-inscriptions/004_000301-000400_obs-insc-cw-bucket_crosswalk-candidates/388_obs-insc-cw-cand-000388_cam-hopkins-cw-000388_crosswalk-candidate,cam-hopkins-cw-000388,cam-hopkins-crosswalk-000388;y2149;462;44;*****,src-cambridge-hopkins,metadata_only_until_verified,needs_human_inscription_crosswalk_review,2026-06-21
obs-insc-cw-cand-000389,inscription_crosswalk_candidate,corpus/002_oracle-bone-inscriptions/004_000301-000400_obs-insc-cw-bucket_crosswalk-candidates/389_obs-insc-cw-cand-000389_cam-hopkins-cw-000389_crosswalk-candidate,cam-hopkins-cw-000389,cam-hopkins-crosswalk-000389;y2150;481;54;*****,src-cambridge-hopkins,metadata_only_until_verified,needs_human_inscription_crosswalk_review,2026-06-21
obs-insc-cw-cand-000390,inscription_crosswalk_candidate,corpus/002_oracle-bone-inscriptions/004_000301-000400_obs-insc-cw-bucket_crosswalk-candidates/390_obs-insc-cw-cand-000390_cam-hopkins-cw-000390_crosswalk-candidate,cam-hopkins-cw-000390,cam-hopkins-crosswalk-000390;y2152;479;41;*****,src-cambridge-hopkins,metadata_only_until_verified,needs_human_inscription_crosswalk_review,2026-06-21
obs-insc-cw-cand-000391,inscription_crosswalk_candidate,corpus/002_oracle-bone-inscriptions/004_000301-000400_obs-insc-cw-bucket_crosswalk-candidates/391_obs-insc-cw-cand-000391_cam-hopkins-cw-000391_crosswalk-candidate,cam-hopkins-cw-000391,cam-hopkins-crosswalk-000391;y2156;473;56;*****,src-cambridge-hopkins,metadata_only_until_verified,needs_human_inscription_crosswalk_review,2026-06-21
obs-insc-cw-cand-000392,inscription_crosswalk_candidate,corpus/002_oracle-bone-inscriptions/004_000301-000400_obs-insc-cw-bucket_crosswalk-candidates/392_obs-insc-cw-cand-000392_cam-hopkins-cw-000392_crosswalk-candidate,cam-hopkins-cw-000392,cam-hopkins-crosswalk-000392;y2157;471;67;*****,src-cambridge-hopkins,metadata_only_until_verified,needs_human_inscription_crosswalk_review,2026-06-21
obs-insc-cw-cand-000393,inscription_crosswalk_candidate,corpus/002_oracle-bone-inscriptions/004_000301-000400_obs-insc-cw-bucket_crosswalk-candidates/393_obs-insc-cw-cand-000393_cam-hopkins-cw-000393_crosswalk-candidate,cam-hopkins-cw-000393,cam-hopkins-crosswalk-000393;y2158;431;100;*****,src-cambridge-hopkins,metadata_only_until_verified,needs_human_inscription_crosswalk_review,2026-06-21
obs-insc-cw-cand-000394,inscription_crosswalk_candidate,corpus/002_oracle-bone-inscriptions/004_000301-000400_obs-insc-cw-bucket_crosswalk-candidates/394_obs-insc-cw-cand-000394_cam-hopkins-cw-000394_crosswalk-candidate,cam-hopkins-cw-000394,cam-hopkins-crosswalk-000394;y2159;501;***;*****,src-cambridge-hopkins,metadata_only_until_verified,needs_human_inscription_crosswalk_review,2026-06-21
obs-insc-cw-cand-000395,inscription_crosswalk_candidate,corpus/002_oracle-bone-inscriptions/004_000301-000400_obs-insc-cw-bucket_crosswalk-candidates/395_obs-insc-cw-cand-000395_cam-hopkins-cw-000395_crosswalk-candidate,cam-hopkins-cw-000395,cam-hopkins-crosswalk-000395;y2162;468;94;*****,src-cambridge-hopkins,metadata_only_until_verified,needs_human_inscription_crosswalk_review,2026-06-21
obs-insc-cw-cand-000396,inscription_crosswalk_candidate,corpus/002_oracle-bone-inscriptions/004_000301-000400_obs-insc-cw-bucket_crosswalk-candidates/396_obs-insc-cw-cand-000396_cam-hopkins-cw-000396_crosswalk-candidate,cam-hopkins-cw-000396,cam-hopkins-crosswalk-000396;y2164;502;***;*****,src-cambridge-hopkins,metadata_only_until_verified,needs_human_inscription_crosswalk_review,2026-06-21
obs-insc-cw-cand-000397,inscription_crosswalk_candidate,corpus/002_oracle-bone-inscriptions/004_000301-000400_obs-insc-cw-bucket_crosswalk-candidates/397_obs-insc-cw-cand-000397_cam-hopkins-cw-000397_crosswalk-candidate,cam-hopkins-cw-000397,cam-hopkins-crosswalk-000397;y2165;484;***;*****,src-cambridge-hopkins,metadata_only_until_verified,needs_human_inscription_crosswalk_review,2026-06-21
obs-insc-cw-cand-000398,inscription_crosswalk_candidate,corpus/002_oracle-bone-inscriptions/004_000301-000400_obs-insc-cw-bucket_crosswalk-candidates/398_obs-insc-cw-cand-000398_cam-hopkins-cw-000398_crosswalk-candidate,cam-hopkins-cw-000398,cam-hopkins-crosswalk-000398;y2168;495;***;*****,src-cambridge-hopkins,metadata_only_until_verified,needs_human_inscription_crosswalk_review,2026-06-21
obs-insc-cw-cand-000399,inscription_crosswalk_candidate,corpus/002_oracle-bone-inscriptions/004_000301-000400_obs-insc-cw-bucket_crosswalk-candidates/399_obs-insc-cw-cand-000399_cam-hopkins-cw-000399_crosswalk-candidate,cam-hopkins-cw-000399,cam-hopkins-crosswalk-000399;y2172;156;50;41289,src-cambridge-hopkins,metadata_only_until_verified,needs_human_inscription_crosswalk_review,2026-06-21
obs-insc-cw-cand-000400,inscription_crosswalk_candidate,corpus/002_oracle-bone-inscriptions/004_000301-000400_obs-insc-cw-bucket_crosswalk-candidates/400_obs-insc-cw-cand-000400_cam-hopkins-cw-000400_crosswalk-candidate,cam-hopkins-cw-000400,cam-hopkins-crosswalk-000400;y2173;565;***;*****,src-cambridge-hopkins,metadata_only_until_verified,needs_human_inscription_crosswalk_review,2026-06-21
obs-insc-cw-cand-000401,inscription_crosswalk_candidate,corpus/002_oracle-bone-inscriptions/005_000401-000500_obs-insc-cw-bucket_crosswalk-candidates/401_obs-insc-cw-cand-000401_cam-hopkins-cw-000401_crosswalk-candidate,cam-hopkins-cw-000401,cam-hopkins-crosswalk-000401;y2178;478;***;*****,src-cambridge-hopkins,metadata_only_until_verified,needs_human_inscription_crosswalk_review,2026-06-21
obs-insc-cw-cand-000402,inscription_crosswalk_candidate,corpus/002_oracle-bone-inscriptions/005_000401-000500_obs-insc-cw-bucket_crosswalk-candidates/402_obs-insc-cw-cand-000402_cam-hopkins-cw-000402_crosswalk-candidate,cam-hopkins-cw-000402,cam-hopkins-crosswalk-000402;y2184;469;75�;41196,src-cambridge-hopkins,metadata_only_until_verified,needs_human_inscription_crosswalk_review,2026-06-21
obs-insc-cw-cand-000403,inscription_crosswalk_candidate,corpus/002_oracle-bone-inscriptions/005_000401-000500_obs-insc-cw-bucket_crosswalk-candidates/403_obs-insc-cw-cand-000403_cam-hopkins-cw-000403_crosswalk-candidate,cam-hopkins-cw-000403,cam-hopkins-crosswalk-000403;y2188;A8;***;*****,src-cambridge-hopkins,metadata_only_until_verified,needs_human_inscription_crosswalk_review,2026-06-21
obs-insc-cw-cand-000404,inscription_crosswalk_candidate,corpus/002_oracle-bone-inscriptions/005_000401-000500_obs-insc-cw-bucket_crosswalk-candidates/404_obs-insc-cw-cand-000404_cam-hopkins-cw-000404_crosswalk-candidate,cam-hopkins-cw-000404,cam-hopkins-crosswalk-000404;y2189;223;***;*****,src-cambridge-hopkins,metadata_only_until_verified,needs_human_inscription_crosswalk_review,2026-06-21
obs-insc-cw-cand-000405,inscription_crosswalk_candidate,corpus/002_oracle-bone-inscriptions/005_000401-000500_obs-insc-cw-bucket_crosswalk-candidates/405_obs-insc-cw-cand-000405_cam-hopkins-cw-000405_crosswalk-candidate,cam-hopkins-cw-000405,cam-hopkins-crosswalk-000405;y2191;520;22;*****,src-cambridge-hopkins,metadata_only_until_verified,needs_human_inscription_crosswalk_review,2026-06-21
obs-insc-cw-cand-000406,inscription_crosswalk_candidate,corpus/002_oracle-bone-inscriptions/005_000401-000500_obs-insc-cw-bucket_crosswalk-candidates/406_obs-insc-cw-cand-000406_cam-hopkins-cw-000406_crosswalk-candidate,cam-hopkins-cw-000406,cam-hopkins-crosswalk-000406;y2204;439;9;*****,src-cambridge-hopkins,metadata_only_until_verified,needs_human_inscription_crosswalk_review,2026-06-21
obs-insc-cw-cand-000407,inscription_crosswalk_candidate,corpus/002_oracle-bone-inscriptions/005_000401-000500_obs-insc-cw-bucket_crosswalk-candidates/407_obs-insc-cw-cand-000407_cam-hopkins-cw-000407_crosswalk-candidate,cam-hopkins-cw-000407,cam-hopkins-crosswalk-000407;y2205;445;23;*****,src-cambridge-hopkins,metadata_only_until_verified,needs_human_inscription_crosswalk_review,2026-06-21
obs-insc-cw-cand-000408,inscription_crosswalk_candidate,corpus/002_oracle-bone-inscriptions/005_000401-000500_obs-insc-cw-bucket_crosswalk-candidates/408_obs-insc-cw-cand-000408_cam-hopkins-cw-000408_crosswalk-candidate,cam-hopkins-cw-000408,cam-hopkins-crosswalk-000408;y2206;305;24;*****,src-cambridge-hopkins,metadata_only_until_verified,needs_human_inscription_crosswalk_review,2026-06-21
obs-insc-cw-cand-000409,inscription_crosswalk_candidate,corpus/002_oracle-bone-inscriptions/005_000401-000500_obs-insc-cw-bucket_crosswalk-candidates/409_obs-insc-cw-cand-000409_cam-hopkins-cw-000409_crosswalk-candidate,cam-hopkins-cw-000409,cam-hopkins-crosswalk-000409;y2207;453;13;41259,src-cambridge-hopkins,metadata_only_until_verified,needs_human_inscription_crosswalk_review,2026-06-21
obs-insc-cw-cand-000410,inscription_crosswalk_candidate,corpus/002_oracle-bone-inscriptions/005_000401-000500_obs-insc-cw-bucket_crosswalk-candidates/410_obs-insc-cw-cand-000410_cam-hopkins-cw-000410_crosswalk-candidate,cam-hopkins-cw-000410,cam-hopkins-crosswalk-000410;y2208;540;***;*****,src-cambridge-hopkins,metadata_only_until_verified,needs_human_inscription_crosswalk_review,2026-06-21
obs-insc-cw-cand-000411,inscription_crosswalk_candidate,corpus/002_oracle-bone-inscriptions/005_000401-000500_obs-insc-cw-bucket_crosswalk-candidates/411_obs-insc-cw-cand-000411_cam-hopkins-cw-000411_crosswalk-candidate,cam-hopkins-cw-000411,cam-hopkins-crosswalk-000411;y2209;446;40;*****,src-cambridge-hopkins,metadata_only_until_verified,needs_human_inscription_crosswalk_review,2026-06-21
obs-insc-cw-cand-000412,inscription_crosswalk_candidate,corpus/002_oracle-bone-inscriptions/005_000401-000500_obs-insc-cw-bucket_crosswalk-candidates/412_obs-insc-cw-cand-000412_cam-hopkins-cw-000412_crosswalk-candidate,cam-hopkins-cw-000412,cam-hopkins-crosswalk-000412;y2214;305;32;*****,src-cambridge-hopkins,metadata_only_until_verified,needs_human_inscription_crosswalk_review,2026-06-21
obs-insc-cw-cand-000413,inscription_crosswalk_candidate,corpus/002_oracle-bone-inscriptions/005_000401-000500_obs-insc-cw-bucket_crosswalk-candidates/413_obs-insc-cw-cand-000413_cam-hopkins-cw-000413_crosswalk-candidate,cam-hopkins-cw-000413,cam-hopkins-crosswalk-000413;y2215;523;69;*****,src-cambridge-hopkins,metadata_only_until_verified,needs_human_inscription_crosswalk_review,2026-06-21
obs-insc-cw-cand-000414,inscription_crosswalk_candidate,corpus/002_oracle-bone-inscriptions/005_000401-000500_obs-insc-cw-bucket_crosswalk-candidates/414_obs-insc-cw-cand-000414_cam-hopkins-cw-000414_crosswalk-candidate,cam-hopkins-cw-000414,cam-hopkins-crosswalk-000414;y2222;510;5;41224,src-cambridge-hopkins,metadata_only_until_verified,needs_human_inscription_crosswalk_review,2026-06-21
obs-insc-cw-cand-000415,inscription_crosswalk_candidate,corpus/002_oracle-bone-inscriptions/005_000401-000500_obs-insc-cw-bucket_crosswalk-candidates/415_obs-insc-cw-cand-000415_cam-hopkins-cw-000415_crosswalk-candidate,cam-hopkins-cw-000415,cam-hopkins-crosswalk-000415;y2225;A12;***;*****,src-cambridge-hopkins,metadata_only_until_verified,needs_human_inscription_crosswalk_review,2026-06-21
obs-insc-cw-cand-000416,inscription_crosswalk_candidate,corpus/002_oracle-bone-inscriptions/005_000401-000500_obs-insc-cw-bucket_crosswalk-candidates/416_obs-insc-cw-cand-000416_cam-hopkins-cw-000416_crosswalk-candidate,cam-hopkins-cw-000416,cam-hopkins-crosswalk-000416;y2232;519;126;*****,src-cambridge-hopkins,metadata_only_until_verified,needs_human_inscription_crosswalk_review,2026-06-21
obs-insc-cw-cand-000417,inscription_crosswalk_candidate,corpus/002_oracle-bone-inscriptions/005_000401-000500_obs-insc-cw-bucket_crosswalk-candidates/417_obs-insc-cw-cand-000417_cam-hopkins-cw-000417_crosswalk-candidate,cam-hopkins-cw-000417,cam-hopkins-crosswalk-000417;y2235;443;337;41233,src-cambridge-hopkins,metadata_only_until_verified,needs_human_inscription_crosswalk_review,2026-06-21
obs-insc-cw-cand-000418,inscription_crosswalk_candidate,corpus/002_oracle-bone-inscriptions/005_000401-000500_obs-insc-cw-bucket_crosswalk-candidates/418_obs-insc-cw-cand-000418_cam-hopkins-cw-000418_crosswalk-candidate,cam-hopkins-cw-000418,cam-hopkins-crosswalk-000418;y2237;521;12;*****,src-cambridge-hopkins,metadata_only_until_verified,needs_human_inscription_crosswalk_review,2026-06-21
obs-insc-cw-cand-000419,inscription_crosswalk_candidate,corpus/002_oracle-bone-inscriptions/005_000401-000500_obs-insc-cw-bucket_crosswalk-candidates/419_obs-insc-cw-cand-000419_cam-hopkins-cw-000419_crosswalk-candidate,cam-hopkins-cw-000419,cam-hopkins-crosswalk-000419;y2242;524;63;*****,src-cambridge-hopkins,metadata_only_until_verified,needs_human_inscription_crosswalk_review,2026-06-21
obs-insc-cw-cand-000420,inscription_crosswalk_candidate,corpus/002_oracle-bone-inscriptions/005_000401-000500_obs-insc-cw-bucket_crosswalk-candidates/420_obs-insc-cw-cand-000420_cam-hopkins-cw-000420_crosswalk-candidate,cam-hopkins-cw-000420,cam-hopkins-crosswalk-000420;y2243;600;18;*****,src-cambridge-hopkins,metadata_only_until_verified,needs_human_inscription_crosswalk_review,2026-06-21
obs-insc-cw-cand-000421,inscription_crosswalk_candidate,corpus/002_oracle-bone-inscriptions/005_000401-000500_obs-insc-cw-bucket_crosswalk-candidates/421_obs-insc-cw-cand-000421_cam-hopkins-cw-000421_crosswalk-candidate,cam-hopkins-cw-000421,cam-hopkins-crosswalk-000421;y2244;483;***;*****,src-cambridge-hopkins,metadata_only_until_verified,needs_human_inscription_crosswalk_review,2026-06-21
obs-insc-cw-cand-000422,inscription_crosswalk_candidate,corpus/002_oracle-bone-inscriptions/005_000401-000500_obs-insc-cw-bucket_crosswalk-candidates/422_obs-insc-cw-cand-000422_cam-hopkins-cw-000422_crosswalk-candidate,cam-hopkins-cw-000422,cam-hopkins-crosswalk-000422;y2245;474;418;*****,src-cambridge-hopkins,metadata_only_until_verified,needs_human_inscription_crosswalk_review,2026-06-21
obs-insc-cw-cand-000423,inscription_crosswalk_candidate,corpus/002_oracle-bone-inscriptions/005_000401-000500_obs-insc-cw-bucket_crosswalk-candidates/423_obs-insc-cw-cand-000423_cam-hopkins-cw-000423_crosswalk-candidate,cam-hopkins-cw-000423,cam-hopkins-crosswalk-000423;y2246;489;***;*****,src-cambridge-hopkins,metadata_only_until_verified,needs_human_inscription_crosswalk_review,2026-06-21
obs-insc-cw-cand-000424,inscription_crosswalk_candidate,corpus/002_oracle-bone-inscriptions/005_000401-000500_obs-insc-cw-bucket_crosswalk-candidates/424_obs-insc-cw-cand-000424_cam-hopkins-cw-000424_crosswalk-candidate,cam-hopkins-cw-000424,cam-hopkins-crosswalk-000424;y2247;496;***;*****,src-cambridge-hopkins,metadata_only_until_verified,needs_human_inscription_crosswalk_review,2026-06-21
obs-insc-cw-cand-000425,inscription_crosswalk_candidate,corpus/002_oracle-bone-inscriptions/005_000401-000500_obs-insc-cw-bucket_crosswalk-candidates/425_obs-insc-cw-cand-000425_cam-hopkins-cw-000425_crosswalk-candidate,cam-hopkins-cw-000425,cam-hopkins-crosswalk-000425;y2248;480;52;*****,src-cambridge-hopkins,metadata_only_until_verified,needs_human_inscription_crosswalk_review,2026-06-21
obs-insc-cw-cand-000426,inscription_crosswalk_candidate,corpus/002_oracle-bone-inscriptions/005_000401-000500_obs-insc-cw-bucket_crosswalk-candidates/426_obs-insc-cw-cand-000426_cam-hopkins-cw-000426_crosswalk-candidate,cam-hopkins-cw-000426,cam-hopkins-crosswalk-000426;y2250;525;***;*****,src-cambridge-hopkins,metadata_only_until_verified,needs_human_inscription_crosswalk_review,2026-06-21
obs-insc-cw-cand-000427,inscription_crosswalk_candidate,corpus/002_oracle-bone-inscriptions/005_000401-000500_obs-insc-cw-bucket_crosswalk-candidates/427_obs-insc-cw-cand-000427_cam-hopkins-cw-000427_crosswalk-candidate,cam-hopkins-cw-000427,cam-hopkins-crosswalk-000427;y2251;209;676;*****,src-cambridge-hopkins,metadata_only_until_verified,needs_human_inscription_crosswalk_review,2026-06-21
obs-insc-cw-cand-000428,inscription_crosswalk_candidate,corpus/002_oracle-bone-inscriptions/005_000401-000500_obs-insc-cw-bucket_crosswalk-candidates/428_obs-insc-cw-cand-000428_cam-hopkins-cw-000428_crosswalk-candidate,cam-hopkins-cw-000428,cam-hopkins-crosswalk-000428;y2258;527;***;*****,src-cambridge-hopkins,metadata_only_until_verified,needs_human_inscription_crosswalk_review,2026-06-21
obs-insc-cw-cand-000429,inscription_crosswalk_candidate,corpus/002_oracle-bone-inscriptions/005_000401-000500_obs-insc-cw-bucket_crosswalk-candidates/429_obs-insc-cw-cand-000429_cam-hopkins-cw-000429_crosswalk-candidate,cam-hopkins-cw-000429,cam-hopkins-crosswalk-000429;y2260;338;28;41473,src-cambridge-hopkins,metadata_only_until_verified,needs_human_inscription_crosswalk_review,2026-06-21
obs-insc-cw-cand-000430,inscription_crosswalk_candidate,corpus/002_oracle-bone-inscriptions/005_000401-000500_obs-insc-cw-bucket_crosswalk-candidates/430_obs-insc-cw-cand-000430_cam-hopkins-cw-000430_crosswalk-candidate,cam-hopkins-cw-000430,cam-hopkins-crosswalk-000430;y2261;572;363;41320,src-cambridge-hopkins,metadata_only_until_verified,needs_human_inscription_crosswalk_review,2026-06-21
obs-insc-cw-cand-000431,inscription_crosswalk_candidate,corpus/002_oracle-bone-inscriptions/005_000401-000500_obs-insc-cw-bucket_crosswalk-candidates/431_obs-insc-cw-cand-000431_cam-hopkins-cw-000431_crosswalk-candidate,cam-hopkins-cw-000431,cam-hopkins-crosswalk-000431;y2264;569;14;41317,src-cambridge-hopkins,metadata_only_until_verified,needs_human_inscription_crosswalk_review,2026-06-21
obs-insc-cw-cand-000432,inscription_crosswalk_candidate,corpus/002_oracle-bone-inscriptions/005_000401-000500_obs-insc-cw-bucket_crosswalk-candidates/432_obs-insc-cw-cand-000432_cam-hopkins-cw-000432_crosswalk-candidate,cam-hopkins-cw-000432,cam-hopkins-crosswalk-000432;y2267;574;202;40982,src-cambridge-hopkins,metadata_only_until_verified,needs_human_inscription_crosswalk_review,2026-06-21
obs-insc-cw-cand-000433,inscription_crosswalk_candidate,corpus/002_oracle-bone-inscriptions/005_000401-000500_obs-insc-cw-bucket_crosswalk-candidates/433_obs-insc-cw-cand-000433_cam-hopkins-cw-000433_crosswalk-candidate,cam-hopkins-cw-000433,cam-hopkins-crosswalk-000433;y2272;303;203;*****,src-cambridge-hopkins,metadata_only_until_verified,needs_human_inscription_crosswalk_review,2026-06-21
obs-insc-cw-cand-000434,inscription_crosswalk_candidate,corpus/002_oracle-bone-inscriptions/005_000401-000500_obs-insc-cw-bucket_crosswalk-candidates/434_obs-insc-cw-cand-000434_cam-hopkins-cw-000434_crosswalk-candidate,cam-hopkins-cw-000434,cam-hopkins-crosswalk-000434;y2273;301;***;*****,src-cambridge-hopkins,metadata_only_until_verified,needs_human_inscription_crosswalk_review,2026-06-21
obs-insc-cw-cand-000435,inscription_crosswalk_candidate,corpus/002_oracle-bone-inscriptions/005_000401-000500_obs-insc-cw-bucket_crosswalk-candidates/435_obs-insc-cw-cand-000435_cam-hopkins-cw-000435_crosswalk-candidate,cam-hopkins-cw-000435,cam-hopkins-crosswalk-000435;y2274;322;361;41331,src-cambridge-hopkins,metadata_only_until_verified,needs_human_inscription_crosswalk_review,2026-06-21
obs-insc-cw-cand-000436,inscription_crosswalk_candidate,corpus/002_oracle-bone-inscriptions/005_000401-000500_obs-insc-cw-bucket_crosswalk-candidates/436_obs-insc-cw-cand-000436_cam-hopkins-cw-000436_crosswalk-candidate,cam-hopkins-cw-000436,cam-hopkins-crosswalk-000436;y2279;529;***;*****,src-cambridge-hopkins,metadata_only_until_verified,needs_human_inscription_crosswalk_review,2026-06-21
obs-insc-cw-cand-000437,inscription_crosswalk_candidate,corpus/002_oracle-bone-inscriptions/005_000401-000500_obs-insc-cw-bucket_crosswalk-candidates/437_obs-insc-cw-cand-000437_cam-hopkins-cw-000437_crosswalk-candidate,cam-hopkins-cw-000437,cam-hopkins-crosswalk-000437;y2283;337;209;*****,src-cambridge-hopkins,metadata_only_until_verified,needs_human_inscription_crosswalk_review,2026-06-21
obs-insc-cw-cand-000438,inscription_crosswalk_candidate,corpus/002_oracle-bone-inscriptions/005_000401-000500_obs-insc-cw-bucket_crosswalk-candidates/438_obs-insc-cw-cand-000438_cam-hopkins-cw-000438_crosswalk-candidate,cam-hopkins-cw-000438,cam-hopkins-crosswalk-000438;y2289;551;182;41351,src-cambridge-hopkins,metadata_only_until_verified,needs_human_inscription_crosswalk_review,2026-06-21
obs-insc-cw-cand-000439,inscription_crosswalk_candidate,corpus/002_oracle-bone-inscriptions/005_000401-000500_obs-insc-cw-bucket_crosswalk-candidates/439_obs-insc-cw-cand-000439_cam-hopkins-cw-000439_crosswalk-candidate,cam-hopkins-cw-000439,cam-hopkins-crosswalk-000439;y2290;278;370;41349,src-cambridge-hopkins,metadata_only_until_verified,needs_human_inscription_crosswalk_review,2026-06-21
obs-insc-cw-cand-000440,inscription_crosswalk_candidate,corpus/002_oracle-bone-inscriptions/005_000401-000500_obs-insc-cw-bucket_crosswalk-candidates/440_obs-insc-cw-cand-000440_cam-hopkins-cw-000440_crosswalk-candidate,cam-hopkins-cw-000440,cam-hopkins-crosswalk-000440;y2293;279;211;*****,src-cambridge-hopkins,metadata_only_until_verified,needs_human_inscription_crosswalk_review,2026-06-21
obs-insc-cw-cand-000441,inscription_crosswalk_candidate,corpus/002_oracle-bone-inscriptions/005_000401-000500_obs-insc-cw-bucket_crosswalk-candidates/441_obs-insc-cw-cand-000441_cam-hopkins-cw-000441_crosswalk-candidate,cam-hopkins-cw-000441,cam-hopkins-crosswalk-000441;y2294;280;401;41348,src-cambridge-hopkins,metadata_only_until_verified,needs_human_inscription_crosswalk_review,2026-06-21
obs-insc-cw-cand-000442,inscription_crosswalk_candidate,corpus/002_oracle-bone-inscriptions/005_000401-000500_obs-insc-cw-bucket_crosswalk-candidates/442_obs-insc-cw-cand-000442_cam-hopkins-cw-000442_crosswalk-candidate,cam-hopkins-cw-000442,cam-hopkins-crosswalk-000442;y2296;295;177;41555,src-cambridge-hopkins,metadata_only_until_verified,needs_human_inscription_crosswalk_review,2026-06-21
obs-insc-cw-cand-000443,inscription_crosswalk_candidate,corpus/002_oracle-bone-inscriptions/005_000401-000500_obs-insc-cw-bucket_crosswalk-candidates/443_obs-insc-cw-cand-000443_cam-hopkins-cw-000443_crosswalk-candidate,cam-hopkins-cw-000443,cam-hopkins-crosswalk-000443;y2302;282;***;*****,src-cambridge-hopkins,metadata_only_until_verified,needs_human_inscription_crosswalk_review,2026-06-21
obs-insc-cw-cand-000444,inscription_crosswalk_candidate,corpus/002_oracle-bone-inscriptions/005_000401-000500_obs-insc-cw-bucket_crosswalk-candidates/444_obs-insc-cw-cand-000444_cam-hopkins-cw-000444_crosswalk-candidate,cam-hopkins-cw-000444,cam-hopkins-crosswalk-000444;y2304;546;80;41559,src-cambridge-hopkins,metadata_only_until_verified,needs_human_inscription_crosswalk_review,2026-06-21
obs-insc-cw-cand-000445,inscription_crosswalk_candidate,corpus/002_oracle-bone-inscriptions/005_000401-000500_obs-insc-cw-bucket_crosswalk-candidates/445_obs-insc-cw-cand-000445_cam-hopkins-cw-000445_crosswalk-candidate,cam-hopkins-cw-000445,cam-hopkins-crosswalk-000445;y2306;271;***;*****,src-cambridge-hopkins,metadata_only_until_verified,needs_human_inscription_crosswalk_review,2026-06-21
obs-insc-cw-cand-000446,inscription_crosswalk_candidate,corpus/002_oracle-bone-inscriptions/005_000401-000500_obs-insc-cw-bucket_crosswalk-candidates/446_obs-insc-cw-cand-000446_cam-hopkins-cw-000446_crosswalk-candidate,cam-hopkins-cw-000446,cam-hopkins-crosswalk-000446;y2307;315;***;*****,src-cambridge-hopkins,metadata_only_until_verified,needs_human_inscription_crosswalk_review,2026-06-21
obs-insc-cw-cand-000447,inscription_crosswalk_candidate,corpus/002_oracle-bone-inscriptions/005_000401-000500_obs-insc-cw-bucket_crosswalk-candidates/447_obs-insc-cw-cand-000447_cam-hopkins-cw-000447_crosswalk-candidate,cam-hopkins-cw-000447,cam-hopkins-crosswalk-000447;y2312;330;192;41366,src-cambridge-hopkins,metadata_only_until_verified,needs_human_inscription_crosswalk_review,2026-06-21
obs-insc-cw-cand-000448,inscription_crosswalk_candidate,corpus/002_oracle-bone-inscriptions/005_000401-000500_obs-insc-cw-bucket_crosswalk-candidates/448_obs-insc-cw-cand-000448_cam-hopkins-cw-000448_crosswalk-candidate,cam-hopkins-cw-000448,cam-hopkins-crosswalk-000448;y2316;284;353;41364,src-cambridge-hopkins,metadata_only_until_verified,needs_human_inscription_crosswalk_review,2026-06-21
obs-insc-cw-cand-000449,inscription_crosswalk_candidate,corpus/002_oracle-bone-inscriptions/005_000401-000500_obs-insc-cw-bucket_crosswalk-candidates/449_obs-insc-cw-cand-000449_cam-hopkins-cw-000449_crosswalk-candidate,cam-hopkins-cw-000449,cam-hopkins-crosswalk-000449;y2317;270;***;*****,src-cambridge-hopkins,metadata_only_until_verified,needs_human_inscription_crosswalk_review,2026-06-21
obs-insc-cw-cand-000450,inscription_crosswalk_candidate,corpus/002_oracle-bone-inscriptions/005_000401-000500_obs-insc-cw-bucket_crosswalk-candidates/450_obs-insc-cw-cand-000450_cam-hopkins-cw-000450_crosswalk-candidate,cam-hopkins-cw-000450,cam-hopkins-crosswalk-000450;y2318;283;366;41368,src-cambridge-hopkins,metadata_only_until_verified,needs_human_inscription_crosswalk_review,2026-06-21
obs-insc-cw-cand-000451,inscription_crosswalk_candidate,corpus/002_oracle-bone-inscriptions/005_000401-000500_obs-insc-cw-bucket_crosswalk-candidates/451_obs-insc-cw-cand-000451_cam-hopkins-cw-000451_crosswalk-candidate,cam-hopkins-cw-000451,cam-hopkins-crosswalk-000451;y2321;329;371;41563,src-cambridge-hopkins,metadata_only_until_verified,needs_human_inscription_crosswalk_review,2026-06-21
obs-insc-cw-cand-000452,inscription_crosswalk_candidate,corpus/002_oracle-bone-inscriptions/005_000401-000500_obs-insc-cw-bucket_crosswalk-candidates/452_obs-insc-cw-cand-000452_cam-hopkins-cw-000452_crosswalk-candidate,cam-hopkins-cw-000452,cam-hopkins-crosswalk-000452;y2322;272;***;*****,src-cambridge-hopkins,metadata_only_until_verified,needs_human_inscription_crosswalk_review,2026-06-21
obs-insc-cw-cand-000453,inscription_crosswalk_candidate,corpus/002_oracle-bone-inscriptions/005_000401-000500_obs-insc-cw-bucket_crosswalk-candidates/453_obs-insc-cw-cand-000453_cam-hopkins-cw-000453_crosswalk-candidate,cam-hopkins-cw-000453,cam-hopkins-crosswalk-000453;y2326;328;374;41529,src-cambridge-hopkins,metadata_only_until_verified,needs_human_inscription_crosswalk_review,2026-06-21
obs-insc-cw-cand-000454,inscription_crosswalk_candidate,corpus/002_oracle-bone-inscriptions/005_000401-000500_obs-insc-cw-bucket_crosswalk-candidates/454_obs-insc-cw-cand-000454_cam-hopkins-cw-000454_crosswalk-candidate,cam-hopkins-cw-000454,cam-hopkins-crosswalk-000454;y2327;286;378;41422,src-cambridge-hopkins,metadata_only_until_verified,needs_human_inscription_crosswalk_review,2026-06-21
obs-insc-cw-cand-000455,inscription_crosswalk_candidate,corpus/002_oracle-bone-inscriptions/005_000401-000500_obs-insc-cw-bucket_crosswalk-candidates/455_obs-insc-cw-cand-000455_cam-hopkins-cw-000455_crosswalk-candidate,cam-hopkins-cw-000455,cam-hopkins-crosswalk-000455;y2333;312;***;*****,src-cambridge-hopkins,metadata_only_until_verified,needs_human_inscription_crosswalk_review,2026-06-21
obs-insc-cw-cand-000456,inscription_crosswalk_candidate,corpus/002_oracle-bone-inscriptions/005_000401-000500_obs-insc-cw-bucket_crosswalk-candidates/456_obs-insc-cw-cand-000456_cam-hopkins-cw-000456_crosswalk-candidate,cam-hopkins-cw-000456,cam-hopkins-crosswalk-000456;y2335;306;212;*****,src-cambridge-hopkins,metadata_only_until_verified,needs_human_inscription_crosswalk_review,2026-06-21
obs-insc-cw-cand-000457,inscription_crosswalk_candidate,corpus/002_oracle-bone-inscriptions/005_000401-000500_obs-insc-cw-bucket_crosswalk-candidates/457_obs-insc-cw-cand-000457_cam-hopkins-cw-000457_crosswalk-candidate,cam-hopkins-cw-000457,cam-hopkins-crosswalk-000457;y2336;592;381;41308,src-cambridge-hopkins,metadata_only_until_verified,needs_human_inscription_crosswalk_review,2026-06-21
obs-insc-cw-cand-000458,inscription_crosswalk_candidate,corpus/002_oracle-bone-inscriptions/005_000401-000500_obs-insc-cw-bucket_crosswalk-candidates/458_obs-insc-cw-cand-000458_cam-hopkins-cw-000458_crosswalk-candidate,cam-hopkins-cw-000458,cam-hopkins-crosswalk-000458;y2340;595;***;*****,src-cambridge-hopkins,metadata_only_until_verified,needs_human_inscription_crosswalk_review,2026-06-21
obs-insc-cw-cand-000459,inscription_crosswalk_candidate,corpus/002_oracle-bone-inscriptions/005_000401-000500_obs-insc-cw-bucket_crosswalk-candidates/459_obs-insc-cw-cand-000459_cam-hopkins-cw-000459_crosswalk-candidate,cam-hopkins-cw-000459,cam-hopkins-crosswalk-000459;y2344;585;101;*****,src-cambridge-hopkins,metadata_only_until_verified,needs_human_inscription_crosswalk_review,2026-06-21
obs-insc-cw-cand-000460,inscription_crosswalk_candidate,corpus/002_oracle-bone-inscriptions/005_000401-000500_obs-insc-cw-bucket_crosswalk-candidates/460_obs-insc-cw-cand-000460_cam-hopkins-cw-000460_crosswalk-candidate,cam-hopkins-cw-000460,cam-hopkins-crosswalk-000460;y2346;570;87;*****,src-cambridge-hopkins,metadata_only_until_verified,needs_human_inscription_crosswalk_review,2026-06-21
obs-insc-cw-cand-000461,inscription_crosswalk_candidate,corpus/002_oracle-bone-inscriptions/005_000401-000500_obs-insc-cw-bucket_crosswalk-candidates/461_obs-insc-cw-cand-000461_cam-hopkins-cw-000461_crosswalk-candidate,cam-hopkins-cw-000461,cam-hopkins-crosswalk-000461;y2351;575;398;41304,src-cambridge-hopkins,metadata_only_until_verified,needs_human_inscription_crosswalk_review,2026-06-21
obs-insc-cw-cand-000462,inscription_crosswalk_candidate,corpus/002_oracle-bone-inscriptions/005_000401-000500_obs-insc-cw-bucket_crosswalk-candidates/462_obs-insc-cw-cand-000462_cam-hopkins-cw-000462_crosswalk-candidate,cam-hopkins-cw-000462,cam-hopkins-crosswalk-000462;y2352;277;***;*****,src-cambridge-hopkins,metadata_only_until_verified,needs_human_inscription_crosswalk_review,2026-06-21
obs-insc-cw-cand-000463,inscription_crosswalk_candidate,corpus/002_oracle-bone-inscriptions/005_000401-000500_obs-insc-cw-bucket_crosswalk-candidates/463_obs-insc-cw-cand-000463_cam-hopkins-cw-000463_crosswalk-candidate,cam-hopkins-cw-000463,cam-hopkins-crosswalk-000463;y2359;302;***;*****,src-cambridge-hopkins,metadata_only_until_verified,needs_human_inscription_crosswalk_review,2026-06-21
obs-insc-cw-cand-000464,inscription_crosswalk_candidate,corpus/002_oracle-bone-inscriptions/005_000401-000500_obs-insc-cw-bucket_crosswalk-candidates/464_obs-insc-cw-cand-000464_cam-hopkins-cw-000464_crosswalk-candidate,cam-hopkins-cw-000464,cam-hopkins-crosswalk-000464;y2363;273;***;*****,src-cambridge-hopkins,metadata_only_until_verified,needs_human_inscription_crosswalk_review,2026-06-21
obs-insc-cw-cand-000465,inscription_crosswalk_candidate,corpus/002_oracle-bone-inscriptions/005_000401-000500_obs-insc-cw-bucket_crosswalk-candidates/465_obs-insc-cw-cand-000465_cam-hopkins-cw-000465_crosswalk-candidate,cam-hopkins-cw-000465,cam-hopkins-crosswalk-000465;y2366;578;189;41411,src-cambridge-hopkins,metadata_only_until_verified,needs_human_inscription_crosswalk_review,2026-06-21
obs-insc-cw-cand-000466,inscription_crosswalk_candidate,corpus/002_oracle-bone-inscriptions/005_000401-000500_obs-insc-cw-bucket_crosswalk-candidates/466_obs-insc-cw-cand-000466_cam-hopkins-cw-000466_crosswalk-candidate,cam-hopkins-cw-000466,cam-hopkins-crosswalk-000466;y2367;267;3;41322,src-cambridge-hopkins,metadata_only_until_verified,needs_human_inscription_crosswalk_review,2026-06-21
obs-insc-cw-cand-000467,inscription_crosswalk_candidate,corpus/002_oracle-bone-inscriptions/005_000401-000500_obs-insc-cw-bucket_crosswalk-candidates/467_obs-insc-cw-cand-000467_cam-hopkins-cw-000467_crosswalk-candidate,cam-hopkins-cw-000467,cam-hopkins-crosswalk-000467;y2369;287;***;*****,src-cambridge-hopkins,metadata_only_until_verified,needs_human_inscription_crosswalk_review,2026-06-21
obs-insc-cw-cand-000468,inscription_crosswalk_candidate,corpus/002_oracle-bone-inscriptions/005_000401-000500_obs-insc-cw-bucket_crosswalk-candidates/468_obs-insc-cw-cand-000468_cam-hopkins-cw-000468_crosswalk-candidate,cam-hopkins-cw-000468,cam-hopkins-crosswalk-000468;y2370;308;***;*****,src-cambridge-hopkins,metadata_only_until_verified,needs_human_inscription_crosswalk_review,2026-06-21
obs-insc-cw-cand-000469,inscription_crosswalk_candidate,corpus/002_oracle-bone-inscriptions/005_000401-000500_obs-insc-cw-bucket_crosswalk-candidates/469_obs-insc-cw-cand-000469_cam-hopkins-cw-000469_crosswalk-candidate,cam-hopkins-cw-000469,cam-hopkins-crosswalk-000469;y2373;573;351;41429,src-cambridge-hopkins,metadata_only_until_verified,needs_human_inscription_crosswalk_review,2026-06-21
obs-insc-cw-cand-000470,inscription_crosswalk_candidate,corpus/002_oracle-bone-inscriptions/005_000401-000500_obs-insc-cw-bucket_crosswalk-candidates/470_obs-insc-cw-cand-000470_cam-hopkins-cw-000470_crosswalk-candidate,cam-hopkins-cw-000470,cam-hopkins-crosswalk-000470;y2374;589;***;*****,src-cambridge-hopkins,metadata_only_until_verified,needs_human_inscription_crosswalk_review,2026-06-21
obs-insc-cw-cand-000471,inscription_crosswalk_candidate,corpus/002_oracle-bone-inscriptions/005_000401-000500_obs-insc-cw-bucket_crosswalk-candidates/471_obs-insc-cw-cand-000471_cam-hopkins-cw-000471_crosswalk-candidate,cam-hopkins-cw-000471,cam-hopkins-crosswalk-000471;y2375;297;186;*****,src-cambridge-hopkins,metadata_only_until_verified,needs_human_inscription_crosswalk_review,2026-06-21
obs-insc-cw-cand-000472,inscription_crosswalk_candidate,corpus/002_oracle-bone-inscriptions/005_000401-000500_obs-insc-cw-bucket_crosswalk-candidates/472_obs-insc-cw-cand-000472_cam-hopkins-cw-000472_crosswalk-candidate,cam-hopkins-cw-000472,cam-hopkins-crosswalk-000472;y2378;296;***;*****,src-cambridge-hopkins,metadata_only_until_verified,needs_human_inscription_crosswalk_review,2026-06-21
obs-insc-cw-cand-000473,inscription_crosswalk_candidate,corpus/002_oracle-bone-inscriptions/005_000401-000500_obs-insc-cw-bucket_crosswalk-candidates/473_obs-insc-cw-cand-000473_cam-hopkins-cw-000473_crosswalk-candidate,cam-hopkins-cw-000473,cam-hopkins-crosswalk-000473;y2379;291;176;*****,src-cambridge-hopkins,metadata_only_until_verified,needs_human_inscription_crosswalk_review,2026-06-21
obs-insc-cw-cand-000474,inscription_crosswalk_candidate,corpus/002_oracle-bone-inscriptions/005_000401-000500_obs-insc-cw-bucket_crosswalk-candidates/474_obs-insc-cw-cand-000474_cam-hopkins-cw-000474_crosswalk-candidate,cam-hopkins-cw-000474,cam-hopkins-crosswalk-000474;y2381;339;174;*****,src-cambridge-hopkins,metadata_only_until_verified,needs_human_inscription_crosswalk_review,2026-06-21
obs-insc-cw-cand-000475,inscription_crosswalk_candidate,corpus/002_oracle-bone-inscriptions/005_000401-000500_obs-insc-cw-bucket_crosswalk-candidates/475_obs-insc-cw-cand-000475_cam-hopkins-cw-000475_crosswalk-candidate,cam-hopkins-cw-000475,cam-hopkins-crosswalk-000475;y2383;221;96;*****,src-cambridge-hopkins,metadata_only_until_verified,needs_human_inscription_crosswalk_review,2026-06-21
obs-insc-cw-cand-000476,inscription_crosswalk_candidate,corpus/002_oracle-bone-inscriptions/005_000401-000500_obs-insc-cw-bucket_crosswalk-candidates/476_obs-insc-cw-cand-000476_cam-hopkins-cw-000476_crosswalk-candidate,cam-hopkins-cw-000476,cam-hopkins-crosswalk-000476;y2385;567;628;*****,src-cambridge-hopkins,metadata_only_until_verified,needs_human_inscription_crosswalk_review,2026-06-21
obs-insc-cw-cand-000477,inscription_crosswalk_candidate,corpus/002_oracle-bone-inscriptions/005_000401-000500_obs-insc-cw-bucket_crosswalk-candidates/477_obs-insc-cw-cand-000477_cam-hopkins-cw-000477_crosswalk-candidate,cam-hopkins-cw-000477,cam-hopkins-crosswalk-000477;y2386;568;494;*****,src-cambridge-hopkins,metadata_only_until_verified,needs_human_inscription_crosswalk_review,2026-06-21
obs-insc-cw-cand-000478,inscription_crosswalk_candidate,corpus/002_oracle-bone-inscriptions/005_000401-000500_obs-insc-cw-bucket_crosswalk-candidates/478_obs-insc-cw-cand-000478_cam-hopkins-cw-000478_crosswalk-candidate,cam-hopkins-cw-000478,cam-hopkins-crosswalk-000478;y2387;566;***;*****,src-cambridge-hopkins,metadata_only_until_verified,needs_human_inscription_crosswalk_review,2026-06-21
obs-insc-cw-cand-000479,inscription_crosswalk_candidate,corpus/002_oracle-bone-inscriptions/005_000401-000500_obs-insc-cw-bucket_crosswalk-candidates/479_obs-insc-cw-cand-000479_cam-hopkins-cw-000479_crosswalk-candidate,cam-hopkins-cw-000479,cam-hopkins-crosswalk-000479;y2388;530;***;*****,src-cambridge-hopkins,metadata_only_until_verified,needs_human_inscription_crosswalk_review,2026-06-21
obs-insc-cw-cand-000480,inscription_crosswalk_candidate,corpus/002_oracle-bone-inscriptions/005_000401-000500_obs-insc-cw-bucket_crosswalk-candidates/480_obs-insc-cw-cand-000480_cam-hopkins-cw-000480_crosswalk-candidate,cam-hopkins-cw-000480,cam-hopkins-crosswalk-000480;y2393;A3;***;*****,src-cambridge-hopkins,metadata_only_until_verified,needs_human_inscription_crosswalk_review,2026-06-21
obs-insc-cw-cand-000481,inscription_crosswalk_candidate,corpus/002_oracle-bone-inscriptions/005_000401-000500_obs-insc-cw-bucket_crosswalk-candidates/481_obs-insc-cw-cand-000481_cam-hopkins-cw-000481_crosswalk-candidate,cam-hopkins-cw-000481,cam-hopkins-crosswalk-000481;y2397;240;394;*****,src-cambridge-hopkins,metadata_only_until_verified,needs_human_inscription_crosswalk_review,2026-06-21
obs-insc-cw-cand-000482,inscription_crosswalk_candidate,corpus/002_oracle-bone-inscriptions/005_000401-000500_obs-insc-cw-bucket_crosswalk-candidates/482_obs-insc-cw-cand-000482_cam-hopkins-cw-000482_crosswalk-candidate,cam-hopkins-cw-000482,cam-hopkins-crosswalk-000482;y2398;580;354;41468,src-cambridge-hopkins,metadata_only_until_verified,needs_human_inscription_crosswalk_review,2026-06-21
obs-insc-cw-cand-000483,inscription_crosswalk_candidate,corpus/002_oracle-bone-inscriptions/005_000401-000500_obs-insc-cw-bucket_crosswalk-candidates/483_obs-insc-cw-cand-000483_cam-hopkins-cw-000483_crosswalk-candidate,cam-hopkins-cw-000483,cam-hopkins-crosswalk-000483;y2400;299;365;41474,src-cambridge-hopkins,metadata_only_until_verified,needs_human_inscription_crosswalk_review,2026-06-21
obs-insc-cw-cand-000484,inscription_crosswalk_candidate,corpus/002_oracle-bone-inscriptions/005_000401-000500_obs-insc-cw-bucket_crosswalk-candidates/484_obs-insc-cw-cand-000484_cam-hopkins-cw-000484_crosswalk-candidate,cam-hopkins-cw-000484,cam-hopkins-crosswalk-000484;y2402;82;375;39577,src-cambridge-hopkins,metadata_only_until_verified,needs_human_inscription_crosswalk_review,2026-06-21
obs-insc-cw-cand-000485,inscription_crosswalk_candidate,corpus/002_oracle-bone-inscriptions/005_000401-000500_obs-insc-cw-bucket_crosswalk-candidates/485_obs-insc-cw-cand-000485_cam-hopkins-cw-000485_crosswalk-candidate,cam-hopkins-cw-000485,cam-hopkins-crosswalk-000485;y2402;86;120;41458,src-cambridge-hopkins,metadata_only_until_verified,needs_human_inscription_crosswalk_review,2026-06-21
obs-insc-cw-cand-000486,inscription_crosswalk_candidate,corpus/002_oracle-bone-inscriptions/005_000401-000500_obs-insc-cw-bucket_crosswalk-candidates/486_obs-insc-cw-cand-000486_cam-hopkins-cw-000486_crosswalk-candidate,cam-hopkins-cw-000486,cam-hopkins-crosswalk-000486;y2406;288;191;*****,src-cambridge-hopkins,metadata_only_until_verified,needs_human_inscription_crosswalk_review,2026-06-21
obs-insc-cw-cand-000487,inscription_crosswalk_candidate,corpus/002_oracle-bone-inscriptions/005_000401-000500_obs-insc-cw-bucket_crosswalk-candidates/487_obs-insc-cw-cand-000487_cam-hopkins-cw-000487_crosswalk-candidate,cam-hopkins-cw-000487,cam-hopkins-crosswalk-000487;y2408;579;29;41488,src-cambridge-hopkins,metadata_only_until_verified,needs_human_inscription_crosswalk_review,2026-06-21
obs-insc-cw-cand-000488,inscription_crosswalk_candidate,corpus/002_oracle-bone-inscriptions/005_000401-000500_obs-insc-cw-bucket_crosswalk-candidates/488_obs-insc-cw-cand-000488_cam-hopkins-cw-000488_crosswalk-candidate,cam-hopkins-cw-000488,cam-hopkins-crosswalk-000488;y2410;324;***;*****,src-cambridge-hopkins,metadata_only_until_verified,needs_human_inscription_crosswalk_review,2026-06-21
obs-insc-cw-cand-000489,inscription_crosswalk_candidate,corpus/002_oracle-bone-inscriptions/005_000401-000500_obs-insc-cw-bucket_crosswalk-candidates/489_obs-insc-cw-cand-000489_cam-hopkins-cw-000489_crosswalk-candidate,cam-hopkins-cw-000489,cam-hopkins-crosswalk-000489;y2411;583;118;41461,src-cambridge-hopkins,metadata_only_until_verified,needs_human_inscription_crosswalk_review,2026-06-21
obs-insc-cw-cand-000490,inscription_crosswalk_candidate,corpus/002_oracle-bone-inscriptions/005_000401-000500_obs-insc-cw-bucket_crosswalk-candidates/490_obs-insc-cw-cand-000490_cam-hopkins-cw-000490_crosswalk-candidate,cam-hopkins-cw-000490,cam-hopkins-crosswalk-000490;y2413;281;349;41503,src-cambridge-hopkins,metadata_only_until_verified,needs_human_inscription_crosswalk_review,2026-06-21
obs-insc-cw-cand-000491,inscription_crosswalk_candidate,corpus/002_oracle-bone-inscriptions/005_000401-000500_obs-insc-cw-bucket_crosswalk-candidates/491_obs-insc-cw-cand-000491_cam-hopkins-cw-000491_crosswalk-candidate,cam-hopkins-cw-000491,cam-hopkins-crosswalk-000491;y2414;332;188;41691,src-cambridge-hopkins,metadata_only_until_verified,needs_human_inscription_crosswalk_review,2026-06-21
obs-insc-cw-cand-000492,inscription_crosswalk_candidate,corpus/002_oracle-bone-inscriptions/005_000401-000500_obs-insc-cw-bucket_crosswalk-candidates/492_obs-insc-cw-cand-000492_cam-hopkins-cw-000492_crosswalk-candidate,cam-hopkins-cw-000492,cam-hopkins-crosswalk-000492;y2415;65;***;*****,src-cambridge-hopkins,metadata_only_until_verified,needs_human_inscription_crosswalk_review,2026-06-21
obs-insc-cw-cand-000493,inscription_crosswalk_candidate,corpus/002_oracle-bone-inscriptions/005_000401-000500_obs-insc-cw-bucket_crosswalk-candidates/493_obs-insc-cw-cand-000493_cam-hopkins-cw-000493_crosswalk-candidate,cam-hopkins-cw-000493,cam-hopkins-crosswalk-000493;y2417;335;385;40920,src-cambridge-hopkins,metadata_only_until_verified,needs_human_inscription_crosswalk_review,2026-06-21
obs-insc-cw-cand-000494,inscription_crosswalk_candidate,corpus/002_oracle-bone-inscriptions/005_000401-000500_obs-insc-cw-bucket_crosswalk-candidates/494_obs-insc-cw-cand-000494_cam-hopkins-cw-000494_crosswalk-candidate,cam-hopkins-cw-000494,cam-hopkins-crosswalk-000494;y2422;333;200;41527,src-cambridge-hopkins,metadata_only_until_verified,needs_human_inscription_crosswalk_review,2026-06-21
obs-insc-cw-cand-000495,inscription_crosswalk_candidate,corpus/002_oracle-bone-inscriptions/005_000401-000500_obs-insc-cw-bucket_crosswalk-candidates/495_obs-insc-cw-cand-000495_cam-hopkins-cw-000495_crosswalk-candidate,cam-hopkins-cw-000495,cam-hopkins-crosswalk-000495;y2423;576;392;41526,src-cambridge-hopkins,metadata_only_until_verified,needs_human_inscription_crosswalk_review,2026-06-21
obs-insc-cw-cand-000496,inscription_crosswalk_candidate,corpus/002_oracle-bone-inscriptions/005_000401-000500_obs-insc-cw-bucket_crosswalk-candidates/496_obs-insc-cw-cand-000496_cam-hopkins-cw-000496_crosswalk-candidate,cam-hopkins-cw-000496,cam-hopkins-crosswalk-000496;y2431;334;205;41542,src-cambridge-hopkins,metadata_only_until_verified,needs_human_inscription_crosswalk_review,2026-06-21
obs-insc-cw-cand-000497,inscription_crosswalk_candidate,corpus/002_oracle-bone-inscriptions/005_000401-000500_obs-insc-cw-bucket_crosswalk-candidates/497_obs-insc-cw-cand-000497_cam-hopkins-cw-000497_crosswalk-candidate,cam-hopkins-cw-000497,cam-hopkins-crosswalk-000497;y2432;336;184;41560,src-cambridge-hopkins,metadata_only_until_verified,needs_human_inscription_crosswalk_review,2026-06-21
obs-insc-cw-cand-000498,inscription_crosswalk_candidate,corpus/002_oracle-bone-inscriptions/005_000401-000500_obs-insc-cw-bucket_crosswalk-candidates/498_obs-insc-cw-cand-000498_cam-hopkins-cw-000498_crosswalk-candidate,cam-hopkins-cw-000498,cam-hopkins-crosswalk-000498;y2435;577;369;41511,src-cambridge-hopkins,metadata_only_until_verified,needs_human_inscription_crosswalk_review,2026-06-21
obs-insc-cw-cand-000499,inscription_crosswalk_candidate,corpus/002_oracle-bone-inscriptions/005_000401-000500_obs-insc-cw-bucket_crosswalk-candidates/499_obs-insc-cw-cand-000499_cam-hopkins-cw-000499_crosswalk-candidate,cam-hopkins-cw-000499,cam-hopkins-crosswalk-000499;y2436;293;187;*****,src-cambridge-hopkins,metadata_only_until_verified,needs_human_inscription_crosswalk_review,2026-06-21
obs-insc-cw-cand-000500,inscription_crosswalk_candidate,corpus/002_oracle-bone-inscriptions/005_000401-000500_obs-insc-cw-bucket_crosswalk-candidates/500_obs-insc-cw-cand-000500_cam-hopkins-cw-000500_crosswalk-candidate,cam-hopkins-cw-000500,cam-hopkins-crosswalk-000500;y2439;582;***;*****,src-cambridge-hopkins,metadata_only_until_verified,needs_human_inscription_crosswalk_review,2026-06-21
obs-insc-cw-cand-000501,inscription_crosswalk_candidate,corpus/002_oracle-bone-inscriptions/006_000501-000600_obs-insc-cw-bucket_crosswalk-candidates/501_obs-insc-cw-cand-000501_cam-hopkins-cw-000501_crosswalk-candidate,cam-hopkins-cw-000501,cam-hopkins-crosswalk-000501;y2440;581;***;*****,src-cambridge-hopkins,metadata_only_until_verified,needs_human_inscription_crosswalk_review,2026-06-21
obs-insc-cw-cand-000502,inscription_crosswalk_candidate,corpus/002_oracle-bone-inscriptions/006_000501-000600_obs-insc-cw-bucket_crosswalk-candidates/502_obs-insc-cw-cand-000502_cam-hopkins-cw-000502_crosswalk-candidate,cam-hopkins-cw-000502,cam-hopkins-crosswalk-000502;y2441;594;***;*****,src-cambridge-hopkins,metadata_only_until_verified,needs_human_inscription_crosswalk_review,2026-06-21
obs-insc-cw-cand-000503,inscription_crosswalk_candidate,corpus/002_oracle-bone-inscriptions/006_000501-000600_obs-insc-cw-bucket_crosswalk-candidates/503_obs-insc-cw-cand-000503_cam-hopkins-cw-000503_crosswalk-candidate,cam-hopkins-cw-000503,cam-hopkins-crosswalk-000503;y2443;590;399;41660,src-cambridge-hopkins,metadata_only_until_verified,needs_human_inscription_crosswalk_review,2026-06-21
obs-insc-cw-cand-000504,inscription_crosswalk_candidate,corpus/002_oracle-bone-inscriptions/006_000501-000600_obs-insc-cw-bucket_crosswalk-candidates/504_obs-insc-cw-cand-000504_cam-hopkins-cw-000504_crosswalk-candidate,cam-hopkins-cw-000504,cam-hopkins-crosswalk-000504;y2444;290;201;41655,src-cambridge-hopkins,metadata_only_until_verified,needs_human_inscription_crosswalk_review,2026-06-21
obs-insc-cw-cand-000505,inscription_crosswalk_candidate,corpus/002_oracle-bone-inscriptions/006_000501-000600_obs-insc-cw-bucket_crosswalk-candidates/505_obs-insc-cw-cand-000505_cam-hopkins-cw-000505_crosswalk-candidate,cam-hopkins-cw-000505,cam-hopkins-crosswalk-000505;y2462;292;183;41628,src-cambridge-hopkins,metadata_only_until_verified,needs_human_inscription_crosswalk_review,2026-06-21
obs-insc-cw-cand-000506,inscription_crosswalk_candidate,corpus/002_oracle-bone-inscriptions/006_000501-000600_obs-insc-cw-bucket_crosswalk-candidates/506_obs-insc-cw-cand-000506_cam-hopkins-cw-000506_crosswalk-candidate,cam-hopkins-cw-000506,cam-hopkins-crosswalk-000506;y2465;591;379;41638,src-cambridge-hopkins,metadata_only_until_verified,needs_human_inscription_crosswalk_review,2026-06-21
obs-insc-cw-cand-000507,inscription_crosswalk_candidate,corpus/002_oracle-bone-inscriptions/006_000501-000600_obs-insc-cw-bucket_crosswalk-candidates/507_obs-insc-cw-cand-000507_cam-hopkins-cw-000507_crosswalk-candidate,cam-hopkins-cw-000507,cam-hopkins-crosswalk-000507;y2466;325;393;41303,src-cambridge-hopkins,metadata_only_until_verified,needs_human_inscription_crosswalk_review,2026-06-21
obs-insc-cw-cand-000508,inscription_crosswalk_candidate,corpus/002_oracle-bone-inscriptions/006_000501-000600_obs-insc-cw-bucket_crosswalk-candidates/508_obs-insc-cw-cand-000508_cam-hopkins-cw-000508_crosswalk-candidate,cam-hopkins-cw-000508,cam-hopkins-crosswalk-000508;y2483;331;396;*****,src-cambridge-hopkins,metadata_only_until_verified,needs_human_inscription_crosswalk_review,2026-06-21
obs-insc-cw-cand-000509,inscription_crosswalk_candidate,corpus/002_oracle-bone-inscriptions/006_000501-000600_obs-insc-cw-bucket_crosswalk-candidates/509_obs-insc-cw-cand-000509_cam-hopkins-cw-000509_crosswalk-candidate,cam-hopkins-cw-000509,cam-hopkins-crosswalk-000509;y2487;588;400;*****,src-cambridge-hopkins,metadata_only_until_verified,needs_human_inscription_crosswalk_review,2026-06-21
obs-insc-cw-cand-000510,inscription_crosswalk_candidate,corpus/002_oracle-bone-inscriptions/006_000501-000600_obs-insc-cw-bucket_crosswalk-candidates/510_obs-insc-cw-cand-000510_cam-hopkins-cw-000510_crosswalk-candidate,cam-hopkins-cw-000510,cam-hopkins-crosswalk-000510;y2490;319;***;*****,src-cambridge-hopkins,metadata_only_until_verified,needs_human_inscription_crosswalk_review,2026-06-21
obs-insc-cw-cand-000511,inscription_crosswalk_candidate,corpus/002_oracle-bone-inscriptions/006_000501-000600_obs-insc-cw-bucket_crosswalk-candidates/511_obs-insc-cw-cand-000511_cam-hopkins-cw-000511_crosswalk-candidate,cam-hopkins-cw-000511,cam-hopkins-crosswalk-000511;y2492;313;***;*****,src-cambridge-hopkins,metadata_only_until_verified,needs_human_inscription_crosswalk_review,2026-06-21
obs-insc-cw-cand-000512,inscription_crosswalk_candidate,corpus/002_oracle-bone-inscriptions/006_000501-000600_obs-insc-cw-bucket_crosswalk-candidates/512_obs-insc-cw-cand-000512_cam-hopkins-cw-000512_crosswalk-candidate,cam-hopkins-cw-000512,cam-hopkins-crosswalk-000512;y2493;320;***;*****,src-cambridge-hopkins,metadata_only_until_verified,needs_human_inscription_crosswalk_review,2026-06-21
obs-insc-cw-cand-000513,inscription_crosswalk_candidate,corpus/002_oracle-bone-inscriptions/006_000501-000600_obs-insc-cw-bucket_crosswalk-candidates/513_obs-insc-cw-cand-000513_cam-hopkins-cw-000513_crosswalk-candidate,cam-hopkins-cw-000513,cam-hopkins-crosswalk-000513;y2498;321;***;*****,src-cambridge-hopkins,metadata_only_until_verified,needs_human_inscription_crosswalk_review,2026-06-21
obs-insc-cw-cand-000514,inscription_crosswalk_candidate,corpus/002_oracle-bone-inscriptions/006_000501-000600_obs-insc-cw-bucket_crosswalk-candidates/514_obs-insc-cw-cand-000514_cam-hopkins-cw-000514_crosswalk-candidate,cam-hopkins-cw-000514,cam-hopkins-crosswalk-000514;y2501;311;***;*****,src-cambridge-hopkins,metadata_only_until_verified,needs_human_inscription_crosswalk_review,2026-06-21
obs-insc-cw-cand-000515,inscription_crosswalk_candidate,corpus/002_oracle-bone-inscriptions/006_000501-000600_obs-insc-cw-bucket_crosswalk-candidates/515_obs-insc-cw-cand-000515_cam-hopkins-cw-000515_crosswalk-candidate,cam-hopkins-cw-000515,cam-hopkins-crosswalk-000515;y2502;355;550;40921,src-cambridge-hopkins,metadata_only_until_verified,needs_human_inscription_crosswalk_review,2026-06-21
obs-insc-cw-cand-000516,inscription_crosswalk_candidate,corpus/002_oracle-bone-inscriptions/006_000501-000600_obs-insc-cw-bucket_crosswalk-candidates/516_obs-insc-cw-cand-000516_cam-hopkins-cw-000516_crosswalk-candidate,cam-hopkins-cw-000516,cam-hopkins-crosswalk-000516;y2503;344;382;41723,src-cambridge-hopkins,metadata_only_until_verified,needs_human_inscription_crosswalk_review,2026-06-21
obs-insc-cw-cand-000517,inscription_crosswalk_candidate,corpus/002_oracle-bone-inscriptions/006_000501-000600_obs-insc-cw-bucket_crosswalk-candidates/517_obs-insc-cw-cand-000517_cam-hopkins-cw-000517_crosswalk-candidate,cam-hopkins-cw-000517,cam-hopkins-crosswalk-000517;y2504;374;579;41696,src-cambridge-hopkins,metadata_only_until_verified,needs_human_inscription_crosswalk_review,2026-06-21
obs-insc-cw-cand-000518,inscription_crosswalk_candidate,corpus/002_oracle-bone-inscriptions/006_000501-000600_obs-insc-cw-bucket_crosswalk-candidates/518_obs-insc-cw-cand-000518_cam-hopkins-cw-000518_crosswalk-candidate,cam-hopkins-cw-000518,cam-hopkins-crosswalk-000518;y2506;380;***;*****,src-cambridge-hopkins,metadata_only_until_verified,needs_human_inscription_crosswalk_review,2026-06-21
obs-insc-cw-cand-000519,inscription_crosswalk_candidate,corpus/002_oracle-bone-inscriptions/006_000501-000600_obs-insc-cw-bucket_crosswalk-candidates/519_obs-insc-cw-cand-000519_cam-hopkins-cw-000519_crosswalk-candidate,cam-hopkins-cw-000519,cam-hopkins-crosswalk-000519;y2507;379;691;*****,src-cambridge-hopkins,metadata_only_until_verified,needs_human_inscription_crosswalk_review,2026-06-21
obs-insc-cw-cand-000520,inscription_crosswalk_candidate,corpus/002_oracle-bone-inscriptions/006_000501-000600_obs-insc-cw-bucket_crosswalk-candidates/520_obs-insc-cw-cand-000520_cam-hopkins-cw-000520_crosswalk-candidate,cam-hopkins-cw-000520,cam-hopkins-crosswalk-000520;y2508;343;743;41709,src-cambridge-hopkins,metadata_only_until_verified,needs_human_inscription_crosswalk_review,2026-06-21
obs-insc-cw-cand-000521,inscription_crosswalk_candidate,corpus/002_oracle-bone-inscriptions/006_000501-000600_obs-insc-cw-bucket_crosswalk-candidates/521_obs-insc-cw-cand-000521_cam-hopkins-cw-000521_crosswalk-candidate,cam-hopkins-cw-000521,cam-hopkins-crosswalk-000521;y2509;361;551;*****,src-cambridge-hopkins,metadata_only_until_verified,needs_human_inscription_crosswalk_review,2026-06-21
obs-insc-cw-cand-000522,inscription_crosswalk_candidate,corpus/002_oracle-bone-inscriptions/006_000501-000600_obs-insc-cw-bucket_crosswalk-candidates/522_obs-insc-cw-cand-000522_cam-hopkins-cw-000522_crosswalk-candidate,cam-hopkins-cw-000522,cam-hopkins-crosswalk-000522;y2510;354;518;41717,src-cambridge-hopkins,metadata_only_until_verified,needs_human_inscription_crosswalk_review,2026-06-21
obs-insc-cw-cand-000523,inscription_crosswalk_candidate,corpus/002_oracle-bone-inscriptions/006_000501-000600_obs-insc-cw-bucket_crosswalk-candidates/523_obs-insc-cw-cand-000523_cam-hopkins-cw-000523_crosswalk-candidate,cam-hopkins-cw-000523,cam-hopkins-crosswalk-000523;y2513;353;334;41695,src-cambridge-hopkins,metadata_only_until_verified,needs_human_inscription_crosswalk_review,2026-06-21
obs-insc-cw-cand-000524,inscription_crosswalk_candidate,corpus/002_oracle-bone-inscriptions/006_000501-000600_obs-insc-cw-bucket_crosswalk-candidates/524_obs-insc-cw-cand-000524_cam-hopkins-cw-000524_crosswalk-candidate,cam-hopkins-cw-000524,cam-hopkins-crosswalk-000524;y2514;555;735;41739,src-cambridge-hopkins,metadata_only_until_verified,needs_human_inscription_crosswalk_review,2026-06-21
obs-insc-cw-cand-000525,inscription_crosswalk_candidate,corpus/002_oracle-bone-inscriptions/006_000501-000600_obs-insc-cw-bucket_crosswalk-candidates/525_obs-insc-cw-cand-000525_cam-hopkins-cw-000525_crosswalk-candidate,cam-hopkins-cw-000525,cam-hopkins-crosswalk-000525;y2518;554;740;41741,src-cambridge-hopkins,metadata_only_until_verified,needs_human_inscription_crosswalk_review,2026-06-21
obs-insc-cw-cand-000526,inscription_crosswalk_candidate,corpus/002_oracle-bone-inscriptions/006_000501-000600_obs-insc-cw-bucket_crosswalk-candidates/526_obs-insc-cw-cand-000526_cam-hopkins-cw-000526_crosswalk-candidate,cam-hopkins-cw-000526,cam-hopkins-crosswalk-000526;y2519;564;471;*****,src-cambridge-hopkins,metadata_only_until_verified,needs_human_inscription_crosswalk_review,2026-06-21
obs-insc-cw-cand-000527,inscription_crosswalk_candidate,corpus/002_oracle-bone-inscriptions/006_000501-000600_obs-insc-cw-bucket_crosswalk-candidates/527_obs-insc-cw-cand-000527_cam-hopkins-cw-000527_crosswalk-candidate,cam-hopkins-cw-000527,cam-hopkins-crosswalk-000527;y2523;365;493;41756,src-cambridge-hopkins,metadata_only_until_verified,needs_human_inscription_crosswalk_review,2026-06-21
obs-insc-cw-cand-000528,inscription_crosswalk_candidate,corpus/002_oracle-bone-inscriptions/006_000501-000600_obs-insc-cw-bucket_crosswalk-candidates/528_obs-insc-cw-cand-000528_cam-hopkins-cw-000528_crosswalk-candidate,cam-hopkins-cw-000528,cam-hopkins-crosswalk-000528;y2524;348;584;41753,src-cambridge-hopkins,metadata_only_until_verified,needs_human_inscription_crosswalk_review,2026-06-21
obs-insc-cw-cand-000529,inscription_crosswalk_candidate,corpus/002_oracle-bone-inscriptions/006_000501-000600_obs-insc-cw-bucket_crosswalk-candidates/529_obs-insc-cw-cand-000529_cam-hopkins-cw-000529_crosswalk-candidate,cam-hopkins-cw-000529,cam-hopkins-crosswalk-000529;y2525;265;728;41754,src-cambridge-hopkins,metadata_only_until_verified,needs_human_inscription_crosswalk_review,2026-06-21
obs-insc-cw-cand-000530,inscription_crosswalk_candidate,corpus/002_oracle-bone-inscriptions/006_000501-000600_obs-insc-cw-bucket_crosswalk-candidates/530_obs-insc-cw-cand-000530_cam-hopkins-cw-000530_crosswalk-candidate,cam-hopkins-cw-000530,cam-hopkins-crosswalk-000530;y2526;258;603;41342,src-cambridge-hopkins,metadata_only_until_verified,needs_human_inscription_crosswalk_review,2026-06-21
obs-insc-cw-cand-000531,inscription_crosswalk_candidate,corpus/002_oracle-bone-inscriptions/006_000501-000600_obs-insc-cw-bucket_crosswalk-candidates/531_obs-insc-cw-cand-000531_cam-hopkins-cw-000531_crosswalk-candidate,cam-hopkins-cw-000531,cam-hopkins-crosswalk-000531;y2527;377;519;41747,src-cambridge-hopkins,metadata_only_until_verified,needs_human_inscription_crosswalk_review,2026-06-21
obs-insc-cw-cand-000532,inscription_crosswalk_candidate,corpus/002_oracle-bone-inscriptions/006_000501-000600_obs-insc-cw-bucket_crosswalk-candidates/532_obs-insc-cw-cand-000532_cam-hopkins-cw-000532_crosswalk-candidate,cam-hopkins-cw-000532,cam-hopkins-crosswalk-000532;y2529;362;***;*****,src-cambridge-hopkins,metadata_only_until_verified,needs_human_inscription_crosswalk_review,2026-06-21
obs-insc-cw-cand-000533,inscription_crosswalk_candidate,corpus/002_oracle-bone-inscriptions/006_000501-000600_obs-insc-cw-bucket_crosswalk-candidates/533_obs-insc-cw-cand-000533_cam-hopkins-cw-000533_crosswalk-candidate,cam-hopkins-cw-000533,cam-hopkins-crosswalk-000533;y2530;345;578;41771,src-cambridge-hopkins,metadata_only_until_verified,needs_human_inscription_crosswalk_review,2026-06-21
obs-insc-cw-cand-000534,inscription_crosswalk_candidate,corpus/002_oracle-bone-inscriptions/006_000501-000600_obs-insc-cw-bucket_crosswalk-candidates/534_obs-insc-cw-cand-000534_cam-hopkins-cw-000534_crosswalk-candidate,cam-hopkins-cw-000534,cam-hopkins-crosswalk-000534;y2531;351;627;41772,src-cambridge-hopkins,metadata_only_until_verified,needs_human_inscription_crosswalk_review,2026-06-21
obs-insc-cw-cand-000535,inscription_crosswalk_candidate,corpus/002_oracle-bone-inscriptions/006_000501-000600_obs-insc-cw-bucket_crosswalk-candidates/535_obs-insc-cw-cand-000535_cam-hopkins-cw-000535_crosswalk-candidate,cam-hopkins-cw-000535,cam-hopkins-crosswalk-000535;y2532;346;458a;41770,src-cambridge-hopkins,metadata_only_until_verified,needs_human_inscription_crosswalk_review,2026-06-21
obs-insc-cw-cand-000536,inscription_crosswalk_candidate,corpus/002_oracle-bone-inscriptions/006_000501-000600_obs-insc-cw-bucket_crosswalk-candidates/536_obs-insc-cw-cand-000536_cam-hopkins-cw-000536_crosswalk-candidate,cam-hopkins-cw-000536,cam-hopkins-crosswalk-000536;y2533;349;458b;41773,src-cambridge-hopkins,metadata_only_until_verified,needs_human_inscription_crosswalk_review,2026-06-21
obs-insc-cw-cand-000537,inscription_crosswalk_candidate,corpus/002_oracle-bone-inscriptions/006_000501-000600_obs-insc-cw-bucket_crosswalk-candidates/537_obs-insc-cw-cand-000537_cam-hopkins-cw-000537_crosswalk-candidate,cam-hopkins-cw-000537,cam-hopkins-crosswalk-000537;y2538;342;448;41761,src-cambridge-hopkins,metadata_only_until_verified,needs_human_inscription_crosswalk_review,2026-06-21
obs-insc-cw-cand-000538,inscription_crosswalk_candidate,corpus/002_oracle-bone-inscriptions/006_000501-000600_obs-insc-cw-bucket_crosswalk-candidates/538_obs-insc-cw-cand-000538_cam-hopkins-cw-000538_crosswalk-candidate,cam-hopkins-cw-000538,cam-hopkins-crosswalk-000538;y2540;368;464;41803,src-cambridge-hopkins,metadata_only_until_verified,needs_human_inscription_crosswalk_review,2026-06-21
obs-insc-cw-cand-000539,inscription_crosswalk_candidate,corpus/002_oracle-bone-inscriptions/006_000501-000600_obs-insc-cw-bucket_crosswalk-candidates/539_obs-insc-cw-cand-000539_cam-hopkins-cw-000539_crosswalk-candidate,cam-hopkins-cw-000539,cam-hopkins-crosswalk-000539;y2541;366;463;41804,src-cambridge-hopkins,metadata_only_until_verified,needs_human_inscription_crosswalk_review,2026-06-21
obs-insc-cw-cand-000540,inscription_crosswalk_candidate,corpus/002_oracle-bone-inscriptions/006_000501-000600_obs-insc-cw-bucket_crosswalk-candidates/540_obs-insc-cw-cand-000540_cam-hopkins-cw-000540_crosswalk-candidate,cam-hopkins-cw-000540,cam-hopkins-crosswalk-000540;y2542;375;742;41802,src-cambridge-hopkins,metadata_only_until_verified,needs_human_inscription_crosswalk_review,2026-06-21
obs-insc-cw-cand-000541,inscription_crosswalk_candidate,corpus/002_oracle-bone-inscriptions/006_000501-000600_obs-insc-cw-bucket_crosswalk-candidates/541_obs-insc-cw-cand-000541_cam-hopkins-cw-000541_crosswalk-candidate,cam-hopkins-cw-000541,cam-hopkins-crosswalk-000541;y2543;367;588;41810,src-cambridge-hopkins,metadata_only_until_verified,needs_human_inscription_crosswalk_review,2026-06-21
obs-insc-cw-cand-000542,inscription_crosswalk_candidate,corpus/002_oracle-bone-inscriptions/006_000501-000600_obs-insc-cw-bucket_crosswalk-candidates/542_obs-insc-cw-cand-000542_cam-hopkins-cw-000542_crosswalk-candidate,cam-hopkins-cw-000542,cam-hopkins-crosswalk-000542;y2544;370;580;41811,src-cambridge-hopkins,metadata_only_until_verified,needs_human_inscription_crosswalk_review,2026-06-21
obs-insc-cw-cand-000543,inscription_crosswalk_candidate,corpus/002_oracle-bone-inscriptions/006_000501-000600_obs-insc-cw-bucket_crosswalk-candidates/543_obs-insc-cw-cand-000543_cam-hopkins-cw-000543_crosswalk-candidate,cam-hopkins-cw-000543,cam-hopkins-crosswalk-000543;y2545;369;577;41829,src-cambridge-hopkins,metadata_only_until_verified,needs_human_inscription_crosswalk_review,2026-06-21
obs-insc-cw-cand-000544,inscription_crosswalk_candidate,corpus/002_oracle-bone-inscriptions/006_000501-000600_obs-insc-cw-bucket_crosswalk-candidates/544_obs-insc-cw-cand-000544_cam-hopkins-cw-000544_crosswalk-candidate,cam-hopkins-cw-000544,cam-hopkins-crosswalk-000544;y2546;358;453;41819,src-cambridge-hopkins,metadata_only_until_verified,needs_human_inscription_crosswalk_review,2026-06-21
obs-insc-cw-cand-000545,inscription_crosswalk_candidate,corpus/002_oracle-bone-inscriptions/006_000501-000600_obs-insc-cw-bucket_crosswalk-candidates/545_obs-insc-cw-cand-000545_cam-hopkins-cw-000545_crosswalk-candidate,cam-hopkins-cw-000545,cam-hopkins-crosswalk-000545;y2547;376;549;41824,src-cambridge-hopkins,metadata_only_until_verified,needs_human_inscription_crosswalk_review,2026-06-21
obs-insc-cw-cand-000546,inscription_crosswalk_candidate,corpus/002_oracle-bone-inscriptions/006_000501-000600_obs-insc-cw-bucket_crosswalk-candidates/546_obs-insc-cw-cand-000546_cam-hopkins-cw-000546_crosswalk-candidate,cam-hopkins-cw-000546,cam-hopkins-crosswalk-000546;y2551;373;492;41830,src-cambridge-hopkins,metadata_only_until_verified,needs_human_inscription_crosswalk_review,2026-06-21
obs-insc-cw-cand-000547,inscription_crosswalk_candidate,corpus/002_oracle-bone-inscriptions/006_000501-000600_obs-insc-cw-bucket_crosswalk-candidates/547_obs-insc-cw-cand-000547_cam-hopkins-cw-000547_crosswalk-candidate,cam-hopkins-cw-000547,cam-hopkins-crosswalk-000547;y2552;372;512;41831,src-cambridge-hopkins,metadata_only_until_verified,needs_human_inscription_crosswalk_review,2026-06-21
obs-insc-cw-cand-000548,inscription_crosswalk_candidate,corpus/002_oracle-bone-inscriptions/006_000501-000600_obs-insc-cw-bucket_crosswalk-candidates/548_obs-insc-cw-cand-000548_cam-hopkins-cw-000548_crosswalk-candidate,cam-hopkins-cw-000548,cam-hopkins-crosswalk-000548;y2555;359;452;41818,src-cambridge-hopkins,metadata_only_until_verified,needs_human_inscription_crosswalk_review,2026-06-21
obs-insc-cw-cand-000549,inscription_crosswalk_candidate,corpus/002_oracle-bone-inscriptions/006_000501-000600_obs-insc-cw-bucket_crosswalk-candidates/549_obs-insc-cw-cand-000549_cam-hopkins-cw-000549_crosswalk-candidate,cam-hopkins-cw-000549,cam-hopkins-crosswalk-000549;y2556;371;532;41763,src-cambridge-hopkins,metadata_only_until_verified,needs_human_inscription_crosswalk_review,2026-06-21
obs-insc-cw-cand-000550,inscription_crosswalk_candidate,corpus/002_oracle-bone-inscriptions/006_000501-000600_obs-insc-cw-bucket_crosswalk-candidates/550_obs-insc-cw-cand-000550_cam-hopkins-cw-000550_crosswalk-candidate,cam-hopkins-cw-000550,cam-hopkins-crosswalk-000550;y2557;269;469;41765,src-cambridge-hopkins,metadata_only_until_verified,needs_human_inscription_crosswalk_review,2026-06-21
obs-insc-cw-cand-000551,inscription_crosswalk_candidate,corpus/002_oracle-bone-inscriptions/006_000501-000600_obs-insc-cw-bucket_crosswalk-candidates/551_obs-insc-cw-cand-000551_cam-hopkins-cw-000551_crosswalk-candidate,cam-hopkins-cw-000551,cam-hopkins-crosswalk-000551;y2559;352;615;41764,src-cambridge-hopkins,metadata_only_until_verified,needs_human_inscription_crosswalk_review,2026-06-21
obs-insc-cw-cand-000552,inscription_crosswalk_candidate,corpus/002_oracle-bone-inscriptions/006_000501-000600_obs-insc-cw-bucket_crosswalk-candidates/552_obs-insc-cw-cand-000552_cam-hopkins-cw-000552_crosswalk-candidate,cam-hopkins-cw-000552,cam-hopkins-crosswalk-000552;y2560;360;689;*****,src-cambridge-hopkins,metadata_only_until_verified,needs_human_inscription_crosswalk_review,2026-06-21
obs-insc-cw-cand-000553,inscription_crosswalk_candidate,corpus/002_oracle-bone-inscriptions/006_000501-000600_obs-insc-cw-bucket_crosswalk-candidates/553_obs-insc-cw-cand-000553_cam-hopkins-cw-000553_crosswalk-candidate,cam-hopkins-cw-000553,cam-hopkins-crosswalk-000553;y2561;347;721;41759,src-cambridge-hopkins,metadata_only_until_verified,needs_human_inscription_crosswalk_review,2026-06-21
obs-insc-cw-cand-000554,inscription_crosswalk_candidate,corpus/002_oracle-bone-inscriptions/006_000501-000600_obs-insc-cw-bucket_crosswalk-candidates/554_obs-insc-cw-cand-000554_cam-hopkins-cw-000554_crosswalk-candidate,cam-hopkins-cw-000554,cam-hopkins-crosswalk-000554;y2562;363;544;41768,src-cambridge-hopkins,metadata_only_until_verified,needs_human_inscription_crosswalk_review,2026-06-21
obs-insc-cw-cand-000555,inscription_crosswalk_candidate,corpus/002_oracle-bone-inscriptions/006_000501-000600_obs-insc-cw-bucket_crosswalk-candidates/555_obs-insc-cw-cand-000555_cam-hopkins-cw-000555_crosswalk-candidate,cam-hopkins-cw-000555,cam-hopkins-crosswalk-000555;y2564;350;574;41762,src-cambridge-hopkins,metadata_only_until_verified,needs_human_inscription_crosswalk_review,2026-06-21
obs-insc-cw-cand-000556,inscription_crosswalk_candidate,corpus/002_oracle-bone-inscriptions/006_000501-000600_obs-insc-cw-bucket_crosswalk-candidates/556_obs-insc-cw-cand-000556_cam-hopkins-cw-000556_crosswalk-candidate,cam-hopkins-cw-000556,cam-hopkins-crosswalk-000556;y2565;364;583;41777,src-cambridge-hopkins,metadata_only_until_verified,needs_human_inscription_crosswalk_review,2026-06-21
obs-insc-cw-cand-000557,inscription_crosswalk_candidate,corpus/002_oracle-bone-inscriptions/006_000501-000600_obs-insc-cw-bucket_crosswalk-candidates/557_obs-insc-cw-cand-000557_cam-hopkins-cw-000557_crosswalk-candidate,cam-hopkins-cw-000557,cam-hopkins-crosswalk-000557;y2566;257;***;*****,src-cambridge-hopkins,metadata_only_until_verified,needs_human_inscription_crosswalk_review,2026-06-21
obs-insc-cw-cand-000558,inscription_crosswalk_candidate,corpus/002_oracle-bone-inscriptions/006_000501-000600_obs-insc-cw-bucket_crosswalk-candidates/558_obs-insc-cw-cand-000558_cam-hopkins-cw-000558_crosswalk-candidate,cam-hopkins-cw-000558,cam-hopkins-crosswalk-000558;y2567;603;511;41866,src-cambridge-hopkins,metadata_only_until_verified,needs_human_inscription_crosswalk_review,2026-06-21
obs-insc-cw-cand-000559,inscription_crosswalk_candidate,corpus/002_oracle-bone-inscriptions/006_000501-000600_obs-insc-cw-bucket_crosswalk-candidates/559_obs-insc-cw-cand-000559_cam-hopkins-cw-000559_crosswalk-candidate,cam-hopkins-cw-000559,cam-hopkins-crosswalk-000559;y2571;405;510;41849,src-cambridge-hopkins,metadata_only_until_verified,needs_human_inscription_crosswalk_review,2026-06-21
obs-insc-cw-cand-000560,inscription_crosswalk_candidate,corpus/002_oracle-bone-inscriptions/006_000501-000600_obs-insc-cw-bucket_crosswalk-candidates/560_obs-insc-cw-cand-000560_cam-hopkins-cw-000560_crosswalk-candidate,cam-hopkins-cw-000560,cam-hopkins-crosswalk-000560;y2572;408;505;*****,src-cambridge-hopkins,metadata_only_until_verified,needs_human_inscription_crosswalk_review,2026-06-21
obs-insc-cw-cand-000561,inscription_crosswalk_candidate,corpus/002_oracle-bone-inscriptions/006_000501-000600_obs-insc-cw-bucket_crosswalk-candidates/561_obs-insc-cw-cand-000561_cam-hopkins-cw-000561_crosswalk-candidate,cam-hopkins-cw-000561,cam-hopkins-crosswalk-000561;y2573;410;348;41855,src-cambridge-hopkins,metadata_only_until_verified,needs_human_inscription_crosswalk_review,2026-06-21
obs-insc-cw-cand-000562,inscription_crosswalk_candidate,corpus/002_oracle-bone-inscriptions/006_000501-000600_obs-insc-cw-bucket_crosswalk-candidates/562_obs-insc-cw-cand-000562_cam-hopkins-cw-000562_crosswalk-candidate,cam-hopkins-cw-000562,cam-hopkins-crosswalk-000562;y2574;407;376;41850,src-cambridge-hopkins,metadata_only_until_verified,needs_human_inscription_crosswalk_review,2026-06-21
obs-insc-cw-cand-000563,inscription_crosswalk_candidate,corpus/002_oracle-bone-inscriptions/006_000501-000600_obs-insc-cw-bucket_crosswalk-candidates/563_obs-insc-cw-cand-000563_cam-hopkins-cw-000563_crosswalk-candidate,cam-hopkins-cw-000563,cam-hopkins-crosswalk-000563;y2576;406;541;*****,src-cambridge-hopkins,metadata_only_until_verified,needs_human_inscription_crosswalk_review,2026-06-21
obs-insc-cw-cand-000564,inscription_crosswalk_candidate,corpus/002_oracle-bone-inscriptions/006_000501-000600_obs-insc-cw-bucket_crosswalk-candidates/564_obs-insc-cw-cand-000564_cam-hopkins-cw-000564_crosswalk-candidate,cam-hopkins-cw-000564,cam-hopkins-crosswalk-000564;y2577;414;***;*****,src-cambridge-hopkins,metadata_only_until_verified,needs_human_inscription_crosswalk_review,2026-06-21
obs-insc-cw-cand-000565,inscription_crosswalk_candidate,corpus/002_oracle-bone-inscriptions/006_000501-000600_obs-insc-cw-bucket_crosswalk-candidates/565_obs-insc-cw-cand-000565_cam-hopkins-cw-000565_crosswalk-candidate,cam-hopkins-cw-000565,cam-hopkins-crosswalk-000565;y2578;413;514;*****,src-cambridge-hopkins,metadata_only_until_verified,needs_human_inscription_crosswalk_review,2026-06-21
obs-insc-cw-cand-000566,inscription_crosswalk_candidate,corpus/002_oracle-bone-inscriptions/006_000501-000600_obs-insc-cw-bucket_crosswalk-candidates/566_obs-insc-cw-cand-000566_cam-hopkins-cw-000566_crosswalk-candidate,cam-hopkins-cw-000566,cam-hopkins-crosswalk-000566;y2581;298;***;*****,src-cambridge-hopkins,metadata_only_until_verified,needs_human_inscription_crosswalk_review,2026-06-21
obs-insc-cw-cand-000567,inscription_crosswalk_candidate,corpus/002_oracle-bone-inscriptions/006_000501-000600_obs-insc-cw-bucket_crosswalk-candidates/567_obs-insc-cw-cand-000567_cam-hopkins-cw-000567_crosswalk-candidate,cam-hopkins-cw-000567,cam-hopkins-crosswalk-000567;y2582;409;536;*****,src-cambridge-hopkins,metadata_only_until_verified,needs_human_inscription_crosswalk_review,2026-06-21
obs-insc-cw-cand-000568,inscription_crosswalk_candidate,corpus/002_oracle-bone-inscriptions/006_000501-000600_obs-insc-cw-bucket_crosswalk-candidates/568_obs-insc-cw-cand-000568_cam-hopkins-cw-000568_crosswalk-candidate,cam-hopkins-cw-000568,cam-hopkins-crosswalk-000568;y2583;411;476;*****,src-cambridge-hopkins,metadata_only_until_verified,needs_human_inscription_crosswalk_review,2026-06-21
obs-insc-cw-cand-000569,inscription_crosswalk_candidate,corpus/002_oracle-bone-inscriptions/006_000501-000600_obs-insc-cw-bucket_crosswalk-candidates/569_obs-insc-cw-cand-000569_cam-hopkins-cw-000569_crosswalk-candidate,cam-hopkins-cw-000569,cam-hopkins-crosswalk-000569;y2586;417;718;*****,src-cambridge-hopkins,metadata_only_until_verified,needs_human_inscription_crosswalk_review,2026-06-21
obs-insc-cw-cand-000570,inscription_crosswalk_candidate,corpus/002_oracle-bone-inscriptions/006_000501-000600_obs-insc-cw-bucket_crosswalk-candidates/570_obs-insc-cw-cand-000570_cam-hopkins-cw-000570_crosswalk-candidate,cam-hopkins-cw-000570,cam-hopkins-crosswalk-000570;y2587;412;547;*****,src-cambridge-hopkins,metadata_only_until_verified,needs_human_inscription_crosswalk_review,2026-06-21
obs-insc-cw-cand-000571,inscription_crosswalk_candidate,corpus/002_oracle-bone-inscriptions/006_000501-000600_obs-insc-cw-bucket_crosswalk-candidates/571_obs-insc-cw-cand-000571_cam-hopkins-cw-000571_crosswalk-candidate,cam-hopkins-cw-000571,cam-hopkins-crosswalk-000571;y2589;602;602;41870,src-cambridge-hopkins,metadata_only_until_verified,needs_human_inscription_crosswalk_review,2026-06-21
obs-insc-cw-cand-000572,inscription_crosswalk_candidate,corpus/002_oracle-bone-inscriptions/006_000501-000600_obs-insc-cw-bucket_crosswalk-candidates/572_obs-insc-cw-cand-000572_cam-hopkins-cw-000572_crosswalk-candidate,cam-hopkins-cw-000572,cam-hopkins-crosswalk-000572;y2590;604;559;41868,src-cambridge-hopkins,metadata_only_until_verified,needs_human_inscription_crosswalk_review,2026-06-21
obs-insc-cw-cand-000573,inscription_crosswalk_candidate,corpus/002_oracle-bone-inscriptions/006_000501-000600_obs-insc-cw-bucket_crosswalk-candidates/573_obs-insc-cw-cand-000573_cam-hopkins-cw-000573_crosswalk-candidate,cam-hopkins-cw-000573,cam-hopkins-crosswalk-000573;y2592;606;667;41865,src-cambridge-hopkins,metadata_only_until_verified,needs_human_inscription_crosswalk_review,2026-06-21
obs-insc-cw-cand-000574,inscription_crosswalk_candidate,corpus/002_oracle-bone-inscriptions/006_000501-000600_obs-insc-cw-bucket_crosswalk-candidates/574_obs-insc-cw-cand-000574_cam-hopkins-cw-000574_crosswalk-candidate,cam-hopkins-cw-000574,cam-hopkins-crosswalk-000574;y2593;605;377;41867,src-cambridge-hopkins,metadata_only_until_verified,needs_human_inscription_crosswalk_review,2026-06-21
obs-insc-cw-cand-000575,inscription_crosswalk_candidate,corpus/002_oracle-bone-inscriptions/006_000501-000600_obs-insc-cw-bucket_crosswalk-candidates/575_obs-insc-cw-cand-000575_cam-hopkins-cw-000575_crosswalk-candidate,cam-hopkins-cw-000575,cam-hopkins-crosswalk-000575;y2605;356;455;41840,src-cambridge-hopkins,metadata_only_until_verified,needs_human_inscription_crosswalk_review,2026-06-21
obs-insc-cw-cand-000576,inscription_crosswalk_candidate,corpus/002_oracle-bone-inscriptions/006_000501-000600_obs-insc-cw-bucket_crosswalk-candidates/576_obs-insc-cw-cand-000576_cam-hopkins-cw-000576_crosswalk-candidate,cam-hopkins-cw-000576,cam-hopkins-crosswalk-000576;y2610;499;***;*****,src-cambridge-hopkins,metadata_only_until_verified,needs_human_inscription_crosswalk_review,2026-06-21
obs-insc-cw-cand-000577,inscription_crosswalk_candidate,corpus/002_oracle-bone-inscriptions/006_000501-000600_obs-insc-cw-bucket_crosswalk-candidates/577_obs-insc-cw-cand-000577_cam-hopkins-cw-000577_crosswalk-candidate,cam-hopkins-cw-000577,cam-hopkins-crosswalk-000577;y2613;A14;***;*****,src-cambridge-hopkins,metadata_only_until_verified,needs_human_inscription_crosswalk_review,2026-06-21
obs-insc-cw-cand-000578,inscription_crosswalk_candidate,corpus/002_oracle-bone-inscriptions/006_000501-000600_obs-insc-cw-bucket_crosswalk-candidates/578_obs-insc-cw-cand-000578_cam-hopkins-cw-000578_crosswalk-candidate,cam-hopkins-cw-000578,cam-hopkins-crosswalk-000578;y2615;378;726;41901,src-cambridge-hopkins,metadata_only_until_verified,needs_human_inscription_crosswalk_review,2026-06-21
obs-insc-cw-cand-000579,inscription_crosswalk_candidate,corpus/002_oracle-bone-inscriptions/006_000501-000600_obs-insc-cw-bucket_crosswalk-candidates/579_obs-insc-cw-cand-000579_cam-hopkins-cw-000579_crosswalk-candidate,cam-hopkins-cw-000579,cam-hopkins-crosswalk-000579;y2622;382;543;*****,src-cambridge-hopkins,metadata_only_until_verified,needs_human_inscription_crosswalk_review,2026-06-21
obs-insc-cw-cand-000580,inscription_crosswalk_candidate,corpus/002_oracle-bone-inscriptions/006_000501-000600_obs-insc-cw-bucket_crosswalk-candidates/580_obs-insc-cw-cand-000580_cam-hopkins-cw-000580_crosswalk-candidate,cam-hopkins-cw-000580,cam-hopkins-crosswalk-000580;y2624;387;608;41839,src-cambridge-hopkins,metadata_only_until_verified,needs_human_inscription_crosswalk_review,2026-06-21
obs-insc-cw-cand-000581,inscription_crosswalk_candidate,corpus/002_oracle-bone-inscriptions/006_000501-000600_obs-insc-cw-bucket_crosswalk-candidates/581_obs-insc-cw-cand-000581_cam-hopkins-cw-000581_crosswalk-candidate,cam-hopkins-cw-000581,cam-hopkins-crosswalk-000581;y2627;401;470;41845,src-cambridge-hopkins,metadata_only_until_verified,needs_human_inscription_crosswalk_review,2026-06-21
obs-insc-cw-cand-000582,inscription_crosswalk_candidate,corpus/002_oracle-bone-inscriptions/006_000501-000600_obs-insc-cw-bucket_crosswalk-candidates/582_obs-insc-cw-cand-000582_cam-hopkins-cw-000582_crosswalk-candidate,cam-hopkins-cw-000582,cam-hopkins-crosswalk-000582;y2628;357;454;41697,src-cambridge-hopkins,metadata_only_until_verified,needs_human_inscription_crosswalk_review,2026-06-21
obs-insc-cw-cand-000583,inscription_crosswalk_candidate,corpus/002_oracle-bone-inscriptions/006_000501-000600_obs-insc-cw-bucket_crosswalk-candidates/583_obs-insc-cw-cand-000583_cam-hopkins-cw-000583_crosswalk-candidate,cam-hopkins-cw-000583,cam-hopkins-crosswalk-000583;y2629;394;585;41944,src-cambridge-hopkins,metadata_only_until_verified,needs_human_inscription_crosswalk_review,2026-06-21
obs-insc-cw-cand-000584,inscription_crosswalk_candidate,corpus/002_oracle-bone-inscriptions/006_000501-000600_obs-insc-cw-bucket_crosswalk-candidates/584_obs-insc-cw-cand-000584_cam-hopkins-cw-000584_crosswalk-candidate,cam-hopkins-cw-000584,cam-hopkins-crosswalk-000584;y2633;388;575;41946,src-cambridge-hopkins,metadata_only_until_verified,needs_human_inscription_crosswalk_review,2026-06-21
obs-insc-cw-cand-000585,inscription_crosswalk_candidate,corpus/002_oracle-bone-inscriptions/006_000501-000600_obs-insc-cw-bucket_crosswalk-candidates/585_obs-insc-cw-cand-000585_cam-hopkins-cw-000585_crosswalk-candidate,cam-hopkins-cw-000585,cam-hopkins-crosswalk-000585;y2634;383;***;*****,src-cambridge-hopkins,metadata_only_until_verified,needs_human_inscription_crosswalk_review,2026-06-21
obs-insc-cw-cand-000586,inscription_crosswalk_candidate,corpus/002_oracle-bone-inscriptions/006_000501-000600_obs-insc-cw-bucket_crosswalk-candidates/586_obs-insc-cw-cand-000586_cam-hopkins-cw-000586_crosswalk-candidate,cam-hopkins-cw-000586,cam-hopkins-crosswalk-000586;y2635;381;668;*****,src-cambridge-hopkins,metadata_only_until_verified,needs_human_inscription_crosswalk_review,2026-06-21
obs-insc-cw-cand-000587,inscription_crosswalk_candidate,corpus/002_oracle-bone-inscriptions/006_000501-000600_obs-insc-cw-bucket_crosswalk-candidates/587_obs-insc-cw-cand-000587_cam-hopkins-cw-000587_crosswalk-candidate,cam-hopkins-cw-000587,cam-hopkins-crosswalk-000587;y2636;391;581;41949,src-cambridge-hopkins,metadata_only_until_verified,needs_human_inscription_crosswalk_review,2026-06-21
obs-insc-cw-cand-000588,inscription_crosswalk_candidate,corpus/002_oracle-bone-inscriptions/006_000501-000600_obs-insc-cw-bucket_crosswalk-candidates/588_obs-insc-cw-cand-000588_cam-hopkins-cw-000588_crosswalk-candidate,cam-hopkins-cw-000588,cam-hopkins-crosswalk-000588;y2637;398;520;41947,src-cambridge-hopkins,metadata_only_until_verified,needs_human_inscription_crosswalk_review,2026-06-21
obs-insc-cw-cand-000589,inscription_crosswalk_candidate,corpus/002_oracle-bone-inscriptions/006_000501-000600_obs-insc-cw-bucket_crosswalk-candidates/589_obs-insc-cw-cand-000589_cam-hopkins-cw-000589_crosswalk-candidate,cam-hopkins-cw-000589,cam-hopkins-crosswalk-000589;y2638;397;572;41951,src-cambridge-hopkins,metadata_only_until_verified,needs_human_inscription_crosswalk_review,2026-06-21
obs-insc-cw-cand-000590,inscription_crosswalk_candidate,corpus/002_oracle-bone-inscriptions/006_000501-000600_obs-insc-cw-bucket_crosswalk-candidates/590_obs-insc-cw-cand-000590_cam-hopkins-cw-000590_crosswalk-candidate,cam-hopkins-cw-000590,cam-hopkins-crosswalk-000590;y2639;390;484;41952,src-cambridge-hopkins,metadata_only_until_verified,needs_human_inscription_crosswalk_review,2026-06-21
obs-insc-cw-cand-000591,inscription_crosswalk_candidate,corpus/002_oracle-bone-inscriptions/006_000501-000600_obs-insc-cw-bucket_crosswalk-candidates/591_obs-insc-cw-cand-000591_cam-hopkins-cw-000591_crosswalk-candidate,cam-hopkins-cw-000591,cam-hopkins-crosswalk-000591;y2640;393;582;41950,src-cambridge-hopkins,metadata_only_until_verified,needs_human_inscription_crosswalk_review,2026-06-21
obs-insc-cw-cand-000592,inscription_crosswalk_candidate,corpus/002_oracle-bone-inscriptions/006_000501-000600_obs-insc-cw-bucket_crosswalk-candidates/592_obs-insc-cw-cand-000592_cam-hopkins-cw-000592_crosswalk-candidate,cam-hopkins-cw-000592,cam-hopkins-crosswalk-000592;y2641;610;517;41953,src-cambridge-hopkins,metadata_only_until_verified,needs_human_inscription_crosswalk_review,2026-06-21
obs-insc-cw-cand-000593,inscription_crosswalk_candidate,corpus/002_oracle-bone-inscriptions/006_000501-000600_obs-insc-cw-bucket_crosswalk-candidates/593_obs-insc-cw-cand-000593_cam-hopkins-cw-000593_crosswalk-candidate,cam-hopkins-cw-000593,cam-hopkins-crosswalk-000593;y2642;389;607;41954,src-cambridge-hopkins,metadata_only_until_verified,needs_human_inscription_crosswalk_review,2026-06-21
obs-insc-cw-cand-000594,inscription_crosswalk_candidate,corpus/002_oracle-bone-inscriptions/006_000501-000600_obs-insc-cw-bucket_crosswalk-candidates/594_obs-insc-cw-cand-000594_cam-hopkins-cw-000594_crosswalk-candidate,cam-hopkins-cw-000594,cam-hopkins-crosswalk-000594;y2643;341;499;*****,src-cambridge-hopkins,metadata_only_until_verified,needs_human_inscription_crosswalk_review,2026-06-21
obs-insc-cw-cand-000595,inscription_crosswalk_candidate,corpus/002_oracle-bone-inscriptions/006_000501-000600_obs-insc-cw-bucket_crosswalk-candidates/595_obs-insc-cw-cand-000595_cam-hopkins-cw-000595_crosswalk-candidate,cam-hopkins-cw-000595,cam-hopkins-crosswalk-000595;y2646;395;482;41928,src-cambridge-hopkins,metadata_only_until_verified,needs_human_inscription_crosswalk_review,2026-06-21
obs-insc-cw-cand-000596,inscription_crosswalk_candidate,corpus/002_oracle-bone-inscriptions/006_000501-000600_obs-insc-cw-bucket_crosswalk-candidates/596_obs-insc-cw-cand-000596_cam-hopkins-cw-000596_crosswalk-candidate,cam-hopkins-cw-000596,cam-hopkins-crosswalk-000596;y2647;399;465;41923,src-cambridge-hopkins,metadata_only_until_verified,needs_human_inscription_crosswalk_review,2026-06-21
obs-insc-cw-cand-000597,inscription_crosswalk_candidate,corpus/002_oracle-bone-inscriptions/006_000501-000600_obs-insc-cw-bucket_crosswalk-candidates/597_obs-insc-cw-cand-000597_cam-hopkins-cw-000597_crosswalk-candidate,cam-hopkins-cw-000597,cam-hopkins-crosswalk-000597;y2648;386;587;41927,src-cambridge-hopkins,metadata_only_until_verified,needs_human_inscription_crosswalk_review,2026-06-21
obs-insc-cw-cand-000598,inscription_crosswalk_candidate,corpus/002_oracle-bone-inscriptions/006_000501-000600_obs-insc-cw-bucket_crosswalk-candidates/598_obs-insc-cw-cand-000598_cam-hopkins-cw-000598_crosswalk-candidate,cam-hopkins-cw-000598,cam-hopkins-crosswalk-000598;y2649;396;573;41929,src-cambridge-hopkins,metadata_only_until_verified,needs_human_inscription_crosswalk_review,2026-06-21
obs-insc-cw-cand-000599,inscription_crosswalk_candidate,corpus/002_oracle-bone-inscriptions/006_000501-000600_obs-insc-cw-bucket_crosswalk-candidates/599_obs-insc-cw-cand-000599_cam-hopkins-cw-000599_crosswalk-candidate,cam-hopkins-cw-000599,cam-hopkins-crosswalk-000599;y2651;403;485;41925,src-cambridge-hopkins,metadata_only_until_verified,needs_human_inscription_crosswalk_review,2026-06-21
obs-insc-cw-cand-000600,inscription_crosswalk_candidate,corpus/002_oracle-bone-inscriptions/006_000501-000600_obs-insc-cw-bucket_crosswalk-candidates/600_obs-insc-cw-cand-000600_cam-hopkins-cw-000600_crosswalk-candidate,cam-hopkins-cw-000600,cam-hopkins-crosswalk-000600;y2654;402;***;*****,src-cambridge-hopkins,metadata_only_until_verified,needs_human_inscription_crosswalk_review,2026-06-21
obs-insc-cw-cand-000601,inscription_crosswalk_candidate,corpus/002_oracle-bone-inscriptions/007_000601-000700_obs-insc-cw-bucket_crosswalk-candidates/601_obs-insc-cw-cand-000601_cam-hopkins-cw-000601_crosswalk-candidate,cam-hopkins-cw-000601,cam-hopkins-crosswalk-000601;y2655;404;516;41937,src-cambridge-hopkins,metadata_only_until_verified,needs_human_inscription_crosswalk_review,2026-06-21
obs-insc-cw-cand-000602,inscription_crosswalk_candidate,corpus/002_oracle-bone-inscriptions/007_000601-000700_obs-insc-cw-bucket_crosswalk-candidates/602_obs-insc-cw-cand-000602_cam-hopkins-cw-000602_crosswalk-candidate,cam-hopkins-cw-000602,cam-hopkins-crosswalk-000602;y2656;385;450;41936,src-cambridge-hopkins,metadata_only_until_verified,needs_human_inscription_crosswalk_review,2026-06-21
obs-insc-cw-cand-000603,inscription_crosswalk_candidate,corpus/002_oracle-bone-inscriptions/007_000601-000700_obs-insc-cw-bucket_crosswalk-candidates/603_obs-insc-cw-cand-000603_cam-hopkins-cw-000603_crosswalk-candidate,cam-hopkins-cw-000603,cam-hopkins-crosswalk-000603;y2659;400;576;41938,src-cambridge-hopkins,metadata_only_until_verified,needs_human_inscription_crosswalk_review,2026-06-21
obs-insc-cw-cand-000604,inscription_crosswalk_candidate,corpus/002_oracle-bone-inscriptions/007_000601-000700_obs-insc-cw-bucket_crosswalk-candidates/604_obs-insc-cw-cand-000604_cam-hopkins-cw-000604_crosswalk-candidate,cam-hopkins-cw-000604,cam-hopkins-crosswalk-000604;y2663;384;655;41939,src-cambridge-hopkins,metadata_only_until_verified,needs_human_inscription_crosswalk_review,2026-06-21
obs-insc-cw-cand-000605,inscription_crosswalk_candidate,corpus/002_oracle-bone-inscriptions/007_000601-000700_obs-insc-cw-bucket_crosswalk-candidates/605_obs-insc-cw-cand-000605_cam-hopkins-cw-000605_crosswalk-candidate,cam-hopkins-cw-000605,cam-hopkins-crosswalk-000605;y2664;392;513;*****,src-cambridge-hopkins,metadata_only_until_verified,needs_human_inscription_crosswalk_review,2026-06-21
obs-insc-cw-cand-000606,inscription_crosswalk_candidate,corpus/002_oracle-bone-inscriptions/007_000601-000700_obs-insc-cw-bucket_crosswalk-candidates/606_obs-insc-cw-cand-000606_cam-hopkins-cw-000606_crosswalk-candidate,cam-hopkins-cw-000606,cam-hopkins-crosswalk-000606;y2666;506;***;*****,src-cambridge-hopkins,metadata_only_until_verified,needs_human_inscription_crosswalk_review,2026-06-21
obs-insc-cw-cand-000607,inscription_crosswalk_candidate,corpus/002_oracle-bone-inscriptions/007_000601-000700_obs-insc-cw-bucket_crosswalk-candidates/607_obs-insc-cw-cand-000607_cam-hopkins-cw-000607_crosswalk-candidate,cam-hopkins-cw-000607,cam-hopkins-crosswalk-000607;y2667;A7;***;*****,src-cambridge-hopkins,metadata_only_until_verified,needs_human_inscription_crosswalk_review,2026-06-21
obs-insc-cw-cand-000608,inscription_crosswalk_candidate,corpus/002_oracle-bone-inscriptions/007_000601-000700_obs-insc-cw-bucket_crosswalk-candidates/608_obs-insc-cw-cand-000608_cam-hopkins-cw-000608_crosswalk-candidate,cam-hopkins-cw-000608,cam-hopkins-crosswalk-000608;y2673;261;88;41835,src-cambridge-hopkins,metadata_only_until_verified,needs_human_inscription_crosswalk_review,2026-06-21
obs-insc-cw-cand-000609,inscription_crosswalk_candidate,corpus/002_oracle-bone-inscriptions/007_000601-000700_obs-insc-cw-bucket_crosswalk-candidates/609_obs-insc-cw-cand-000609_cam-hopkins-cw-000609_crosswalk-candidate,cam-hopkins-cw-000609,cam-hopkins-crosswalk-000609;ybu01;***;596;*****,src-cambridge-hopkins,metadata_only_until_verified,needs_human_inscription_crosswalk_review,2026-06-21
obs-insc-cw-cand-000610,inscription_crosswalk_candidate,corpus/002_oracle-bone-inscriptions/007_000601-000700_obs-insc-cw-bucket_crosswalk-candidates/610_obs-insc-cw-cand-000610_cam-hopkins-cw-000610_crosswalk-candidate,cam-hopkins-cw-000610,cam-hopkins-crosswalk-000610;ybu02;***;589;*****,src-cambridge-hopkins,metadata_only_until_verified,needs_human_inscription_crosswalk_review,2026-06-21
obs-insc-cw-cand-000611,inscription_crosswalk_candidate,corpus/002_oracle-bone-inscriptions/007_000601-000700_obs-insc-cw-bucket_crosswalk-candidates/611_obs-insc-cw-cand-000611_cam-hopkins-cw-000611_crosswalk-candidate,cam-hopkins-cw-000611,cam-hopkins-crosswalk-000611;ybu03;***;649;*****,src-cambridge-hopkins,metadata_only_until_verified,needs_human_inscription_crosswalk_review,2026-06-21
obs-insc-cw-cand-000612,inscription_crosswalk_candidate,corpus/002_oracle-bone-inscriptions/007_000601-000700_obs-insc-cw-bucket_crosswalk-candidates/612_obs-insc-cw-cand-000612_cam-hopkins-cw-000612_crosswalk-candidate,cam-hopkins-cw-000612,cam-hopkins-crosswalk-000612;ybu04;***;639;*****,src-cambridge-hopkins,metadata_only_until_verified,needs_human_inscription_crosswalk_review,2026-06-21
