project_id,record_type,canonical_path,primary_external_ref_id,all_external_ref_ids,source_ids,rights_status,review_status,updated_at
obs-comp-cand-000001,graphemic_component_candidate,corpus/003_graphemic-components/001_000001-000100_obs-comp-cand-bucket_component-candidates/001_obs-comp-cand-000001_obimd-sub-p8w7ujqanz_component-candidate,obimd-sub-p8w7ujqanz,obimd-sub-p8w7ujqanz;obimd-main-p8w7ujqanz,src-obimd,licensed_for_repository,needs_human_component_review,2026-06-20
obs-comp-cand-000002,graphemic_component_candidate,corpus/003_graphemic-components/001_000001-000100_obs-comp-cand-bucket_component-candidates/002_obs-comp-cand-000002_obimd-sub-puk1pu688h_component-candidate,obimd-sub-puk1pu688h,obimd-sub-puk1pu688h;obimd-main-p8w7ujqanz,src-obimd,licensed_for_repository,needs_human_component_review,2026-06-20
obs-comp-cand-000003,graphemic_component_candidate,corpus/003_graphemic-components/001_000001-000100_obs-comp-cand-bucket_component-candidates/003_obs-comp-cand-000003_obimd-sub-d68nl6yapc_component-candidate,obimd-sub-d68nl6yapc,obimd-sub-d68nl6yapc;obimd-main-p8w7ujqanz,src-obimd,licensed_for_repository,needs_human_component_review,2026-06-20
obs-comp-cand-000004,graphemic_component_candidate,corpus/003_graphemic-components/001_000001-000100_obs-comp-cand-bucket_component-candidates/004_obs-comp-cand-000004_obimd-sub-6kf650i4zk_component-candidate,obimd-sub-6kf650i4zk,obimd-sub-6kf650i4zk;obimd-main-6kf650i4zk,src-obimd,licensed_for_repository,needs_human_component_review,2026-06-20
obs-comp-cand-000005,graphemic_component_candidate,corpus/003_graphemic-components/001_000001-000100_obs-comp-cand-bucket_component-candidates/005_obs-comp-cand-000005_obimd-sub-963x9919ok_component-candidate,obimd-sub-963x9919ok,obimd-sub-963x9919ok;obimd-main-963x9919ok,src-obimd,licensed_for_repository,needs_human_component_review,2026-06-20
obs-comp-cand-000006,graphemic_component_candidate,corpus/003_graphemic-components/001_000001-000100_obs-comp-cand-bucket_component-candidates/006_obs-comp-cand-000006_obimd-sub-n4g5hrawu4_component-candidate,obimd-sub-n4g5hrawu4,obimd-sub-n4g5hrawu4;obimd-main-n4g5hrawu4,src-obimd,licensed_for_repository,needs_human_component_review,2026-06-20
obs-comp-cand-000007,graphemic_component_candidate,corpus/003_graphemic-components/001_000001-000100_obs-comp-cand-bucket_component-candidates/007_obs-comp-cand-000007_obimd-sub-mg6ldxzwwb_component-candidate,obimd-sub-mg6ldxzwwb,obimd-sub-mg6ldxzwwb;obimd-main-mg6ldxzwwb,src-obimd,licensed_for_repository,needs_human_component_review,2026-06-20
obs-comp-cand-000008,graphemic_component_candidate,corpus/003_graphemic-components/001_000001-000100_obs-comp-cand-bucket_component-candidates/008_obs-comp-cand-000008_obimd-sub-vg3ptni3mq_component-candidate,obimd-sub-vg3ptni3mq,obimd-sub-vg3ptni3mq;obimd-main-vg3ptni3mq,src-obimd,licensed_for_repository,needs_human_component_review,2026-06-20
obs-comp-cand-000009,graphemic_component_candidate,corpus/003_graphemic-components/001_000001-000100_obs-comp-cand-bucket_component-candidates/009_obs-comp-cand-000009_obimd-sub-6wyn6yddb6_component-candidate,obimd-sub-6wyn6yddb6,obimd-sub-6wyn6yddb6;obimd-main-6wyn6yddb6,src-obimd,licensed_for_repository,needs_human_component_review,2026-06-20
obs-comp-cand-000010,graphemic_component_candidate,corpus/003_graphemic-components/001_000001-000100_obs-comp-cand-bucket_component-candidates/010_obs-comp-cand-000010_obimd-sub-k1euhuea0p_component-candidate,obimd-sub-k1euhuea0p,obimd-sub-k1euhuea0p;obimd-main-6wyn6yddb6,src-obimd,licensed_for_repository,needs_human_component_review,2026-06-20
obs-comp-cand-000011,graphemic_component_candidate,corpus/003_graphemic-components/001_000001-000100_obs-comp-cand-bucket_component-candidates/011_obs-comp-cand-000011_obimd-sub-fivzk82fdh_component-candidate,obimd-sub-fivzk82fdh,obimd-sub-fivzk82fdh;obimd-main-fivzk82fdh,src-obimd,licensed_for_repository,needs_human_component_review,2026-06-20
obs-comp-cand-000012,graphemic_component_candidate,corpus/003_graphemic-components/001_000001-000100_obs-comp-cand-bucket_component-candidates/012_obs-comp-cand-000012_obimd-sub-jnpp6r84xp_component-candidate,obimd-sub-jnpp6r84xp,obimd-sub-jnpp6r84xp;obimd-main-jnpp6r84xp,src-obimd,licensed_for_repository,needs_human_component_review,2026-06-20
obs-comp-cand-000013,graphemic_component_candidate,corpus/003_graphemic-components/001_000001-000100_obs-comp-cand-bucket_component-candidates/013_obs-comp-cand-000013_obimd-sub-0wfbo7ml5k_component-candidate,obimd-sub-0wfbo7ml5k,obimd-sub-0wfbo7ml5k;obimd-main-0wfbo7ml5k,src-obimd,licensed_for_repository,needs_human_component_review,2026-06-20
obs-comp-cand-000014,graphemic_component_candidate,corpus/003_graphemic-components/001_000001-000100_obs-comp-cand-bucket_component-candidates/014_obs-comp-cand-000014_obimd-sub-plssynksd8_component-candidate,obimd-sub-plssynksd8,obimd-sub-plssynksd8;obimd-main-0wfbo7ml5k,src-obimd,licensed_for_repository,needs_human_component_review,2026-06-20
obs-comp-cand-000015,graphemic_component_candidate,corpus/003_graphemic-components/001_000001-000100_obs-comp-cand-bucket_component-candidates/015_obs-comp-cand-000015_obimd-sub-no4gdlajf6_component-candidate,obimd-sub-no4gdlajf6,obimd-sub-no4gdlajf6;obimd-main-no4gdlajf6,src-obimd,licensed_for_repository,needs_human_component_review,2026-06-20
obs-comp-cand-000016,graphemic_component_candidate,corpus/003_graphemic-components/001_000001-000100_obs-comp-cand-bucket_component-candidates/016_obs-comp-cand-000016_obimd-sub-dg3rdvnaw9_component-candidate,obimd-sub-dg3rdvnaw9,obimd-sub-dg3rdvnaw9;obimd-main-no4gdlajf6,src-obimd,licensed_for_repository,needs_human_component_review,2026-06-20
obs-comp-cand-000017,graphemic_component_candidate,corpus/003_graphemic-components/001_000001-000100_obs-comp-cand-bucket_component-candidates/017_obs-comp-cand-000017_obimd-sub-1axafi8r7u_component-candidate,obimd-sub-1axafi8r7u,obimd-sub-1axafi8r7u;obimd-main-1axafi8r7u,src-obimd,licensed_for_repository,needs_human_component_review,2026-06-20
obs-comp-cand-000018,graphemic_component_candidate,corpus/003_graphemic-components/001_000001-000100_obs-comp-cand-bucket_component-candidates/018_obs-comp-cand-000018_obimd-sub-3kadgutgs9_component-candidate,obimd-sub-3kadgutgs9,obimd-sub-3kadgutgs9;obimd-main-3kadgutgs9,src-obimd,licensed_for_repository,needs_human_component_review,2026-06-20
obs-comp-cand-000019,graphemic_component_candidate,corpus/003_graphemic-components/001_000001-000100_obs-comp-cand-bucket_component-candidates/019_obs-comp-cand-000019_obimd-sub-3nzr3w2xpb_component-candidate,obimd-sub-3nzr3w2xpb,obimd-sub-3nzr3w2xpb;obimd-main-3kadgutgs9,src-obimd,licensed_for_repository,needs_human_component_review,2026-06-20
obs-comp-cand-000020,graphemic_component_candidate,corpus/003_graphemic-components/001_000001-000100_obs-comp-cand-bucket_component-candidates/020_obs-comp-cand-000020_obimd-sub-dvdjluqxnp_component-candidate,obimd-sub-dvdjluqxnp,obimd-sub-dvdjluqxnp;obimd-main-dvdjluqxnp,src-obimd,licensed_for_repository,needs_human_component_review,2026-06-20
obs-comp-cand-000021,graphemic_component_candidate,corpus/003_graphemic-components/001_000001-000100_obs-comp-cand-bucket_component-candidates/021_obs-comp-cand-000021_obimd-sub-u13qoz09bs_component-candidate,obimd-sub-u13qoz09bs,obimd-sub-u13qoz09bs;obimd-main-u13qoz09bs,src-obimd,licensed_for_repository,needs_human_component_review,2026-06-20
obs-comp-cand-000022,graphemic_component_candidate,corpus/003_graphemic-components/001_000001-000100_obs-comp-cand-bucket_component-candidates/022_obs-comp-cand-000022_obimd-sub-vbkc7p8qc9_component-candidate,obimd-sub-vbkc7p8qc9,obimd-sub-vbkc7p8qc9;obimd-main-vbkc7p8qc9,src-obimd,licensed_for_repository,needs_human_component_review,2026-06-20
obs-comp-cand-000023,graphemic_component_candidate,corpus/003_graphemic-components/001_000001-000100_obs-comp-cand-bucket_component-candidates/023_obs-comp-cand-000023_obimd-sub-4siwbzehzd_component-candidate,obimd-sub-4siwbzehzd,obimd-sub-4siwbzehzd;obimd-main-vbkc7p8qc9,src-obimd,licensed_for_repository,needs_human_component_review,2026-06-20
obs-comp-cand-000024,graphemic_component_candidate,corpus/003_graphemic-components/001_000001-000100_obs-comp-cand-bucket_component-candidates/024_obs-comp-cand-000024_obimd-sub-q0zk6lmad8_component-candidate,obimd-sub-q0zk6lmad8,obimd-sub-q0zk6lmad8;obimd-main-vbkc7p8qc9,src-obimd,licensed_for_repository,needs_human_component_review,2026-06-20
obs-comp-cand-000025,graphemic_component_candidate,corpus/003_graphemic-components/001_000001-000100_obs-comp-cand-bucket_component-candidates/025_obs-comp-cand-000025_obimd-sub-zmixmtzym6_component-candidate,obimd-sub-zmixmtzym6,obimd-sub-zmixmtzym6;obimd-main-zmixmtzym6,src-obimd,licensed_for_repository,needs_human_component_review,2026-06-20
obs-comp-cand-000026,graphemic_component_candidate,corpus/003_graphemic-components/001_000001-000100_obs-comp-cand-bucket_component-candidates/026_obs-comp-cand-000026_obimd-sub-nak4ioxpg1_component-candidate,obimd-sub-nak4ioxpg1,obimd-sub-nak4ioxpg1;obimd-main-nak4ioxpg1,src-obimd,licensed_for_repository,needs_human_component_review,2026-06-20
obs-comp-cand-000027,graphemic_component_candidate,corpus/003_graphemic-components/001_000001-000100_obs-comp-cand-bucket_component-candidates/027_obs-comp-cand-000027_obimd-sub-p31g1lor6p_component-candidate,obimd-sub-p31g1lor6p,obimd-sub-p31g1lor6p;obimd-main-nak4ioxpg1,src-obimd,licensed_for_repository,needs_human_component_review,2026-06-20
obs-comp-cand-000028,graphemic_component_candidate,corpus/003_graphemic-components/001_000001-000100_obs-comp-cand-bucket_component-candidates/028_obs-comp-cand-000028_obimd-sub-8jtrxi583p_component-candidate,obimd-sub-8jtrxi583p,obimd-sub-8jtrxi583p;obimd-main-8jtrxi583p,src-obimd,licensed_for_repository,needs_human_component_review,2026-06-20
obs-comp-cand-000029,graphemic_component_candidate,corpus/003_graphemic-components/001_000001-000100_obs-comp-cand-bucket_component-candidates/029_obs-comp-cand-000029_obimd-sub-ftj0qy2f7b_component-candidate,obimd-sub-ftj0qy2f7b,obimd-sub-ftj0qy2f7b;obimd-main-ftj0qy2f7b,src-obimd,licensed_for_repository,needs_human_component_review,2026-06-20
obs-comp-cand-000030,graphemic_component_candidate,corpus/003_graphemic-components/001_000001-000100_obs-comp-cand-bucket_component-candidates/030_obs-comp-cand-000030_obimd-sub-bipl8n44y5_component-candidate,obimd-sub-bipl8n44y5,obimd-sub-bipl8n44y5;obimd-main-ftj0qy2f7b,src-obimd,licensed_for_repository,needs_human_component_review,2026-06-20
obs-comp-cand-000031,graphemic_component_candidate,corpus/003_graphemic-components/001_000001-000100_obs-comp-cand-bucket_component-candidates/031_obs-comp-cand-000031_obimd-sub-8zmubiqmfe_component-candidate,obimd-sub-8zmubiqmfe,obimd-sub-8zmubiqmfe;obimd-main-ftj0qy2f7b,src-obimd,licensed_for_repository,needs_human_component_review,2026-06-20
obs-comp-cand-000032,graphemic_component_candidate,corpus/003_graphemic-components/001_000001-000100_obs-comp-cand-bucket_component-candidates/032_obs-comp-cand-000032_obimd-sub-8l629299wp_component-candidate,obimd-sub-8l629299wp,obimd-sub-8l629299wp;obimd-main-ftj0qy2f7b,src-obimd,licensed_for_repository,needs_human_component_review,2026-06-20
obs-comp-cand-000033,graphemic_component_candidate,corpus/003_graphemic-components/001_000001-000100_obs-comp-cand-bucket_component-candidates/033_obs-comp-cand-000033_obimd-sub-gnzvcvc15x_component-candidate,obimd-sub-gnzvcvc15x,obimd-sub-gnzvcvc15x;obimd-main-ftj0qy2f7b,src-obimd,licensed_for_repository,needs_human_component_review,2026-06-20
obs-comp-cand-000034,graphemic_component_candidate,corpus/003_graphemic-components/001_000001-000100_obs-comp-cand-bucket_component-candidates/034_obs-comp-cand-000034_obimd-sub-cff266uh7y_component-candidate,obimd-sub-cff266uh7y,obimd-sub-cff266uh7y;obimd-main-cff266uh7y,src-obimd,licensed_for_repository,needs_human_component_review,2026-06-20
obs-comp-cand-000035,graphemic_component_candidate,corpus/003_graphemic-components/001_000001-000100_obs-comp-cand-bucket_component-candidates/035_obs-comp-cand-000035_obimd-sub-auprttukg2_component-candidate,obimd-sub-auprttukg2,obimd-sub-auprttukg2;obimd-main-auprttukg2,src-obimd,licensed_for_repository,needs_human_component_review,2026-06-20
obs-comp-cand-000036,graphemic_component_candidate,corpus/003_graphemic-components/001_000001-000100_obs-comp-cand-bucket_component-candidates/036_obs-comp-cand-000036_obimd-sub-egsgsijlte_component-candidate,obimd-sub-egsgsijlte,obimd-sub-egsgsijlte;obimd-main-egsgsijlte,src-obimd,licensed_for_repository,needs_human_component_review,2026-06-20
obs-comp-cand-000037,graphemic_component_candidate,corpus/003_graphemic-components/001_000001-000100_obs-comp-cand-bucket_component-candidates/037_obs-comp-cand-000037_obimd-sub-7udfap69mj_component-candidate,obimd-sub-7udfap69mj,obimd-sub-7udfap69mj;obimd-main-7udfap69mj,src-obimd,licensed_for_repository,needs_human_component_review,2026-06-20
obs-comp-cand-000038,graphemic_component_candidate,corpus/003_graphemic-components/001_000001-000100_obs-comp-cand-bucket_component-candidates/038_obs-comp-cand-000038_obimd-sub-r4xlmwmdvl_component-candidate,obimd-sub-r4xlmwmdvl,obimd-sub-r4xlmwmdvl;obimd-main-r4xlmwmdvl,src-obimd,licensed_for_repository,needs_human_component_review,2026-06-20
obs-comp-cand-000039,graphemic_component_candidate,corpus/003_graphemic-components/001_000001-000100_obs-comp-cand-bucket_component-candidates/039_obs-comp-cand-000039_obimd-sub-i1n9hhpy74_component-candidate,obimd-sub-i1n9hhpy74,obimd-sub-i1n9hhpy74;obimd-main-i1n9hhpy74,src-obimd,licensed_for_repository,needs_human_component_review,2026-06-20
obs-comp-cand-000040,graphemic_component_candidate,corpus/003_graphemic-components/001_000001-000100_obs-comp-cand-bucket_component-candidates/040_obs-comp-cand-000040_obimd-sub-d6k4isufpw_component-candidate,obimd-sub-d6k4isufpw,obimd-sub-d6k4isufpw;obimd-main-d6k4isufpw,src-obimd,licensed_for_repository,needs_human_component_review,2026-06-20
obs-comp-cand-000041,graphemic_component_candidate,corpus/003_graphemic-components/001_000001-000100_obs-comp-cand-bucket_component-candidates/041_obs-comp-cand-000041_obimd-sub-owcp73s8go_component-candidate,obimd-sub-owcp73s8go,obimd-sub-owcp73s8go;obimd-main-owcp73s8go,src-obimd,licensed_for_repository,needs_human_component_review,2026-06-20
obs-comp-cand-000042,graphemic_component_candidate,corpus/003_graphemic-components/001_000001-000100_obs-comp-cand-bucket_component-candidates/042_obs-comp-cand-000042_obimd-sub-urq1zuk7jt_component-candidate,obimd-sub-urq1zuk7jt,obimd-sub-urq1zuk7jt;obimd-main-urq1zuk7jt,src-obimd,licensed_for_repository,needs_human_component_review,2026-06-20
obs-comp-cand-000043,graphemic_component_candidate,corpus/003_graphemic-components/001_000001-000100_obs-comp-cand-bucket_component-candidates/043_obs-comp-cand-000043_obimd-sub-eqo29r6t59_component-candidate,obimd-sub-eqo29r6t59,obimd-sub-eqo29r6t59;obimd-main-eqo29r6t59,src-obimd,licensed_for_repository,needs_human_component_review,2026-06-20
obs-comp-cand-000044,graphemic_component_candidate,corpus/003_graphemic-components/001_000001-000100_obs-comp-cand-bucket_component-candidates/044_obs-comp-cand-000044_obimd-sub-rzfokwkc7a_component-candidate,obimd-sub-rzfokwkc7a,obimd-sub-rzfokwkc7a;obimd-main-rzfokwkc7a,src-obimd,licensed_for_repository,needs_human_component_review,2026-06-20
obs-comp-cand-000045,graphemic_component_candidate,corpus/003_graphemic-components/001_000001-000100_obs-comp-cand-bucket_component-candidates/045_obs-comp-cand-000045_obimd-sub-ptr3rfuph8_component-candidate,obimd-sub-ptr3rfuph8,obimd-sub-ptr3rfuph8;obimd-main-ptr3rfuph8,src-obimd,licensed_for_repository,needs_human_component_review,2026-06-20
obs-comp-cand-000046,graphemic_component_candidate,corpus/003_graphemic-components/001_000001-000100_obs-comp-cand-bucket_component-candidates/046_obs-comp-cand-000046_obimd-sub-toxyvoa89s_component-candidate,obimd-sub-toxyvoa89s,obimd-sub-toxyvoa89s;obimd-main-ptr3rfuph8,src-obimd,licensed_for_repository,needs_human_component_review,2026-06-20
obs-comp-cand-000047,graphemic_component_candidate,corpus/003_graphemic-components/001_000001-000100_obs-comp-cand-bucket_component-candidates/047_obs-comp-cand-000047_obimd-sub-me6774qlz1_component-candidate,obimd-sub-me6774qlz1,obimd-sub-me6774qlz1;obimd-main-ptr3rfuph8,src-obimd,licensed_for_repository,needs_human_component_review,2026-06-20
obs-comp-cand-000048,graphemic_component_candidate,corpus/003_graphemic-components/001_000001-000100_obs-comp-cand-bucket_component-candidates/048_obs-comp-cand-000048_obimd-sub-rsgjeqz4vj_component-candidate,obimd-sub-rsgjeqz4vj,obimd-sub-rsgjeqz4vj;obimd-main-ptr3rfuph8,src-obimd,licensed_for_repository,needs_human_component_review,2026-06-20
obs-comp-cand-000049,graphemic_component_candidate,corpus/003_graphemic-components/001_000001-000100_obs-comp-cand-bucket_component-candidates/049_obs-comp-cand-000049_obimd-sub-jbgbxt897u_component-candidate,obimd-sub-jbgbxt897u,obimd-sub-jbgbxt897u;obimd-main-jbgbxt897u,src-obimd,licensed_for_repository,needs_human_component_review,2026-06-20
obs-comp-cand-000050,graphemic_component_candidate,corpus/003_graphemic-components/001_000001-000100_obs-comp-cand-bucket_component-candidates/050_obs-comp-cand-000050_obimd-sub-0ppa3hvekl_component-candidate,obimd-sub-0ppa3hvekl,obimd-sub-0ppa3hvekl;obimd-main-0ppa3hvekl,src-obimd,licensed_for_repository,needs_human_component_review,2026-06-20
obs-comp-cand-000051,graphemic_component_candidate,corpus/003_graphemic-components/001_000001-000100_obs-comp-cand-bucket_component-candidates/051_obs-comp-cand-000051_obimd-sub-pkibwuo4bv_component-candidate,obimd-sub-pkibwuo4bv,obimd-sub-pkibwuo4bv;obimd-main-pkibwuo4bv,src-obimd,licensed_for_repository,needs_human_component_review,2026-06-20
obs-comp-cand-000052,graphemic_component_candidate,corpus/003_graphemic-components/001_000001-000100_obs-comp-cand-bucket_component-candidates/052_obs-comp-cand-000052_obimd-sub-ufmn0nmyep_component-candidate,obimd-sub-ufmn0nmyep,obimd-sub-ufmn0nmyep;obimd-main-pkibwuo4bv,src-obimd,licensed_for_repository,needs_human_component_review,2026-06-20
obs-comp-cand-000053,graphemic_component_candidate,corpus/003_graphemic-components/001_000001-000100_obs-comp-cand-bucket_component-candidates/053_obs-comp-cand-000053_obimd-sub-tv3occt3a7_component-candidate,obimd-sub-tv3occt3a7,obimd-sub-tv3occt3a7;obimd-main-pkibwuo4bv,src-obimd,licensed_for_repository,needs_human_component_review,2026-06-20
obs-comp-cand-000054,graphemic_component_candidate,corpus/003_graphemic-components/001_000001-000100_obs-comp-cand-bucket_component-candidates/054_obs-comp-cand-000054_obimd-sub-h8jm2odi3q_component-candidate,obimd-sub-h8jm2odi3q,obimd-sub-h8jm2odi3q;obimd-main-pkibwuo4bv,src-obimd,licensed_for_repository,needs_human_component_review,2026-06-20
obs-comp-cand-000055,graphemic_component_candidate,corpus/003_graphemic-components/001_000001-000100_obs-comp-cand-bucket_component-candidates/055_obs-comp-cand-000055_obimd-sub-vk0iw3x90b_component-candidate,obimd-sub-vk0iw3x90b,obimd-sub-vk0iw3x90b;obimd-main-vk0iw3x90b,src-obimd,licensed_for_repository,needs_human_component_review,2026-06-20
obs-comp-cand-000056,graphemic_component_candidate,corpus/003_graphemic-components/001_000001-000100_obs-comp-cand-bucket_component-candidates/056_obs-comp-cand-000056_obimd-sub-cg58uumame_component-candidate,obimd-sub-cg58uumame,obimd-sub-cg58uumame;obimd-main-vk0iw3x90b,src-obimd,licensed_for_repository,needs_human_component_review,2026-06-20
obs-comp-cand-000057,graphemic_component_candidate,corpus/003_graphemic-components/001_000001-000100_obs-comp-cand-bucket_component-candidates/057_obs-comp-cand-000057_obimd-sub-ywwo7bbowc_component-candidate,obimd-sub-ywwo7bbowc,obimd-sub-ywwo7bbowc;obimd-main-vk0iw3x90b,src-obimd,licensed_for_repository,needs_human_component_review,2026-06-20
obs-comp-cand-000058,graphemic_component_candidate,corpus/003_graphemic-components/001_000001-000100_obs-comp-cand-bucket_component-candidates/058_obs-comp-cand-000058_obimd-sub-320qyuxb1f_component-candidate,obimd-sub-320qyuxb1f,obimd-sub-320qyuxb1f;obimd-main-vk0iw3x90b,src-obimd,licensed_for_repository,needs_human_component_review,2026-06-20
obs-comp-cand-000059,graphemic_component_candidate,corpus/003_graphemic-components/001_000001-000100_obs-comp-cand-bucket_component-candidates/059_obs-comp-cand-000059_obimd-sub-36wlwic8fh_component-candidate,obimd-sub-36wlwic8fh,obimd-sub-36wlwic8fh;obimd-main-vk0iw3x90b,src-obimd,licensed_for_repository,needs_human_component_review,2026-06-20
obs-comp-cand-000060,graphemic_component_candidate,corpus/003_graphemic-components/001_000001-000100_obs-comp-cand-bucket_component-candidates/060_obs-comp-cand-000060_obimd-sub-o63zqxohsa_component-candidate,obimd-sub-o63zqxohsa,obimd-sub-o63zqxohsa;obimd-main-o63zqxohsa,src-obimd,licensed_for_repository,needs_human_component_review,2026-06-20
obs-comp-cand-000061,graphemic_component_candidate,corpus/003_graphemic-components/001_000001-000100_obs-comp-cand-bucket_component-candidates/061_obs-comp-cand-000061_obimd-sub-hjfwaxkb60_component-candidate,obimd-sub-hjfwaxkb60,obimd-sub-hjfwaxkb60;obimd-main-hjfwaxkb60,src-obimd,licensed_for_repository,needs_human_component_review,2026-06-20
obs-comp-cand-000062,graphemic_component_candidate,corpus/003_graphemic-components/001_000001-000100_obs-comp-cand-bucket_component-candidates/062_obs-comp-cand-000062_obimd-sub-5asosqjl9y_component-candidate,obimd-sub-5asosqjl9y,obimd-sub-5asosqjl9y;obimd-main-hjfwaxkb60,src-obimd,licensed_for_repository,needs_human_component_review,2026-06-20
obs-comp-cand-000063,graphemic_component_candidate,corpus/003_graphemic-components/001_000001-000100_obs-comp-cand-bucket_component-candidates/063_obs-comp-cand-000063_obimd-sub-ow66z51pa4_component-candidate,obimd-sub-ow66z51pa4,obimd-sub-ow66z51pa4;obimd-main-ow66z51pa4,src-obimd,licensed_for_repository,needs_human_component_review,2026-06-20
obs-comp-cand-000064,graphemic_component_candidate,corpus/003_graphemic-components/001_000001-000100_obs-comp-cand-bucket_component-candidates/064_obs-comp-cand-000064_obimd-sub-crd6njmjax_component-candidate,obimd-sub-crd6njmjax,obimd-sub-crd6njmjax;obimd-main-crd6njmjax,src-obimd,licensed_for_repository,needs_human_component_review,2026-06-20
obs-comp-cand-000065,graphemic_component_candidate,corpus/003_graphemic-components/001_000001-000100_obs-comp-cand-bucket_component-candidates/065_obs-comp-cand-000065_obimd-sub-nylu8v5i3z_component-candidate,obimd-sub-nylu8v5i3z,obimd-sub-nylu8v5i3z;obimd-main-crd6njmjax,src-obimd,licensed_for_repository,needs_human_component_review,2026-06-20
obs-comp-cand-000066,graphemic_component_candidate,corpus/003_graphemic-components/001_000001-000100_obs-comp-cand-bucket_component-candidates/066_obs-comp-cand-000066_obimd-sub-1ttzl6vlzs_component-candidate,obimd-sub-1ttzl6vlzs,obimd-sub-1ttzl6vlzs;obimd-main-1ttzl6vlzs,src-obimd,licensed_for_repository,needs_human_component_review,2026-06-20
obs-comp-cand-000067,graphemic_component_candidate,corpus/003_graphemic-components/001_000001-000100_obs-comp-cand-bucket_component-candidates/067_obs-comp-cand-000067_obimd-sub-nscqmvthk1_component-candidate,obimd-sub-nscqmvthk1,obimd-sub-nscqmvthk1;obimd-main-nscqmvthk1,src-obimd,licensed_for_repository,needs_human_component_review,2026-06-20
obs-comp-cand-000068,graphemic_component_candidate,corpus/003_graphemic-components/001_000001-000100_obs-comp-cand-bucket_component-candidates/068_obs-comp-cand-000068_obimd-sub-wiqqiqakh8_component-candidate,obimd-sub-wiqqiqakh8,obimd-sub-wiqqiqakh8;obimd-main-nscqmvthk1,src-obimd,licensed_for_repository,needs_human_component_review,2026-06-20
obs-comp-cand-000069,graphemic_component_candidate,corpus/003_graphemic-components/001_000001-000100_obs-comp-cand-bucket_component-candidates/069_obs-comp-cand-000069_obimd-sub-orpmf7u0a7_component-candidate,obimd-sub-orpmf7u0a7,obimd-sub-orpmf7u0a7;obimd-main-nscqmvthk1,src-obimd,licensed_for_repository,needs_human_component_review,2026-06-20
obs-comp-cand-000070,graphemic_component_candidate,corpus/003_graphemic-components/001_000001-000100_obs-comp-cand-bucket_component-candidates/070_obs-comp-cand-000070_obimd-sub-kuyo9iwpdn_component-candidate,obimd-sub-kuyo9iwpdn,obimd-sub-kuyo9iwpdn;obimd-main-nscqmvthk1,src-obimd,licensed_for_repository,needs_human_component_review,2026-06-20
obs-comp-cand-000071,graphemic_component_candidate,corpus/003_graphemic-components/001_000001-000100_obs-comp-cand-bucket_component-candidates/071_obs-comp-cand-000071_obimd-sub-oky3iml3ww_component-candidate,obimd-sub-oky3iml3ww,obimd-sub-oky3iml3ww;obimd-main-nscqmvthk1,src-obimd,licensed_for_repository,needs_human_component_review,2026-06-20
obs-comp-cand-000072,graphemic_component_candidate,corpus/003_graphemic-components/001_000001-000100_obs-comp-cand-bucket_component-candidates/072_obs-comp-cand-000072_obimd-sub-lyfjtk5vtl_component-candidate,obimd-sub-lyfjtk5vtl,obimd-sub-lyfjtk5vtl;obimd-main-nscqmvthk1,src-obimd,licensed_for_repository,needs_human_component_review,2026-06-20
obs-comp-cand-000073,graphemic_component_candidate,corpus/003_graphemic-components/001_000001-000100_obs-comp-cand-bucket_component-candidates/073_obs-comp-cand-000073_obimd-sub-t4tioxlhov_component-candidate,obimd-sub-t4tioxlhov,obimd-sub-t4tioxlhov;obimd-main-t4tioxlhov,src-obimd,licensed_for_repository,needs_human_component_review,2026-06-20
obs-comp-cand-000074,graphemic_component_candidate,corpus/003_graphemic-components/001_000001-000100_obs-comp-cand-bucket_component-candidates/074_obs-comp-cand-000074_obimd-sub-ggmr3hgkl8_component-candidate,obimd-sub-ggmr3hgkl8,obimd-sub-ggmr3hgkl8;obimd-main-t4tioxlhov,src-obimd,licensed_for_repository,needs_human_component_review,2026-06-20
obs-comp-cand-000075,graphemic_component_candidate,corpus/003_graphemic-components/001_000001-000100_obs-comp-cand-bucket_component-candidates/075_obs-comp-cand-000075_obimd-sub-bnyfd3v7j2_component-candidate,obimd-sub-bnyfd3v7j2,obimd-sub-bnyfd3v7j2;obimd-main-t4tioxlhov,src-obimd,licensed_for_repository,needs_human_component_review,2026-06-20
obs-comp-cand-000076,graphemic_component_candidate,corpus/003_graphemic-components/001_000001-000100_obs-comp-cand-bucket_component-candidates/076_obs-comp-cand-000076_obimd-sub-km3fl853ya_component-candidate,obimd-sub-km3fl853ya,obimd-sub-km3fl853ya;obimd-main-t4tioxlhov,src-obimd,licensed_for_repository,needs_human_component_review,2026-06-20
obs-comp-cand-000077,graphemic_component_candidate,corpus/003_graphemic-components/001_000001-000100_obs-comp-cand-bucket_component-candidates/077_obs-comp-cand-000077_obimd-sub-2caiy8x0em_component-candidate,obimd-sub-2caiy8x0em,obimd-sub-2caiy8x0em;obimd-main-t4tioxlhov,src-obimd,licensed_for_repository,needs_human_component_review,2026-06-20
obs-comp-cand-000078,graphemic_component_candidate,corpus/003_graphemic-components/001_000001-000100_obs-comp-cand-bucket_component-candidates/078_obs-comp-cand-000078_obimd-sub-zgzalhpawt_component-candidate,obimd-sub-zgzalhpawt,obimd-sub-zgzalhpawt;obimd-main-t4tioxlhov,src-obimd,licensed_for_repository,needs_human_component_review,2026-06-20
obs-comp-cand-000079,graphemic_component_candidate,corpus/003_graphemic-components/001_000001-000100_obs-comp-cand-bucket_component-candidates/079_obs-comp-cand-000079_obimd-sub-yeq3s8m3p2_component-candidate,obimd-sub-yeq3s8m3p2,obimd-sub-yeq3s8m3p2;obimd-main-t4tioxlhov,src-obimd,licensed_for_repository,needs_human_component_review,2026-06-20
obs-comp-cand-000080,graphemic_component_candidate,corpus/003_graphemic-components/001_000001-000100_obs-comp-cand-bucket_component-candidates/080_obs-comp-cand-000080_obimd-sub-oosya2uh98_component-candidate,obimd-sub-oosya2uh98,obimd-sub-oosya2uh98;obimd-main-wk8kgtqz68,src-obimd,licensed_for_repository,needs_human_component_review,2026-06-20
obs-comp-cand-000081,graphemic_component_candidate,corpus/003_graphemic-components/001_000001-000100_obs-comp-cand-bucket_component-candidates/081_obs-comp-cand-000081_obimd-sub-1fvbbmvepl_component-candidate,obimd-sub-1fvbbmvepl,obimd-sub-1fvbbmvepl;obimd-main-1fvbbmvepl,src-obimd,licensed_for_repository,needs_human_component_review,2026-06-20
obs-comp-cand-000082,graphemic_component_candidate,corpus/003_graphemic-components/001_000001-000100_obs-comp-cand-bucket_component-candidates/082_obs-comp-cand-000082_obimd-sub-pj3l17213h_component-candidate,obimd-sub-pj3l17213h,obimd-sub-pj3l17213h;obimd-main-1fvbbmvepl,src-obimd,licensed_for_repository,needs_human_component_review,2026-06-20
obs-comp-cand-000083,graphemic_component_candidate,corpus/003_graphemic-components/001_000001-000100_obs-comp-cand-bucket_component-candidates/083_obs-comp-cand-000083_obimd-sub-2x2pp2iwbx_component-candidate,obimd-sub-2x2pp2iwbx,obimd-sub-2x2pp2iwbx;obimd-main-2x2pp2iwbx,src-obimd,licensed_for_repository,needs_human_component_review,2026-06-20
obs-comp-cand-000084,graphemic_component_candidate,corpus/003_graphemic-components/001_000001-000100_obs-comp-cand-bucket_component-candidates/084_obs-comp-cand-000084_obimd-sub-d20ybazw7f_component-candidate,obimd-sub-d20ybazw7f,obimd-sub-d20ybazw7f;obimd-main-d20ybazw7f,src-obimd,licensed_for_repository,needs_human_component_review,2026-06-20
obs-comp-cand-000085,graphemic_component_candidate,corpus/003_graphemic-components/001_000001-000100_obs-comp-cand-bucket_component-candidates/085_obs-comp-cand-000085_obimd-sub-aryj5d1i5e_component-candidate,obimd-sub-aryj5d1i5e,obimd-sub-aryj5d1i5e;obimd-main-d20ybazw7f,src-obimd,licensed_for_repository,needs_human_component_review,2026-06-20
obs-comp-cand-000086,graphemic_component_candidate,corpus/003_graphemic-components/001_000001-000100_obs-comp-cand-bucket_component-candidates/086_obs-comp-cand-000086_obimd-sub-k729lc981z_component-candidate,obimd-sub-k729lc981z,obimd-sub-k729lc981z;obimd-main-lpjmcjuz4z,src-obimd,licensed_for_repository,needs_human_component_review,2026-06-20
obs-comp-cand-000087,graphemic_component_candidate,corpus/003_graphemic-components/001_000001-000100_obs-comp-cand-bucket_component-candidates/087_obs-comp-cand-000087_obimd-sub-aawiifil1h_component-candidate,obimd-sub-aawiifil1h,obimd-sub-aawiifil1h;obimd-main-aawiifil1h,src-obimd,licensed_for_repository,needs_human_component_review,2026-06-20
obs-comp-cand-000088,graphemic_component_candidate,corpus/003_graphemic-components/001_000001-000100_obs-comp-cand-bucket_component-candidates/088_obs-comp-cand-000088_obimd-sub-2kw4aito68_component-candidate,obimd-sub-2kw4aito68,obimd-sub-2kw4aito68;obimd-main-2kw4aito68,src-obimd,licensed_for_repository,needs_human_component_review,2026-06-20
obs-comp-cand-000089,graphemic_component_candidate,corpus/003_graphemic-components/001_000001-000100_obs-comp-cand-bucket_component-candidates/089_obs-comp-cand-000089_obimd-sub-w3kng3v1nh_component-candidate,obimd-sub-w3kng3v1nh,obimd-sub-w3kng3v1nh;obimd-main-w3kng3v1nh,src-obimd,licensed_for_repository,needs_human_component_review,2026-06-20
obs-comp-cand-000090,graphemic_component_candidate,corpus/003_graphemic-components/001_000001-000100_obs-comp-cand-bucket_component-candidates/090_obs-comp-cand-000090_obimd-sub-e1wrdxp259_component-candidate,obimd-sub-e1wrdxp259,obimd-sub-e1wrdxp259;obimd-main-e1wrdxp259,src-obimd,licensed_for_repository,needs_human_component_review,2026-06-20
obs-comp-cand-000091,graphemic_component_candidate,corpus/003_graphemic-components/001_000001-000100_obs-comp-cand-bucket_component-candidates/091_obs-comp-cand-000091_obimd-sub-zssbtvgekq_component-candidate,obimd-sub-zssbtvgekq,obimd-sub-zssbtvgekq;obimd-main-e1wrdxp259,src-obimd,licensed_for_repository,needs_human_component_review,2026-06-20
obs-comp-cand-000092,graphemic_component_candidate,corpus/003_graphemic-components/001_000001-000100_obs-comp-cand-bucket_component-candidates/092_obs-comp-cand-000092_obimd-sub-fhr5fzfhst_component-candidate,obimd-sub-fhr5fzfhst,obimd-sub-fhr5fzfhst;obimd-main-fhr5fzfhst,src-obimd,licensed_for_repository,needs_human_component_review,2026-06-20
obs-comp-cand-000093,graphemic_component_candidate,corpus/003_graphemic-components/001_000001-000100_obs-comp-cand-bucket_component-candidates/093_obs-comp-cand-000093_obimd-sub-ya2h4cjfaz_component-candidate,obimd-sub-ya2h4cjfaz,obimd-sub-ya2h4cjfaz;obimd-main-ya2h4cjfaz,src-obimd,licensed_for_repository,needs_human_component_review,2026-06-20
obs-comp-cand-000094,graphemic_component_candidate,corpus/003_graphemic-components/001_000001-000100_obs-comp-cand-bucket_component-candidates/094_obs-comp-cand-000094_obimd-sub-mw7sb9ey49_component-candidate,obimd-sub-mw7sb9ey49,obimd-sub-mw7sb9ey49;obimd-main-mw7sb9ey49,src-obimd,licensed_for_repository,needs_human_component_review,2026-06-20
obs-comp-cand-000095,graphemic_component_candidate,corpus/003_graphemic-components/001_000001-000100_obs-comp-cand-bucket_component-candidates/095_obs-comp-cand-000095_obimd-sub-lfwau6h9x9_component-candidate,obimd-sub-lfwau6h9x9,obimd-sub-lfwau6h9x9;obimd-main-mw7sb9ey49,src-obimd,licensed_for_repository,needs_human_component_review,2026-06-20
obs-comp-cand-000096,graphemic_component_candidate,corpus/003_graphemic-components/001_000001-000100_obs-comp-cand-bucket_component-candidates/096_obs-comp-cand-000096_obimd-sub-4a6130bz6w_component-candidate,obimd-sub-4a6130bz6w,obimd-sub-4a6130bz6w;obimd-main-4a6130bz6w,src-obimd,licensed_for_repository,needs_human_component_review,2026-06-20
obs-comp-cand-000097,graphemic_component_candidate,corpus/003_graphemic-components/001_000001-000100_obs-comp-cand-bucket_component-candidates/097_obs-comp-cand-000097_obimd-sub-ckjp0q64wa_component-candidate,obimd-sub-ckjp0q64wa,obimd-sub-ckjp0q64wa;obimd-main-4a6130bz6w,src-obimd,licensed_for_repository,needs_human_component_review,2026-06-20
obs-comp-cand-000098,graphemic_component_candidate,corpus/003_graphemic-components/001_000001-000100_obs-comp-cand-bucket_component-candidates/098_obs-comp-cand-000098_obimd-sub-vaw8wrp6mi_component-candidate,obimd-sub-vaw8wrp6mi,obimd-sub-vaw8wrp6mi;obimd-main-vaw8wrp6mi,src-obimd,licensed_for_repository,needs_human_component_review,2026-06-20
obs-comp-cand-000099,graphemic_component_candidate,corpus/003_graphemic-components/001_000001-000100_obs-comp-cand-bucket_component-candidates/099_obs-comp-cand-000099_obimd-sub-4wg9twxah6_component-candidate,obimd-sub-4wg9twxah6,obimd-sub-4wg9twxah6;obimd-main-2kvlcqk9xy,src-obimd,licensed_for_repository,needs_human_component_review,2026-06-20
obs-comp-cand-000100,graphemic_component_candidate,corpus/003_graphemic-components/001_000001-000100_obs-comp-cand-bucket_component-candidates/100_obs-comp-cand-000100_obimd-sub-t1r1jjd8v1_component-candidate,obimd-sub-t1r1jjd8v1,obimd-sub-t1r1jjd8v1;obimd-main-t1r1jjd8v1,src-obimd,licensed_for_repository,needs_human_component_review,2026-06-20
obs-comp-cand-000101,graphemic_component_candidate,corpus/003_graphemic-components/002_000101-000200_obs-comp-cand-bucket_component-candidates/101_obs-comp-cand-000101_obimd-sub-ivbw1o50yg_component-candidate,obimd-sub-ivbw1o50yg,obimd-sub-ivbw1o50yg;obimd-main-ivbw1o50yg,src-obimd,licensed_for_repository,needs_human_component_review,2026-06-20
obs-comp-cand-000102,graphemic_component_candidate,corpus/003_graphemic-components/002_000101-000200_obs-comp-cand-bucket_component-candidates/102_obs-comp-cand-000102_obimd-sub-67xwlxwxwm_component-candidate,obimd-sub-67xwlxwxwm,obimd-sub-67xwlxwxwm;obimd-main-67xwlxwxwm,src-obimd,licensed_for_repository,needs_human_component_review,2026-06-20
obs-comp-cand-000103,graphemic_component_candidate,corpus/003_graphemic-components/002_000101-000200_obs-comp-cand-bucket_component-candidates/103_obs-comp-cand-000103_obimd-sub-0r2vse8o96_component-candidate,obimd-sub-0r2vse8o96,obimd-sub-0r2vse8o96;obimd-main-0r2vse8o96,src-obimd,licensed_for_repository,needs_human_component_review,2026-06-20
obs-comp-cand-000104,graphemic_component_candidate,corpus/003_graphemic-components/002_000101-000200_obs-comp-cand-bucket_component-candidates/104_obs-comp-cand-000104_obimd-sub-xijzezvv3j_component-candidate,obimd-sub-xijzezvv3j,obimd-sub-xijzezvv3j;obimd-main-0r2vse8o96,src-obimd,licensed_for_repository,needs_human_component_review,2026-06-20
obs-comp-cand-000105,graphemic_component_candidate,corpus/003_graphemic-components/002_000101-000200_obs-comp-cand-bucket_component-candidates/105_obs-comp-cand-000105_obimd-sub-sq81wh8r3p_component-candidate,obimd-sub-sq81wh8r3p,obimd-sub-sq81wh8r3p;obimd-main-sq81wh8r3p,src-obimd,licensed_for_repository,needs_human_component_review,2026-06-20
obs-comp-cand-000106,graphemic_component_candidate,corpus/003_graphemic-components/002_000101-000200_obs-comp-cand-bucket_component-candidates/106_obs-comp-cand-000106_obimd-sub-m5okakyua4_component-candidate,obimd-sub-m5okakyua4,obimd-sub-m5okakyua4;obimd-main-sq81wh8r3p,src-obimd,licensed_for_repository,needs_human_component_review,2026-06-20
obs-comp-cand-000107,graphemic_component_candidate,corpus/003_graphemic-components/002_000101-000200_obs-comp-cand-bucket_component-candidates/107_obs-comp-cand-000107_obimd-sub-z2y1vsfy32_component-candidate,obimd-sub-z2y1vsfy32,obimd-sub-z2y1vsfy32;obimd-main-z2y1vsfy32,src-obimd,licensed_for_repository,needs_human_component_review,2026-06-20
obs-comp-cand-000108,graphemic_component_candidate,corpus/003_graphemic-components/002_000101-000200_obs-comp-cand-bucket_component-candidates/108_obs-comp-cand-000108_obimd-sub-r0gb9nvxhz_component-candidate,obimd-sub-r0gb9nvxhz,obimd-sub-r0gb9nvxhz;obimd-main-r0gb9nvxhz,src-obimd,licensed_for_repository,needs_human_component_review,2026-06-20
obs-comp-cand-000109,graphemic_component_candidate,corpus/003_graphemic-components/002_000101-000200_obs-comp-cand-bucket_component-candidates/109_obs-comp-cand-000109_obimd-sub-4qzyneuyru_component-candidate,obimd-sub-4qzyneuyru,obimd-sub-4qzyneuyru;obimd-main-xjnn5c8ctk,src-obimd,licensed_for_repository,needs_human_component_review,2026-06-20
obs-comp-cand-000110,graphemic_component_candidate,corpus/003_graphemic-components/002_000101-000200_obs-comp-cand-bucket_component-candidates/110_obs-comp-cand-000110_obimd-sub-ej7sjt0cju_component-candidate,obimd-sub-ej7sjt0cju,obimd-sub-ej7sjt0cju;obimd-main-xjnn5c8ctk,src-obimd,licensed_for_repository,needs_human_component_review,2026-06-20
obs-comp-cand-000111,graphemic_component_candidate,corpus/003_graphemic-components/002_000101-000200_obs-comp-cand-bucket_component-candidates/111_obs-comp-cand-000111_obimd-sub-ti8ubql3my_component-candidate,obimd-sub-ti8ubql3my,obimd-sub-ti8ubql3my;obimd-main-ti8ubql3my,src-obimd,licensed_for_repository,needs_human_component_review,2026-06-20
obs-comp-cand-000112,graphemic_component_candidate,corpus/003_graphemic-components/002_000101-000200_obs-comp-cand-bucket_component-candidates/112_obs-comp-cand-000112_obimd-sub-x8dr6vkpa0_component-candidate,obimd-sub-x8dr6vkpa0,obimd-sub-x8dr6vkpa0;obimd-main-x8dr6vkpa0,src-obimd,licensed_for_repository,needs_human_component_review,2026-06-20
obs-comp-cand-000113,graphemic_component_candidate,corpus/003_graphemic-components/002_000101-000200_obs-comp-cand-bucket_component-candidates/113_obs-comp-cand-000113_obimd-sub-du1603bntk_component-candidate,obimd-sub-du1603bntk,obimd-sub-du1603bntk;obimd-main-du1603bntk,src-obimd,licensed_for_repository,needs_human_component_review,2026-06-20
obs-comp-cand-000114,graphemic_component_candidate,corpus/003_graphemic-components/002_000101-000200_obs-comp-cand-bucket_component-candidates/114_obs-comp-cand-000114_obimd-sub-8tu8ldh995_component-candidate,obimd-sub-8tu8ldh995,obimd-sub-8tu8ldh995;obimd-main-8tu8ldh995,src-obimd,licensed_for_repository,needs_human_component_review,2026-06-20
obs-comp-cand-000115,graphemic_component_candidate,corpus/003_graphemic-components/002_000101-000200_obs-comp-cand-bucket_component-candidates/115_obs-comp-cand-000115_obimd-sub-fy8197yoy0_component-candidate,obimd-sub-fy8197yoy0,obimd-sub-fy8197yoy0;obimd-main-fy8197yoy0,src-obimd,licensed_for_repository,needs_human_component_review,2026-06-20
obs-comp-cand-000116,graphemic_component_candidate,corpus/003_graphemic-components/002_000101-000200_obs-comp-cand-bucket_component-candidates/116_obs-comp-cand-000116_obimd-sub-xhfae21bpk_component-candidate,obimd-sub-xhfae21bpk,obimd-sub-xhfae21bpk;obimd-main-xhfae21bpk,src-obimd,licensed_for_repository,needs_human_component_review,2026-06-20
obs-comp-cand-000117,graphemic_component_candidate,corpus/003_graphemic-components/002_000101-000200_obs-comp-cand-bucket_component-candidates/117_obs-comp-cand-000117_obimd-sub-yd2vacz3zh_component-candidate,obimd-sub-yd2vacz3zh,obimd-sub-yd2vacz3zh;obimd-main-xhfae21bpk,src-obimd,licensed_for_repository,needs_human_component_review,2026-06-20
obs-comp-cand-000118,graphemic_component_candidate,corpus/003_graphemic-components/002_000101-000200_obs-comp-cand-bucket_component-candidates/118_obs-comp-cand-000118_obimd-sub-xh47ul1r1k_component-candidate,obimd-sub-xh47ul1r1k,obimd-sub-xh47ul1r1k;obimd-main-xh47ul1r1k,src-obimd,licensed_for_repository,needs_human_component_review,2026-06-20
obs-comp-cand-000119,graphemic_component_candidate,corpus/003_graphemic-components/002_000101-000200_obs-comp-cand-bucket_component-candidates/119_obs-comp-cand-000119_obimd-sub-w07evdvd0m_component-candidate,obimd-sub-w07evdvd0m,obimd-sub-w07evdvd0m;obimd-main-xh47ul1r1k,src-obimd,licensed_for_repository,needs_human_component_review,2026-06-20
obs-comp-cand-000120,graphemic_component_candidate,corpus/003_graphemic-components/002_000101-000200_obs-comp-cand-bucket_component-candidates/120_obs-comp-cand-000120_obimd-sub-1cqtj1q73a_component-candidate,obimd-sub-1cqtj1q73a,obimd-sub-1cqtj1q73a;obimd-main-1cqtj1q73a,src-obimd,licensed_for_repository,needs_human_component_review,2026-06-20
obs-comp-cand-000121,graphemic_component_candidate,corpus/003_graphemic-components/002_000101-000200_obs-comp-cand-bucket_component-candidates/121_obs-comp-cand-000121_obimd-sub-iho3azmdgu_component-candidate,obimd-sub-iho3azmdgu,obimd-sub-iho3azmdgu;obimd-main-iho3azmdgu,src-obimd,licensed_for_repository,needs_human_component_review,2026-06-20
obs-comp-cand-000122,graphemic_component_candidate,corpus/003_graphemic-components/002_000101-000200_obs-comp-cand-bucket_component-candidates/122_obs-comp-cand-000122_obimd-sub-ctcra21kbu_component-candidate,obimd-sub-ctcra21kbu,obimd-sub-ctcra21kbu;obimd-main-ctcra21kbu,src-obimd,licensed_for_repository,needs_human_component_review,2026-06-20
obs-comp-cand-000123,graphemic_component_candidate,corpus/003_graphemic-components/002_000101-000200_obs-comp-cand-bucket_component-candidates/123_obs-comp-cand-000123_obimd-sub-rneab7qf7c_component-candidate,obimd-sub-rneab7qf7c,obimd-sub-rneab7qf7c;obimd-main-rneab7qf7c,src-obimd,licensed_for_repository,needs_human_component_review,2026-06-20
obs-comp-cand-000124,graphemic_component_candidate,corpus/003_graphemic-components/002_000101-000200_obs-comp-cand-bucket_component-candidates/124_obs-comp-cand-000124_obimd-sub-5yg8yh62tk_component-candidate,obimd-sub-5yg8yh62tk,obimd-sub-5yg8yh62tk;obimd-main-5yg8yh62tk,src-obimd,licensed_for_repository,needs_human_component_review,2026-06-20
obs-comp-cand-000125,graphemic_component_candidate,corpus/003_graphemic-components/002_000101-000200_obs-comp-cand-bucket_component-candidates/125_obs-comp-cand-000125_obimd-sub-o6k9mbhkhs_component-candidate,obimd-sub-o6k9mbhkhs,obimd-sub-o6k9mbhkhs;obimd-main-qmve1owxof,src-obimd,licensed_for_repository,needs_human_component_review,2026-06-20
obs-comp-cand-000126,graphemic_component_candidate,corpus/003_graphemic-components/002_000101-000200_obs-comp-cand-bucket_component-candidates/126_obs-comp-cand-000126_obimd-sub-08fa78pdp8_component-candidate,obimd-sub-08fa78pdp8,obimd-sub-08fa78pdp8;obimd-main-08fa78pdp8,src-obimd,licensed_for_repository,needs_human_component_review,2026-06-20
obs-comp-cand-000127,graphemic_component_candidate,corpus/003_graphemic-components/002_000101-000200_obs-comp-cand-bucket_component-candidates/127_obs-comp-cand-000127_obimd-sub-091cuen244_component-candidate,obimd-sub-091cuen244,obimd-sub-091cuen244;obimd-main-08fa78pdp8,src-obimd,licensed_for_repository,needs_human_component_review,2026-06-20
obs-comp-cand-000128,graphemic_component_candidate,corpus/003_graphemic-components/002_000101-000200_obs-comp-cand-bucket_component-candidates/128_obs-comp-cand-000128_obimd-sub-m87lblai6p_component-candidate,obimd-sub-m87lblai6p,obimd-sub-m87lblai6p;obimd-main-m87lblai6p,src-obimd,licensed_for_repository,needs_human_component_review,2026-06-20
obs-comp-cand-000129,graphemic_component_candidate,corpus/003_graphemic-components/002_000101-000200_obs-comp-cand-bucket_component-candidates/129_obs-comp-cand-000129_obimd-sub-yvbokzhzmz_component-candidate,obimd-sub-yvbokzhzmz,obimd-sub-yvbokzhzmz;obimd-main-yvbokzhzmz,src-obimd,licensed_for_repository,needs_human_component_review,2026-06-20
obs-comp-cand-000130,graphemic_component_candidate,corpus/003_graphemic-components/002_000101-000200_obs-comp-cand-bucket_component-candidates/130_obs-comp-cand-000130_obimd-sub-votw16a9ky_component-candidate,obimd-sub-votw16a9ky,obimd-sub-votw16a9ky;obimd-main-yvbokzhzmz,src-obimd,licensed_for_repository,needs_human_component_review,2026-06-20
obs-comp-cand-000131,graphemic_component_candidate,corpus/003_graphemic-components/002_000101-000200_obs-comp-cand-bucket_component-candidates/131_obs-comp-cand-000131_obimd-sub-vqgl8k3i65_component-candidate,obimd-sub-vqgl8k3i65,obimd-sub-vqgl8k3i65;obimd-main-yvbokzhzmz,src-obimd,licensed_for_repository,needs_human_component_review,2026-06-20
obs-comp-cand-000132,graphemic_component_candidate,corpus/003_graphemic-components/002_000101-000200_obs-comp-cand-bucket_component-candidates/132_obs-comp-cand-000132_obimd-sub-o080wcrzq5_component-candidate,obimd-sub-o080wcrzq5,obimd-sub-o080wcrzq5;obimd-main-o080wcrzq5,src-obimd,licensed_for_repository,needs_human_component_review,2026-06-20
obs-comp-cand-000133,graphemic_component_candidate,corpus/003_graphemic-components/002_000101-000200_obs-comp-cand-bucket_component-candidates/133_obs-comp-cand-000133_obimd-sub-j5q9a8d49b_component-candidate,obimd-sub-j5q9a8d49b,obimd-sub-j5q9a8d49b;obimd-main-j5q9a8d49b,src-obimd,licensed_for_repository,needs_human_component_review,2026-06-20
obs-comp-cand-000134,graphemic_component_candidate,corpus/003_graphemic-components/002_000101-000200_obs-comp-cand-bucket_component-candidates/134_obs-comp-cand-000134_obimd-sub-xc484dkyvf_component-candidate,obimd-sub-xc484dkyvf,obimd-sub-xc484dkyvf;obimd-main-j5q9a8d49b,src-obimd,licensed_for_repository,needs_human_component_review,2026-06-20
obs-comp-cand-000135,graphemic_component_candidate,corpus/003_graphemic-components/002_000101-000200_obs-comp-cand-bucket_component-candidates/135_obs-comp-cand-000135_obimd-sub-8xhrt6fscw_component-candidate,obimd-sub-8xhrt6fscw,obimd-sub-8xhrt6fscw;obimd-main-8xhrt6fscw,src-obimd,licensed_for_repository,needs_human_component_review,2026-06-20
obs-comp-cand-000136,graphemic_component_candidate,corpus/003_graphemic-components/002_000101-000200_obs-comp-cand-bucket_component-candidates/136_obs-comp-cand-000136_obimd-sub-mqp2div95i_component-candidate,obimd-sub-mqp2div95i,obimd-sub-mqp2div95i;obimd-main-8xhrt6fscw,src-obimd,licensed_for_repository,needs_human_component_review,2026-06-20
obs-comp-cand-000137,graphemic_component_candidate,corpus/003_graphemic-components/002_000101-000200_obs-comp-cand-bucket_component-candidates/137_obs-comp-cand-000137_obimd-sub-92dfbxlxeh_component-candidate,obimd-sub-92dfbxlxeh,obimd-sub-92dfbxlxeh;obimd-main-92dfbxlxeh,src-obimd,licensed_for_repository,needs_human_component_review,2026-06-20
obs-comp-cand-000138,graphemic_component_candidate,corpus/003_graphemic-components/002_000101-000200_obs-comp-cand-bucket_component-candidates/138_obs-comp-cand-000138_obimd-sub-dtu9bl4faf_component-candidate,obimd-sub-dtu9bl4faf,obimd-sub-dtu9bl4faf;obimd-main-dtu9bl4faf,src-obimd,licensed_for_repository,needs_human_component_review,2026-06-20
obs-comp-cand-000139,graphemic_component_candidate,corpus/003_graphemic-components/002_000101-000200_obs-comp-cand-bucket_component-candidates/139_obs-comp-cand-000139_obimd-sub-shksxlt8ok_component-candidate,obimd-sub-shksxlt8ok,obimd-sub-shksxlt8ok;obimd-main-shksxlt8ok,src-obimd,licensed_for_repository,needs_human_component_review,2026-06-20
obs-comp-cand-000140,graphemic_component_candidate,corpus/003_graphemic-components/002_000101-000200_obs-comp-cand-bucket_component-candidates/140_obs-comp-cand-000140_obimd-sub-gtadlgs1p2_component-candidate,obimd-sub-gtadlgs1p2,obimd-sub-gtadlgs1p2;obimd-main-shksxlt8ok,src-obimd,licensed_for_repository,needs_human_component_review,2026-06-20
obs-comp-cand-000141,graphemic_component_candidate,corpus/003_graphemic-components/002_000101-000200_obs-comp-cand-bucket_component-candidates/141_obs-comp-cand-000141_obimd-sub-yfnx5cwgq6_component-candidate,obimd-sub-yfnx5cwgq6,obimd-sub-yfnx5cwgq6;obimd-main-yfnx5cwgq6,src-obimd,licensed_for_repository,needs_human_component_review,2026-06-20
obs-comp-cand-000142,graphemic_component_candidate,corpus/003_graphemic-components/002_000101-000200_obs-comp-cand-bucket_component-candidates/142_obs-comp-cand-000142_obimd-sub-txxvhk69z7_component-candidate,obimd-sub-txxvhk69z7,obimd-sub-txxvhk69z7;obimd-main-yfnx5cwgq6,src-obimd,licensed_for_repository,needs_human_component_review,2026-06-20
obs-comp-cand-000143,graphemic_component_candidate,corpus/003_graphemic-components/002_000101-000200_obs-comp-cand-bucket_component-candidates/143_obs-comp-cand-000143_obimd-sub-le6c7kj0kg_component-candidate,obimd-sub-le6c7kj0kg,obimd-sub-le6c7kj0kg;obimd-main-yfnx5cwgq6,src-obimd,licensed_for_repository,needs_human_component_review,2026-06-20
obs-comp-cand-000144,graphemic_component_candidate,corpus/003_graphemic-components/002_000101-000200_obs-comp-cand-bucket_component-candidates/144_obs-comp-cand-000144_obimd-sub-7nuzvu1uoz_component-candidate,obimd-sub-7nuzvu1uoz,obimd-sub-7nuzvu1uoz;obimd-main-7nuzvu1uoz,src-obimd,licensed_for_repository,needs_human_component_review,2026-06-20
obs-comp-cand-000145,graphemic_component_candidate,corpus/003_graphemic-components/002_000101-000200_obs-comp-cand-bucket_component-candidates/145_obs-comp-cand-000145_obimd-sub-7tszx5wu4p_component-candidate,obimd-sub-7tszx5wu4p,obimd-sub-7tszx5wu4p;obimd-main-7tszx5wu4p,src-obimd,licensed_for_repository,needs_human_component_review,2026-06-20
obs-comp-cand-000146,graphemic_component_candidate,corpus/003_graphemic-components/002_000101-000200_obs-comp-cand-bucket_component-candidates/146_obs-comp-cand-000146_obimd-sub-944ledw1r7_component-candidate,obimd-sub-944ledw1r7,obimd-sub-944ledw1r7;obimd-main-944ledw1r7,src-obimd,licensed_for_repository,needs_human_component_review,2026-06-20
obs-comp-cand-000147,graphemic_component_candidate,corpus/003_graphemic-components/002_000101-000200_obs-comp-cand-bucket_component-candidates/147_obs-comp-cand-000147_obimd-sub-o6522xq6sh_component-candidate,obimd-sub-o6522xq6sh,obimd-sub-o6522xq6sh;obimd-main-o6522xq6sh,src-obimd,licensed_for_repository,needs_human_component_review,2026-06-20
obs-comp-cand-000148,graphemic_component_candidate,corpus/003_graphemic-components/002_000101-000200_obs-comp-cand-bucket_component-candidates/148_obs-comp-cand-000148_obimd-sub-xwpx2aiwi7_component-candidate,obimd-sub-xwpx2aiwi7,obimd-sub-xwpx2aiwi7;obimd-main-xwpx2aiwi7,src-obimd,licensed_for_repository,needs_human_component_review,2026-06-20
obs-comp-cand-000149,graphemic_component_candidate,corpus/003_graphemic-components/002_000101-000200_obs-comp-cand-bucket_component-candidates/149_obs-comp-cand-000149_obimd-sub-pfscmtnqbm_component-candidate,obimd-sub-pfscmtnqbm,obimd-sub-pfscmtnqbm;obimd-main-pfscmtnqbm,src-obimd,licensed_for_repository,needs_human_component_review,2026-06-20
obs-comp-cand-000150,graphemic_component_candidate,corpus/003_graphemic-components/002_000101-000200_obs-comp-cand-bucket_component-candidates/150_obs-comp-cand-000150_obimd-sub-msctk8rvba_component-candidate,obimd-sub-msctk8rvba,obimd-sub-msctk8rvba;obimd-main-msctk8rvba,src-obimd,licensed_for_repository,needs_human_component_review,2026-06-20
obs-comp-cand-000151,graphemic_component_candidate,corpus/003_graphemic-components/002_000101-000200_obs-comp-cand-bucket_component-candidates/151_obs-comp-cand-000151_obimd-sub-vudruhunxi_component-candidate,obimd-sub-vudruhunxi,obimd-sub-vudruhunxi;obimd-main-vudruhunxi,src-obimd,licensed_for_repository,needs_human_component_review,2026-06-20
obs-comp-cand-000152,graphemic_component_candidate,corpus/003_graphemic-components/002_000101-000200_obs-comp-cand-bucket_component-candidates/152_obs-comp-cand-000152_obimd-sub-ihzje59ylg_component-candidate,obimd-sub-ihzje59ylg,obimd-sub-ihzje59ylg;obimd-main-ihzje59ylg,src-obimd,licensed_for_repository,needs_human_component_review,2026-06-20
obs-comp-cand-000153,graphemic_component_candidate,corpus/003_graphemic-components/002_000101-000200_obs-comp-cand-bucket_component-candidates/153_obs-comp-cand-000153_obimd-sub-z4tvozb769_component-candidate,obimd-sub-z4tvozb769,obimd-sub-z4tvozb769;obimd-main-ihzje59ylg,src-obimd,licensed_for_repository,needs_human_component_review,2026-06-20
obs-comp-cand-000154,graphemic_component_candidate,corpus/003_graphemic-components/002_000101-000200_obs-comp-cand-bucket_component-candidates/154_obs-comp-cand-000154_obimd-sub-x9y4slwu2b_component-candidate,obimd-sub-x9y4slwu2b,obimd-sub-x9y4slwu2b;obimd-main-x9y4slwu2b,src-obimd,licensed_for_repository,needs_human_component_review,2026-06-20
obs-comp-cand-000155,graphemic_component_candidate,corpus/003_graphemic-components/002_000101-000200_obs-comp-cand-bucket_component-candidates/155_obs-comp-cand-000155_obimd-sub-2ap0g2qb4d_component-candidate,obimd-sub-2ap0g2qb4d,obimd-sub-2ap0g2qb4d;obimd-main-x9y4slwu2b,src-obimd,licensed_for_repository,needs_human_component_review,2026-06-20
obs-comp-cand-000156,graphemic_component_candidate,corpus/003_graphemic-components/002_000101-000200_obs-comp-cand-bucket_component-candidates/156_obs-comp-cand-000156_obimd-sub-gfyngwaipo_component-candidate,obimd-sub-gfyngwaipo,obimd-sub-gfyngwaipo;obimd-main-gfyngwaipo,src-obimd,licensed_for_repository,needs_human_component_review,2026-06-20
obs-comp-cand-000157,graphemic_component_candidate,corpus/003_graphemic-components/002_000101-000200_obs-comp-cand-bucket_component-candidates/157_obs-comp-cand-000157_obimd-sub-kf50ta1b4h_component-candidate,obimd-sub-kf50ta1b4h,obimd-sub-kf50ta1b4h;obimd-main-gfyngwaipo,src-obimd,licensed_for_repository,needs_human_component_review,2026-06-20
obs-comp-cand-000158,graphemic_component_candidate,corpus/003_graphemic-components/002_000101-000200_obs-comp-cand-bucket_component-candidates/158_obs-comp-cand-000158_obimd-sub-lxao6q3l56_component-candidate,obimd-sub-lxao6q3l56,obimd-sub-lxao6q3l56;obimd-main-lxao6q3l56,src-obimd,licensed_for_repository,needs_human_component_review,2026-06-20
obs-comp-cand-000159,graphemic_component_candidate,corpus/003_graphemic-components/002_000101-000200_obs-comp-cand-bucket_component-candidates/159_obs-comp-cand-000159_obimd-sub-17p9dyty3o_component-candidate,obimd-sub-17p9dyty3o,obimd-sub-17p9dyty3o;obimd-main-lxao6q3l56,src-obimd,licensed_for_repository,needs_human_component_review,2026-06-20
obs-comp-cand-000160,graphemic_component_candidate,corpus/003_graphemic-components/002_000101-000200_obs-comp-cand-bucket_component-candidates/160_obs-comp-cand-000160_obimd-sub-nuh39bbw83_component-candidate,obimd-sub-nuh39bbw83,obimd-sub-nuh39bbw83;obimd-main-lxao6q3l56,src-obimd,licensed_for_repository,needs_human_component_review,2026-06-20
obs-comp-cand-000161,graphemic_component_candidate,corpus/003_graphemic-components/002_000101-000200_obs-comp-cand-bucket_component-candidates/161_obs-comp-cand-000161_obimd-sub-bibnwnslua_component-candidate,obimd-sub-bibnwnslua,obimd-sub-bibnwnslua;obimd-main-lxao6q3l56,src-obimd,licensed_for_repository,needs_human_component_review,2026-06-20
obs-comp-cand-000162,graphemic_component_candidate,corpus/003_graphemic-components/002_000101-000200_obs-comp-cand-bucket_component-candidates/162_obs-comp-cand-000162_obimd-sub-eoi0n8nwtz_component-candidate,obimd-sub-eoi0n8nwtz,obimd-sub-eoi0n8nwtz;obimd-main-lxao6q3l56,src-obimd,licensed_for_repository,needs_human_component_review,2026-06-20
obs-comp-cand-000163,graphemic_component_candidate,corpus/003_graphemic-components/002_000101-000200_obs-comp-cand-bucket_component-candidates/163_obs-comp-cand-000163_obimd-sub-bx4qa37l85_component-candidate,obimd-sub-bx4qa37l85,obimd-sub-bx4qa37l85;obimd-main-lxao6q3l56,src-obimd,licensed_for_repository,needs_human_component_review,2026-06-20
obs-comp-cand-000164,graphemic_component_candidate,corpus/003_graphemic-components/002_000101-000200_obs-comp-cand-bucket_component-candidates/164_obs-comp-cand-000164_obimd-sub-byf07kxb4z_component-candidate,obimd-sub-byf07kxb4z,obimd-sub-byf07kxb4z;obimd-main-lxao6q3l56,src-obimd,licensed_for_repository,needs_human_component_review,2026-06-20
obs-comp-cand-000165,graphemic_component_candidate,corpus/003_graphemic-components/002_000101-000200_obs-comp-cand-bucket_component-candidates/165_obs-comp-cand-000165_obimd-sub-fy8wbynlqq_component-candidate,obimd-sub-fy8wbynlqq,obimd-sub-fy8wbynlqq;obimd-main-lxao6q3l56,src-obimd,licensed_for_repository,needs_human_component_review,2026-06-20
obs-comp-cand-000166,graphemic_component_candidate,corpus/003_graphemic-components/002_000101-000200_obs-comp-cand-bucket_component-candidates/166_obs-comp-cand-000166_obimd-sub-mej5mbo9gj_component-candidate,obimd-sub-mej5mbo9gj,obimd-sub-mej5mbo9gj;obimd-main-lxao6q3l56,src-obimd,licensed_for_repository,needs_human_component_review,2026-06-20
obs-comp-cand-000167,graphemic_component_candidate,corpus/003_graphemic-components/002_000101-000200_obs-comp-cand-bucket_component-candidates/167_obs-comp-cand-000167_obimd-sub-6xvu1px4mk_component-candidate,obimd-sub-6xvu1px4mk,obimd-sub-6xvu1px4mk;obimd-main-l62kyktzq2,src-obimd,licensed_for_repository,needs_human_component_review,2026-06-20
obs-comp-cand-000168,graphemic_component_candidate,corpus/003_graphemic-components/002_000101-000200_obs-comp-cand-bucket_component-candidates/168_obs-comp-cand-000168_obimd-sub-3k23i3cwyt_component-candidate,obimd-sub-3k23i3cwyt,obimd-sub-3k23i3cwyt;obimd-main-3k23i3cwyt,src-obimd,licensed_for_repository,needs_human_component_review,2026-06-20
obs-comp-cand-000169,graphemic_component_candidate,corpus/003_graphemic-components/002_000101-000200_obs-comp-cand-bucket_component-candidates/169_obs-comp-cand-000169_obimd-sub-el7xh0v2ov_component-candidate,obimd-sub-el7xh0v2ov,obimd-sub-el7xh0v2ov;obimd-main-el7xh0v2ov,src-obimd,licensed_for_repository,needs_human_component_review,2026-06-20
obs-comp-cand-000170,graphemic_component_candidate,corpus/003_graphemic-components/002_000101-000200_obs-comp-cand-bucket_component-candidates/170_obs-comp-cand-000170_obimd-sub-hed7mevt31_component-candidate,obimd-sub-hed7mevt31,obimd-sub-hed7mevt31;obimd-main-hed7mevt31,src-obimd,licensed_for_repository,needs_human_component_review,2026-06-20
obs-comp-cand-000171,graphemic_component_candidate,corpus/003_graphemic-components/002_000101-000200_obs-comp-cand-bucket_component-candidates/171_obs-comp-cand-000171_obimd-sub-bmbcjouxgx_component-candidate,obimd-sub-bmbcjouxgx,obimd-sub-bmbcjouxgx;obimd-main-hed7mevt31,src-obimd,licensed_for_repository,needs_human_component_review,2026-06-20
obs-comp-cand-000172,graphemic_component_candidate,corpus/003_graphemic-components/002_000101-000200_obs-comp-cand-bucket_component-candidates/172_obs-comp-cand-000172_obimd-sub-lebb92n5gt_component-candidate,obimd-sub-lebb92n5gt,obimd-sub-lebb92n5gt;obimd-main-lebb92n5gt,src-obimd,licensed_for_repository,needs_human_component_review,2026-06-20
obs-comp-cand-000173,graphemic_component_candidate,corpus/003_graphemic-components/002_000101-000200_obs-comp-cand-bucket_component-candidates/173_obs-comp-cand-000173_obimd-sub-82z4h91v4r_component-candidate,obimd-sub-82z4h91v4r,obimd-sub-82z4h91v4r;obimd-main-82z4h91v4r,src-obimd,licensed_for_repository,needs_human_component_review,2026-06-20
obs-comp-cand-000174,graphemic_component_candidate,corpus/003_graphemic-components/002_000101-000200_obs-comp-cand-bucket_component-candidates/174_obs-comp-cand-000174_obimd-sub-usnmo2t72b_component-candidate,obimd-sub-usnmo2t72b,obimd-sub-usnmo2t72b;obimd-main-usnmo2t72b,src-obimd,licensed_for_repository,needs_human_component_review,2026-06-20
obs-comp-cand-000175,graphemic_component_candidate,corpus/003_graphemic-components/002_000101-000200_obs-comp-cand-bucket_component-candidates/175_obs-comp-cand-000175_obimd-sub-4n6v7cj6m9_component-candidate,obimd-sub-4n6v7cj6m9,obimd-sub-4n6v7cj6m9;obimd-main-4n6v7cj6m9,src-obimd,licensed_for_repository,needs_human_component_review,2026-06-20
obs-comp-cand-000176,graphemic_component_candidate,corpus/003_graphemic-components/002_000101-000200_obs-comp-cand-bucket_component-candidates/176_obs-comp-cand-000176_obimd-sub-6im5udxyqo_component-candidate,obimd-sub-6im5udxyqo,obimd-sub-6im5udxyqo;obimd-main-4n6v7cj6m9,src-obimd,licensed_for_repository,needs_human_component_review,2026-06-20
obs-comp-cand-000177,graphemic_component_candidate,corpus/003_graphemic-components/002_000101-000200_obs-comp-cand-bucket_component-candidates/177_obs-comp-cand-000177_obimd-sub-tt9vsh6wsx_component-candidate,obimd-sub-tt9vsh6wsx,obimd-sub-tt9vsh6wsx;obimd-main-4n6v7cj6m9,src-obimd,licensed_for_repository,needs_human_component_review,2026-06-20
obs-comp-cand-000178,graphemic_component_candidate,corpus/003_graphemic-components/002_000101-000200_obs-comp-cand-bucket_component-candidates/178_obs-comp-cand-000178_obimd-sub-h4ivjjlrr8_component-candidate,obimd-sub-h4ivjjlrr8,obimd-sub-h4ivjjlrr8;obimd-main-h4ivjjlrr8,src-obimd,licensed_for_repository,needs_human_component_review,2026-06-20
obs-comp-cand-000179,graphemic_component_candidate,corpus/003_graphemic-components/002_000101-000200_obs-comp-cand-bucket_component-candidates/179_obs-comp-cand-000179_obimd-sub-3wku1ohk1p_component-candidate,obimd-sub-3wku1ohk1p,obimd-sub-3wku1ohk1p;obimd-main-3wku1ohk1p,src-obimd,licensed_for_repository,needs_human_component_review,2026-06-20
obs-comp-cand-000180,graphemic_component_candidate,corpus/003_graphemic-components/002_000101-000200_obs-comp-cand-bucket_component-candidates/180_obs-comp-cand-000180_obimd-sub-ifwvlqtuf0_component-candidate,obimd-sub-ifwvlqtuf0,obimd-sub-ifwvlqtuf0;obimd-main-3wku1ohk1p,src-obimd,licensed_for_repository,needs_human_component_review,2026-06-20
obs-comp-cand-000181,graphemic_component_candidate,corpus/003_graphemic-components/002_000101-000200_obs-comp-cand-bucket_component-candidates/181_obs-comp-cand-000181_obimd-sub-ni47ygpurm_component-candidate,obimd-sub-ni47ygpurm,obimd-sub-ni47ygpurm;obimd-main-3wku1ohk1p,src-obimd,licensed_for_repository,needs_human_component_review,2026-06-20
obs-comp-cand-000182,graphemic_component_candidate,corpus/003_graphemic-components/002_000101-000200_obs-comp-cand-bucket_component-candidates/182_obs-comp-cand-000182_obimd-sub-tiaauw1dk5_component-candidate,obimd-sub-tiaauw1dk5,obimd-sub-tiaauw1dk5;obimd-main-3wku1ohk1p,src-obimd,licensed_for_repository,needs_human_component_review,2026-06-20
obs-comp-cand-000183,graphemic_component_candidate,corpus/003_graphemic-components/002_000101-000200_obs-comp-cand-bucket_component-candidates/183_obs-comp-cand-000183_obimd-sub-j904v6fm79_component-candidate,obimd-sub-j904v6fm79,obimd-sub-j904v6fm79;obimd-main-j904v6fm79,src-obimd,licensed_for_repository,needs_human_component_review,2026-06-20
obs-comp-cand-000184,graphemic_component_candidate,corpus/003_graphemic-components/002_000101-000200_obs-comp-cand-bucket_component-candidates/184_obs-comp-cand-000184_obimd-sub-vlrevyerla_component-candidate,obimd-sub-vlrevyerla,obimd-sub-vlrevyerla;obimd-main-j904v6fm79,src-obimd,licensed_for_repository,needs_human_component_review,2026-06-20
obs-comp-cand-000185,graphemic_component_candidate,corpus/003_graphemic-components/002_000101-000200_obs-comp-cand-bucket_component-candidates/185_obs-comp-cand-000185_obimd-sub-o764sfprik_component-candidate,obimd-sub-o764sfprik,obimd-sub-o764sfprik;obimd-main-o764sfprik,src-obimd,licensed_for_repository,needs_human_component_review,2026-06-20
obs-comp-cand-000186,graphemic_component_candidate,corpus/003_graphemic-components/002_000101-000200_obs-comp-cand-bucket_component-candidates/186_obs-comp-cand-000186_obimd-sub-h2mhpxskhk_component-candidate,obimd-sub-h2mhpxskhk,obimd-sub-h2mhpxskhk;obimd-main-h2mhpxskhk,src-obimd,licensed_for_repository,needs_human_component_review,2026-06-20
obs-comp-cand-000187,graphemic_component_candidate,corpus/003_graphemic-components/002_000101-000200_obs-comp-cand-bucket_component-candidates/187_obs-comp-cand-000187_obimd-sub-35prl36m40_component-candidate,obimd-sub-35prl36m40,obimd-sub-35prl36m40;obimd-main-h2mhpxskhk,src-obimd,licensed_for_repository,needs_human_component_review,2026-06-20
obs-comp-cand-000188,graphemic_component_candidate,corpus/003_graphemic-components/002_000101-000200_obs-comp-cand-bucket_component-candidates/188_obs-comp-cand-000188_obimd-sub-i62qjghqfq_component-candidate,obimd-sub-i62qjghqfq,obimd-sub-i62qjghqfq;obimd-main-h2mhpxskhk,src-obimd,licensed_for_repository,needs_human_component_review,2026-06-20
obs-comp-cand-000189,graphemic_component_candidate,corpus/003_graphemic-components/002_000101-000200_obs-comp-cand-bucket_component-candidates/189_obs-comp-cand-000189_obimd-sub-xw3dfo77bt_component-candidate,obimd-sub-xw3dfo77bt,obimd-sub-xw3dfo77bt;obimd-main-h2mhpxskhk,src-obimd,licensed_for_repository,needs_human_component_review,2026-06-20
obs-comp-cand-000190,graphemic_component_candidate,corpus/003_graphemic-components/002_000101-000200_obs-comp-cand-bucket_component-candidates/190_obs-comp-cand-000190_obimd-sub-c21flybnax_component-candidate,obimd-sub-c21flybnax,obimd-sub-c21flybnax;obimd-main-c21flybnax,src-obimd,licensed_for_repository,needs_human_component_review,2026-06-20
obs-comp-cand-000191,graphemic_component_candidate,corpus/003_graphemic-components/002_000101-000200_obs-comp-cand-bucket_component-candidates/191_obs-comp-cand-000191_obimd-sub-2h3rwms23l_component-candidate,obimd-sub-2h3rwms23l,obimd-sub-2h3rwms23l;obimd-main-2h3rwms23l,src-obimd,licensed_for_repository,needs_human_component_review,2026-06-20
obs-comp-cand-000192,graphemic_component_candidate,corpus/003_graphemic-components/002_000101-000200_obs-comp-cand-bucket_component-candidates/192_obs-comp-cand-000192_obimd-sub-d8ert3szto_component-candidate,obimd-sub-d8ert3szto,obimd-sub-d8ert3szto;obimd-main-2h3rwms23l,src-obimd,licensed_for_repository,needs_human_component_review,2026-06-20
obs-comp-cand-000193,graphemic_component_candidate,corpus/003_graphemic-components/002_000101-000200_obs-comp-cand-bucket_component-candidates/193_obs-comp-cand-000193_obimd-sub-jbo9t31zqp_component-candidate,obimd-sub-jbo9t31zqp,obimd-sub-jbo9t31zqp;obimd-main-jbo9t31zqp,src-obimd,licensed_for_repository,needs_human_component_review,2026-06-20
obs-comp-cand-000194,graphemic_component_candidate,corpus/003_graphemic-components/002_000101-000200_obs-comp-cand-bucket_component-candidates/194_obs-comp-cand-000194_obimd-sub-k6l649jf98_component-candidate,obimd-sub-k6l649jf98,obimd-sub-k6l649jf98;obimd-main-k6l649jf98,src-obimd,licensed_for_repository,needs_human_component_review,2026-06-20
obs-comp-cand-000195,graphemic_component_candidate,corpus/003_graphemic-components/002_000101-000200_obs-comp-cand-bucket_component-candidates/195_obs-comp-cand-000195_obimd-sub-fgnrkdc7am_component-candidate,obimd-sub-fgnrkdc7am,obimd-sub-fgnrkdc7am;obimd-main-k6l649jf98,src-obimd,licensed_for_repository,needs_human_component_review,2026-06-20
obs-comp-cand-000196,graphemic_component_candidate,corpus/003_graphemic-components/002_000101-000200_obs-comp-cand-bucket_component-candidates/196_obs-comp-cand-000196_obimd-sub-93bm8ylj5e_component-candidate,obimd-sub-93bm8ylj5e,obimd-sub-93bm8ylj5e;obimd-main-k6l649jf98,src-obimd,licensed_for_repository,needs_human_component_review,2026-06-20
obs-comp-cand-000197,graphemic_component_candidate,corpus/003_graphemic-components/002_000101-000200_obs-comp-cand-bucket_component-candidates/197_obs-comp-cand-000197_obimd-sub-22m16i0vlv_component-candidate,obimd-sub-22m16i0vlv,obimd-sub-22m16i0vlv;obimd-main-k6l649jf98,src-obimd,licensed_for_repository,needs_human_component_review,2026-06-20
obs-comp-cand-000198,graphemic_component_candidate,corpus/003_graphemic-components/002_000101-000200_obs-comp-cand-bucket_component-candidates/198_obs-comp-cand-000198_obimd-sub-1mu6nprj45_component-candidate,obimd-sub-1mu6nprj45,obimd-sub-1mu6nprj45;obimd-main-1mu6nprj45,src-obimd,licensed_for_repository,needs_human_component_review,2026-06-20
obs-comp-cand-000199,graphemic_component_candidate,corpus/003_graphemic-components/002_000101-000200_obs-comp-cand-bucket_component-candidates/199_obs-comp-cand-000199_obimd-sub-do72nuhnr4_component-candidate,obimd-sub-do72nuhnr4,obimd-sub-do72nuhnr4;obimd-main-do72nuhnr4,src-obimd,licensed_for_repository,needs_human_component_review,2026-06-20
obs-comp-cand-000200,graphemic_component_candidate,corpus/003_graphemic-components/002_000101-000200_obs-comp-cand-bucket_component-candidates/200_obs-comp-cand-000200_obimd-sub-j29igjvgwl_component-candidate,obimd-sub-j29igjvgwl,obimd-sub-j29igjvgwl;obimd-main-j29igjvgwl,src-obimd,licensed_for_repository,needs_human_component_review,2026-06-20
obs-comp-cand-000201,graphemic_component_candidate,corpus/003_graphemic-components/003_000201-000300_obs-comp-cand-bucket_component-candidates/201_obs-comp-cand-000201_obimd-sub-r09trgtxjq_component-candidate,obimd-sub-r09trgtxjq,obimd-sub-r09trgtxjq;obimd-main-r09trgtxjq,src-obimd,licensed_for_repository,needs_human_component_review,2026-06-20
obs-comp-cand-000202,graphemic_component_candidate,corpus/003_graphemic-components/003_000201-000300_obs-comp-cand-bucket_component-candidates/202_obs-comp-cand-000202_obimd-sub-u5upr132uu_component-candidate,obimd-sub-u5upr132uu,obimd-sub-u5upr132uu;obimd-main-u5upr132uu,src-obimd,licensed_for_repository,needs_human_component_review,2026-06-20
obs-comp-cand-000203,graphemic_component_candidate,corpus/003_graphemic-components/003_000201-000300_obs-comp-cand-bucket_component-candidates/203_obs-comp-cand-000203_obimd-sub-h44zkm9mt8_component-candidate,obimd-sub-h44zkm9mt8,obimd-sub-h44zkm9mt8;obimd-main-h44zkm9mt8,src-obimd,licensed_for_repository,needs_human_component_review,2026-06-20
obs-comp-cand-000204,graphemic_component_candidate,corpus/003_graphemic-components/003_000201-000300_obs-comp-cand-bucket_component-candidates/204_obs-comp-cand-000204_obimd-sub-vpxl6e6com_component-candidate,obimd-sub-vpxl6e6com,obimd-sub-vpxl6e6com;obimd-main-h44zkm9mt8,src-obimd,licensed_for_repository,needs_human_component_review,2026-06-20
obs-comp-cand-000205,graphemic_component_candidate,corpus/003_graphemic-components/003_000201-000300_obs-comp-cand-bucket_component-candidates/205_obs-comp-cand-000205_obimd-sub-q4hnc07dxx_component-candidate,obimd-sub-q4hnc07dxx,obimd-sub-q4hnc07dxx;obimd-main-h44zkm9mt8,src-obimd,licensed_for_repository,needs_human_component_review,2026-06-20
obs-comp-cand-000206,graphemic_component_candidate,corpus/003_graphemic-components/003_000201-000300_obs-comp-cand-bucket_component-candidates/206_obs-comp-cand-000206_obimd-sub-7d8jcunz15_component-candidate,obimd-sub-7d8jcunz15,obimd-sub-7d8jcunz15;obimd-main-h44zkm9mt8,src-obimd,licensed_for_repository,needs_human_component_review,2026-06-20
obs-comp-cand-000207,graphemic_component_candidate,corpus/003_graphemic-components/003_000201-000300_obs-comp-cand-bucket_component-candidates/207_obs-comp-cand-000207_obimd-sub-e5kvpngkc8_component-candidate,obimd-sub-e5kvpngkc8,obimd-sub-e5kvpngkc8;obimd-main-e5kvpngkc8,src-obimd,licensed_for_repository,needs_human_component_review,2026-06-20
obs-comp-cand-000208,graphemic_component_candidate,corpus/003_graphemic-components/003_000201-000300_obs-comp-cand-bucket_component-candidates/208_obs-comp-cand-000208_obimd-sub-pa13rewdd9_component-candidate,obimd-sub-pa13rewdd9,obimd-sub-pa13rewdd9;obimd-main-pa13rewdd9,src-obimd,licensed_for_repository,needs_human_component_review,2026-06-20
obs-comp-cand-000209,graphemic_component_candidate,corpus/003_graphemic-components/003_000201-000300_obs-comp-cand-bucket_component-candidates/209_obs-comp-cand-000209_obimd-sub-ce3fl75gg7_component-candidate,obimd-sub-ce3fl75gg7,obimd-sub-ce3fl75gg7;obimd-main-pa13rewdd9,src-obimd,licensed_for_repository,needs_human_component_review,2026-06-20
obs-comp-cand-000210,graphemic_component_candidate,corpus/003_graphemic-components/003_000201-000300_obs-comp-cand-bucket_component-candidates/210_obs-comp-cand-000210_obimd-sub-7g8plsbjew_component-candidate,obimd-sub-7g8plsbjew,obimd-sub-7g8plsbjew;obimd-main-pa13rewdd9,src-obimd,licensed_for_repository,needs_human_component_review,2026-06-20
obs-comp-cand-000211,graphemic_component_candidate,corpus/003_graphemic-components/003_000201-000300_obs-comp-cand-bucket_component-candidates/211_obs-comp-cand-000211_obimd-sub-z5begenlrf_component-candidate,obimd-sub-z5begenlrf,obimd-sub-z5begenlrf;obimd-main-z5begenlrf,src-obimd,licensed_for_repository,needs_human_component_review,2026-06-20
obs-comp-cand-000212,graphemic_component_candidate,corpus/003_graphemic-components/003_000201-000300_obs-comp-cand-bucket_component-candidates/212_obs-comp-cand-000212_obimd-sub-diesgffg1o_component-candidate,obimd-sub-diesgffg1o,obimd-sub-diesgffg1o;obimd-main-diesgffg1o,src-obimd,licensed_for_repository,needs_human_component_review,2026-06-20
obs-comp-cand-000213,graphemic_component_candidate,corpus/003_graphemic-components/003_000201-000300_obs-comp-cand-bucket_component-candidates/213_obs-comp-cand-000213_obimd-sub-fn6hszube7_component-candidate,obimd-sub-fn6hszube7,obimd-sub-fn6hszube7;obimd-main-fn6hszube7,src-obimd,licensed_for_repository,needs_human_component_review,2026-06-20
obs-comp-cand-000214,graphemic_component_candidate,corpus/003_graphemic-components/003_000201-000300_obs-comp-cand-bucket_component-candidates/214_obs-comp-cand-000214_obimd-sub-9qj2ien78o_component-candidate,obimd-sub-9qj2ien78o,obimd-sub-9qj2ien78o;obimd-main-fn6hszube7,src-obimd,licensed_for_repository,needs_human_component_review,2026-06-20
obs-comp-cand-000215,graphemic_component_candidate,corpus/003_graphemic-components/003_000201-000300_obs-comp-cand-bucket_component-candidates/215_obs-comp-cand-000215_obimd-sub-mjkreq3d3z_component-candidate,obimd-sub-mjkreq3d3z,obimd-sub-mjkreq3d3z;obimd-main-fn6hszube7,src-obimd,licensed_for_repository,needs_human_component_review,2026-06-20
obs-comp-cand-000216,graphemic_component_candidate,corpus/003_graphemic-components/003_000201-000300_obs-comp-cand-bucket_component-candidates/216_obs-comp-cand-000216_obimd-sub-8uh1kfvlhb_component-candidate,obimd-sub-8uh1kfvlhb,obimd-sub-8uh1kfvlhb;obimd-main-8uh1kfvlhb,src-obimd,licensed_for_repository,needs_human_component_review,2026-06-20
obs-comp-cand-000217,graphemic_component_candidate,corpus/003_graphemic-components/003_000201-000300_obs-comp-cand-bucket_component-candidates/217_obs-comp-cand-000217_obimd-sub-5osdmihofa_component-candidate,obimd-sub-5osdmihofa,obimd-sub-5osdmihofa;obimd-main-8uh1kfvlhb,src-obimd,licensed_for_repository,needs_human_component_review,2026-06-20
obs-comp-cand-000218,graphemic_component_candidate,corpus/003_graphemic-components/003_000201-000300_obs-comp-cand-bucket_component-candidates/218_obs-comp-cand-000218_obimd-sub-xwck9dcioj_component-candidate,obimd-sub-xwck9dcioj,obimd-sub-xwck9dcioj;obimd-main-xwck9dcioj,src-obimd,licensed_for_repository,needs_human_component_review,2026-06-20
obs-comp-cand-000219,graphemic_component_candidate,corpus/003_graphemic-components/003_000201-000300_obs-comp-cand-bucket_component-candidates/219_obs-comp-cand-000219_obimd-sub-ivap6t9i2p_component-candidate,obimd-sub-ivap6t9i2p,obimd-sub-ivap6t9i2p;obimd-main-xwck9dcioj,src-obimd,licensed_for_repository,needs_human_component_review,2026-06-20
obs-comp-cand-000220,graphemic_component_candidate,corpus/003_graphemic-components/003_000201-000300_obs-comp-cand-bucket_component-candidates/220_obs-comp-cand-000220_obimd-sub-nxvkb51xy2_component-candidate,obimd-sub-nxvkb51xy2,obimd-sub-nxvkb51xy2;obimd-main-812nh3gzrb,src-obimd,licensed_for_repository,needs_human_component_review,2026-06-20
obs-comp-cand-000221,graphemic_component_candidate,corpus/003_graphemic-components/003_000201-000300_obs-comp-cand-bucket_component-candidates/221_obs-comp-cand-000221_obimd-sub-7z5dh17d4b_component-candidate,obimd-sub-7z5dh17d4b,obimd-sub-7z5dh17d4b;obimd-main-7z5dh17d4b,src-obimd,licensed_for_repository,needs_human_component_review,2026-06-20
obs-comp-cand-000222,graphemic_component_candidate,corpus/003_graphemic-components/003_000201-000300_obs-comp-cand-bucket_component-candidates/222_obs-comp-cand-000222_obimd-sub-ubk7sbe7ej_component-candidate,obimd-sub-ubk7sbe7ej,obimd-sub-ubk7sbe7ej;obimd-main-7z5dh17d4b,src-obimd,licensed_for_repository,needs_human_component_review,2026-06-20
obs-comp-cand-000223,graphemic_component_candidate,corpus/003_graphemic-components/003_000201-000300_obs-comp-cand-bucket_component-candidates/223_obs-comp-cand-000223_obimd-sub-35mlsnk38c_component-candidate,obimd-sub-35mlsnk38c,obimd-sub-35mlsnk38c;obimd-main-35mlsnk38c,src-obimd,licensed_for_repository,needs_human_component_review,2026-06-20
obs-comp-cand-000224,graphemic_component_candidate,corpus/003_graphemic-components/003_000201-000300_obs-comp-cand-bucket_component-candidates/224_obs-comp-cand-000224_obimd-sub-g6i8yc3t6f_component-candidate,obimd-sub-g6i8yc3t6f,obimd-sub-g6i8yc3t6f;obimd-main-g6i8yc3t6f,src-obimd,licensed_for_repository,needs_human_component_review,2026-06-20
obs-comp-cand-000225,graphemic_component_candidate,corpus/003_graphemic-components/003_000201-000300_obs-comp-cand-bucket_component-candidates/225_obs-comp-cand-000225_obimd-sub-e4cn4k8l46_component-candidate,obimd-sub-e4cn4k8l46,obimd-sub-e4cn4k8l46;obimd-main-e4cn4k8l46,src-obimd,licensed_for_repository,needs_human_component_review,2026-06-20
obs-comp-cand-000226,graphemic_component_candidate,corpus/003_graphemic-components/003_000201-000300_obs-comp-cand-bucket_component-candidates/226_obs-comp-cand-000226_obimd-sub-1zq2hlx01l_component-candidate,obimd-sub-1zq2hlx01l,obimd-sub-1zq2hlx01l;obimd-main-1zq2hlx01l,src-obimd,licensed_for_repository,needs_human_component_review,2026-06-20
obs-comp-cand-000227,graphemic_component_candidate,corpus/003_graphemic-components/003_000201-000300_obs-comp-cand-bucket_component-candidates/227_obs-comp-cand-000227_obimd-sub-tqko7h2wrh_component-candidate,obimd-sub-tqko7h2wrh,obimd-sub-tqko7h2wrh;obimd-main-tqko7h2wrh,src-obimd,licensed_for_repository,needs_human_component_review,2026-06-20
obs-comp-cand-000228,graphemic_component_candidate,corpus/003_graphemic-components/003_000201-000300_obs-comp-cand-bucket_component-candidates/228_obs-comp-cand-000228_obimd-sub-yy6urudalw_component-candidate,obimd-sub-yy6urudalw,obimd-sub-yy6urudalw;obimd-main-wko0jz3cod,src-obimd,licensed_for_repository,needs_human_component_review,2026-06-20
obs-comp-cand-000229,graphemic_component_candidate,corpus/003_graphemic-components/003_000201-000300_obs-comp-cand-bucket_component-candidates/229_obs-comp-cand-000229_obimd-sub-aqf754j3rb_component-candidate,obimd-sub-aqf754j3rb,obimd-sub-aqf754j3rb;obimd-main-aqf754j3rb,src-obimd,licensed_for_repository,needs_human_component_review,2026-06-20
obs-comp-cand-000230,graphemic_component_candidate,corpus/003_graphemic-components/003_000201-000300_obs-comp-cand-bucket_component-candidates/230_obs-comp-cand-000230_obimd-sub-k7s5hlaoz3_component-candidate,obimd-sub-k7s5hlaoz3,obimd-sub-k7s5hlaoz3;obimd-main-k7s5hlaoz3,src-obimd,licensed_for_repository,needs_human_component_review,2026-06-20
obs-comp-cand-000231,graphemic_component_candidate,corpus/003_graphemic-components/003_000201-000300_obs-comp-cand-bucket_component-candidates/231_obs-comp-cand-000231_obimd-sub-2i3zpwl5a9_component-candidate,obimd-sub-2i3zpwl5a9,obimd-sub-2i3zpwl5a9;obimd-main-2i3zpwl5a9,src-obimd,licensed_for_repository,needs_human_component_review,2026-06-20
obs-comp-cand-000232,graphemic_component_candidate,corpus/003_graphemic-components/003_000201-000300_obs-comp-cand-bucket_component-candidates/232_obs-comp-cand-000232_obimd-sub-yse6qwbz47_component-candidate,obimd-sub-yse6qwbz47,obimd-sub-yse6qwbz47;obimd-main-2i3zpwl5a9,src-obimd,licensed_for_repository,needs_human_component_review,2026-06-20
obs-comp-cand-000233,graphemic_component_candidate,corpus/003_graphemic-components/003_000201-000300_obs-comp-cand-bucket_component-candidates/233_obs-comp-cand-000233_obimd-sub-b6f7lj4wbb_component-candidate,obimd-sub-b6f7lj4wbb,obimd-sub-b6f7lj4wbb;obimd-main-b6f7lj4wbb,src-obimd,licensed_for_repository,needs_human_component_review,2026-06-20
obs-comp-cand-000234,graphemic_component_candidate,corpus/003_graphemic-components/003_000201-000300_obs-comp-cand-bucket_component-candidates/234_obs-comp-cand-000234_obimd-sub-id0m0j1kjy_component-candidate,obimd-sub-id0m0j1kjy,obimd-sub-id0m0j1kjy;obimd-main-id0m0j1kjy,src-obimd,licensed_for_repository,needs_human_component_review,2026-06-20
obs-comp-cand-000235,graphemic_component_candidate,corpus/003_graphemic-components/003_000201-000300_obs-comp-cand-bucket_component-candidates/235_obs-comp-cand-000235_obimd-sub-tbukaiwg5n_component-candidate,obimd-sub-tbukaiwg5n,obimd-sub-tbukaiwg5n;obimd-main-id0m0j1kjy,src-obimd,licensed_for_repository,needs_human_component_review,2026-06-20
obs-comp-cand-000236,graphemic_component_candidate,corpus/003_graphemic-components/003_000201-000300_obs-comp-cand-bucket_component-candidates/236_obs-comp-cand-000236_obimd-sub-qsajusmznc_component-candidate,obimd-sub-qsajusmznc,obimd-sub-qsajusmznc;obimd-main-id0m0j1kjy,src-obimd,licensed_for_repository,needs_human_component_review,2026-06-20
obs-comp-cand-000237,graphemic_component_candidate,corpus/003_graphemic-components/003_000201-000300_obs-comp-cand-bucket_component-candidates/237_obs-comp-cand-000237_obimd-sub-a3s39sn5v8_component-candidate,obimd-sub-a3s39sn5v8,obimd-sub-a3s39sn5v8;obimd-main-id0m0j1kjy,src-obimd,licensed_for_repository,needs_human_component_review,2026-06-20
obs-comp-cand-000238,graphemic_component_candidate,corpus/003_graphemic-components/003_000201-000300_obs-comp-cand-bucket_component-candidates/238_obs-comp-cand-000238_obimd-sub-6zcg5te8b7_component-candidate,obimd-sub-6zcg5te8b7,obimd-sub-6zcg5te8b7;obimd-main-id0m0j1kjy,src-obimd,licensed_for_repository,needs_human_component_review,2026-06-20
obs-comp-cand-000239,graphemic_component_candidate,corpus/003_graphemic-components/003_000201-000300_obs-comp-cand-bucket_component-candidates/239_obs-comp-cand-000239_obimd-sub-p0cq49blw6_component-candidate,obimd-sub-p0cq49blw6,obimd-sub-p0cq49blw6;obimd-main-414nuewqwd,src-obimd,licensed_for_repository,needs_human_component_review,2026-06-20
obs-comp-cand-000240,graphemic_component_candidate,corpus/003_graphemic-components/003_000201-000300_obs-comp-cand-bucket_component-candidates/240_obs-comp-cand-000240_obimd-sub-dowi3lt0dv_component-candidate,obimd-sub-dowi3lt0dv,obimd-sub-dowi3lt0dv;obimd-main-dowi3lt0dv,src-obimd,licensed_for_repository,needs_human_component_review,2026-06-20
obs-comp-cand-000241,graphemic_component_candidate,corpus/003_graphemic-components/003_000201-000300_obs-comp-cand-bucket_component-candidates/241_obs-comp-cand-000241_obimd-sub-kcbhwd2hb6_component-candidate,obimd-sub-kcbhwd2hb6,obimd-sub-kcbhwd2hb6;obimd-main-kcbhwd2hb6,src-obimd,licensed_for_repository,needs_human_component_review,2026-06-20
obs-comp-cand-000242,graphemic_component_candidate,corpus/003_graphemic-components/003_000201-000300_obs-comp-cand-bucket_component-candidates/242_obs-comp-cand-000242_obimd-sub-msl6b81ikx_component-candidate,obimd-sub-msl6b81ikx,obimd-sub-msl6b81ikx;obimd-main-msl6b81ikx,src-obimd,licensed_for_repository,needs_human_component_review,2026-06-20
obs-comp-cand-000243,graphemic_component_candidate,corpus/003_graphemic-components/003_000201-000300_obs-comp-cand-bucket_component-candidates/243_obs-comp-cand-000243_obimd-sub-991ix0j4pd_component-candidate,obimd-sub-991ix0j4pd,obimd-sub-991ix0j4pd;obimd-main-991ix0j4pd,src-obimd,licensed_for_repository,needs_human_component_review,2026-06-20
obs-comp-cand-000244,graphemic_component_candidate,corpus/003_graphemic-components/003_000201-000300_obs-comp-cand-bucket_component-candidates/244_obs-comp-cand-000244_obimd-sub-lyugdv49gk_component-candidate,obimd-sub-lyugdv49gk,obimd-sub-lyugdv49gk;obimd-main-lyugdv49gk,src-obimd,licensed_for_repository,needs_human_component_review,2026-06-20
obs-comp-cand-000245,graphemic_component_candidate,corpus/003_graphemic-components/003_000201-000300_obs-comp-cand-bucket_component-candidates/245_obs-comp-cand-000245_obimd-sub-49lxhylgu1_component-candidate,obimd-sub-49lxhylgu1,obimd-sub-49lxhylgu1;obimd-main-49lxhylgu1,src-obimd,licensed_for_repository,needs_human_component_review,2026-06-20
obs-comp-cand-000246,graphemic_component_candidate,corpus/003_graphemic-components/003_000201-000300_obs-comp-cand-bucket_component-candidates/246_obs-comp-cand-000246_obimd-sub-tljn0rcpgq_component-candidate,obimd-sub-tljn0rcpgq,obimd-sub-tljn0rcpgq;obimd-main-49lxhylgu1,src-obimd,licensed_for_repository,needs_human_component_review,2026-06-20
obs-comp-cand-000247,graphemic_component_candidate,corpus/003_graphemic-components/003_000201-000300_obs-comp-cand-bucket_component-candidates/247_obs-comp-cand-000247_obimd-sub-w7t16ks9wr_component-candidate,obimd-sub-w7t16ks9wr,obimd-sub-w7t16ks9wr;obimd-main-49lxhylgu1,src-obimd,licensed_for_repository,needs_human_component_review,2026-06-20
obs-comp-cand-000248,graphemic_component_candidate,corpus/003_graphemic-components/003_000201-000300_obs-comp-cand-bucket_component-candidates/248_obs-comp-cand-000248_obimd-sub-hl0ffm8toi_component-candidate,obimd-sub-hl0ffm8toi,obimd-sub-hl0ffm8toi;obimd-main-hl0ffm8toi,src-obimd,licensed_for_repository,needs_human_component_review,2026-06-20
obs-comp-cand-000249,graphemic_component_candidate,corpus/003_graphemic-components/003_000201-000300_obs-comp-cand-bucket_component-candidates/249_obs-comp-cand-000249_obimd-sub-8i22vg823w_component-candidate,obimd-sub-8i22vg823w,obimd-sub-8i22vg823w;obimd-main-8i22vg823w,src-obimd,licensed_for_repository,needs_human_component_review,2026-06-20
obs-comp-cand-000250,graphemic_component_candidate,corpus/003_graphemic-components/003_000201-000300_obs-comp-cand-bucket_component-candidates/250_obs-comp-cand-000250_obimd-sub-bbf56n4pg9_component-candidate,obimd-sub-bbf56n4pg9,obimd-sub-bbf56n4pg9;obimd-main-bbf56n4pg9,src-obimd,licensed_for_repository,needs_human_component_review,2026-06-20
obs-comp-cand-000251,graphemic_component_candidate,corpus/003_graphemic-components/003_000201-000300_obs-comp-cand-bucket_component-candidates/251_obs-comp-cand-000251_obimd-sub-ltqms92li2_component-candidate,obimd-sub-ltqms92li2,obimd-sub-ltqms92li2;obimd-main-bbf56n4pg9,src-obimd,licensed_for_repository,needs_human_component_review,2026-06-20
obs-comp-cand-000252,graphemic_component_candidate,corpus/003_graphemic-components/003_000201-000300_obs-comp-cand-bucket_component-candidates/252_obs-comp-cand-000252_obimd-sub-gxqbf8g1vc_component-candidate,obimd-sub-gxqbf8g1vc,obimd-sub-gxqbf8g1vc;obimd-main-gxqbf8g1vc,src-obimd,licensed_for_repository,needs_human_component_review,2026-06-20
obs-comp-cand-000253,graphemic_component_candidate,corpus/003_graphemic-components/003_000201-000300_obs-comp-cand-bucket_component-candidates/253_obs-comp-cand-000253_obimd-sub-vrcmv7tjdu_component-candidate,obimd-sub-vrcmv7tjdu,obimd-sub-vrcmv7tjdu;obimd-main-vrcmv7tjdu,src-obimd,licensed_for_repository,needs_human_component_review,2026-06-20
obs-comp-cand-000254,graphemic_component_candidate,corpus/003_graphemic-components/003_000201-000300_obs-comp-cand-bucket_component-candidates/254_obs-comp-cand-000254_obimd-sub-6b16j83isz_component-candidate,obimd-sub-6b16j83isz,obimd-sub-6b16j83isz;obimd-main-6b16j83isz,src-obimd,licensed_for_repository,needs_human_component_review,2026-06-20
obs-comp-cand-000255,graphemic_component_candidate,corpus/003_graphemic-components/003_000201-000300_obs-comp-cand-bucket_component-candidates/255_obs-comp-cand-000255_obimd-sub-l3wbyhysiw_component-candidate,obimd-sub-l3wbyhysiw,obimd-sub-l3wbyhysiw;obimd-main-l3wbyhysiw,src-obimd,licensed_for_repository,needs_human_component_review,2026-06-20
obs-comp-cand-000256,graphemic_component_candidate,corpus/003_graphemic-components/003_000201-000300_obs-comp-cand-bucket_component-candidates/256_obs-comp-cand-000256_obimd-sub-om61e8d11r_component-candidate,obimd-sub-om61e8d11r,obimd-sub-om61e8d11r;obimd-main-om61e8d11r,src-obimd,licensed_for_repository,needs_human_component_review,2026-06-20
obs-comp-cand-000257,graphemic_component_candidate,corpus/003_graphemic-components/003_000201-000300_obs-comp-cand-bucket_component-candidates/257_obs-comp-cand-000257_obimd-sub-km215tqui1_component-candidate,obimd-sub-km215tqui1,obimd-sub-km215tqui1;obimd-main-km215tqui1,src-obimd,licensed_for_repository,needs_human_component_review,2026-06-20
obs-comp-cand-000258,graphemic_component_candidate,corpus/003_graphemic-components/003_000201-000300_obs-comp-cand-bucket_component-candidates/258_obs-comp-cand-000258_obimd-sub-1g215frscw_component-candidate,obimd-sub-1g215frscw,obimd-sub-1g215frscw;obimd-main-1g215frscw,src-obimd,licensed_for_repository,needs_human_component_review,2026-06-20
obs-comp-cand-000259,graphemic_component_candidate,corpus/003_graphemic-components/003_000201-000300_obs-comp-cand-bucket_component-candidates/259_obs-comp-cand-000259_obimd-sub-44ocjtdxxw_component-candidate,obimd-sub-44ocjtdxxw,obimd-sub-44ocjtdxxw;obimd-main-44ocjtdxxw,src-obimd,licensed_for_repository,needs_human_component_review,2026-06-20
obs-comp-cand-000260,graphemic_component_candidate,corpus/003_graphemic-components/003_000201-000300_obs-comp-cand-bucket_component-candidates/260_obs-comp-cand-000260_obimd-sub-sskw0jmzz7_component-candidate,obimd-sub-sskw0jmzz7,obimd-sub-sskw0jmzz7;obimd-main-44ocjtdxxw,src-obimd,licensed_for_repository,needs_human_component_review,2026-06-20
obs-comp-cand-000261,graphemic_component_candidate,corpus/003_graphemic-components/003_000201-000300_obs-comp-cand-bucket_component-candidates/261_obs-comp-cand-000261_obimd-sub-hoshv8o78k_component-candidate,obimd-sub-hoshv8o78k,obimd-sub-hoshv8o78k;obimd-main-hoshv8o78k,src-obimd,licensed_for_repository,needs_human_component_review,2026-06-20
obs-comp-cand-000262,graphemic_component_candidate,corpus/003_graphemic-components/003_000201-000300_obs-comp-cand-bucket_component-candidates/262_obs-comp-cand-000262_obimd-sub-h0g4o43eg5_component-candidate,obimd-sub-h0g4o43eg5,obimd-sub-h0g4o43eg5;obimd-main-hoshv8o78k,src-obimd,licensed_for_repository,needs_human_component_review,2026-06-20
obs-comp-cand-000263,graphemic_component_candidate,corpus/003_graphemic-components/003_000201-000300_obs-comp-cand-bucket_component-candidates/263_obs-comp-cand-000263_obimd-sub-vjeofagqay_component-candidate,obimd-sub-vjeofagqay,obimd-sub-vjeofagqay;obimd-main-hoshv8o78k,src-obimd,licensed_for_repository,needs_human_component_review,2026-06-20
obs-comp-cand-000264,graphemic_component_candidate,corpus/003_graphemic-components/003_000201-000300_obs-comp-cand-bucket_component-candidates/264_obs-comp-cand-000264_obimd-sub-wtie3qxioj_component-candidate,obimd-sub-wtie3qxioj,obimd-sub-wtie3qxioj;obimd-main-hoshv8o78k,src-obimd,licensed_for_repository,needs_human_component_review,2026-06-20
obs-comp-cand-000265,graphemic_component_candidate,corpus/003_graphemic-components/003_000201-000300_obs-comp-cand-bucket_component-candidates/265_obs-comp-cand-000265_obimd-sub-c3cuhcc3mt_component-candidate,obimd-sub-c3cuhcc3mt,obimd-sub-c3cuhcc3mt;obimd-main-hoshv8o78k,src-obimd,licensed_for_repository,needs_human_component_review,2026-06-20
obs-comp-cand-000266,graphemic_component_candidate,corpus/003_graphemic-components/003_000201-000300_obs-comp-cand-bucket_component-candidates/266_obs-comp-cand-000266_obimd-sub-ksurlnymq4_component-candidate,obimd-sub-ksurlnymq4,obimd-sub-ksurlnymq4;obimd-main-ksurlnymq4,src-obimd,licensed_for_repository,needs_human_component_review,2026-06-20
obs-comp-cand-000267,graphemic_component_candidate,corpus/003_graphemic-components/003_000201-000300_obs-comp-cand-bucket_component-candidates/267_obs-comp-cand-000267_obimd-sub-ultq017ef8_component-candidate,obimd-sub-ultq017ef8,obimd-sub-ultq017ef8;obimd-main-ultq017ef8,src-obimd,licensed_for_repository,needs_human_component_review,2026-06-20
obs-comp-cand-000268,graphemic_component_candidate,corpus/003_graphemic-components/003_000201-000300_obs-comp-cand-bucket_component-candidates/268_obs-comp-cand-000268_obimd-sub-vtvu5qmvvo_component-candidate,obimd-sub-vtvu5qmvvo,obimd-sub-vtvu5qmvvo;obimd-main-ultq017ef8,src-obimd,licensed_for_repository,needs_human_component_review,2026-06-20
obs-comp-cand-000269,graphemic_component_candidate,corpus/003_graphemic-components/003_000201-000300_obs-comp-cand-bucket_component-candidates/269_obs-comp-cand-000269_obimd-sub-g9e7qyy71p_component-candidate,obimd-sub-g9e7qyy71p,obimd-sub-g9e7qyy71p;obimd-main-g9e7qyy71p,src-obimd,licensed_for_repository,needs_human_component_review,2026-06-20
obs-comp-cand-000270,graphemic_component_candidate,corpus/003_graphemic-components/003_000201-000300_obs-comp-cand-bucket_component-candidates/270_obs-comp-cand-000270_obimd-sub-1b3rdlleou_component-candidate,obimd-sub-1b3rdlleou,obimd-sub-1b3rdlleou;obimd-main-1b3rdlleou,src-obimd,licensed_for_repository,needs_human_component_review,2026-06-20
obs-comp-cand-000271,graphemic_component_candidate,corpus/003_graphemic-components/003_000201-000300_obs-comp-cand-bucket_component-candidates/271_obs-comp-cand-000271_obimd-sub-q2vutn9gli_component-candidate,obimd-sub-q2vutn9gli,obimd-sub-q2vutn9gli;obimd-main-1b3rdlleou,src-obimd,licensed_for_repository,needs_human_component_review,2026-06-20
obs-comp-cand-000272,graphemic_component_candidate,corpus/003_graphemic-components/003_000201-000300_obs-comp-cand-bucket_component-candidates/272_obs-comp-cand-000272_obimd-sub-dvqszc5g50_component-candidate,obimd-sub-dvqszc5g50,obimd-sub-dvqszc5g50;obimd-main-dvqszc5g50,src-obimd,licensed_for_repository,needs_human_component_review,2026-06-20
obs-comp-cand-000273,graphemic_component_candidate,corpus/003_graphemic-components/003_000201-000300_obs-comp-cand-bucket_component-candidates/273_obs-comp-cand-000273_obimd-sub-9tpoluos1q_component-candidate,obimd-sub-9tpoluos1q,obimd-sub-9tpoluos1q;obimd-main-9tpoluos1q,src-obimd,licensed_for_repository,needs_human_component_review,2026-06-20
obs-comp-cand-000274,graphemic_component_candidate,corpus/003_graphemic-components/003_000201-000300_obs-comp-cand-bucket_component-candidates/274_obs-comp-cand-000274_obimd-sub-h8yfhcc9pj_component-candidate,obimd-sub-h8yfhcc9pj,obimd-sub-h8yfhcc9pj;obimd-main-9tpoluos1q,src-obimd,licensed_for_repository,needs_human_component_review,2026-06-20
obs-comp-cand-000275,graphemic_component_candidate,corpus/003_graphemic-components/003_000201-000300_obs-comp-cand-bucket_component-candidates/275_obs-comp-cand-000275_obimd-sub-xkubtjk815_component-candidate,obimd-sub-xkubtjk815,obimd-sub-xkubtjk815;obimd-main-xkubtjk815,src-obimd,licensed_for_repository,needs_human_component_review,2026-06-20
obs-comp-cand-000276,graphemic_component_candidate,corpus/003_graphemic-components/003_000201-000300_obs-comp-cand-bucket_component-candidates/276_obs-comp-cand-000276_obimd-sub-g8k12dfmg6_component-candidate,obimd-sub-g8k12dfmg6,obimd-sub-g8k12dfmg6;obimd-main-g8k12dfmg6,src-obimd,licensed_for_repository,needs_human_component_review,2026-06-20
obs-comp-cand-000277,graphemic_component_candidate,corpus/003_graphemic-components/003_000201-000300_obs-comp-cand-bucket_component-candidates/277_obs-comp-cand-000277_obimd-sub-f2hp2f7re7_component-candidate,obimd-sub-f2hp2f7re7,obimd-sub-f2hp2f7re7;obimd-main-g8k12dfmg6,src-obimd,licensed_for_repository,needs_human_component_review,2026-06-20
obs-comp-cand-000278,graphemic_component_candidate,corpus/003_graphemic-components/003_000201-000300_obs-comp-cand-bucket_component-candidates/278_obs-comp-cand-000278_obimd-sub-hhzfmeonga_component-candidate,obimd-sub-hhzfmeonga,obimd-sub-hhzfmeonga;obimd-main-g8k12dfmg6,src-obimd,licensed_for_repository,needs_human_component_review,2026-06-20
obs-comp-cand-000279,graphemic_component_candidate,corpus/003_graphemic-components/003_000201-000300_obs-comp-cand-bucket_component-candidates/279_obs-comp-cand-000279_obimd-sub-t7p340di07_component-candidate,obimd-sub-t7p340di07,obimd-sub-t7p340di07;obimd-main-g8k12dfmg6,src-obimd,licensed_for_repository,needs_human_component_review,2026-06-20
obs-comp-cand-000280,graphemic_component_candidate,corpus/003_graphemic-components/003_000201-000300_obs-comp-cand-bucket_component-candidates/280_obs-comp-cand-000280_obimd-sub-n3ly3jigfq_component-candidate,obimd-sub-n3ly3jigfq,obimd-sub-n3ly3jigfq;obimd-main-g8k12dfmg6,src-obimd,licensed_for_repository,needs_human_component_review,2026-06-20
obs-comp-cand-000281,graphemic_component_candidate,corpus/003_graphemic-components/003_000201-000300_obs-comp-cand-bucket_component-candidates/281_obs-comp-cand-000281_obimd-sub-xek0i0yx2o_component-candidate,obimd-sub-xek0i0yx2o,obimd-sub-xek0i0yx2o;obimd-main-g8k12dfmg6,src-obimd,licensed_for_repository,needs_human_component_review,2026-06-20
obs-comp-cand-000282,graphemic_component_candidate,corpus/003_graphemic-components/003_000201-000300_obs-comp-cand-bucket_component-candidates/282_obs-comp-cand-000282_obimd-sub-le4jw2bs7i_component-candidate,obimd-sub-le4jw2bs7i,obimd-sub-le4jw2bs7i;obimd-main-g8k12dfmg6,src-obimd,licensed_for_repository,needs_human_component_review,2026-06-20
obs-comp-cand-000283,graphemic_component_candidate,corpus/003_graphemic-components/003_000201-000300_obs-comp-cand-bucket_component-candidates/283_obs-comp-cand-000283_obimd-sub-dqfh2sd0is_component-candidate,obimd-sub-dqfh2sd0is,obimd-sub-dqfh2sd0is;obimd-main-g8k12dfmg6,src-obimd,licensed_for_repository,needs_human_component_review,2026-06-20
obs-comp-cand-000284,graphemic_component_candidate,corpus/003_graphemic-components/003_000201-000300_obs-comp-cand-bucket_component-candidates/284_obs-comp-cand-000284_obimd-sub-01v0id7th0_component-candidate,obimd-sub-01v0id7th0,obimd-sub-01v0id7th0;obimd-main-01v0id7th0,src-obimd,licensed_for_repository,needs_human_component_review,2026-06-20
obs-comp-cand-000285,graphemic_component_candidate,corpus/003_graphemic-components/003_000201-000300_obs-comp-cand-bucket_component-candidates/285_obs-comp-cand-000285_obimd-sub-zc2s5bv3x2_component-candidate,obimd-sub-zc2s5bv3x2,obimd-sub-zc2s5bv3x2;obimd-main-zc2s5bv3x2,src-obimd,licensed_for_repository,needs_human_component_review,2026-06-20
obs-comp-cand-000286,graphemic_component_candidate,corpus/003_graphemic-components/003_000201-000300_obs-comp-cand-bucket_component-candidates/286_obs-comp-cand-000286_obimd-sub-rlx0knkq0v_component-candidate,obimd-sub-rlx0knkq0v,obimd-sub-rlx0knkq0v;obimd-main-rlx0knkq0v,src-obimd,licensed_for_repository,needs_human_component_review,2026-06-20
obs-comp-cand-000287,graphemic_component_candidate,corpus/003_graphemic-components/003_000201-000300_obs-comp-cand-bucket_component-candidates/287_obs-comp-cand-000287_obimd-sub-cdi7snpjks_component-candidate,obimd-sub-cdi7snpjks,obimd-sub-cdi7snpjks;obimd-main-rlx0knkq0v,src-obimd,licensed_for_repository,needs_human_component_review,2026-06-20
obs-comp-cand-000288,graphemic_component_candidate,corpus/003_graphemic-components/003_000201-000300_obs-comp-cand-bucket_component-candidates/288_obs-comp-cand-000288_obimd-sub-5cswu8ovbk_component-candidate,obimd-sub-5cswu8ovbk,obimd-sub-5cswu8ovbk;obimd-main-rlx0knkq0v,src-obimd,licensed_for_repository,needs_human_component_review,2026-06-20
obs-comp-cand-000289,graphemic_component_candidate,corpus/003_graphemic-components/003_000201-000300_obs-comp-cand-bucket_component-candidates/289_obs-comp-cand-000289_obimd-sub-amw9e2zasz_component-candidate,obimd-sub-amw9e2zasz,obimd-sub-amw9e2zasz;obimd-main-rlx0knkq0v,src-obimd,licensed_for_repository,needs_human_component_review,2026-06-20
obs-comp-cand-000290,graphemic_component_candidate,corpus/003_graphemic-components/003_000201-000300_obs-comp-cand-bucket_component-candidates/290_obs-comp-cand-000290_obimd-sub-hxfd7qqttz_component-candidate,obimd-sub-hxfd7qqttz,obimd-sub-hxfd7qqttz;obimd-main-hxfd7qqttz,src-obimd,licensed_for_repository,needs_human_component_review,2026-06-20
obs-comp-cand-000291,graphemic_component_candidate,corpus/003_graphemic-components/003_000201-000300_obs-comp-cand-bucket_component-candidates/291_obs-comp-cand-000291_obimd-sub-rkegfad4bl_component-candidate,obimd-sub-rkegfad4bl,obimd-sub-rkegfad4bl;obimd-main-rkegfad4bl,src-obimd,licensed_for_repository,needs_human_component_review,2026-06-20
obs-comp-cand-000292,graphemic_component_candidate,corpus/003_graphemic-components/003_000201-000300_obs-comp-cand-bucket_component-candidates/292_obs-comp-cand-000292_obimd-sub-zxuw992m8p_component-candidate,obimd-sub-zxuw992m8p,obimd-sub-zxuw992m8p;obimd-main-zxuw992m8p,src-obimd,licensed_for_repository,needs_human_component_review,2026-06-20
obs-comp-cand-000293,graphemic_component_candidate,corpus/003_graphemic-components/003_000201-000300_obs-comp-cand-bucket_component-candidates/293_obs-comp-cand-000293_obimd-sub-tq1msitntt_component-candidate,obimd-sub-tq1msitntt,obimd-sub-tq1msitntt;obimd-main-zxuw992m8p,src-obimd,licensed_for_repository,needs_human_component_review,2026-06-20
obs-comp-cand-000294,graphemic_component_candidate,corpus/003_graphemic-components/003_000201-000300_obs-comp-cand-bucket_component-candidates/294_obs-comp-cand-000294_obimd-sub-1wismy95hz_component-candidate,obimd-sub-1wismy95hz,obimd-sub-1wismy95hz;obimd-main-1wismy95hz,src-obimd,licensed_for_repository,needs_human_component_review,2026-06-20
obs-comp-cand-000295,graphemic_component_candidate,corpus/003_graphemic-components/003_000201-000300_obs-comp-cand-bucket_component-candidates/295_obs-comp-cand-000295_obimd-sub-tls8vi6rzc_component-candidate,obimd-sub-tls8vi6rzc,obimd-sub-tls8vi6rzc;obimd-main-1wismy95hz,src-obimd,licensed_for_repository,needs_human_component_review,2026-06-20
obs-comp-cand-000296,graphemic_component_candidate,corpus/003_graphemic-components/003_000201-000300_obs-comp-cand-bucket_component-candidates/296_obs-comp-cand-000296_obimd-sub-ky2wv28dqp_component-candidate,obimd-sub-ky2wv28dqp,obimd-sub-ky2wv28dqp;obimd-main-1wismy95hz,src-obimd,licensed_for_repository,needs_human_component_review,2026-06-20
obs-comp-cand-000297,graphemic_component_candidate,corpus/003_graphemic-components/003_000201-000300_obs-comp-cand-bucket_component-candidates/297_obs-comp-cand-000297_obimd-sub-qzgadtxm9i_component-candidate,obimd-sub-qzgadtxm9i,obimd-sub-qzgadtxm9i;obimd-main-qzgadtxm9i,src-obimd,licensed_for_repository,needs_human_component_review,2026-06-20
obs-comp-cand-000298,graphemic_component_candidate,corpus/003_graphemic-components/003_000201-000300_obs-comp-cand-bucket_component-candidates/298_obs-comp-cand-000298_obimd-sub-timdqpzz9v_component-candidate,obimd-sub-timdqpzz9v,obimd-sub-timdqpzz9v;obimd-main-qzgadtxm9i,src-obimd,licensed_for_repository,needs_human_component_review,2026-06-20
obs-comp-cand-000299,graphemic_component_candidate,corpus/003_graphemic-components/003_000201-000300_obs-comp-cand-bucket_component-candidates/299_obs-comp-cand-000299_obimd-sub-f8y0ib1uvx_component-candidate,obimd-sub-f8y0ib1uvx,obimd-sub-f8y0ib1uvx;obimd-main-qzgadtxm9i,src-obimd,licensed_for_repository,needs_human_component_review,2026-06-20
obs-comp-cand-000300,graphemic_component_candidate,corpus/003_graphemic-components/003_000201-000300_obs-comp-cand-bucket_component-candidates/300_obs-comp-cand-000300_obimd-sub-myb8ogz68b_component-candidate,obimd-sub-myb8ogz68b,obimd-sub-myb8ogz68b;obimd-main-qzgadtxm9i,src-obimd,licensed_for_repository,needs_human_component_review,2026-06-20
obs-comp-cand-000301,graphemic_component_candidate,corpus/003_graphemic-components/004_000301-000400_obs-comp-cand-bucket_component-candidates/301_obs-comp-cand-000301_obimd-sub-6vao0zrbrv_component-candidate,obimd-sub-6vao0zrbrv,obimd-sub-6vao0zrbrv;obimd-main-6vao0zrbrv,src-obimd,licensed_for_repository,needs_human_component_review,2026-06-20
obs-comp-cand-000302,graphemic_component_candidate,corpus/003_graphemic-components/004_000301-000400_obs-comp-cand-bucket_component-candidates/302_obs-comp-cand-000302_obimd-sub-aki498y6jc_component-candidate,obimd-sub-aki498y6jc,obimd-sub-aki498y6jc;obimd-main-aki498y6jc,src-obimd,licensed_for_repository,needs_human_component_review,2026-06-20
obs-comp-cand-000303,graphemic_component_candidate,corpus/003_graphemic-components/004_000301-000400_obs-comp-cand-bucket_component-candidates/303_obs-comp-cand-000303_obimd-sub-ax1tynbgl0_component-candidate,obimd-sub-ax1tynbgl0,obimd-sub-ax1tynbgl0;obimd-main-aki498y6jc,src-obimd,licensed_for_repository,needs_human_component_review,2026-06-20
obs-comp-cand-000304,graphemic_component_candidate,corpus/003_graphemic-components/004_000301-000400_obs-comp-cand-bucket_component-candidates/304_obs-comp-cand-000304_obimd-sub-66iowpdbuc_component-candidate,obimd-sub-66iowpdbuc,obimd-sub-66iowpdbuc;obimd-main-66iowpdbuc,src-obimd,licensed_for_repository,needs_human_component_review,2026-06-20
obs-comp-cand-000305,graphemic_component_candidate,corpus/003_graphemic-components/004_000301-000400_obs-comp-cand-bucket_component-candidates/305_obs-comp-cand-000305_obimd-sub-y1fizk7ybg_component-candidate,obimd-sub-y1fizk7ybg,obimd-sub-y1fizk7ybg;obimd-main-y1fizk7ybg,src-obimd,licensed_for_repository,needs_human_component_review,2026-06-20
obs-comp-cand-000306,graphemic_component_candidate,corpus/003_graphemic-components/004_000301-000400_obs-comp-cand-bucket_component-candidates/306_obs-comp-cand-000306_obimd-sub-fynnbktzx0_component-candidate,obimd-sub-fynnbktzx0,obimd-sub-fynnbktzx0;obimd-main-y1fizk7ybg,src-obimd,licensed_for_repository,needs_human_component_review,2026-06-20
obs-comp-cand-000307,graphemic_component_candidate,corpus/003_graphemic-components/004_000301-000400_obs-comp-cand-bucket_component-candidates/307_obs-comp-cand-000307_obimd-sub-lurdv67kru_component-candidate,obimd-sub-lurdv67kru,obimd-sub-lurdv67kru;obimd-main-y1fizk7ybg,src-obimd,licensed_for_repository,needs_human_component_review,2026-06-20
obs-comp-cand-000308,graphemic_component_candidate,corpus/003_graphemic-components/004_000301-000400_obs-comp-cand-bucket_component-candidates/308_obs-comp-cand-000308_obimd-sub-3uiwedg1ki_component-candidate,obimd-sub-3uiwedg1ki,obimd-sub-3uiwedg1ki;obimd-main-3uiwedg1ki,src-obimd,licensed_for_repository,needs_human_component_review,2026-06-20
obs-comp-cand-000309,graphemic_component_candidate,corpus/003_graphemic-components/004_000301-000400_obs-comp-cand-bucket_component-candidates/309_obs-comp-cand-000309_obimd-sub-h204u5h9ms_component-candidate,obimd-sub-h204u5h9ms,obimd-sub-h204u5h9ms;obimd-main-h204u5h9ms,src-obimd,licensed_for_repository,needs_human_component_review,2026-06-20
obs-comp-cand-000310,graphemic_component_candidate,corpus/003_graphemic-components/004_000301-000400_obs-comp-cand-bucket_component-candidates/310_obs-comp-cand-000310_obimd-sub-nllrzldww6_component-candidate,obimd-sub-nllrzldww6,obimd-sub-nllrzldww6;obimd-main-nllrzldww6,src-obimd,licensed_for_repository,needs_human_component_review,2026-06-20
obs-comp-cand-000311,graphemic_component_candidate,corpus/003_graphemic-components/004_000301-000400_obs-comp-cand-bucket_component-candidates/311_obs-comp-cand-000311_obimd-sub-0r6eikzw8w_component-candidate,obimd-sub-0r6eikzw8w,obimd-sub-0r6eikzw8w;obimd-main-0r6eikzw8w,src-obimd,licensed_for_repository,needs_human_component_review,2026-06-20
obs-comp-cand-000312,graphemic_component_candidate,corpus/003_graphemic-components/004_000301-000400_obs-comp-cand-bucket_component-candidates/312_obs-comp-cand-000312_obimd-sub-4nk5jzlf6m_component-candidate,obimd-sub-4nk5jzlf6m,obimd-sub-4nk5jzlf6m;obimd-main-4nk5jzlf6m,src-obimd,licensed_for_repository,needs_human_component_review,2026-06-20
obs-comp-cand-000313,graphemic_component_candidate,corpus/003_graphemic-components/004_000301-000400_obs-comp-cand-bucket_component-candidates/313_obs-comp-cand-000313_obimd-sub-aoaipuy20h_component-candidate,obimd-sub-aoaipuy20h,obimd-sub-aoaipuy20h;obimd-main-aoaipuy20h,src-obimd,licensed_for_repository,needs_human_component_review,2026-06-20
obs-comp-cand-000314,graphemic_component_candidate,corpus/003_graphemic-components/004_000301-000400_obs-comp-cand-bucket_component-candidates/314_obs-comp-cand-000314_obimd-sub-o6eqb3lv9i_component-candidate,obimd-sub-o6eqb3lv9i,obimd-sub-o6eqb3lv9i;obimd-main-aoaipuy20h,src-obimd,licensed_for_repository,needs_human_component_review,2026-06-20
obs-comp-cand-000315,graphemic_component_candidate,corpus/003_graphemic-components/004_000301-000400_obs-comp-cand-bucket_component-candidates/315_obs-comp-cand-000315_obimd-sub-ajjda965yb_component-candidate,obimd-sub-ajjda965yb,obimd-sub-ajjda965yb;obimd-main-ajjda965yb,src-obimd,licensed_for_repository,needs_human_component_review,2026-06-20
obs-comp-cand-000316,graphemic_component_candidate,corpus/003_graphemic-components/004_000301-000400_obs-comp-cand-bucket_component-candidates/316_obs-comp-cand-000316_obimd-sub-053iyanm1v_component-candidate,obimd-sub-053iyanm1v,obimd-sub-053iyanm1v;obimd-main-ajjda965yb,src-obimd,licensed_for_repository,needs_human_component_review,2026-06-20
obs-comp-cand-000317,graphemic_component_candidate,corpus/003_graphemic-components/004_000301-000400_obs-comp-cand-bucket_component-candidates/317_obs-comp-cand-000317_obimd-sub-9h0muiwjl7_component-candidate,obimd-sub-9h0muiwjl7,obimd-sub-9h0muiwjl7;obimd-main-ajjda965yb,src-obimd,licensed_for_repository,needs_human_component_review,2026-06-20
obs-comp-cand-000318,graphemic_component_candidate,corpus/003_graphemic-components/004_000301-000400_obs-comp-cand-bucket_component-candidates/318_obs-comp-cand-000318_obimd-sub-eyy1tvt9ip_component-candidate,obimd-sub-eyy1tvt9ip,obimd-sub-eyy1tvt9ip;obimd-main-ajjda965yb,src-obimd,licensed_for_repository,needs_human_component_review,2026-06-20
obs-comp-cand-000319,graphemic_component_candidate,corpus/003_graphemic-components/004_000301-000400_obs-comp-cand-bucket_component-candidates/319_obs-comp-cand-000319_obimd-sub-nr3gzrwcm5_component-candidate,obimd-sub-nr3gzrwcm5,obimd-sub-nr3gzrwcm5;obimd-main-ajjda965yb,src-obimd,licensed_for_repository,needs_human_component_review,2026-06-20
obs-comp-cand-000320,graphemic_component_candidate,corpus/003_graphemic-components/004_000301-000400_obs-comp-cand-bucket_component-candidates/320_obs-comp-cand-000320_obimd-sub-v5trsgz4qz_component-candidate,obimd-sub-v5trsgz4qz,obimd-sub-v5trsgz4qz;obimd-main-ajjda965yb,src-obimd,licensed_for_repository,needs_human_component_review,2026-06-20
obs-comp-cand-000321,graphemic_component_candidate,corpus/003_graphemic-components/004_000301-000400_obs-comp-cand-bucket_component-candidates/321_obs-comp-cand-000321_obimd-sub-9rettc8wd4_component-candidate,obimd-sub-9rettc8wd4,obimd-sub-9rettc8wd4;obimd-main-ajjda965yb,src-obimd,licensed_for_repository,needs_human_component_review,2026-06-20
obs-comp-cand-000322,graphemic_component_candidate,corpus/003_graphemic-components/004_000301-000400_obs-comp-cand-bucket_component-candidates/322_obs-comp-cand-000322_obimd-sub-om372z2dji_component-candidate,obimd-sub-om372z2dji,obimd-sub-om372z2dji;obimd-main-ajjda965yb,src-obimd,licensed_for_repository,needs_human_component_review,2026-06-20
obs-comp-cand-000323,graphemic_component_candidate,corpus/003_graphemic-components/004_000301-000400_obs-comp-cand-bucket_component-candidates/323_obs-comp-cand-000323_obimd-sub-wk0l68dlkg_component-candidate,obimd-sub-wk0l68dlkg,obimd-sub-wk0l68dlkg;obimd-main-wk0l68dlkg,src-obimd,licensed_for_repository,needs_human_component_review,2026-06-20
obs-comp-cand-000324,graphemic_component_candidate,corpus/003_graphemic-components/004_000301-000400_obs-comp-cand-bucket_component-candidates/324_obs-comp-cand-000324_obimd-sub-vitvodung6_component-candidate,obimd-sub-vitvodung6,obimd-sub-vitvodung6;obimd-main-vitvodung6,src-obimd,licensed_for_repository,needs_human_component_review,2026-06-20
obs-comp-cand-000325,graphemic_component_candidate,corpus/003_graphemic-components/004_000301-000400_obs-comp-cand-bucket_component-candidates/325_obs-comp-cand-000325_obimd-sub-uwnh8ra1xv_component-candidate,obimd-sub-uwnh8ra1xv,obimd-sub-uwnh8ra1xv;obimd-main-vitvodung6,src-obimd,licensed_for_repository,needs_human_component_review,2026-06-20
obs-comp-cand-000326,graphemic_component_candidate,corpus/003_graphemic-components/004_000301-000400_obs-comp-cand-bucket_component-candidates/326_obs-comp-cand-000326_obimd-sub-51laoswrwb_component-candidate,obimd-sub-51laoswrwb,obimd-sub-51laoswrwb;obimd-main-51laoswrwb,src-obimd,licensed_for_repository,needs_human_component_review,2026-06-20
obs-comp-cand-000327,graphemic_component_candidate,corpus/003_graphemic-components/004_000301-000400_obs-comp-cand-bucket_component-candidates/327_obs-comp-cand-000327_obimd-sub-wq47pyztal_component-candidate,obimd-sub-wq47pyztal,obimd-sub-wq47pyztal;obimd-main-wq47pyztal,src-obimd,licensed_for_repository,needs_human_component_review,2026-06-20
obs-comp-cand-000328,graphemic_component_candidate,corpus/003_graphemic-components/004_000301-000400_obs-comp-cand-bucket_component-candidates/328_obs-comp-cand-000328_obimd-sub-omzh07bi91_component-candidate,obimd-sub-omzh07bi91,obimd-sub-omzh07bi91;obimd-main-wq47pyztal,src-obimd,licensed_for_repository,needs_human_component_review,2026-06-20
obs-comp-cand-000329,graphemic_component_candidate,corpus/003_graphemic-components/004_000301-000400_obs-comp-cand-bucket_component-candidates/329_obs-comp-cand-000329_obimd-sub-nms96pmn1w_component-candidate,obimd-sub-nms96pmn1w,obimd-sub-nms96pmn1w;obimd-main-nms96pmn1w,src-obimd,licensed_for_repository,needs_human_component_review,2026-06-20
obs-comp-cand-000330,graphemic_component_candidate,corpus/003_graphemic-components/004_000301-000400_obs-comp-cand-bucket_component-candidates/330_obs-comp-cand-000330_obimd-sub-66js7x9h0l_component-candidate,obimd-sub-66js7x9h0l,obimd-sub-66js7x9h0l;obimd-main-nms96pmn1w,src-obimd,licensed_for_repository,needs_human_component_review,2026-06-20
obs-comp-cand-000331,graphemic_component_candidate,corpus/003_graphemic-components/004_000301-000400_obs-comp-cand-bucket_component-candidates/331_obs-comp-cand-000331_obimd-sub-z5hsbrw198_component-candidate,obimd-sub-z5hsbrw198,obimd-sub-z5hsbrw198;obimd-main-z5hsbrw198,src-obimd,licensed_for_repository,needs_human_component_review,2026-06-20
obs-comp-cand-000332,graphemic_component_candidate,corpus/003_graphemic-components/004_000301-000400_obs-comp-cand-bucket_component-candidates/332_obs-comp-cand-000332_obimd-sub-n5t0jhw1aa_component-candidate,obimd-sub-n5t0jhw1aa,obimd-sub-n5t0jhw1aa;obimd-main-n5t0jhw1aa,src-obimd,licensed_for_repository,needs_human_component_review,2026-06-20
obs-comp-cand-000333,graphemic_component_candidate,corpus/003_graphemic-components/004_000301-000400_obs-comp-cand-bucket_component-candidates/333_obs-comp-cand-000333_obimd-sub-9igytxwwzh_component-candidate,obimd-sub-9igytxwwzh,obimd-sub-9igytxwwzh;obimd-main-9igytxwwzh,src-obimd,licensed_for_repository,needs_human_component_review,2026-06-20
obs-comp-cand-000334,graphemic_component_candidate,corpus/003_graphemic-components/004_000301-000400_obs-comp-cand-bucket_component-candidates/334_obs-comp-cand-000334_obimd-sub-fzv0acj6pa_component-candidate,obimd-sub-fzv0acj6pa,obimd-sub-fzv0acj6pa;obimd-main-fzv0acj6pa,src-obimd,licensed_for_repository,needs_human_component_review,2026-06-20
obs-comp-cand-000335,graphemic_component_candidate,corpus/003_graphemic-components/004_000301-000400_obs-comp-cand-bucket_component-candidates/335_obs-comp-cand-000335_obimd-sub-h920pdxci1_component-candidate,obimd-sub-h920pdxci1,obimd-sub-h920pdxci1;obimd-main-h920pdxci1,src-obimd,licensed_for_repository,needs_human_component_review,2026-06-20
obs-comp-cand-000336,graphemic_component_candidate,corpus/003_graphemic-components/004_000301-000400_obs-comp-cand-bucket_component-candidates/336_obs-comp-cand-000336_obimd-sub-5qim6iqh1u_component-candidate,obimd-sub-5qim6iqh1u,obimd-sub-5qim6iqh1u;obimd-main-h920pdxci1,src-obimd,licensed_for_repository,needs_human_component_review,2026-06-20
obs-comp-cand-000337,graphemic_component_candidate,corpus/003_graphemic-components/004_000301-000400_obs-comp-cand-bucket_component-candidates/337_obs-comp-cand-000337_obimd-sub-frpcbyf2i9_component-candidate,obimd-sub-frpcbyf2i9,obimd-sub-frpcbyf2i9;obimd-main-h920pdxci1,src-obimd,licensed_for_repository,needs_human_component_review,2026-06-20
obs-comp-cand-000338,graphemic_component_candidate,corpus/003_graphemic-components/004_000301-000400_obs-comp-cand-bucket_component-candidates/338_obs-comp-cand-000338_obimd-sub-gbjr7sabn4_component-candidate,obimd-sub-gbjr7sabn4,obimd-sub-gbjr7sabn4;obimd-main-gbjr7sabn4,src-obimd,licensed_for_repository,needs_human_component_review,2026-06-20
obs-comp-cand-000339,graphemic_component_candidate,corpus/003_graphemic-components/004_000301-000400_obs-comp-cand-bucket_component-candidates/339_obs-comp-cand-000339_obimd-sub-1ie27xm4md_component-candidate,obimd-sub-1ie27xm4md,obimd-sub-1ie27xm4md;obimd-main-1ie27xm4md,src-obimd,licensed_for_repository,needs_human_component_review,2026-06-20
obs-comp-cand-000340,graphemic_component_candidate,corpus/003_graphemic-components/004_000301-000400_obs-comp-cand-bucket_component-candidates/340_obs-comp-cand-000340_obimd-sub-jvuf4ut3c5_component-candidate,obimd-sub-jvuf4ut3c5,obimd-sub-jvuf4ut3c5;obimd-main-jvuf4ut3c5,src-obimd,licensed_for_repository,needs_human_component_review,2026-06-20
obs-comp-cand-000341,graphemic_component_candidate,corpus/003_graphemic-components/004_000301-000400_obs-comp-cand-bucket_component-candidates/341_obs-comp-cand-000341_obimd-sub-57gtya1e4o_component-candidate,obimd-sub-57gtya1e4o,obimd-sub-57gtya1e4o;obimd-main-jvuf4ut3c5,src-obimd,licensed_for_repository,needs_human_component_review,2026-06-20
obs-comp-cand-000342,graphemic_component_candidate,corpus/003_graphemic-components/004_000301-000400_obs-comp-cand-bucket_component-candidates/342_obs-comp-cand-000342_obimd-sub-bf98fqv8qx_component-candidate,obimd-sub-bf98fqv8qx,obimd-sub-bf98fqv8qx;obimd-main-jvuf4ut3c5,src-obimd,licensed_for_repository,needs_human_component_review,2026-06-20
obs-comp-cand-000343,graphemic_component_candidate,corpus/003_graphemic-components/004_000301-000400_obs-comp-cand-bucket_component-candidates/343_obs-comp-cand-000343_obimd-sub-fi0wiw1adi_component-candidate,obimd-sub-fi0wiw1adi,obimd-sub-fi0wiw1adi;obimd-main-fi0wiw1adi,src-obimd,licensed_for_repository,needs_human_component_review,2026-06-20
obs-comp-cand-000344,graphemic_component_candidate,corpus/003_graphemic-components/004_000301-000400_obs-comp-cand-bucket_component-candidates/344_obs-comp-cand-000344_obimd-sub-70yhyiaqrl_component-candidate,obimd-sub-70yhyiaqrl,obimd-sub-70yhyiaqrl;obimd-main-70yhyiaqrl,src-obimd,licensed_for_repository,needs_human_component_review,2026-06-20
obs-comp-cand-000345,graphemic_component_candidate,corpus/003_graphemic-components/004_000301-000400_obs-comp-cand-bucket_component-candidates/345_obs-comp-cand-000345_obimd-sub-34ks61j1m8_component-candidate,obimd-sub-34ks61j1m8,obimd-sub-34ks61j1m8;obimd-main-34ks61j1m8,src-obimd,licensed_for_repository,needs_human_component_review,2026-06-20
obs-comp-cand-000346,graphemic_component_candidate,corpus/003_graphemic-components/004_000301-000400_obs-comp-cand-bucket_component-candidates/346_obs-comp-cand-000346_obimd-sub-2ozxziwmky_component-candidate,obimd-sub-2ozxziwmky,obimd-sub-2ozxziwmky;obimd-main-34ks61j1m8,src-obimd,licensed_for_repository,needs_human_component_review,2026-06-20
obs-comp-cand-000347,graphemic_component_candidate,corpus/003_graphemic-components/004_000301-000400_obs-comp-cand-bucket_component-candidates/347_obs-comp-cand-000347_obimd-sub-gbcz1nzomu_component-candidate,obimd-sub-gbcz1nzomu,obimd-sub-gbcz1nzomu;obimd-main-gbcz1nzomu,src-obimd,licensed_for_repository,needs_human_component_review,2026-06-20
obs-comp-cand-000348,graphemic_component_candidate,corpus/003_graphemic-components/004_000301-000400_obs-comp-cand-bucket_component-candidates/348_obs-comp-cand-000348_obimd-sub-bcsv0dsf6i_component-candidate,obimd-sub-bcsv0dsf6i,obimd-sub-bcsv0dsf6i;obimd-main-bcsv0dsf6i,src-obimd,licensed_for_repository,needs_human_component_review,2026-06-20
obs-comp-cand-000349,graphemic_component_candidate,corpus/003_graphemic-components/004_000301-000400_obs-comp-cand-bucket_component-candidates/349_obs-comp-cand-000349_obimd-sub-qtpmmeo3aw_component-candidate,obimd-sub-qtpmmeo3aw,obimd-sub-qtpmmeo3aw;obimd-main-bcsv0dsf6i,src-obimd,licensed_for_repository,needs_human_component_review,2026-06-20
obs-comp-cand-000350,graphemic_component_candidate,corpus/003_graphemic-components/004_000301-000400_obs-comp-cand-bucket_component-candidates/350_obs-comp-cand-000350_obimd-sub-vlupla6l0j_component-candidate,obimd-sub-vlupla6l0j,obimd-sub-vlupla6l0j;obimd-main-bcsv0dsf6i,src-obimd,licensed_for_repository,needs_human_component_review,2026-06-20
obs-comp-cand-000351,graphemic_component_candidate,corpus/003_graphemic-components/004_000301-000400_obs-comp-cand-bucket_component-candidates/351_obs-comp-cand-000351_obimd-sub-bayjrx4i6e_component-candidate,obimd-sub-bayjrx4i6e,obimd-sub-bayjrx4i6e;obimd-main-bayjrx4i6e,src-obimd,licensed_for_repository,needs_human_component_review,2026-06-20
obs-comp-cand-000352,graphemic_component_candidate,corpus/003_graphemic-components/004_000301-000400_obs-comp-cand-bucket_component-candidates/352_obs-comp-cand-000352_obimd-sub-mhzqyq008z_component-candidate,obimd-sub-mhzqyq008z,obimd-sub-mhzqyq008z;obimd-main-mhzqyq008z,src-obimd,licensed_for_repository,needs_human_component_review,2026-06-20
obs-comp-cand-000353,graphemic_component_candidate,corpus/003_graphemic-components/004_000301-000400_obs-comp-cand-bucket_component-candidates/353_obs-comp-cand-000353_obimd-sub-azxhldormy_component-candidate,obimd-sub-azxhldormy,obimd-sub-azxhldormy;obimd-main-mhzqyq008z,src-obimd,licensed_for_repository,needs_human_component_review,2026-06-20
obs-comp-cand-000354,graphemic_component_candidate,corpus/003_graphemic-components/004_000301-000400_obs-comp-cand-bucket_component-candidates/354_obs-comp-cand-000354_obimd-sub-5tvchkyhcj_component-candidate,obimd-sub-5tvchkyhcj,obimd-sub-5tvchkyhcj;obimd-main-5tvchkyhcj,src-obimd,licensed_for_repository,needs_human_component_review,2026-06-20
obs-comp-cand-000355,graphemic_component_candidate,corpus/003_graphemic-components/004_000301-000400_obs-comp-cand-bucket_component-candidates/355_obs-comp-cand-000355_obimd-sub-hyuma85xcu_component-candidate,obimd-sub-hyuma85xcu,obimd-sub-hyuma85xcu;obimd-main-hyuma85xcu,src-obimd,licensed_for_repository,needs_human_component_review,2026-06-20
obs-comp-cand-000356,graphemic_component_candidate,corpus/003_graphemic-components/004_000301-000400_obs-comp-cand-bucket_component-candidates/356_obs-comp-cand-000356_obimd-sub-j6kh0jkptk_component-candidate,obimd-sub-j6kh0jkptk,obimd-sub-j6kh0jkptk;obimd-main-j6kh0jkptk,src-obimd,licensed_for_repository,needs_human_component_review,2026-06-20
obs-comp-cand-000357,graphemic_component_candidate,corpus/003_graphemic-components/004_000301-000400_obs-comp-cand-bucket_component-candidates/357_obs-comp-cand-000357_obimd-sub-kz4u69knjf_component-candidate,obimd-sub-kz4u69knjf,obimd-sub-kz4u69knjf;obimd-main-kz4u69knjf,src-obimd,licensed_for_repository,needs_human_component_review,2026-06-20
obs-comp-cand-000358,graphemic_component_candidate,corpus/003_graphemic-components/004_000301-000400_obs-comp-cand-bucket_component-candidates/358_obs-comp-cand-000358_obimd-sub-wx71xtznl1_component-candidate,obimd-sub-wx71xtznl1,obimd-sub-wx71xtznl1;obimd-main-wx71xtznl1,src-obimd,licensed_for_repository,needs_human_component_review,2026-06-20
obs-comp-cand-000359,graphemic_component_candidate,corpus/003_graphemic-components/004_000301-000400_obs-comp-cand-bucket_component-candidates/359_obs-comp-cand-000359_obimd-sub-cvby5rww34_component-candidate,obimd-sub-cvby5rww34,obimd-sub-cvby5rww34;obimd-main-cvby5rww34,src-obimd,licensed_for_repository,needs_human_component_review,2026-06-20
obs-comp-cand-000360,graphemic_component_candidate,corpus/003_graphemic-components/004_000301-000400_obs-comp-cand-bucket_component-candidates/360_obs-comp-cand-000360_obimd-sub-h9hoshfwwj_component-candidate,obimd-sub-h9hoshfwwj,obimd-sub-h9hoshfwwj;obimd-main-h9hoshfwwj,src-obimd,licensed_for_repository,needs_human_component_review,2026-06-20
obs-comp-cand-000361,graphemic_component_candidate,corpus/003_graphemic-components/004_000301-000400_obs-comp-cand-bucket_component-candidates/361_obs-comp-cand-000361_obimd-sub-36rl66ty1n_component-candidate,obimd-sub-36rl66ty1n,obimd-sub-36rl66ty1n;obimd-main-h9hoshfwwj,src-obimd,licensed_for_repository,needs_human_component_review,2026-06-20
obs-comp-cand-000362,graphemic_component_candidate,corpus/003_graphemic-components/004_000301-000400_obs-comp-cand-bucket_component-candidates/362_obs-comp-cand-000362_obimd-sub-8hi4pfzveb_component-candidate,obimd-sub-8hi4pfzveb,obimd-sub-8hi4pfzveb;obimd-main-h9hoshfwwj,src-obimd,licensed_for_repository,needs_human_component_review,2026-06-20
obs-comp-cand-000363,graphemic_component_candidate,corpus/003_graphemic-components/004_000301-000400_obs-comp-cand-bucket_component-candidates/363_obs-comp-cand-000363_obimd-sub-co7kntv3lh_component-candidate,obimd-sub-co7kntv3lh,obimd-sub-co7kntv3lh;obimd-main-co7kntv3lh,src-obimd,licensed_for_repository,needs_human_component_review,2026-06-20
obs-comp-cand-000364,graphemic_component_candidate,corpus/003_graphemic-components/004_000301-000400_obs-comp-cand-bucket_component-candidates/364_obs-comp-cand-000364_obimd-sub-m6y8bftirt_component-candidate,obimd-sub-m6y8bftirt,obimd-sub-m6y8bftirt;obimd-main-m6y8bftirt,src-obimd,licensed_for_repository,needs_human_component_review,2026-06-20
obs-comp-cand-000365,graphemic_component_candidate,corpus/003_graphemic-components/004_000301-000400_obs-comp-cand-bucket_component-candidates/365_obs-comp-cand-000365_obimd-sub-cky14hc1l9_component-candidate,obimd-sub-cky14hc1l9,obimd-sub-cky14hc1l9;obimd-main-cky14hc1l9,src-obimd,licensed_for_repository,needs_human_component_review,2026-06-20
obs-comp-cand-000366,graphemic_component_candidate,corpus/003_graphemic-components/004_000301-000400_obs-comp-cand-bucket_component-candidates/366_obs-comp-cand-000366_obimd-sub-cdalwkdxte_component-candidate,obimd-sub-cdalwkdxte,obimd-sub-cdalwkdxte;obimd-main-cdalwkdxte,src-obimd,licensed_for_repository,needs_human_component_review,2026-06-20
obs-comp-cand-000367,graphemic_component_candidate,corpus/003_graphemic-components/004_000301-000400_obs-comp-cand-bucket_component-candidates/367_obs-comp-cand-000367_obimd-sub-lkbv9me4ks_component-candidate,obimd-sub-lkbv9me4ks,obimd-sub-lkbv9me4ks;obimd-main-lkbv9me4ks,src-obimd,licensed_for_repository,needs_human_component_review,2026-06-20
obs-comp-cand-000368,graphemic_component_candidate,corpus/003_graphemic-components/004_000301-000400_obs-comp-cand-bucket_component-candidates/368_obs-comp-cand-000368_obimd-sub-7or1k4syoy_component-candidate,obimd-sub-7or1k4syoy,obimd-sub-7or1k4syoy;obimd-main-7or1k4syoy,src-obimd,licensed_for_repository,needs_human_component_review,2026-06-20
obs-comp-cand-000369,graphemic_component_candidate,corpus/003_graphemic-components/004_000301-000400_obs-comp-cand-bucket_component-candidates/369_obs-comp-cand-000369_obimd-sub-cyagulc7ha_component-candidate,obimd-sub-cyagulc7ha,obimd-sub-cyagulc7ha;obimd-main-cyagulc7ha,src-obimd,licensed_for_repository,needs_human_component_review,2026-06-20
obs-comp-cand-000370,graphemic_component_candidate,corpus/003_graphemic-components/004_000301-000400_obs-comp-cand-bucket_component-candidates/370_obs-comp-cand-000370_obimd-sub-lv9rlaeib9_component-candidate,obimd-sub-lv9rlaeib9,obimd-sub-lv9rlaeib9;obimd-main-lv9rlaeib9,src-obimd,licensed_for_repository,needs_human_component_review,2026-06-20
obs-comp-cand-000371,graphemic_component_candidate,corpus/003_graphemic-components/004_000301-000400_obs-comp-cand-bucket_component-candidates/371_obs-comp-cand-000371_obimd-sub-hobs06l0u0_component-candidate,obimd-sub-hobs06l0u0,obimd-sub-hobs06l0u0;obimd-main-lv9rlaeib9,src-obimd,licensed_for_repository,needs_human_component_review,2026-06-20
obs-comp-cand-000372,graphemic_component_candidate,corpus/003_graphemic-components/004_000301-000400_obs-comp-cand-bucket_component-candidates/372_obs-comp-cand-000372_obimd-sub-4krd3qcngq_component-candidate,obimd-sub-4krd3qcngq,obimd-sub-4krd3qcngq;obimd-main-4krd3qcngq,src-obimd,licensed_for_repository,needs_human_component_review,2026-06-20
obs-comp-cand-000373,graphemic_component_candidate,corpus/003_graphemic-components/004_000301-000400_obs-comp-cand-bucket_component-candidates/373_obs-comp-cand-000373_obimd-sub-4pz6izsjbm_component-candidate,obimd-sub-4pz6izsjbm,obimd-sub-4pz6izsjbm;obimd-main-4pz6izsjbm,src-obimd,licensed_for_repository,needs_human_component_review,2026-06-20
obs-comp-cand-000374,graphemic_component_candidate,corpus/003_graphemic-components/004_000301-000400_obs-comp-cand-bucket_component-candidates/374_obs-comp-cand-000374_obimd-sub-lsjuogr2ev_component-candidate,obimd-sub-lsjuogr2ev,obimd-sub-lsjuogr2ev;obimd-main-lsjuogr2ev,src-obimd,licensed_for_repository,needs_human_component_review,2026-06-20
obs-comp-cand-000375,graphemic_component_candidate,corpus/003_graphemic-components/004_000301-000400_obs-comp-cand-bucket_component-candidates/375_obs-comp-cand-000375_obimd-sub-jstya23ki5_component-candidate,obimd-sub-jstya23ki5,obimd-sub-jstya23ki5;obimd-main-jstya23ki5,src-obimd,licensed_for_repository,needs_human_component_review,2026-06-20
obs-comp-cand-000376,graphemic_component_candidate,corpus/003_graphemic-components/004_000301-000400_obs-comp-cand-bucket_component-candidates/376_obs-comp-cand-000376_obimd-sub-xuf3yby22w_component-candidate,obimd-sub-xuf3yby22w,obimd-sub-xuf3yby22w;obimd-main-xuf3yby22w,src-obimd,licensed_for_repository,needs_human_component_review,2026-06-20
obs-comp-cand-000377,graphemic_component_candidate,corpus/003_graphemic-components/004_000301-000400_obs-comp-cand-bucket_component-candidates/377_obs-comp-cand-000377_obimd-sub-7fgd3fbmzi_component-candidate,obimd-sub-7fgd3fbmzi,obimd-sub-7fgd3fbmzi;obimd-main-7fgd3fbmzi,src-obimd,licensed_for_repository,needs_human_component_review,2026-06-20
obs-comp-cand-000378,graphemic_component_candidate,corpus/003_graphemic-components/004_000301-000400_obs-comp-cand-bucket_component-candidates/378_obs-comp-cand-000378_obimd-sub-fmv0hxp7i5_component-candidate,obimd-sub-fmv0hxp7i5,obimd-sub-fmv0hxp7i5;obimd-main-fmv0hxp7i5,src-obimd,licensed_for_repository,needs_human_component_review,2026-06-20
obs-comp-cand-000379,graphemic_component_candidate,corpus/003_graphemic-components/004_000301-000400_obs-comp-cand-bucket_component-candidates/379_obs-comp-cand-000379_obimd-sub-96ixqidd0x_component-candidate,obimd-sub-96ixqidd0x,obimd-sub-96ixqidd0x;obimd-main-fmv0hxp7i5,src-obimd,licensed_for_repository,needs_human_component_review,2026-06-20
obs-comp-cand-000380,graphemic_component_candidate,corpus/003_graphemic-components/004_000301-000400_obs-comp-cand-bucket_component-candidates/380_obs-comp-cand-000380_obimd-sub-8jgnyw54if_component-candidate,obimd-sub-8jgnyw54if,obimd-sub-8jgnyw54if;obimd-main-fmv0hxp7i5,src-obimd,licensed_for_repository,needs_human_component_review,2026-06-20
obs-comp-cand-000381,graphemic_component_candidate,corpus/003_graphemic-components/004_000301-000400_obs-comp-cand-bucket_component-candidates/381_obs-comp-cand-000381_obimd-sub-3p906vor19_component-candidate,obimd-sub-3p906vor19,obimd-sub-3p906vor19;obimd-main-3p906vor19,src-obimd,licensed_for_repository,needs_human_component_review,2026-06-20
obs-comp-cand-000382,graphemic_component_candidate,corpus/003_graphemic-components/004_000301-000400_obs-comp-cand-bucket_component-candidates/382_obs-comp-cand-000382_obimd-sub-p1t11rbor2_component-candidate,obimd-sub-p1t11rbor2,obimd-sub-p1t11rbor2;obimd-main-p1t11rbor2,src-obimd,licensed_for_repository,needs_human_component_review,2026-06-20
obs-comp-cand-000383,graphemic_component_candidate,corpus/003_graphemic-components/004_000301-000400_obs-comp-cand-bucket_component-candidates/383_obs-comp-cand-000383_obimd-sub-awg8lyvedy_component-candidate,obimd-sub-awg8lyvedy,obimd-sub-awg8lyvedy;obimd-main-awg8lyvedy,src-obimd,licensed_for_repository,needs_human_component_review,2026-06-20
obs-comp-cand-000384,graphemic_component_candidate,corpus/003_graphemic-components/004_000301-000400_obs-comp-cand-bucket_component-candidates/384_obs-comp-cand-000384_obimd-sub-dq9kq0ii1p_component-candidate,obimd-sub-dq9kq0ii1p,obimd-sub-dq9kq0ii1p;obimd-main-awg8lyvedy,src-obimd,licensed_for_repository,needs_human_component_review,2026-06-20
obs-comp-cand-000385,graphemic_component_candidate,corpus/003_graphemic-components/004_000301-000400_obs-comp-cand-bucket_component-candidates/385_obs-comp-cand-000385_obimd-sub-hoz4ouh5tu_component-candidate,obimd-sub-hoz4ouh5tu,obimd-sub-hoz4ouh5tu;obimd-main-hoz4ouh5tu,src-obimd,licensed_for_repository,needs_human_component_review,2026-06-20
obs-comp-cand-000386,graphemic_component_candidate,corpus/003_graphemic-components/004_000301-000400_obs-comp-cand-bucket_component-candidates/386_obs-comp-cand-000386_obimd-sub-rnar1q86c5_component-candidate,obimd-sub-rnar1q86c5,obimd-sub-rnar1q86c5;obimd-main-rnar1q86c5,src-obimd,licensed_for_repository,needs_human_component_review,2026-06-20
obs-comp-cand-000387,graphemic_component_candidate,corpus/003_graphemic-components/004_000301-000400_obs-comp-cand-bucket_component-candidates/387_obs-comp-cand-000387_obimd-sub-chgnm00d8z_component-candidate,obimd-sub-chgnm00d8z,obimd-sub-chgnm00d8z;obimd-main-rnar1q86c5,src-obimd,licensed_for_repository,needs_human_component_review,2026-06-20
obs-comp-cand-000388,graphemic_component_candidate,corpus/003_graphemic-components/004_000301-000400_obs-comp-cand-bucket_component-candidates/388_obs-comp-cand-000388_obimd-sub-qznkllksil_component-candidate,obimd-sub-qznkllksil,obimd-sub-qznkllksil;obimd-main-rnar1q86c5,src-obimd,licensed_for_repository,needs_human_component_review,2026-06-20
obs-comp-cand-000389,graphemic_component_candidate,corpus/003_graphemic-components/004_000301-000400_obs-comp-cand-bucket_component-candidates/389_obs-comp-cand-000389_obimd-sub-07ktdj9irl_component-candidate,obimd-sub-07ktdj9irl,obimd-sub-07ktdj9irl;obimd-main-rnar1q86c5,src-obimd,licensed_for_repository,needs_human_component_review,2026-06-20
obs-comp-cand-000390,graphemic_component_candidate,corpus/003_graphemic-components/004_000301-000400_obs-comp-cand-bucket_component-candidates/390_obs-comp-cand-000390_obimd-sub-kn438rbkpd_component-candidate,obimd-sub-kn438rbkpd,obimd-sub-kn438rbkpd;obimd-main-kn438rbkpd,src-obimd,licensed_for_repository,needs_human_component_review,2026-06-20
obs-comp-cand-000391,graphemic_component_candidate,corpus/003_graphemic-components/004_000301-000400_obs-comp-cand-bucket_component-candidates/391_obs-comp-cand-000391_obimd-sub-5yh2531yu1_component-candidate,obimd-sub-5yh2531yu1,obimd-sub-5yh2531yu1;obimd-main-kn438rbkpd,src-obimd,licensed_for_repository,needs_human_component_review,2026-06-20
obs-comp-cand-000392,graphemic_component_candidate,corpus/003_graphemic-components/004_000301-000400_obs-comp-cand-bucket_component-candidates/392_obs-comp-cand-000392_obimd-sub-oe7t1db7i8_component-candidate,obimd-sub-oe7t1db7i8,obimd-sub-oe7t1db7i8;obimd-main-oe7t1db7i8,src-obimd,licensed_for_repository,needs_human_component_review,2026-06-20
obs-comp-cand-000393,graphemic_component_candidate,corpus/003_graphemic-components/004_000301-000400_obs-comp-cand-bucket_component-candidates/393_obs-comp-cand-000393_obimd-sub-7b9lfpes9d_component-candidate,obimd-sub-7b9lfpes9d,obimd-sub-7b9lfpes9d;obimd-main-7b9lfpes9d,src-obimd,licensed_for_repository,needs_human_component_review,2026-06-20
obs-comp-cand-000394,graphemic_component_candidate,corpus/003_graphemic-components/004_000301-000400_obs-comp-cand-bucket_component-candidates/394_obs-comp-cand-000394_obimd-sub-at88lnryep_component-candidate,obimd-sub-at88lnryep,obimd-sub-at88lnryep;obimd-main-at88lnryep,src-obimd,licensed_for_repository,needs_human_component_review,2026-06-20
obs-comp-cand-000395,graphemic_component_candidate,corpus/003_graphemic-components/004_000301-000400_obs-comp-cand-bucket_component-candidates/395_obs-comp-cand-000395_obimd-sub-er8jkra4dx_component-candidate,obimd-sub-er8jkra4dx,obimd-sub-er8jkra4dx;obimd-main-er8jkra4dx,src-obimd,licensed_for_repository,needs_human_component_review,2026-06-20
obs-comp-cand-000396,graphemic_component_candidate,corpus/003_graphemic-components/004_000301-000400_obs-comp-cand-bucket_component-candidates/396_obs-comp-cand-000396_obimd-sub-w308vycuhp_component-candidate,obimd-sub-w308vycuhp,obimd-sub-w308vycuhp;obimd-main-w308vycuhp,src-obimd,licensed_for_repository,needs_human_component_review,2026-06-20
obs-comp-cand-000397,graphemic_component_candidate,corpus/003_graphemic-components/004_000301-000400_obs-comp-cand-bucket_component-candidates/397_obs-comp-cand-000397_obimd-sub-33ico48nyd_component-candidate,obimd-sub-33ico48nyd,obimd-sub-33ico48nyd;obimd-main-33ico48nyd,src-obimd,licensed_for_repository,needs_human_component_review,2026-06-20
obs-comp-cand-000398,graphemic_component_candidate,corpus/003_graphemic-components/004_000301-000400_obs-comp-cand-bucket_component-candidates/398_obs-comp-cand-000398_obimd-sub-nw5b2ltcvn_component-candidate,obimd-sub-nw5b2ltcvn,obimd-sub-nw5b2ltcvn;obimd-main-33ico48nyd,src-obimd,licensed_for_repository,needs_human_component_review,2026-06-20
obs-comp-cand-000399,graphemic_component_candidate,corpus/003_graphemic-components/004_000301-000400_obs-comp-cand-bucket_component-candidates/399_obs-comp-cand-000399_obimd-sub-fpq0j1p9ii_component-candidate,obimd-sub-fpq0j1p9ii,obimd-sub-fpq0j1p9ii;obimd-main-fpq0j1p9ii,src-obimd,licensed_for_repository,needs_human_component_review,2026-06-20
obs-comp-cand-000400,graphemic_component_candidate,corpus/003_graphemic-components/004_000301-000400_obs-comp-cand-bucket_component-candidates/400_obs-comp-cand-000400_obimd-sub-b4g0n16lxd_component-candidate,obimd-sub-b4g0n16lxd,obimd-sub-b4g0n16lxd;obimd-main-b4g0n16lxd,src-obimd,licensed_for_repository,needs_human_component_review,2026-06-20
obs-comp-cand-000401,graphemic_component_candidate,corpus/003_graphemic-components/005_000401-000500_obs-comp-cand-bucket_component-candidates/401_obs-comp-cand-000401_obimd-sub-1gsz56q4q2_component-candidate,obimd-sub-1gsz56q4q2,obimd-sub-1gsz56q4q2;obimd-main-b4g0n16lxd,src-obimd,licensed_for_repository,needs_human_component_review,2026-06-20
obs-comp-cand-000402,graphemic_component_candidate,corpus/003_graphemic-components/005_000401-000500_obs-comp-cand-bucket_component-candidates/402_obs-comp-cand-000402_obimd-sub-cxzdczacxy_component-candidate,obimd-sub-cxzdczacxy,obimd-sub-cxzdczacxy;obimd-main-cxzdczacxy,src-obimd,licensed_for_repository,needs_human_component_review,2026-06-20
obs-comp-cand-000403,graphemic_component_candidate,corpus/003_graphemic-components/005_000401-000500_obs-comp-cand-bucket_component-candidates/403_obs-comp-cand-000403_obimd-sub-qj5ls1wkvt_component-candidate,obimd-sub-qj5ls1wkvt,obimd-sub-qj5ls1wkvt;obimd-main-qj5ls1wkvt,src-obimd,licensed_for_repository,needs_human_component_review,2026-06-20
obs-comp-cand-000404,graphemic_component_candidate,corpus/003_graphemic-components/005_000401-000500_obs-comp-cand-bucket_component-candidates/404_obs-comp-cand-000404_obimd-sub-no8hgfw0su_component-candidate,obimd-sub-no8hgfw0su,obimd-sub-no8hgfw0su;obimd-main-no8hgfw0su,src-obimd,licensed_for_repository,needs_human_component_review,2026-06-20
obs-comp-cand-000405,graphemic_component_candidate,corpus/003_graphemic-components/005_000401-000500_obs-comp-cand-bucket_component-candidates/405_obs-comp-cand-000405_obimd-sub-ge4xfsbtgz_component-candidate,obimd-sub-ge4xfsbtgz,obimd-sub-ge4xfsbtgz;obimd-main-ge4xfsbtgz,src-obimd,licensed_for_repository,needs_human_component_review,2026-06-20
obs-comp-cand-000406,graphemic_component_candidate,corpus/003_graphemic-components/005_000401-000500_obs-comp-cand-bucket_component-candidates/406_obs-comp-cand-000406_obimd-sub-ls6u8dscwp_component-candidate,obimd-sub-ls6u8dscwp,obimd-sub-ls6u8dscwp;obimd-main-ls6u8dscwp,src-obimd,licensed_for_repository,needs_human_component_review,2026-06-20
obs-comp-cand-000407,graphemic_component_candidate,corpus/003_graphemic-components/005_000401-000500_obs-comp-cand-bucket_component-candidates/407_obs-comp-cand-000407_obimd-sub-f5mh4nlab1_component-candidate,obimd-sub-f5mh4nlab1,obimd-sub-f5mh4nlab1;obimd-main-ls6u8dscwp,src-obimd,licensed_for_repository,needs_human_component_review,2026-06-20
obs-comp-cand-000408,graphemic_component_candidate,corpus/003_graphemic-components/005_000401-000500_obs-comp-cand-bucket_component-candidates/408_obs-comp-cand-000408_obimd-sub-zqbrsgetax_component-candidate,obimd-sub-zqbrsgetax,obimd-sub-zqbrsgetax;obimd-main-ls6u8dscwp,src-obimd,licensed_for_repository,needs_human_component_review,2026-06-20
obs-comp-cand-000409,graphemic_component_candidate,corpus/003_graphemic-components/005_000401-000500_obs-comp-cand-bucket_component-candidates/409_obs-comp-cand-000409_obimd-sub-ym31pebplg_component-candidate,obimd-sub-ym31pebplg,obimd-sub-ym31pebplg;obimd-main-ls6u8dscwp,src-obimd,licensed_for_repository,needs_human_component_review,2026-06-20
obs-comp-cand-000410,graphemic_component_candidate,corpus/003_graphemic-components/005_000401-000500_obs-comp-cand-bucket_component-candidates/410_obs-comp-cand-000410_obimd-sub-d339lim5ps_component-candidate,obimd-sub-d339lim5ps,obimd-sub-d339lim5ps;obimd-main-d339lim5ps,src-obimd,licensed_for_repository,needs_human_component_review,2026-06-20
obs-comp-cand-000411,graphemic_component_candidate,corpus/003_graphemic-components/005_000401-000500_obs-comp-cand-bucket_component-candidates/411_obs-comp-cand-000411_obimd-sub-3gkwrw1r21_component-candidate,obimd-sub-3gkwrw1r21,obimd-sub-3gkwrw1r21;obimd-main-d339lim5ps,src-obimd,licensed_for_repository,needs_human_component_review,2026-06-20
obs-comp-cand-000412,graphemic_component_candidate,corpus/003_graphemic-components/005_000401-000500_obs-comp-cand-bucket_component-candidates/412_obs-comp-cand-000412_obimd-sub-91wuvmq6ju_component-candidate,obimd-sub-91wuvmq6ju,obimd-sub-91wuvmq6ju;obimd-main-91wuvmq6ju,src-obimd,licensed_for_repository,needs_human_component_review,2026-06-20
obs-comp-cand-000413,graphemic_component_candidate,corpus/003_graphemic-components/005_000401-000500_obs-comp-cand-bucket_component-candidates/413_obs-comp-cand-000413_obimd-sub-exg6lsn5w7_component-candidate,obimd-sub-exg6lsn5w7,obimd-sub-exg6lsn5w7;obimd-main-exg6lsn5w7,src-obimd,licensed_for_repository,needs_human_component_review,2026-06-20
obs-comp-cand-000414,graphemic_component_candidate,corpus/003_graphemic-components/005_000401-000500_obs-comp-cand-bucket_component-candidates/414_obs-comp-cand-000414_obimd-sub-fll6c5zkzf_component-candidate,obimd-sub-fll6c5zkzf,obimd-sub-fll6c5zkzf;obimd-main-exg6lsn5w7,src-obimd,licensed_for_repository,needs_human_component_review,2026-06-20
obs-comp-cand-000415,graphemic_component_candidate,corpus/003_graphemic-components/005_000401-000500_obs-comp-cand-bucket_component-candidates/415_obs-comp-cand-000415_obimd-sub-9chx3kaelf_component-candidate,obimd-sub-9chx3kaelf,obimd-sub-9chx3kaelf;obimd-main-exg6lsn5w7,src-obimd,licensed_for_repository,needs_human_component_review,2026-06-20
obs-comp-cand-000416,graphemic_component_candidate,corpus/003_graphemic-components/005_000401-000500_obs-comp-cand-bucket_component-candidates/416_obs-comp-cand-000416_obimd-sub-nhpw81ldzo_component-candidate,obimd-sub-nhpw81ldzo,obimd-sub-nhpw81ldzo;obimd-main-exg6lsn5w7,src-obimd,licensed_for_repository,needs_human_component_review,2026-06-20
obs-comp-cand-000417,graphemic_component_candidate,corpus/003_graphemic-components/005_000401-000500_obs-comp-cand-bucket_component-candidates/417_obs-comp-cand-000417_obimd-sub-p8enf49eh4_component-candidate,obimd-sub-p8enf49eh4,obimd-sub-p8enf49eh4;obimd-main-exg6lsn5w7,src-obimd,licensed_for_repository,needs_human_component_review,2026-06-20
obs-comp-cand-000418,graphemic_component_candidate,corpus/003_graphemic-components/005_000401-000500_obs-comp-cand-bucket_component-candidates/418_obs-comp-cand-000418_obimd-sub-0zij73e4bo_component-candidate,obimd-sub-0zij73e4bo,obimd-sub-0zij73e4bo;obimd-main-0zij73e4bo,src-obimd,licensed_for_repository,needs_human_component_review,2026-06-20
obs-comp-cand-000419,graphemic_component_candidate,corpus/003_graphemic-components/005_000401-000500_obs-comp-cand-bucket_component-candidates/419_obs-comp-cand-000419_obimd-sub-v026vtmjx4_component-candidate,obimd-sub-v026vtmjx4,obimd-sub-v026vtmjx4;obimd-main-0zij73e4bo,src-obimd,licensed_for_repository,needs_human_component_review,2026-06-20
obs-comp-cand-000420,graphemic_component_candidate,corpus/003_graphemic-components/005_000401-000500_obs-comp-cand-bucket_component-candidates/420_obs-comp-cand-000420_obimd-sub-933ie56sph_component-candidate,obimd-sub-933ie56sph,obimd-sub-933ie56sph;obimd-main-933ie56sph,src-obimd,licensed_for_repository,needs_human_component_review,2026-06-20
obs-comp-cand-000421,graphemic_component_candidate,corpus/003_graphemic-components/005_000401-000500_obs-comp-cand-bucket_component-candidates/421_obs-comp-cand-000421_obimd-sub-w0kil4h1qz_component-candidate,obimd-sub-w0kil4h1qz,obimd-sub-w0kil4h1qz;obimd-main-w0kil4h1qz,src-obimd,licensed_for_repository,needs_human_component_review,2026-06-20
obs-comp-cand-000422,graphemic_component_candidate,corpus/003_graphemic-components/005_000401-000500_obs-comp-cand-bucket_component-candidates/422_obs-comp-cand-000422_obimd-sub-wf1lpsb2vj_component-candidate,obimd-sub-wf1lpsb2vj,obimd-sub-wf1lpsb2vj;obimd-main-wf1lpsb2vj,src-obimd,licensed_for_repository,needs_human_component_review,2026-06-20
obs-comp-cand-000423,graphemic_component_candidate,corpus/003_graphemic-components/005_000401-000500_obs-comp-cand-bucket_component-candidates/423_obs-comp-cand-000423_obimd-sub-h9rt4lxd99_component-candidate,obimd-sub-h9rt4lxd99,obimd-sub-h9rt4lxd99;obimd-main-h9rt4lxd99,src-obimd,licensed_for_repository,needs_human_component_review,2026-06-20
obs-comp-cand-000424,graphemic_component_candidate,corpus/003_graphemic-components/005_000401-000500_obs-comp-cand-bucket_component-candidates/424_obs-comp-cand-000424_obimd-sub-54s1u855x9_component-candidate,obimd-sub-54s1u855x9,obimd-sub-54s1u855x9;obimd-main-54s1u855x9,src-obimd,licensed_for_repository,needs_human_component_review,2026-06-20
obs-comp-cand-000425,graphemic_component_candidate,corpus/003_graphemic-components/005_000401-000500_obs-comp-cand-bucket_component-candidates/425_obs-comp-cand-000425_obimd-sub-xyp0ngvyd7_component-candidate,obimd-sub-xyp0ngvyd7,obimd-sub-xyp0ngvyd7;obimd-main-xyp0ngvyd7,src-obimd,licensed_for_repository,needs_human_component_review,2026-06-20
obs-comp-cand-000426,graphemic_component_candidate,corpus/003_graphemic-components/005_000401-000500_obs-comp-cand-bucket_component-candidates/426_obs-comp-cand-000426_obimd-sub-lgsb5mrk5a_component-candidate,obimd-sub-lgsb5mrk5a,obimd-sub-lgsb5mrk5a;obimd-main-xyp0ngvyd7,src-obimd,licensed_for_repository,needs_human_component_review,2026-06-20
obs-comp-cand-000427,graphemic_component_candidate,corpus/003_graphemic-components/005_000401-000500_obs-comp-cand-bucket_component-candidates/427_obs-comp-cand-000427_obimd-sub-2bcusrt88g_component-candidate,obimd-sub-2bcusrt88g,obimd-sub-2bcusrt88g;obimd-main-2bcusrt88g,src-obimd,licensed_for_repository,needs_human_component_review,2026-06-20
obs-comp-cand-000428,graphemic_component_candidate,corpus/003_graphemic-components/005_000401-000500_obs-comp-cand-bucket_component-candidates/428_obs-comp-cand-000428_obimd-sub-xedw7y2wk2_component-candidate,obimd-sub-xedw7y2wk2,obimd-sub-xedw7y2wk2;obimd-main-2bcusrt88g,src-obimd,licensed_for_repository,needs_human_component_review,2026-06-20
obs-comp-cand-000429,graphemic_component_candidate,corpus/003_graphemic-components/005_000401-000500_obs-comp-cand-bucket_component-candidates/429_obs-comp-cand-000429_obimd-sub-2eur35esrm_component-candidate,obimd-sub-2eur35esrm,obimd-sub-2eur35esrm;obimd-main-utkbozj9sh,src-obimd,licensed_for_repository,needs_human_component_review,2026-06-20
obs-comp-cand-000430,graphemic_component_candidate,corpus/003_graphemic-components/005_000401-000500_obs-comp-cand-bucket_component-candidates/430_obs-comp-cand-000430_obimd-sub-ewiqwj2bq8_component-candidate,obimd-sub-ewiqwj2bq8,obimd-sub-ewiqwj2bq8;obimd-main-ewiqwj2bq8,src-obimd,licensed_for_repository,needs_human_component_review,2026-06-20
obs-comp-cand-000431,graphemic_component_candidate,corpus/003_graphemic-components/005_000401-000500_obs-comp-cand-bucket_component-candidates/431_obs-comp-cand-000431_obimd-sub-fd1fnfizin_component-candidate,obimd-sub-fd1fnfizin,obimd-sub-fd1fnfizin;obimd-main-ewiqwj2bq8,src-obimd,licensed_for_repository,needs_human_component_review,2026-06-20
obs-comp-cand-000432,graphemic_component_candidate,corpus/003_graphemic-components/005_000401-000500_obs-comp-cand-bucket_component-candidates/432_obs-comp-cand-000432_obimd-sub-tmjnpesb5l_component-candidate,obimd-sub-tmjnpesb5l,obimd-sub-tmjnpesb5l;obimd-main-ewiqwj2bq8,src-obimd,licensed_for_repository,needs_human_component_review,2026-06-20
obs-comp-cand-000433,graphemic_component_candidate,corpus/003_graphemic-components/005_000401-000500_obs-comp-cand-bucket_component-candidates/433_obs-comp-cand-000433_obimd-sub-a9umdzeixf_component-candidate,obimd-sub-a9umdzeixf,obimd-sub-a9umdzeixf;obimd-main-ewiqwj2bq8,src-obimd,licensed_for_repository,needs_human_component_review,2026-06-20
obs-comp-cand-000434,graphemic_component_candidate,corpus/003_graphemic-components/005_000401-000500_obs-comp-cand-bucket_component-candidates/434_obs-comp-cand-000434_obimd-sub-xdimpzk5q6_component-candidate,obimd-sub-xdimpzk5q6,obimd-sub-xdimpzk5q6;obimd-main-xdimpzk5q6,src-obimd,licensed_for_repository,needs_human_component_review,2026-06-20
obs-comp-cand-000435,graphemic_component_candidate,corpus/003_graphemic-components/005_000401-000500_obs-comp-cand-bucket_component-candidates/435_obs-comp-cand-000435_obimd-sub-adohx76jpl_component-candidate,obimd-sub-adohx76jpl,obimd-sub-adohx76jpl;obimd-main-adohx76jpl,src-obimd,licensed_for_repository,needs_human_component_review,2026-06-20
obs-comp-cand-000436,graphemic_component_candidate,corpus/003_graphemic-components/005_000401-000500_obs-comp-cand-bucket_component-candidates/436_obs-comp-cand-000436_obimd-sub-krjxuj8jnv_component-candidate,obimd-sub-krjxuj8jnv,obimd-sub-krjxuj8jnv;obimd-main-krjxuj8jnv,src-obimd,licensed_for_repository,needs_human_component_review,2026-06-20
obs-comp-cand-000437,graphemic_component_candidate,corpus/003_graphemic-components/005_000401-000500_obs-comp-cand-bucket_component-candidates/437_obs-comp-cand-000437_obimd-sub-18jj79so8p_component-candidate,obimd-sub-18jj79so8p,obimd-sub-18jj79so8p;obimd-main-18jj79so8p,src-obimd,licensed_for_repository,needs_human_component_review,2026-06-20
obs-comp-cand-000438,graphemic_component_candidate,corpus/003_graphemic-components/005_000401-000500_obs-comp-cand-bucket_component-candidates/438_obs-comp-cand-000438_obimd-sub-3stulpqfe9_component-candidate,obimd-sub-3stulpqfe9,obimd-sub-3stulpqfe9;obimd-main-3stulpqfe9,src-obimd,licensed_for_repository,needs_human_component_review,2026-06-20
obs-comp-cand-000439,graphemic_component_candidate,corpus/003_graphemic-components/005_000401-000500_obs-comp-cand-bucket_component-candidates/439_obs-comp-cand-000439_obimd-sub-ig9oetqcmy_component-candidate,obimd-sub-ig9oetqcmy,obimd-sub-ig9oetqcmy;obimd-main-ig9oetqcmy,src-obimd,licensed_for_repository,needs_human_component_review,2026-06-20
obs-comp-cand-000440,graphemic_component_candidate,corpus/003_graphemic-components/005_000401-000500_obs-comp-cand-bucket_component-candidates/440_obs-comp-cand-000440_obimd-sub-nqghhf5br6_component-candidate,obimd-sub-nqghhf5br6,obimd-sub-nqghhf5br6;obimd-main-nqghhf5br6,src-obimd,licensed_for_repository,needs_human_component_review,2026-06-20
obs-comp-cand-000441,graphemic_component_candidate,corpus/003_graphemic-components/005_000401-000500_obs-comp-cand-bucket_component-candidates/441_obs-comp-cand-000441_obimd-sub-9x6y6tf4mm_component-candidate,obimd-sub-9x6y6tf4mm,obimd-sub-9x6y6tf4mm;obimd-main-nqghhf5br6,src-obimd,licensed_for_repository,needs_human_component_review,2026-06-20
obs-comp-cand-000442,graphemic_component_candidate,corpus/003_graphemic-components/005_000401-000500_obs-comp-cand-bucket_component-candidates/442_obs-comp-cand-000442_obimd-sub-2nmkx2vinv_component-candidate,obimd-sub-2nmkx2vinv,obimd-sub-2nmkx2vinv;obimd-main-nqghhf5br6,src-obimd,licensed_for_repository,needs_human_component_review,2026-06-20
obs-comp-cand-000443,graphemic_component_candidate,corpus/003_graphemic-components/005_000401-000500_obs-comp-cand-bucket_component-candidates/443_obs-comp-cand-000443_obimd-sub-wr5du5ka08_component-candidate,obimd-sub-wr5du5ka08,obimd-sub-wr5du5ka08;obimd-main-nqghhf5br6,src-obimd,licensed_for_repository,needs_human_component_review,2026-06-20
obs-comp-cand-000444,graphemic_component_candidate,corpus/003_graphemic-components/005_000401-000500_obs-comp-cand-bucket_component-candidates/444_obs-comp-cand-000444_obimd-sub-eakt7tagpp_component-candidate,obimd-sub-eakt7tagpp,obimd-sub-eakt7tagpp;obimd-main-eakt7tagpp,src-obimd,licensed_for_repository,needs_human_component_review,2026-06-20
obs-comp-cand-000445,graphemic_component_candidate,corpus/003_graphemic-components/005_000401-000500_obs-comp-cand-bucket_component-candidates/445_obs-comp-cand-000445_obimd-sub-ed04il53n7_component-candidate,obimd-sub-ed04il53n7,obimd-sub-ed04il53n7;obimd-main-ed04il53n7,src-obimd,licensed_for_repository,needs_human_component_review,2026-06-20
obs-comp-cand-000446,graphemic_component_candidate,corpus/003_graphemic-components/005_000401-000500_obs-comp-cand-bucket_component-candidates/446_obs-comp-cand-000446_obimd-sub-xgtqk1w4ya_component-candidate,obimd-sub-xgtqk1w4ya,obimd-sub-xgtqk1w4ya;obimd-main-xgtqk1w4ya,src-obimd,licensed_for_repository,needs_human_component_review,2026-06-20
obs-comp-cand-000447,graphemic_component_candidate,corpus/003_graphemic-components/005_000401-000500_obs-comp-cand-bucket_component-candidates/447_obs-comp-cand-000447_obimd-sub-792pre0fm3_component-candidate,obimd-sub-792pre0fm3,obimd-sub-792pre0fm3;obimd-main-792pre0fm3,src-obimd,licensed_for_repository,needs_human_component_review,2026-06-20
obs-comp-cand-000448,graphemic_component_candidate,corpus/003_graphemic-components/005_000401-000500_obs-comp-cand-bucket_component-candidates/448_obs-comp-cand-000448_obimd-sub-e7simxzm79_component-candidate,obimd-sub-e7simxzm79,obimd-sub-e7simxzm79;obimd-main-e7simxzm79,src-obimd,licensed_for_repository,needs_human_component_review,2026-06-20
obs-comp-cand-000449,graphemic_component_candidate,corpus/003_graphemic-components/005_000401-000500_obs-comp-cand-bucket_component-candidates/449_obs-comp-cand-000449_obimd-sub-nnkv7fnqj3_component-candidate,obimd-sub-nnkv7fnqj3,obimd-sub-nnkv7fnqj3;obimd-main-nnkv7fnqj3,src-obimd,licensed_for_repository,needs_human_component_review,2026-06-20
obs-comp-cand-000450,graphemic_component_candidate,corpus/003_graphemic-components/005_000401-000500_obs-comp-cand-bucket_component-candidates/450_obs-comp-cand-000450_obimd-sub-k9fz66biv5_component-candidate,obimd-sub-k9fz66biv5,obimd-sub-k9fz66biv5;obimd-main-k9fz66biv5,src-obimd,licensed_for_repository,needs_human_component_review,2026-06-20
obs-comp-cand-000451,graphemic_component_candidate,corpus/003_graphemic-components/005_000401-000500_obs-comp-cand-bucket_component-candidates/451_obs-comp-cand-000451_obimd-sub-y0f5gu3q0a_component-candidate,obimd-sub-y0f5gu3q0a,obimd-sub-y0f5gu3q0a;obimd-main-y0f5gu3q0a,src-obimd,licensed_for_repository,needs_human_component_review,2026-06-20
obs-comp-cand-000452,graphemic_component_candidate,corpus/003_graphemic-components/005_000401-000500_obs-comp-cand-bucket_component-candidates/452_obs-comp-cand-000452_obimd-sub-c15glxokfb_component-candidate,obimd-sub-c15glxokfb,obimd-sub-c15glxokfb;obimd-main-y0f5gu3q0a,src-obimd,licensed_for_repository,needs_human_component_review,2026-06-20
obs-comp-cand-000453,graphemic_component_candidate,corpus/003_graphemic-components/005_000401-000500_obs-comp-cand-bucket_component-candidates/453_obs-comp-cand-000453_obimd-sub-chdjguobk1_component-candidate,obimd-sub-chdjguobk1,obimd-sub-chdjguobk1;obimd-main-chdjguobk1,src-obimd,licensed_for_repository,needs_human_component_review,2026-06-20
obs-comp-cand-000454,graphemic_component_candidate,corpus/003_graphemic-components/005_000401-000500_obs-comp-cand-bucket_component-candidates/454_obs-comp-cand-000454_obimd-sub-dgw10rc4gi_component-candidate,obimd-sub-dgw10rc4gi,obimd-sub-dgw10rc4gi;obimd-main-dgw10rc4gi,src-obimd,licensed_for_repository,needs_human_component_review,2026-06-20
obs-comp-cand-000455,graphemic_component_candidate,corpus/003_graphemic-components/005_000401-000500_obs-comp-cand-bucket_component-candidates/455_obs-comp-cand-000455_obimd-sub-dfhsf24jmf_component-candidate,obimd-sub-dfhsf24jmf,obimd-sub-dfhsf24jmf;obimd-main-dgw10rc4gi,src-obimd,licensed_for_repository,needs_human_component_review,2026-06-20
obs-comp-cand-000456,graphemic_component_candidate,corpus/003_graphemic-components/005_000401-000500_obs-comp-cand-bucket_component-candidates/456_obs-comp-cand-000456_obimd-sub-5zjto89nh6_component-candidate,obimd-sub-5zjto89nh6,obimd-sub-5zjto89nh6;obimd-main-5zjto89nh6,src-obimd,licensed_for_repository,needs_human_component_review,2026-06-20
obs-comp-cand-000457,graphemic_component_candidate,corpus/003_graphemic-components/005_000401-000500_obs-comp-cand-bucket_component-candidates/457_obs-comp-cand-000457_obimd-sub-5t6au2olk9_component-candidate,obimd-sub-5t6au2olk9,obimd-sub-5t6au2olk9;obimd-main-5t6au2olk9,src-obimd,licensed_for_repository,needs_human_component_review,2026-06-20
obs-comp-cand-000458,graphemic_component_candidate,corpus/003_graphemic-components/005_000401-000500_obs-comp-cand-bucket_component-candidates/458_obs-comp-cand-000458_obimd-sub-1vtfwm0co9_component-candidate,obimd-sub-1vtfwm0co9,obimd-sub-1vtfwm0co9;obimd-main-1vtfwm0co9,src-obimd,licensed_for_repository,needs_human_component_review,2026-06-20
obs-comp-cand-000459,graphemic_component_candidate,corpus/003_graphemic-components/005_000401-000500_obs-comp-cand-bucket_component-candidates/459_obs-comp-cand-000459_obimd-sub-czt8eczekd_component-candidate,obimd-sub-czt8eczekd,obimd-sub-czt8eczekd;obimd-main-czt8eczekd,src-obimd,licensed_for_repository,needs_human_component_review,2026-06-20
obs-comp-cand-000460,graphemic_component_candidate,corpus/003_graphemic-components/005_000401-000500_obs-comp-cand-bucket_component-candidates/460_obs-comp-cand-000460_obimd-sub-vj8pjrxuah_component-candidate,obimd-sub-vj8pjrxuah,obimd-sub-vj8pjrxuah;obimd-main-apuapt9wig,src-obimd,licensed_for_repository,needs_human_component_review,2026-06-20
obs-comp-cand-000461,graphemic_component_candidate,corpus/003_graphemic-components/005_000401-000500_obs-comp-cand-bucket_component-candidates/461_obs-comp-cand-000461_obimd-sub-4gy191xe86_component-candidate,obimd-sub-4gy191xe86,obimd-sub-4gy191xe86;obimd-main-4gy191xe86,src-obimd,licensed_for_repository,needs_human_component_review,2026-06-20
obs-comp-cand-000462,graphemic_component_candidate,corpus/003_graphemic-components/005_000401-000500_obs-comp-cand-bucket_component-candidates/462_obs-comp-cand-000462_obimd-sub-8gro2b24ja_component-candidate,obimd-sub-8gro2b24ja,obimd-sub-8gro2b24ja;obimd-main-8gro2b24ja,src-obimd,licensed_for_repository,needs_human_component_review,2026-06-20
obs-comp-cand-000463,graphemic_component_candidate,corpus/003_graphemic-components/005_000401-000500_obs-comp-cand-bucket_component-candidates/463_obs-comp-cand-000463_obimd-sub-mxsg4rdyyl_component-candidate,obimd-sub-mxsg4rdyyl,obimd-sub-mxsg4rdyyl;obimd-main-8gro2b24ja,src-obimd,licensed_for_repository,needs_human_component_review,2026-06-20
obs-comp-cand-000464,graphemic_component_candidate,corpus/003_graphemic-components/005_000401-000500_obs-comp-cand-bucket_component-candidates/464_obs-comp-cand-000464_obimd-sub-omqpb6w1is_component-candidate,obimd-sub-omqpb6w1is,obimd-sub-omqpb6w1is;obimd-main-8gro2b24ja,src-obimd,licensed_for_repository,needs_human_component_review,2026-06-20
obs-comp-cand-000465,graphemic_component_candidate,corpus/003_graphemic-components/005_000401-000500_obs-comp-cand-bucket_component-candidates/465_obs-comp-cand-000465_obimd-sub-rru5a6mm78_component-candidate,obimd-sub-rru5a6mm78,obimd-sub-rru5a6mm78;obimd-main-8gro2b24ja,src-obimd,licensed_for_repository,needs_human_component_review,2026-06-20
obs-comp-cand-000466,graphemic_component_candidate,corpus/003_graphemic-components/005_000401-000500_obs-comp-cand-bucket_component-candidates/466_obs-comp-cand-000466_obimd-sub-1kn5q2g92n_component-candidate,obimd-sub-1kn5q2g92n,obimd-sub-1kn5q2g92n;obimd-main-8gro2b24ja,src-obimd,licensed_for_repository,needs_human_component_review,2026-06-20
obs-comp-cand-000467,graphemic_component_candidate,corpus/003_graphemic-components/005_000401-000500_obs-comp-cand-bucket_component-candidates/467_obs-comp-cand-000467_obimd-sub-hr21gpaogg_component-candidate,obimd-sub-hr21gpaogg,obimd-sub-hr21gpaogg;obimd-main-hr21gpaogg,src-obimd,licensed_for_repository,needs_human_component_review,2026-06-20
obs-comp-cand-000468,graphemic_component_candidate,corpus/003_graphemic-components/005_000401-000500_obs-comp-cand-bucket_component-candidates/468_obs-comp-cand-000468_obimd-sub-0k2px01a8e_component-candidate,obimd-sub-0k2px01a8e,obimd-sub-0k2px01a8e;obimd-main-0k2px01a8e,src-obimd,licensed_for_repository,needs_human_component_review,2026-06-20
obs-comp-cand-000469,graphemic_component_candidate,corpus/003_graphemic-components/005_000401-000500_obs-comp-cand-bucket_component-candidates/469_obs-comp-cand-000469_obimd-sub-5yv8bp6pym_component-candidate,obimd-sub-5yv8bp6pym,obimd-sub-5yv8bp6pym;obimd-main-0k2px01a8e,src-obimd,licensed_for_repository,needs_human_component_review,2026-06-20
obs-comp-cand-000470,graphemic_component_candidate,corpus/003_graphemic-components/005_000401-000500_obs-comp-cand-bucket_component-candidates/470_obs-comp-cand-000470_obimd-sub-90a3utk2wf_component-candidate,obimd-sub-90a3utk2wf,obimd-sub-90a3utk2wf;obimd-main-90a3utk2wf,src-obimd,licensed_for_repository,needs_human_component_review,2026-06-20
obs-comp-cand-000471,graphemic_component_candidate,corpus/003_graphemic-components/005_000401-000500_obs-comp-cand-bucket_component-candidates/471_obs-comp-cand-000471_obimd-sub-iyocqrog3g_component-candidate,obimd-sub-iyocqrog3g,obimd-sub-iyocqrog3g;obimd-main-90a3utk2wf,src-obimd,licensed_for_repository,needs_human_component_review,2026-06-20
obs-comp-cand-000472,graphemic_component_candidate,corpus/003_graphemic-components/005_000401-000500_obs-comp-cand-bucket_component-candidates/472_obs-comp-cand-000472_obimd-sub-khg8b4r65l_component-candidate,obimd-sub-khg8b4r65l,obimd-sub-khg8b4r65l;obimd-main-khg8b4r65l,src-obimd,licensed_for_repository,needs_human_component_review,2026-06-20
obs-comp-cand-000473,graphemic_component_candidate,corpus/003_graphemic-components/005_000401-000500_obs-comp-cand-bucket_component-candidates/473_obs-comp-cand-000473_obimd-sub-zbpbqh7k10_component-candidate,obimd-sub-zbpbqh7k10,obimd-sub-zbpbqh7k10;obimd-main-khg8b4r65l,src-obimd,licensed_for_repository,needs_human_component_review,2026-06-20
obs-comp-cand-000474,graphemic_component_candidate,corpus/003_graphemic-components/005_000401-000500_obs-comp-cand-bucket_component-candidates/474_obs-comp-cand-000474_obimd-sub-ah10xtkbxp_component-candidate,obimd-sub-ah10xtkbxp,obimd-sub-ah10xtkbxp;obimd-main-ah10xtkbxp,src-obimd,licensed_for_repository,needs_human_component_review,2026-06-20
obs-comp-cand-000475,graphemic_component_candidate,corpus/003_graphemic-components/005_000401-000500_obs-comp-cand-bucket_component-candidates/475_obs-comp-cand-000475_obimd-sub-fh8kl9f33j_component-candidate,obimd-sub-fh8kl9f33j,obimd-sub-fh8kl9f33j;obimd-main-ah10xtkbxp,src-obimd,licensed_for_repository,needs_human_component_review,2026-06-20
obs-comp-cand-000476,graphemic_component_candidate,corpus/003_graphemic-components/005_000401-000500_obs-comp-cand-bucket_component-candidates/476_obs-comp-cand-000476_obimd-sub-1r0owtspdr_component-candidate,obimd-sub-1r0owtspdr,obimd-sub-1r0owtspdr;obimd-main-1r0owtspdr,src-obimd,licensed_for_repository,needs_human_component_review,2026-06-20
obs-comp-cand-000477,graphemic_component_candidate,corpus/003_graphemic-components/005_000401-000500_obs-comp-cand-bucket_component-candidates/477_obs-comp-cand-000477_obimd-sub-qpe695ed6v_component-candidate,obimd-sub-qpe695ed6v,obimd-sub-qpe695ed6v;obimd-main-qpe695ed6v,src-obimd,licensed_for_repository,needs_human_component_review,2026-06-20
obs-comp-cand-000478,graphemic_component_candidate,corpus/003_graphemic-components/005_000401-000500_obs-comp-cand-bucket_component-candidates/478_obs-comp-cand-000478_obimd-sub-ffin5jflh4_component-candidate,obimd-sub-ffin5jflh4,obimd-sub-ffin5jflh4;obimd-main-qpe695ed6v,src-obimd,licensed_for_repository,needs_human_component_review,2026-06-20
obs-comp-cand-000479,graphemic_component_candidate,corpus/003_graphemic-components/005_000401-000500_obs-comp-cand-bucket_component-candidates/479_obs-comp-cand-000479_obimd-sub-x0wt5y5bs2_component-candidate,obimd-sub-x0wt5y5bs2,obimd-sub-x0wt5y5bs2;obimd-main-x0wt5y5bs2,src-obimd,licensed_for_repository,needs_human_component_review,2026-06-20
obs-comp-cand-000480,graphemic_component_candidate,corpus/003_graphemic-components/005_000401-000500_obs-comp-cand-bucket_component-candidates/480_obs-comp-cand-000480_obimd-sub-8nk5wfu93c_component-candidate,obimd-sub-8nk5wfu93c,obimd-sub-8nk5wfu93c;obimd-main-x0wt5y5bs2,src-obimd,licensed_for_repository,needs_human_component_review,2026-06-20
obs-comp-cand-000481,graphemic_component_candidate,corpus/003_graphemic-components/005_000401-000500_obs-comp-cand-bucket_component-candidates/481_obs-comp-cand-000481_obimd-sub-ie8l2a5xj4_component-candidate,obimd-sub-ie8l2a5xj4,obimd-sub-ie8l2a5xj4;obimd-main-x0wt5y5bs2,src-obimd,licensed_for_repository,needs_human_component_review,2026-06-20
obs-comp-cand-000482,graphemic_component_candidate,corpus/003_graphemic-components/005_000401-000500_obs-comp-cand-bucket_component-candidates/482_obs-comp-cand-000482_obimd-sub-wfew4citrk_component-candidate,obimd-sub-wfew4citrk,obimd-sub-wfew4citrk;obimd-main-x0wt5y5bs2,src-obimd,licensed_for_repository,needs_human_component_review,2026-06-20
obs-comp-cand-000483,graphemic_component_candidate,corpus/003_graphemic-components/005_000401-000500_obs-comp-cand-bucket_component-candidates/483_obs-comp-cand-000483_obimd-sub-sxc5ti7ok0_component-candidate,obimd-sub-sxc5ti7ok0,obimd-sub-sxc5ti7ok0;obimd-main-x0wt5y5bs2,src-obimd,licensed_for_repository,needs_human_component_review,2026-06-20
obs-comp-cand-000484,graphemic_component_candidate,corpus/003_graphemic-components/005_000401-000500_obs-comp-cand-bucket_component-candidates/484_obs-comp-cand-000484_obimd-sub-r4asdq2rc4_component-candidate,obimd-sub-r4asdq2rc4,obimd-sub-r4asdq2rc4;obimd-main-x0wt5y5bs2,src-obimd,licensed_for_repository,needs_human_component_review,2026-06-20
obs-comp-cand-000485,graphemic_component_candidate,corpus/003_graphemic-components/005_000401-000500_obs-comp-cand-bucket_component-candidates/485_obs-comp-cand-000485_obimd-sub-3x1z178fue_component-candidate,obimd-sub-3x1z178fue,obimd-sub-3x1z178fue;obimd-main-7kjgfmjunm,src-obimd,licensed_for_repository,needs_human_component_review,2026-06-20
obs-comp-cand-000486,graphemic_component_candidate,corpus/003_graphemic-components/005_000401-000500_obs-comp-cand-bucket_component-candidates/486_obs-comp-cand-000486_obimd-sub-4sde8iwfgp_component-candidate,obimd-sub-4sde8iwfgp,obimd-sub-4sde8iwfgp;obimd-main-7kjgfmjunm,src-obimd,licensed_for_repository,needs_human_component_review,2026-06-20
obs-comp-cand-000487,graphemic_component_candidate,corpus/003_graphemic-components/005_000401-000500_obs-comp-cand-bucket_component-candidates/487_obs-comp-cand-000487_obimd-sub-vp4cxkje4s_component-candidate,obimd-sub-vp4cxkje4s,obimd-sub-vp4cxkje4s;obimd-main-vp4cxkje4s,src-obimd,licensed_for_repository,needs_human_component_review,2026-06-20
obs-comp-cand-000488,graphemic_component_candidate,corpus/003_graphemic-components/005_000401-000500_obs-comp-cand-bucket_component-candidates/488_obs-comp-cand-000488_obimd-sub-32rwmop1h1_component-candidate,obimd-sub-32rwmop1h1,obimd-sub-32rwmop1h1;obimd-main-32rwmop1h1,src-obimd,licensed_for_repository,needs_human_component_review,2026-06-20
obs-comp-cand-000489,graphemic_component_candidate,corpus/003_graphemic-components/005_000401-000500_obs-comp-cand-bucket_component-candidates/489_obs-comp-cand-000489_obimd-sub-3xbmgmm4j0_component-candidate,obimd-sub-3xbmgmm4j0,obimd-sub-3xbmgmm4j0;obimd-main-3xbmgmm4j0,src-obimd,licensed_for_repository,needs_human_component_review,2026-06-20
obs-comp-cand-000490,graphemic_component_candidate,corpus/003_graphemic-components/005_000401-000500_obs-comp-cand-bucket_component-candidates/490_obs-comp-cand-000490_obimd-sub-s8he63vkfc_component-candidate,obimd-sub-s8he63vkfc,obimd-sub-s8he63vkfc;obimd-main-3xbmgmm4j0,src-obimd,licensed_for_repository,needs_human_component_review,2026-06-20
obs-comp-cand-000491,graphemic_component_candidate,corpus/003_graphemic-components/005_000401-000500_obs-comp-cand-bucket_component-candidates/491_obs-comp-cand-000491_obimd-sub-u1n6kelf53_component-candidate,obimd-sub-u1n6kelf53,obimd-sub-u1n6kelf53;obimd-main-kfdhplatyr,src-obimd,licensed_for_repository,needs_human_component_review,2026-06-20
obs-comp-cand-000492,graphemic_component_candidate,corpus/003_graphemic-components/005_000401-000500_obs-comp-cand-bucket_component-candidates/492_obs-comp-cand-000492_obimd-sub-papxu0m6p6_component-candidate,obimd-sub-papxu0m6p6,obimd-sub-papxu0m6p6;obimd-main-papxu0m6p6,src-obimd,licensed_for_repository,needs_human_component_review,2026-06-20
obs-comp-cand-000493,graphemic_component_candidate,corpus/003_graphemic-components/005_000401-000500_obs-comp-cand-bucket_component-candidates/493_obs-comp-cand-000493_obimd-sub-bp8az8iysr_component-candidate,obimd-sub-bp8az8iysr,obimd-sub-bp8az8iysr;obimd-main-bp8az8iysr,src-obimd,licensed_for_repository,needs_human_component_review,2026-06-20
obs-comp-cand-000494,graphemic_component_candidate,corpus/003_graphemic-components/005_000401-000500_obs-comp-cand-bucket_component-candidates/494_obs-comp-cand-000494_obimd-sub-4nvomvnfj0_component-candidate,obimd-sub-4nvomvnfj0,obimd-sub-4nvomvnfj0;obimd-main-4nvomvnfj0,src-obimd,licensed_for_repository,needs_human_component_review,2026-06-20
obs-comp-cand-000495,graphemic_component_candidate,corpus/003_graphemic-components/005_000401-000500_obs-comp-cand-bucket_component-candidates/495_obs-comp-cand-000495_obimd-sub-ecbetcendb_component-candidate,obimd-sub-ecbetcendb,obimd-sub-ecbetcendb;obimd-main-ecbetcendb,src-obimd,licensed_for_repository,needs_human_component_review,2026-06-20
obs-comp-cand-000496,graphemic_component_candidate,corpus/003_graphemic-components/005_000401-000500_obs-comp-cand-bucket_component-candidates/496_obs-comp-cand-000496_obimd-sub-35zbiimkny_component-candidate,obimd-sub-35zbiimkny,obimd-sub-35zbiimkny;obimd-main-ecbetcendb,src-obimd,licensed_for_repository,needs_human_component_review,2026-06-20
obs-comp-cand-000497,graphemic_component_candidate,corpus/003_graphemic-components/005_000401-000500_obs-comp-cand-bucket_component-candidates/497_obs-comp-cand-000497_obimd-sub-dhbxzk9tyc_component-candidate,obimd-sub-dhbxzk9tyc,obimd-sub-dhbxzk9tyc;obimd-main-dhbxzk9tyc,src-obimd,licensed_for_repository,needs_human_component_review,2026-06-20
obs-comp-cand-000498,graphemic_component_candidate,corpus/003_graphemic-components/005_000401-000500_obs-comp-cand-bucket_component-candidates/498_obs-comp-cand-000498_obimd-sub-awr5k47vw0_component-candidate,obimd-sub-awr5k47vw0,obimd-sub-awr5k47vw0;obimd-main-dhbxzk9tyc,src-obimd,licensed_for_repository,needs_human_component_review,2026-06-20
obs-comp-cand-000499,graphemic_component_candidate,corpus/003_graphemic-components/005_000401-000500_obs-comp-cand-bucket_component-candidates/499_obs-comp-cand-000499_obimd-sub-30vdsr9swu_component-candidate,obimd-sub-30vdsr9swu,obimd-sub-30vdsr9swu;obimd-main-30vdsr9swu,src-obimd,licensed_for_repository,needs_human_component_review,2026-06-20
obs-comp-cand-000500,graphemic_component_candidate,corpus/003_graphemic-components/005_000401-000500_obs-comp-cand-bucket_component-candidates/500_obs-comp-cand-000500_obimd-sub-iqrd876ttv_component-candidate,obimd-sub-iqrd876ttv,obimd-sub-iqrd876ttv;obimd-main-30vdsr9swu,src-obimd,licensed_for_repository,needs_human_component_review,2026-06-20
obs-comp-cand-000501,graphemic_component_candidate,corpus/003_graphemic-components/006_000501-000600_obs-comp-cand-bucket_component-candidates/501_obs-comp-cand-000501_obimd-sub-e0hgm1mzss_component-candidate,obimd-sub-e0hgm1mzss,obimd-sub-e0hgm1mzss;obimd-main-30vdsr9swu,src-obimd,licensed_for_repository,needs_human_component_review,2026-06-20
obs-comp-cand-000502,graphemic_component_candidate,corpus/003_graphemic-components/006_000501-000600_obs-comp-cand-bucket_component-candidates/502_obs-comp-cand-000502_obimd-sub-za6gsc8sdo_component-candidate,obimd-sub-za6gsc8sdo,obimd-sub-za6gsc8sdo;obimd-main-za6gsc8sdo,src-obimd,licensed_for_repository,needs_human_component_review,2026-06-20
obs-comp-cand-000503,graphemic_component_candidate,corpus/003_graphemic-components/006_000501-000600_obs-comp-cand-bucket_component-candidates/503_obs-comp-cand-000503_obimd-sub-0sioiz5ezt_component-candidate,obimd-sub-0sioiz5ezt,obimd-sub-0sioiz5ezt;obimd-main-za6gsc8sdo,src-obimd,licensed_for_repository,needs_human_component_review,2026-06-20
obs-comp-cand-000504,graphemic_component_candidate,corpus/003_graphemic-components/006_000501-000600_obs-comp-cand-bucket_component-candidates/504_obs-comp-cand-000504_obimd-sub-8ezb0b3ibk_component-candidate,obimd-sub-8ezb0b3ibk,obimd-sub-8ezb0b3ibk;obimd-main-za6gsc8sdo,src-obimd,licensed_for_repository,needs_human_component_review,2026-06-20
obs-comp-cand-000505,graphemic_component_candidate,corpus/003_graphemic-components/006_000501-000600_obs-comp-cand-bucket_component-candidates/505_obs-comp-cand-000505_obimd-sub-xa8nk3i0as_component-candidate,obimd-sub-xa8nk3i0as,obimd-sub-xa8nk3i0as;obimd-main-xa8nk3i0as,src-obimd,licensed_for_repository,needs_human_component_review,2026-06-20
obs-comp-cand-000506,graphemic_component_candidate,corpus/003_graphemic-components/006_000501-000600_obs-comp-cand-bucket_component-candidates/506_obs-comp-cand-000506_obimd-sub-uw9w7g847l_component-candidate,obimd-sub-uw9w7g847l,obimd-sub-uw9w7g847l;obimd-main-uw9w7g847l,src-obimd,licensed_for_repository,needs_human_component_review,2026-06-20
obs-comp-cand-000507,graphemic_component_candidate,corpus/003_graphemic-components/006_000501-000600_obs-comp-cand-bucket_component-candidates/507_obs-comp-cand-000507_obimd-sub-xl187q597e_component-candidate,obimd-sub-xl187q597e,obimd-sub-xl187q597e;obimd-main-xl187q597e,src-obimd,licensed_for_repository,needs_human_component_review,2026-06-20
obs-comp-cand-000508,graphemic_component_candidate,corpus/003_graphemic-components/006_000501-000600_obs-comp-cand-bucket_component-candidates/508_obs-comp-cand-000508_obimd-sub-t2memeu0c4_component-candidate,obimd-sub-t2memeu0c4,obimd-sub-t2memeu0c4;obimd-main-t2memeu0c4,src-obimd,licensed_for_repository,needs_human_component_review,2026-06-20
obs-comp-cand-000509,graphemic_component_candidate,corpus/003_graphemic-components/006_000501-000600_obs-comp-cand-bucket_component-candidates/509_obs-comp-cand-000509_obimd-sub-991m0qoz9e_component-candidate,obimd-sub-991m0qoz9e,obimd-sub-991m0qoz9e;obimd-main-t2memeu0c4,src-obimd,licensed_for_repository,needs_human_component_review,2026-06-20
obs-comp-cand-000510,graphemic_component_candidate,corpus/003_graphemic-components/006_000501-000600_obs-comp-cand-bucket_component-candidates/510_obs-comp-cand-000510_obimd-sub-958xbytpz1_component-candidate,obimd-sub-958xbytpz1,obimd-sub-958xbytpz1;obimd-main-dupksehej2,src-obimd,licensed_for_repository,needs_human_component_review,2026-06-20
obs-comp-cand-000511,graphemic_component_candidate,corpus/003_graphemic-components/006_000501-000600_obs-comp-cand-bucket_component-candidates/511_obs-comp-cand-000511_obimd-sub-gwq1i0smza_component-candidate,obimd-sub-gwq1i0smza,obimd-sub-gwq1i0smza;obimd-main-gwq1i0smza,src-obimd,licensed_for_repository,needs_human_component_review,2026-06-20
obs-comp-cand-000512,graphemic_component_candidate,corpus/003_graphemic-components/006_000501-000600_obs-comp-cand-bucket_component-candidates/512_obs-comp-cand-000512_obimd-sub-0w59cgy5py_component-candidate,obimd-sub-0w59cgy5py,obimd-sub-0w59cgy5py;obimd-main-gwq1i0smza,src-obimd,licensed_for_repository,needs_human_component_review,2026-06-20
obs-comp-cand-000513,graphemic_component_candidate,corpus/003_graphemic-components/006_000501-000600_obs-comp-cand-bucket_component-candidates/513_obs-comp-cand-000513_obimd-sub-lzfy8o1b7b_component-candidate,obimd-sub-lzfy8o1b7b,obimd-sub-lzfy8o1b7b;obimd-main-lzfy8o1b7b,src-obimd,licensed_for_repository,needs_human_component_review,2026-06-20
obs-comp-cand-000514,graphemic_component_candidate,corpus/003_graphemic-components/006_000501-000600_obs-comp-cand-bucket_component-candidates/514_obs-comp-cand-000514_obimd-sub-x5din0lbep_component-candidate,obimd-sub-x5din0lbep,obimd-sub-x5din0lbep;obimd-main-x5din0lbep,src-obimd,licensed_for_repository,needs_human_component_review,2026-06-20
obs-comp-cand-000515,graphemic_component_candidate,corpus/003_graphemic-components/006_000501-000600_obs-comp-cand-bucket_component-candidates/515_obs-comp-cand-000515_obimd-sub-6i3mdu0x5o_component-candidate,obimd-sub-6i3mdu0x5o,obimd-sub-6i3mdu0x5o;obimd-main-6i3mdu0x5o,src-obimd,licensed_for_repository,needs_human_component_review,2026-06-20
obs-comp-cand-000516,graphemic_component_candidate,corpus/003_graphemic-components/006_000501-000600_obs-comp-cand-bucket_component-candidates/516_obs-comp-cand-000516_obimd-sub-g3etmch2tx_component-candidate,obimd-sub-g3etmch2tx,obimd-sub-g3etmch2tx;obimd-main-g3etmch2tx,src-obimd,licensed_for_repository,needs_human_component_review,2026-06-20
obs-comp-cand-000517,graphemic_component_candidate,corpus/003_graphemic-components/006_000501-000600_obs-comp-cand-bucket_component-candidates/517_obs-comp-cand-000517_obimd-sub-8638v39hf2_component-candidate,obimd-sub-8638v39hf2,obimd-sub-8638v39hf2;obimd-main-8638v39hf2,src-obimd,licensed_for_repository,needs_human_component_review,2026-06-20
obs-comp-cand-000518,graphemic_component_candidate,corpus/003_graphemic-components/006_000501-000600_obs-comp-cand-bucket_component-candidates/518_obs-comp-cand-000518_obimd-sub-xoxgvczyyd_component-candidate,obimd-sub-xoxgvczyyd,obimd-sub-xoxgvczyyd;obimd-main-xoxgvczyyd,src-obimd,licensed_for_repository,needs_human_component_review,2026-06-20
obs-comp-cand-000519,graphemic_component_candidate,corpus/003_graphemic-components/006_000501-000600_obs-comp-cand-bucket_component-candidates/519_obs-comp-cand-000519_obimd-sub-ug07bm2ckw_component-candidate,obimd-sub-ug07bm2ckw,obimd-sub-ug07bm2ckw;obimd-main-ug07bm2ckw,src-obimd,licensed_for_repository,needs_human_component_review,2026-06-20
obs-comp-cand-000520,graphemic_component_candidate,corpus/003_graphemic-components/006_000501-000600_obs-comp-cand-bucket_component-candidates/520_obs-comp-cand-000520_obimd-sub-ev5rkbdabc_component-candidate,obimd-sub-ev5rkbdabc,obimd-sub-ev5rkbdabc;obimd-main-ev5rkbdabc,src-obimd,licensed_for_repository,needs_human_component_review,2026-06-20
obs-comp-cand-000521,graphemic_component_candidate,corpus/003_graphemic-components/006_000501-000600_obs-comp-cand-bucket_component-candidates/521_obs-comp-cand-000521_obimd-sub-voe2rlzy41_component-candidate,obimd-sub-voe2rlzy41,obimd-sub-voe2rlzy41;obimd-main-voe2rlzy41,src-obimd,licensed_for_repository,needs_human_component_review,2026-06-20
obs-comp-cand-000522,graphemic_component_candidate,corpus/003_graphemic-components/006_000501-000600_obs-comp-cand-bucket_component-candidates/522_obs-comp-cand-000522_obimd-sub-nq3neh9i5i_component-candidate,obimd-sub-nq3neh9i5i,obimd-sub-nq3neh9i5i;obimd-main-nq3neh9i5i,src-obimd,licensed_for_repository,needs_human_component_review,2026-06-20
obs-comp-cand-000523,graphemic_component_candidate,corpus/003_graphemic-components/006_000501-000600_obs-comp-cand-bucket_component-candidates/523_obs-comp-cand-000523_obimd-sub-23qybkybve_component-candidate,obimd-sub-23qybkybve,obimd-sub-23qybkybve;obimd-main-nq3neh9i5i,src-obimd,licensed_for_repository,needs_human_component_review,2026-06-20
obs-comp-cand-000524,graphemic_component_candidate,corpus/003_graphemic-components/006_000501-000600_obs-comp-cand-bucket_component-candidates/524_obs-comp-cand-000524_obimd-sub-9esypje1qe_component-candidate,obimd-sub-9esypje1qe,obimd-sub-9esypje1qe;obimd-main-nq3neh9i5i,src-obimd,licensed_for_repository,needs_human_component_review,2026-06-20
obs-comp-cand-000525,graphemic_component_candidate,corpus/003_graphemic-components/006_000501-000600_obs-comp-cand-bucket_component-candidates/525_obs-comp-cand-000525_obimd-sub-lezatbpl1f_component-candidate,obimd-sub-lezatbpl1f,obimd-sub-lezatbpl1f;obimd-main-lezatbpl1f,src-obimd,licensed_for_repository,needs_human_component_review,2026-06-20
obs-comp-cand-000526,graphemic_component_candidate,corpus/003_graphemic-components/006_000501-000600_obs-comp-cand-bucket_component-candidates/526_obs-comp-cand-000526_obimd-sub-gx8z45578c_component-candidate,obimd-sub-gx8z45578c,obimd-sub-gx8z45578c;obimd-main-gx8z45578c,src-obimd,licensed_for_repository,needs_human_component_review,2026-06-20
obs-comp-cand-000527,graphemic_component_candidate,corpus/003_graphemic-components/006_000501-000600_obs-comp-cand-bucket_component-candidates/527_obs-comp-cand-000527_obimd-sub-ajmnqxfrau_component-candidate,obimd-sub-ajmnqxfrau,obimd-sub-ajmnqxfrau;obimd-main-ajmnqxfrau,src-obimd,licensed_for_repository,needs_human_component_review,2026-06-20
obs-comp-cand-000528,graphemic_component_candidate,corpus/003_graphemic-components/006_000501-000600_obs-comp-cand-bucket_component-candidates/528_obs-comp-cand-000528_obimd-sub-0ln5rvbsug_component-candidate,obimd-sub-0ln5rvbsug,obimd-sub-0ln5rvbsug;obimd-main-0ln5rvbsug,src-obimd,licensed_for_repository,needs_human_component_review,2026-06-20
obs-comp-cand-000529,graphemic_component_candidate,corpus/003_graphemic-components/006_000501-000600_obs-comp-cand-bucket_component-candidates/529_obs-comp-cand-000529_obimd-sub-7yjwgquvai_component-candidate,obimd-sub-7yjwgquvai,obimd-sub-7yjwgquvai;obimd-main-0ln5rvbsug,src-obimd,licensed_for_repository,needs_human_component_review,2026-06-20
obs-comp-cand-000530,graphemic_component_candidate,corpus/003_graphemic-components/006_000501-000600_obs-comp-cand-bucket_component-candidates/530_obs-comp-cand-000530_obimd-sub-e5v2cd930z_component-candidate,obimd-sub-e5v2cd930z,obimd-sub-e5v2cd930z;obimd-main-e5v2cd930z,src-obimd,licensed_for_repository,needs_human_component_review,2026-06-20
obs-comp-cand-000531,graphemic_component_candidate,corpus/003_graphemic-components/006_000501-000600_obs-comp-cand-bucket_component-candidates/531_obs-comp-cand-000531_obimd-sub-m7l429tjt8_component-candidate,obimd-sub-m7l429tjt8,obimd-sub-m7l429tjt8;obimd-main-m7l429tjt8,src-obimd,licensed_for_repository,needs_human_component_review,2026-06-20
obs-comp-cand-000532,graphemic_component_candidate,corpus/003_graphemic-components/006_000501-000600_obs-comp-cand-bucket_component-candidates/532_obs-comp-cand-000532_obimd-sub-m32ngscsu1_component-candidate,obimd-sub-m32ngscsu1,obimd-sub-m32ngscsu1;obimd-main-m32ngscsu1,src-obimd,licensed_for_repository,needs_human_component_review,2026-06-20
obs-comp-cand-000533,graphemic_component_candidate,corpus/003_graphemic-components/006_000501-000600_obs-comp-cand-bucket_component-candidates/533_obs-comp-cand-000533_obimd-sub-lzhnjtzmw5_component-candidate,obimd-sub-lzhnjtzmw5,obimd-sub-lzhnjtzmw5;obimd-main-m32ngscsu1,src-obimd,licensed_for_repository,needs_human_component_review,2026-06-20
obs-comp-cand-000534,graphemic_component_candidate,corpus/003_graphemic-components/006_000501-000600_obs-comp-cand-bucket_component-candidates/534_obs-comp-cand-000534_obimd-sub-4h5s2m4ub8_component-candidate,obimd-sub-4h5s2m4ub8,obimd-sub-4h5s2m4ub8;obimd-main-m32ngscsu1,src-obimd,licensed_for_repository,needs_human_component_review,2026-06-20
obs-comp-cand-000535,graphemic_component_candidate,corpus/003_graphemic-components/006_000501-000600_obs-comp-cand-bucket_component-candidates/535_obs-comp-cand-000535_obimd-sub-1cffazouax_component-candidate,obimd-sub-1cffazouax,obimd-sub-1cffazouax;obimd-main-m32ngscsu1,src-obimd,licensed_for_repository,needs_human_component_review,2026-06-20
obs-comp-cand-000536,graphemic_component_candidate,corpus/003_graphemic-components/006_000501-000600_obs-comp-cand-bucket_component-candidates/536_obs-comp-cand-000536_obimd-sub-czkk81b52k_component-candidate,obimd-sub-czkk81b52k,obimd-sub-czkk81b52k;obimd-main-m32ngscsu1,src-obimd,licensed_for_repository,needs_human_component_review,2026-06-20
obs-comp-cand-000537,graphemic_component_candidate,corpus/003_graphemic-components/006_000501-000600_obs-comp-cand-bucket_component-candidates/537_obs-comp-cand-000537_obimd-sub-0fig5rmiox_component-candidate,obimd-sub-0fig5rmiox,obimd-sub-0fig5rmiox;obimd-main-0fig5rmiox,src-obimd,licensed_for_repository,needs_human_component_review,2026-06-20
obs-comp-cand-000538,graphemic_component_candidate,corpus/003_graphemic-components/006_000501-000600_obs-comp-cand-bucket_component-candidates/538_obs-comp-cand-000538_obimd-sub-orpiitt449_component-candidate,obimd-sub-orpiitt449,obimd-sub-orpiitt449;obimd-main-orpiitt449,src-obimd,licensed_for_repository,needs_human_component_review,2026-06-20
obs-comp-cand-000539,graphemic_component_candidate,corpus/003_graphemic-components/006_000501-000600_obs-comp-cand-bucket_component-candidates/539_obs-comp-cand-000539_obimd-sub-60rcb5ivcg_component-candidate,obimd-sub-60rcb5ivcg,obimd-sub-60rcb5ivcg;obimd-main-orpiitt449,src-obimd,licensed_for_repository,needs_human_component_review,2026-06-20
obs-comp-cand-000540,graphemic_component_candidate,corpus/003_graphemic-components/006_000501-000600_obs-comp-cand-bucket_component-candidates/540_obs-comp-cand-000540_obimd-sub-dfe38kc2ai_component-candidate,obimd-sub-dfe38kc2ai,obimd-sub-dfe38kc2ai;obimd-main-dfe38kc2ai,src-obimd,licensed_for_repository,needs_human_component_review,2026-06-20
obs-comp-cand-000541,graphemic_component_candidate,corpus/003_graphemic-components/006_000501-000600_obs-comp-cand-bucket_component-candidates/541_obs-comp-cand-000541_obimd-sub-u6dc7i5is6_component-candidate,obimd-sub-u6dc7i5is6,obimd-sub-u6dc7i5is6;obimd-main-u6dc7i5is6,src-obimd,licensed_for_repository,needs_human_component_review,2026-06-20
obs-comp-cand-000542,graphemic_component_candidate,corpus/003_graphemic-components/006_000501-000600_obs-comp-cand-bucket_component-candidates/542_obs-comp-cand-000542_obimd-sub-evrczn7amf_component-candidate,obimd-sub-evrczn7amf,obimd-sub-evrczn7amf;obimd-main-u6dc7i5is6,src-obimd,licensed_for_repository,needs_human_component_review,2026-06-20
obs-comp-cand-000543,graphemic_component_candidate,corpus/003_graphemic-components/006_000501-000600_obs-comp-cand-bucket_component-candidates/543_obs-comp-cand-000543_obimd-sub-fvt8gm20l9_component-candidate,obimd-sub-fvt8gm20l9,obimd-sub-fvt8gm20l9;obimd-main-u6dc7i5is6,src-obimd,licensed_for_repository,needs_human_component_review,2026-06-20
obs-comp-cand-000544,graphemic_component_candidate,corpus/003_graphemic-components/006_000501-000600_obs-comp-cand-bucket_component-candidates/544_obs-comp-cand-000544_obimd-sub-446qjw4xgi_component-candidate,obimd-sub-446qjw4xgi,obimd-sub-446qjw4xgi;obimd-main-446qjw4xgi,src-obimd,licensed_for_repository,needs_human_component_review,2026-06-20
obs-comp-cand-000545,graphemic_component_candidate,corpus/003_graphemic-components/006_000501-000600_obs-comp-cand-bucket_component-candidates/545_obs-comp-cand-000545_obimd-sub-zr7k3tionw_component-candidate,obimd-sub-zr7k3tionw,obimd-sub-zr7k3tionw;obimd-main-446qjw4xgi,src-obimd,licensed_for_repository,needs_human_component_review,2026-06-20
obs-comp-cand-000546,graphemic_component_candidate,corpus/003_graphemic-components/006_000501-000600_obs-comp-cand-bucket_component-candidates/546_obs-comp-cand-000546_obimd-sub-j49pp0y4xn_component-candidate,obimd-sub-j49pp0y4xn,obimd-sub-j49pp0y4xn;obimd-main-446qjw4xgi,src-obimd,licensed_for_repository,needs_human_component_review,2026-06-20
obs-comp-cand-000547,graphemic_component_candidate,corpus/003_graphemic-components/006_000501-000600_obs-comp-cand-bucket_component-candidates/547_obs-comp-cand-000547_obimd-sub-e8h7fnpm9e_component-candidate,obimd-sub-e8h7fnpm9e,obimd-sub-e8h7fnpm9e;obimd-main-446qjw4xgi,src-obimd,licensed_for_repository,needs_human_component_review,2026-06-20
obs-comp-cand-000548,graphemic_component_candidate,corpus/003_graphemic-components/006_000501-000600_obs-comp-cand-bucket_component-candidates/548_obs-comp-cand-000548_obimd-sub-g5lujnrrvr_component-candidate,obimd-sub-g5lujnrrvr,obimd-sub-g5lujnrrvr;obimd-main-g5lujnrrvr,src-obimd,licensed_for_repository,needs_human_component_review,2026-06-20
obs-comp-cand-000549,graphemic_component_candidate,corpus/003_graphemic-components/006_000501-000600_obs-comp-cand-bucket_component-candidates/549_obs-comp-cand-000549_obimd-sub-kpokvptg4w_component-candidate,obimd-sub-kpokvptg4w,obimd-sub-kpokvptg4w;obimd-main-x4hv21dl61,src-obimd,licensed_for_repository,needs_human_component_review,2026-06-20
obs-comp-cand-000550,graphemic_component_candidate,corpus/003_graphemic-components/006_000501-000600_obs-comp-cand-bucket_component-candidates/550_obs-comp-cand-000550_obimd-sub-05e6fxwegn_component-candidate,obimd-sub-05e6fxwegn,obimd-sub-05e6fxwegn;obimd-main-rgq9fk24zd,src-obimd,licensed_for_repository,needs_human_component_review,2026-06-20
obs-comp-cand-000551,graphemic_component_candidate,corpus/003_graphemic-components/006_000501-000600_obs-comp-cand-bucket_component-candidates/551_obs-comp-cand-000551_obimd-sub-klkvons12u_component-candidate,obimd-sub-klkvons12u,obimd-sub-klkvons12u;obimd-main-rgq9fk24zd,src-obimd,licensed_for_repository,needs_human_component_review,2026-06-20
obs-comp-cand-000552,graphemic_component_candidate,corpus/003_graphemic-components/006_000501-000600_obs-comp-cand-bucket_component-candidates/552_obs-comp-cand-000552_obimd-sub-ghaj284ctb_component-candidate,obimd-sub-ghaj284ctb,obimd-sub-ghaj284ctb;obimd-main-ghaj284ctb,src-obimd,licensed_for_repository,needs_human_component_review,2026-06-20
obs-comp-cand-000553,graphemic_component_candidate,corpus/003_graphemic-components/006_000501-000600_obs-comp-cand-bucket_component-candidates/553_obs-comp-cand-000553_obimd-sub-s72wz9yezi_component-candidate,obimd-sub-s72wz9yezi,obimd-sub-s72wz9yezi;obimd-main-ghaj284ctb,src-obimd,licensed_for_repository,needs_human_component_review,2026-06-20
obs-comp-cand-000554,graphemic_component_candidate,corpus/003_graphemic-components/006_000501-000600_obs-comp-cand-bucket_component-candidates/554_obs-comp-cand-000554_obimd-sub-76ba1nqq6s_component-candidate,obimd-sub-76ba1nqq6s,obimd-sub-76ba1nqq6s;obimd-main-76ba1nqq6s,src-obimd,licensed_for_repository,needs_human_component_review,2026-06-20
obs-comp-cand-000555,graphemic_component_candidate,corpus/003_graphemic-components/006_000501-000600_obs-comp-cand-bucket_component-candidates/555_obs-comp-cand-000555_obimd-sub-dzob6ag7n1_component-candidate,obimd-sub-dzob6ag7n1,obimd-sub-dzob6ag7n1;obimd-main-dzob6ag7n1,src-obimd,licensed_for_repository,needs_human_component_review,2026-06-20
obs-comp-cand-000556,graphemic_component_candidate,corpus/003_graphemic-components/006_000501-000600_obs-comp-cand-bucket_component-candidates/556_obs-comp-cand-000556_obimd-sub-0guqpq6re9_component-candidate,obimd-sub-0guqpq6re9,obimd-sub-0guqpq6re9;obimd-main-0guqpq6re9,src-obimd,licensed_for_repository,needs_human_component_review,2026-06-20
obs-comp-cand-000557,graphemic_component_candidate,corpus/003_graphemic-components/006_000501-000600_obs-comp-cand-bucket_component-candidates/557_obs-comp-cand-000557_obimd-sub-nonh2c9f7j_component-candidate,obimd-sub-nonh2c9f7j,obimd-sub-nonh2c9f7j;obimd-main-nonh2c9f7j,src-obimd,licensed_for_repository,needs_human_component_review,2026-06-20
obs-comp-cand-000558,graphemic_component_candidate,corpus/003_graphemic-components/006_000501-000600_obs-comp-cand-bucket_component-candidates/558_obs-comp-cand-000558_obimd-sub-gig7gnjtk5_component-candidate,obimd-sub-gig7gnjtk5,obimd-sub-gig7gnjtk5;obimd-main-gig7gnjtk5,src-obimd,licensed_for_repository,needs_human_component_review,2026-06-20
obs-comp-cand-000559,graphemic_component_candidate,corpus/003_graphemic-components/006_000501-000600_obs-comp-cand-bucket_component-candidates/559_obs-comp-cand-000559_obimd-sub-ixe8sbhdfm_component-candidate,obimd-sub-ixe8sbhdfm,obimd-sub-ixe8sbhdfm;obimd-main-ixe8sbhdfm,src-obimd,licensed_for_repository,needs_human_component_review,2026-06-20
obs-comp-cand-000560,graphemic_component_candidate,corpus/003_graphemic-components/006_000501-000600_obs-comp-cand-bucket_component-candidates/560_obs-comp-cand-000560_obimd-sub-l1rav4fxk8_component-candidate,obimd-sub-l1rav4fxk8,obimd-sub-l1rav4fxk8;obimd-main-l1rav4fxk8,src-obimd,licensed_for_repository,needs_human_component_review,2026-06-20
obs-comp-cand-000561,graphemic_component_candidate,corpus/003_graphemic-components/006_000501-000600_obs-comp-cand-bucket_component-candidates/561_obs-comp-cand-000561_obimd-sub-bey28jrhwu_component-candidate,obimd-sub-bey28jrhwu,obimd-sub-bey28jrhwu;obimd-main-bey28jrhwu,src-obimd,licensed_for_repository,needs_human_component_review,2026-06-20
obs-comp-cand-000562,graphemic_component_candidate,corpus/003_graphemic-components/006_000501-000600_obs-comp-cand-bucket_component-candidates/562_obs-comp-cand-000562_obimd-sub-yq9jsr6b1b_component-candidate,obimd-sub-yq9jsr6b1b,obimd-sub-yq9jsr6b1b;obimd-main-bey28jrhwu,src-obimd,licensed_for_repository,needs_human_component_review,2026-06-20
obs-comp-cand-000563,graphemic_component_candidate,corpus/003_graphemic-components/006_000501-000600_obs-comp-cand-bucket_component-candidates/563_obs-comp-cand-000563_obimd-sub-4qrbm22mmt_component-candidate,obimd-sub-4qrbm22mmt,obimd-sub-4qrbm22mmt;obimd-main-4qrbm22mmt,src-obimd,licensed_for_repository,needs_human_component_review,2026-06-20
obs-comp-cand-000564,graphemic_component_candidate,corpus/003_graphemic-components/006_000501-000600_obs-comp-cand-bucket_component-candidates/564_obs-comp-cand-000564_obimd-sub-h4ousqq8av_component-candidate,obimd-sub-h4ousqq8av,obimd-sub-h4ousqq8av;obimd-main-h4ousqq8av,src-obimd,licensed_for_repository,needs_human_component_review,2026-06-20
obs-comp-cand-000565,graphemic_component_candidate,corpus/003_graphemic-components/006_000501-000600_obs-comp-cand-bucket_component-candidates/565_obs-comp-cand-000565_obimd-sub-ptmpax2kn8_component-candidate,obimd-sub-ptmpax2kn8,obimd-sub-ptmpax2kn8;obimd-main-ptmpax2kn8,src-obimd,licensed_for_repository,needs_human_component_review,2026-06-20
obs-comp-cand-000566,graphemic_component_candidate,corpus/003_graphemic-components/006_000501-000600_obs-comp-cand-bucket_component-candidates/566_obs-comp-cand-000566_obimd-sub-u6h3c0iftd_component-candidate,obimd-sub-u6h3c0iftd,obimd-sub-u6h3c0iftd;obimd-main-u6h3c0iftd,src-obimd,licensed_for_repository,needs_human_component_review,2026-06-20
obs-comp-cand-000567,graphemic_component_candidate,corpus/003_graphemic-components/006_000501-000600_obs-comp-cand-bucket_component-candidates/567_obs-comp-cand-000567_obimd-sub-9zn0g0wd9v_component-candidate,obimd-sub-9zn0g0wd9v,obimd-sub-9zn0g0wd9v;obimd-main-9zn0g0wd9v,src-obimd,licensed_for_repository,needs_human_component_review,2026-06-20
obs-comp-cand-000568,graphemic_component_candidate,corpus/003_graphemic-components/006_000501-000600_obs-comp-cand-bucket_component-candidates/568_obs-comp-cand-000568_obimd-sub-krjznp1i0d_component-candidate,obimd-sub-krjznp1i0d,obimd-sub-krjznp1i0d;obimd-main-krjznp1i0d,src-obimd,licensed_for_repository,needs_human_component_review,2026-06-20
obs-comp-cand-000569,graphemic_component_candidate,corpus/003_graphemic-components/006_000501-000600_obs-comp-cand-bucket_component-candidates/569_obs-comp-cand-000569_obimd-sub-kqu1i3iw27_component-candidate,obimd-sub-kqu1i3iw27,obimd-sub-kqu1i3iw27;obimd-main-krjznp1i0d,src-obimd,licensed_for_repository,needs_human_component_review,2026-06-20
obs-comp-cand-000570,graphemic_component_candidate,corpus/003_graphemic-components/006_000501-000600_obs-comp-cand-bucket_component-candidates/570_obs-comp-cand-000570_obimd-sub-vzb2hyntyq_component-candidate,obimd-sub-vzb2hyntyq,obimd-sub-vzb2hyntyq;obimd-main-vzb2hyntyq,src-obimd,licensed_for_repository,needs_human_component_review,2026-06-20
obs-comp-cand-000571,graphemic_component_candidate,corpus/003_graphemic-components/006_000501-000600_obs-comp-cand-bucket_component-candidates/571_obs-comp-cand-000571_obimd-sub-kzzehs3b2j_component-candidate,obimd-sub-kzzehs3b2j,obimd-sub-kzzehs3b2j;obimd-main-kzzehs3b2j,src-obimd,licensed_for_repository,needs_human_component_review,2026-06-20
obs-comp-cand-000572,graphemic_component_candidate,corpus/003_graphemic-components/006_000501-000600_obs-comp-cand-bucket_component-candidates/572_obs-comp-cand-000572_obimd-sub-mkl3fx9uth_component-candidate,obimd-sub-mkl3fx9uth,obimd-sub-mkl3fx9uth;obimd-main-mkl3fx9uth,src-obimd,licensed_for_repository,needs_human_component_review,2026-06-20
obs-comp-cand-000573,graphemic_component_candidate,corpus/003_graphemic-components/006_000501-000600_obs-comp-cand-bucket_component-candidates/573_obs-comp-cand-000573_obimd-sub-ldyrws6axa_component-candidate,obimd-sub-ldyrws6axa,obimd-sub-ldyrws6axa;obimd-main-v8blfuvx4g,src-obimd,licensed_for_repository,needs_human_component_review,2026-06-20
obs-comp-cand-000574,graphemic_component_candidate,corpus/003_graphemic-components/006_000501-000600_obs-comp-cand-bucket_component-candidates/574_obs-comp-cand-000574_obimd-sub-hlxb5g91kc_component-candidate,obimd-sub-hlxb5g91kc,obimd-sub-hlxb5g91kc;obimd-main-hlxb5g91kc,src-obimd,licensed_for_repository,needs_human_component_review,2026-06-20
obs-comp-cand-000575,graphemic_component_candidate,corpus/003_graphemic-components/006_000501-000600_obs-comp-cand-bucket_component-candidates/575_obs-comp-cand-000575_obimd-sub-ncufuwxqnr_component-candidate,obimd-sub-ncufuwxqnr,obimd-sub-ncufuwxqnr;obimd-main-hlxb5g91kc,src-obimd,licensed_for_repository,needs_human_component_review,2026-06-20
obs-comp-cand-000576,graphemic_component_candidate,corpus/003_graphemic-components/006_000501-000600_obs-comp-cand-bucket_component-candidates/576_obs-comp-cand-000576_obimd-sub-wu8ywo1qef_component-candidate,obimd-sub-wu8ywo1qef,obimd-sub-wu8ywo1qef;obimd-main-hlxb5g91kc,src-obimd,licensed_for_repository,needs_human_component_review,2026-06-20
obs-comp-cand-000577,graphemic_component_candidate,corpus/003_graphemic-components/006_000501-000600_obs-comp-cand-bucket_component-candidates/577_obs-comp-cand-000577_obimd-sub-hq4g84oqws_component-candidate,obimd-sub-hq4g84oqws,obimd-sub-hq4g84oqws;obimd-main-hlxb5g91kc,src-obimd,licensed_for_repository,needs_human_component_review,2026-06-20
obs-comp-cand-000578,graphemic_component_candidate,corpus/003_graphemic-components/006_000501-000600_obs-comp-cand-bucket_component-candidates/578_obs-comp-cand-000578_obimd-sub-bwcuiuwtaz_component-candidate,obimd-sub-bwcuiuwtaz,obimd-sub-bwcuiuwtaz;obimd-main-bwcuiuwtaz,src-obimd,licensed_for_repository,needs_human_component_review,2026-06-20
obs-comp-cand-000579,graphemic_component_candidate,corpus/003_graphemic-components/006_000501-000600_obs-comp-cand-bucket_component-candidates/579_obs-comp-cand-000579_obimd-sub-hbltymdyef_component-candidate,obimd-sub-hbltymdyef,obimd-sub-hbltymdyef;obimd-main-hbltymdyef,src-obimd,licensed_for_repository,needs_human_component_review,2026-06-20
obs-comp-cand-000580,graphemic_component_candidate,corpus/003_graphemic-components/006_000501-000600_obs-comp-cand-bucket_component-candidates/580_obs-comp-cand-000580_obimd-sub-ssgmq3k51v_component-candidate,obimd-sub-ssgmq3k51v,obimd-sub-ssgmq3k51v;obimd-main-ssgmq3k51v,src-obimd,licensed_for_repository,needs_human_component_review,2026-06-20
obs-comp-cand-000581,graphemic_component_candidate,corpus/003_graphemic-components/006_000501-000600_obs-comp-cand-bucket_component-candidates/581_obs-comp-cand-000581_obimd-sub-22lvvv6gxs_component-candidate,obimd-sub-22lvvv6gxs,obimd-sub-22lvvv6gxs;obimd-main-22lvvv6gxs,src-obimd,licensed_for_repository,needs_human_component_review,2026-06-20
obs-comp-cand-000582,graphemic_component_candidate,corpus/003_graphemic-components/006_000501-000600_obs-comp-cand-bucket_component-candidates/582_obs-comp-cand-000582_obimd-sub-zd8unl3rqn_component-candidate,obimd-sub-zd8unl3rqn,obimd-sub-zd8unl3rqn;obimd-main-zd8unl3rqn,src-obimd,licensed_for_repository,needs_human_component_review,2026-06-20
obs-comp-cand-000583,graphemic_component_candidate,corpus/003_graphemic-components/006_000501-000600_obs-comp-cand-bucket_component-candidates/583_obs-comp-cand-000583_obimd-sub-0rv771drzl_component-candidate,obimd-sub-0rv771drzl,obimd-sub-0rv771drzl;obimd-main-0rv771drzl,src-obimd,licensed_for_repository,needs_human_component_review,2026-06-20
obs-comp-cand-000584,graphemic_component_candidate,corpus/003_graphemic-components/006_000501-000600_obs-comp-cand-bucket_component-candidates/584_obs-comp-cand-000584_obimd-sub-cdwlhoe7sb_component-candidate,obimd-sub-cdwlhoe7sb,obimd-sub-cdwlhoe7sb;obimd-main-cdwlhoe7sb,src-obimd,licensed_for_repository,needs_human_component_review,2026-06-20
obs-comp-cand-000585,graphemic_component_candidate,corpus/003_graphemic-components/006_000501-000600_obs-comp-cand-bucket_component-candidates/585_obs-comp-cand-000585_obimd-sub-l170p06wip_component-candidate,obimd-sub-l170p06wip,obimd-sub-l170p06wip;obimd-main-l170p06wip,src-obimd,licensed_for_repository,needs_human_component_review,2026-06-20
obs-comp-cand-000586,graphemic_component_candidate,corpus/003_graphemic-components/006_000501-000600_obs-comp-cand-bucket_component-candidates/586_obs-comp-cand-000586_obimd-sub-e19hd5tm0i_component-candidate,obimd-sub-e19hd5tm0i,obimd-sub-e19hd5tm0i;obimd-main-e19hd5tm0i,src-obimd,licensed_for_repository,needs_human_component_review,2026-06-20
obs-comp-cand-000587,graphemic_component_candidate,corpus/003_graphemic-components/006_000501-000600_obs-comp-cand-bucket_component-candidates/587_obs-comp-cand-000587_obimd-sub-lovp6ceyq2_component-candidate,obimd-sub-lovp6ceyq2,obimd-sub-lovp6ceyq2;obimd-main-e19hd5tm0i,src-obimd,licensed_for_repository,needs_human_component_review,2026-06-20
obs-comp-cand-000588,graphemic_component_candidate,corpus/003_graphemic-components/006_000501-000600_obs-comp-cand-bucket_component-candidates/588_obs-comp-cand-000588_obimd-sub-7p7mrsl2gq_component-candidate,obimd-sub-7p7mrsl2gq,obimd-sub-7p7mrsl2gq;obimd-main-e19hd5tm0i,src-obimd,licensed_for_repository,needs_human_component_review,2026-06-20
obs-comp-cand-000589,graphemic_component_candidate,corpus/003_graphemic-components/006_000501-000600_obs-comp-cand-bucket_component-candidates/589_obs-comp-cand-000589_obimd-sub-1gdu6aw3vg_component-candidate,obimd-sub-1gdu6aw3vg,obimd-sub-1gdu6aw3vg;obimd-main-e19hd5tm0i,src-obimd,licensed_for_repository,needs_human_component_review,2026-06-20
obs-comp-cand-000590,graphemic_component_candidate,corpus/003_graphemic-components/006_000501-000600_obs-comp-cand-bucket_component-candidates/590_obs-comp-cand-000590_obimd-sub-rusuh5vsrz_component-candidate,obimd-sub-rusuh5vsrz,obimd-sub-rusuh5vsrz;obimd-main-e19hd5tm0i,src-obimd,licensed_for_repository,needs_human_component_review,2026-06-20
obs-comp-cand-000591,graphemic_component_candidate,corpus/003_graphemic-components/006_000501-000600_obs-comp-cand-bucket_component-candidates/591_obs-comp-cand-000591_obimd-sub-1ct6qvksrf_component-candidate,obimd-sub-1ct6qvksrf,obimd-sub-1ct6qvksrf;obimd-main-1ct6qvksrf,src-obimd,licensed_for_repository,needs_human_component_review,2026-06-20
obs-comp-cand-000592,graphemic_component_candidate,corpus/003_graphemic-components/006_000501-000600_obs-comp-cand-bucket_component-candidates/592_obs-comp-cand-000592_obimd-sub-fpfxpu6u4z_component-candidate,obimd-sub-fpfxpu6u4z,obimd-sub-fpfxpu6u4z;obimd-main-fpfxpu6u4z,src-obimd,licensed_for_repository,needs_human_component_review,2026-06-20
obs-comp-cand-000593,graphemic_component_candidate,corpus/003_graphemic-components/006_000501-000600_obs-comp-cand-bucket_component-candidates/593_obs-comp-cand-000593_obimd-sub-2fx5viusdv_component-candidate,obimd-sub-2fx5viusdv,obimd-sub-2fx5viusdv;obimd-main-2fx5viusdv,src-obimd,licensed_for_repository,needs_human_component_review,2026-06-20
obs-comp-cand-000594,graphemic_component_candidate,corpus/003_graphemic-components/006_000501-000600_obs-comp-cand-bucket_component-candidates/594_obs-comp-cand-000594_obimd-sub-m3gylabt6p_component-candidate,obimd-sub-m3gylabt6p,obimd-sub-m3gylabt6p;obimd-main-m3gylabt6p,src-obimd,licensed_for_repository,needs_human_component_review,2026-06-20
obs-comp-cand-000595,graphemic_component_candidate,corpus/003_graphemic-components/006_000501-000600_obs-comp-cand-bucket_component-candidates/595_obs-comp-cand-000595_obimd-sub-dmiddz5ehl_component-candidate,obimd-sub-dmiddz5ehl,obimd-sub-dmiddz5ehl;obimd-main-dmiddz5ehl,src-obimd,licensed_for_repository,needs_human_component_review,2026-06-20
obs-comp-cand-000596,graphemic_component_candidate,corpus/003_graphemic-components/006_000501-000600_obs-comp-cand-bucket_component-candidates/596_obs-comp-cand-000596_obimd-sub-4edy4f0uol_component-candidate,obimd-sub-4edy4f0uol,obimd-sub-4edy4f0uol;obimd-main-4edy4f0uol,src-obimd,licensed_for_repository,needs_human_component_review,2026-06-20
obs-comp-cand-000597,graphemic_component_candidate,corpus/003_graphemic-components/006_000501-000600_obs-comp-cand-bucket_component-candidates/597_obs-comp-cand-000597_obimd-sub-846cza5dwl_component-candidate,obimd-sub-846cza5dwl,obimd-sub-846cza5dwl;obimd-main-846cza5dwl,src-obimd,licensed_for_repository,needs_human_component_review,2026-06-20
obs-comp-cand-000598,graphemic_component_candidate,corpus/003_graphemic-components/006_000501-000600_obs-comp-cand-bucket_component-candidates/598_obs-comp-cand-000598_obimd-sub-bfjr233zys_component-candidate,obimd-sub-bfjr233zys,obimd-sub-bfjr233zys;obimd-main-846cza5dwl,src-obimd,licensed_for_repository,needs_human_component_review,2026-06-20
obs-comp-cand-000599,graphemic_component_candidate,corpus/003_graphemic-components/006_000501-000600_obs-comp-cand-bucket_component-candidates/599_obs-comp-cand-000599_obimd-sub-ptbmxdfm3i_component-candidate,obimd-sub-ptbmxdfm3i,obimd-sub-ptbmxdfm3i;obimd-main-ptbmxdfm3i,src-obimd,licensed_for_repository,needs_human_component_review,2026-06-20
obs-comp-cand-000600,graphemic_component_candidate,corpus/003_graphemic-components/006_000501-000600_obs-comp-cand-bucket_component-candidates/600_obs-comp-cand-000600_obimd-sub-jh1gwh4n7f_component-candidate,obimd-sub-jh1gwh4n7f,obimd-sub-jh1gwh4n7f;obimd-main-jh1gwh4n7f,src-obimd,licensed_for_repository,needs_human_component_review,2026-06-20
obs-comp-cand-000601,graphemic_component_candidate,corpus/003_graphemic-components/007_000601-000700_obs-comp-cand-bucket_component-candidates/601_obs-comp-cand-000601_obimd-sub-8k76kao4ll_component-candidate,obimd-sub-8k76kao4ll,obimd-sub-8k76kao4ll;obimd-main-8k76kao4ll,src-obimd,licensed_for_repository,needs_human_component_review,2026-06-20
obs-comp-cand-000602,graphemic_component_candidate,corpus/003_graphemic-components/007_000601-000700_obs-comp-cand-bucket_component-candidates/602_obs-comp-cand-000602_obimd-sub-804dv56eji_component-candidate,obimd-sub-804dv56eji,obimd-sub-804dv56eji;obimd-main-804dv56eji,src-obimd,licensed_for_repository,needs_human_component_review,2026-06-20
obs-comp-cand-000603,graphemic_component_candidate,corpus/003_graphemic-components/007_000601-000700_obs-comp-cand-bucket_component-candidates/603_obs-comp-cand-000603_obimd-sub-8i9yf0yr9w_component-candidate,obimd-sub-8i9yf0yr9w,obimd-sub-8i9yf0yr9w;obimd-main-8i9yf0yr9w,src-obimd,licensed_for_repository,needs_human_component_review,2026-06-20
obs-comp-cand-000604,graphemic_component_candidate,corpus/003_graphemic-components/007_000601-000700_obs-comp-cand-bucket_component-candidates/604_obs-comp-cand-000604_obimd-sub-pjyj6rvuj6_component-candidate,obimd-sub-pjyj6rvuj6,obimd-sub-pjyj6rvuj6;obimd-main-pjyj6rvuj6,src-obimd,licensed_for_repository,needs_human_component_review,2026-06-20
obs-comp-cand-000605,graphemic_component_candidate,corpus/003_graphemic-components/007_000601-000700_obs-comp-cand-bucket_component-candidates/605_obs-comp-cand-000605_obimd-sub-0umdgqu77x_component-candidate,obimd-sub-0umdgqu77x,obimd-sub-0umdgqu77x;obimd-main-0umdgqu77x,src-obimd,licensed_for_repository,needs_human_component_review,2026-06-20
obs-comp-cand-000606,graphemic_component_candidate,corpus/003_graphemic-components/007_000601-000700_obs-comp-cand-bucket_component-candidates/606_obs-comp-cand-000606_obimd-sub-s9y9vbblxa_component-candidate,obimd-sub-s9y9vbblxa,obimd-sub-s9y9vbblxa;obimd-main-s9y9vbblxa,src-obimd,licensed_for_repository,needs_human_component_review,2026-06-20
obs-comp-cand-000607,graphemic_component_candidate,corpus/003_graphemic-components/007_000601-000700_obs-comp-cand-bucket_component-candidates/607_obs-comp-cand-000607_obimd-sub-kpvny5fgn0_component-candidate,obimd-sub-kpvny5fgn0,obimd-sub-kpvny5fgn0;obimd-main-s9y9vbblxa,src-obimd,licensed_for_repository,needs_human_component_review,2026-06-20
obs-comp-cand-000608,graphemic_component_candidate,corpus/003_graphemic-components/007_000601-000700_obs-comp-cand-bucket_component-candidates/608_obs-comp-cand-000608_obimd-sub-ptd0rmmnrv_component-candidate,obimd-sub-ptd0rmmnrv,obimd-sub-ptd0rmmnrv;obimd-main-ptd0rmmnrv,src-obimd,licensed_for_repository,needs_human_component_review,2026-06-20
obs-comp-cand-000609,graphemic_component_candidate,corpus/003_graphemic-components/007_000601-000700_obs-comp-cand-bucket_component-candidates/609_obs-comp-cand-000609_obimd-sub-l3wc3uouh6_component-candidate,obimd-sub-l3wc3uouh6,obimd-sub-l3wc3uouh6;obimd-main-l3wc3uouh6,src-obimd,licensed_for_repository,needs_human_component_review,2026-06-20
obs-comp-cand-000610,graphemic_component_candidate,corpus/003_graphemic-components/007_000601-000700_obs-comp-cand-bucket_component-candidates/610_obs-comp-cand-000610_obimd-sub-tzpd74rbvm_component-candidate,obimd-sub-tzpd74rbvm,obimd-sub-tzpd74rbvm;obimd-main-l3wc3uouh6,src-obimd,licensed_for_repository,needs_human_component_review,2026-06-20
obs-comp-cand-000611,graphemic_component_candidate,corpus/003_graphemic-components/007_000601-000700_obs-comp-cand-bucket_component-candidates/611_obs-comp-cand-000611_obimd-sub-z403ojus93_component-candidate,obimd-sub-z403ojus93,obimd-sub-z403ojus93;obimd-main-z403ojus93,src-obimd,licensed_for_repository,needs_human_component_review,2026-06-20
obs-comp-cand-000612,graphemic_component_candidate,corpus/003_graphemic-components/007_000601-000700_obs-comp-cand-bucket_component-candidates/612_obs-comp-cand-000612_obimd-sub-ipg5litwsb_component-candidate,obimd-sub-ipg5litwsb,obimd-sub-ipg5litwsb;obimd-main-z403ojus93,src-obimd,licensed_for_repository,needs_human_component_review,2026-06-20
obs-comp-cand-000613,graphemic_component_candidate,corpus/003_graphemic-components/007_000601-000700_obs-comp-cand-bucket_component-candidates/613_obs-comp-cand-000613_obimd-sub-nynbz4agj2_component-candidate,obimd-sub-nynbz4agj2,obimd-sub-nynbz4agj2;obimd-main-z403ojus93,src-obimd,licensed_for_repository,needs_human_component_review,2026-06-20
obs-comp-cand-000614,graphemic_component_candidate,corpus/003_graphemic-components/007_000601-000700_obs-comp-cand-bucket_component-candidates/614_obs-comp-cand-000614_obimd-sub-gtckp2vvj4_component-candidate,obimd-sub-gtckp2vvj4,obimd-sub-gtckp2vvj4;obimd-main-gtckp2vvj4,src-obimd,licensed_for_repository,needs_human_component_review,2026-06-20
obs-comp-cand-000615,graphemic_component_candidate,corpus/003_graphemic-components/007_000601-000700_obs-comp-cand-bucket_component-candidates/615_obs-comp-cand-000615_obimd-sub-zapprwvtx9_component-candidate,obimd-sub-zapprwvtx9,obimd-sub-zapprwvtx9;obimd-main-zapprwvtx9,src-obimd,licensed_for_repository,needs_human_component_review,2026-06-20
obs-comp-cand-000616,graphemic_component_candidate,corpus/003_graphemic-components/007_000601-000700_obs-comp-cand-bucket_component-candidates/616_obs-comp-cand-000616_obimd-sub-8zm5h9tjrg_component-candidate,obimd-sub-8zm5h9tjrg,obimd-sub-8zm5h9tjrg;obimd-main-zapprwvtx9,src-obimd,licensed_for_repository,needs_human_component_review,2026-06-20
obs-comp-cand-000617,graphemic_component_candidate,corpus/003_graphemic-components/007_000601-000700_obs-comp-cand-bucket_component-candidates/617_obs-comp-cand-000617_obimd-sub-b2onzh8y22_component-candidate,obimd-sub-b2onzh8y22,obimd-sub-b2onzh8y22;obimd-main-zapprwvtx9,src-obimd,licensed_for_repository,needs_human_component_review,2026-06-20
obs-comp-cand-000618,graphemic_component_candidate,corpus/003_graphemic-components/007_000601-000700_obs-comp-cand-bucket_component-candidates/618_obs-comp-cand-000618_obimd-sub-63mupiyxr9_component-candidate,obimd-sub-63mupiyxr9,obimd-sub-63mupiyxr9;obimd-main-zapprwvtx9,src-obimd,licensed_for_repository,needs_human_component_review,2026-06-20
obs-comp-cand-000619,graphemic_component_candidate,corpus/003_graphemic-components/007_000601-000700_obs-comp-cand-bucket_component-candidates/619_obs-comp-cand-000619_obimd-sub-hq2zgeaqqf_component-candidate,obimd-sub-hq2zgeaqqf,obimd-sub-hq2zgeaqqf;obimd-main-hq2zgeaqqf,src-obimd,licensed_for_repository,needs_human_component_review,2026-06-20
obs-comp-cand-000620,graphemic_component_candidate,corpus/003_graphemic-components/007_000601-000700_obs-comp-cand-bucket_component-candidates/620_obs-comp-cand-000620_obimd-sub-4cq0hm34jf_component-candidate,obimd-sub-4cq0hm34jf,obimd-sub-4cq0hm34jf;obimd-main-hq2zgeaqqf,src-obimd,licensed_for_repository,needs_human_component_review,2026-06-20
obs-comp-cand-000621,graphemic_component_candidate,corpus/003_graphemic-components/007_000601-000700_obs-comp-cand-bucket_component-candidates/621_obs-comp-cand-000621_obimd-sub-x0w8luxhhs_component-candidate,obimd-sub-x0w8luxhhs,obimd-sub-x0w8luxhhs;obimd-main-x0w8luxhhs,src-obimd,licensed_for_repository,needs_human_component_review,2026-06-20
obs-comp-cand-000622,graphemic_component_candidate,corpus/003_graphemic-components/007_000601-000700_obs-comp-cand-bucket_component-candidates/622_obs-comp-cand-000622_obimd-sub-61p261idyu_component-candidate,obimd-sub-61p261idyu,obimd-sub-61p261idyu;obimd-main-61p261idyu,src-obimd,licensed_for_repository,needs_human_component_review,2026-06-20
obs-comp-cand-000623,graphemic_component_candidate,corpus/003_graphemic-components/007_000601-000700_obs-comp-cand-bucket_component-candidates/623_obs-comp-cand-000623_obimd-sub-95aonic8ul_component-candidate,obimd-sub-95aonic8ul,obimd-sub-95aonic8ul;obimd-main-61p261idyu,src-obimd,licensed_for_repository,needs_human_component_review,2026-06-20
obs-comp-cand-000624,graphemic_component_candidate,corpus/003_graphemic-components/007_000601-000700_obs-comp-cand-bucket_component-candidates/624_obs-comp-cand-000624_obimd-sub-hwj18cvm0i_component-candidate,obimd-sub-hwj18cvm0i,obimd-sub-hwj18cvm0i;obimd-main-hwj18cvm0i,src-obimd,licensed_for_repository,needs_human_component_review,2026-06-20
obs-comp-cand-000625,graphemic_component_candidate,corpus/003_graphemic-components/007_000601-000700_obs-comp-cand-bucket_component-candidates/625_obs-comp-cand-000625_obimd-sub-f8ilekqrfc_component-candidate,obimd-sub-f8ilekqrfc,obimd-sub-f8ilekqrfc;obimd-main-f8ilekqrfc,src-obimd,licensed_for_repository,needs_human_component_review,2026-06-20
obs-comp-cand-000626,graphemic_component_candidate,corpus/003_graphemic-components/007_000601-000700_obs-comp-cand-bucket_component-candidates/626_obs-comp-cand-000626_obimd-sub-e165xleaqt_component-candidate,obimd-sub-e165xleaqt,obimd-sub-e165xleaqt;obimd-main-e165xleaqt,src-obimd,licensed_for_repository,needs_human_component_review,2026-06-20
obs-comp-cand-000627,graphemic_component_candidate,corpus/003_graphemic-components/007_000601-000700_obs-comp-cand-bucket_component-candidates/627_obs-comp-cand-000627_obimd-sub-761fx96nd5_component-candidate,obimd-sub-761fx96nd5,obimd-sub-761fx96nd5;obimd-main-e165xleaqt,src-obimd,licensed_for_repository,needs_human_component_review,2026-06-20
obs-comp-cand-000628,graphemic_component_candidate,corpus/003_graphemic-components/007_000601-000700_obs-comp-cand-bucket_component-candidates/628_obs-comp-cand-000628_obimd-sub-g7a146vwlb_component-candidate,obimd-sub-g7a146vwlb,obimd-sub-g7a146vwlb;obimd-main-g7a146vwlb,src-obimd,licensed_for_repository,needs_human_component_review,2026-06-20
obs-comp-cand-000629,graphemic_component_candidate,corpus/003_graphemic-components/007_000601-000700_obs-comp-cand-bucket_component-candidates/629_obs-comp-cand-000629_obimd-sub-c5vr6lndrx_component-candidate,obimd-sub-c5vr6lndrx,obimd-sub-c5vr6lndrx;obimd-main-c5vr6lndrx,src-obimd,licensed_for_repository,needs_human_component_review,2026-06-20
obs-comp-cand-000630,graphemic_component_candidate,corpus/003_graphemic-components/007_000601-000700_obs-comp-cand-bucket_component-candidates/630_obs-comp-cand-000630_obimd-sub-dtp0ry5xsx_component-candidate,obimd-sub-dtp0ry5xsx,obimd-sub-dtp0ry5xsx;obimd-main-c5vr6lndrx,src-obimd,licensed_for_repository,needs_human_component_review,2026-06-20
obs-comp-cand-000631,graphemic_component_candidate,corpus/003_graphemic-components/007_000601-000700_obs-comp-cand-bucket_component-candidates/631_obs-comp-cand-000631_obimd-sub-fp0gk2d44n_component-candidate,obimd-sub-fp0gk2d44n,obimd-sub-fp0gk2d44n;obimd-main-fp0gk2d44n,src-obimd,licensed_for_repository,needs_human_component_review,2026-06-20
obs-comp-cand-000632,graphemic_component_candidate,corpus/003_graphemic-components/007_000601-000700_obs-comp-cand-bucket_component-candidates/632_obs-comp-cand-000632_obimd-sub-2lep30tiiz_component-candidate,obimd-sub-2lep30tiiz,obimd-sub-2lep30tiiz;obimd-main-2lep30tiiz,src-obimd,licensed_for_repository,needs_human_component_review,2026-06-20
obs-comp-cand-000633,graphemic_component_candidate,corpus/003_graphemic-components/007_000601-000700_obs-comp-cand-bucket_component-candidates/633_obs-comp-cand-000633_obimd-sub-0suogw1opa_component-candidate,obimd-sub-0suogw1opa,obimd-sub-0suogw1opa;obimd-main-2lep30tiiz,src-obimd,licensed_for_repository,needs_human_component_review,2026-06-20
obs-comp-cand-000634,graphemic_component_candidate,corpus/003_graphemic-components/007_000601-000700_obs-comp-cand-bucket_component-candidates/634_obs-comp-cand-000634_obimd-sub-uen866m9oq_component-candidate,obimd-sub-uen866m9oq,obimd-sub-uen866m9oq;obimd-main-2lep30tiiz,src-obimd,licensed_for_repository,needs_human_component_review,2026-06-20
obs-comp-cand-000635,graphemic_component_candidate,corpus/003_graphemic-components/007_000601-000700_obs-comp-cand-bucket_component-candidates/635_obs-comp-cand-000635_obimd-sub-hz38kcg30a_component-candidate,obimd-sub-hz38kcg30a,obimd-sub-hz38kcg30a;obimd-main-2lep30tiiz,src-obimd,licensed_for_repository,needs_human_component_review,2026-06-20
obs-comp-cand-000636,graphemic_component_candidate,corpus/003_graphemic-components/007_000601-000700_obs-comp-cand-bucket_component-candidates/636_obs-comp-cand-000636_obimd-sub-i44zmo51c7_component-candidate,obimd-sub-i44zmo51c7,obimd-sub-i44zmo51c7;obimd-main-i44zmo51c7,src-obimd,licensed_for_repository,needs_human_component_review,2026-06-20
obs-comp-cand-000637,graphemic_component_candidate,corpus/003_graphemic-components/007_000601-000700_obs-comp-cand-bucket_component-candidates/637_obs-comp-cand-000637_obimd-sub-f7hrrl0bh9_component-candidate,obimd-sub-f7hrrl0bh9,obimd-sub-f7hrrl0bh9;obimd-main-f7hrrl0bh9,src-obimd,licensed_for_repository,needs_human_component_review,2026-06-20
obs-comp-cand-000638,graphemic_component_candidate,corpus/003_graphemic-components/007_000601-000700_obs-comp-cand-bucket_component-candidates/638_obs-comp-cand-000638_obimd-sub-6vdibqvqd8_component-candidate,obimd-sub-6vdibqvqd8,obimd-sub-6vdibqvqd8;obimd-main-6vdibqvqd8,src-obimd,licensed_for_repository,needs_human_component_review,2026-06-20
obs-comp-cand-000639,graphemic_component_candidate,corpus/003_graphemic-components/007_000601-000700_obs-comp-cand-bucket_component-candidates/639_obs-comp-cand-000639_obimd-sub-oh1d6hr82z_component-candidate,obimd-sub-oh1d6hr82z,obimd-sub-oh1d6hr82z;obimd-main-6vdibqvqd8,src-obimd,licensed_for_repository,needs_human_component_review,2026-06-20
obs-comp-cand-000640,graphemic_component_candidate,corpus/003_graphemic-components/007_000601-000700_obs-comp-cand-bucket_component-candidates/640_obs-comp-cand-000640_obimd-sub-xsfvig8s71_component-candidate,obimd-sub-xsfvig8s71,obimd-sub-xsfvig8s71;obimd-main-xsfvig8s71,src-obimd,licensed_for_repository,needs_human_component_review,2026-06-20
obs-comp-cand-000641,graphemic_component_candidate,corpus/003_graphemic-components/007_000601-000700_obs-comp-cand-bucket_component-candidates/641_obs-comp-cand-000641_obimd-sub-9smcf52kd1_component-candidate,obimd-sub-9smcf52kd1,obimd-sub-9smcf52kd1;obimd-main-9smcf52kd1,src-obimd,licensed_for_repository,needs_human_component_review,2026-06-20
obs-comp-cand-000642,graphemic_component_candidate,corpus/003_graphemic-components/007_000601-000700_obs-comp-cand-bucket_component-candidates/642_obs-comp-cand-000642_obimd-sub-c0j4lyz6aj_component-candidate,obimd-sub-c0j4lyz6aj,obimd-sub-c0j4lyz6aj;obimd-main-c0j4lyz6aj,src-obimd,licensed_for_repository,needs_human_component_review,2026-06-20
obs-comp-cand-000643,graphemic_component_candidate,corpus/003_graphemic-components/007_000601-000700_obs-comp-cand-bucket_component-candidates/643_obs-comp-cand-000643_obimd-sub-qod67gqydt_component-candidate,obimd-sub-qod67gqydt,obimd-sub-qod67gqydt;obimd-main-3lrj040600,src-obimd,licensed_for_repository,needs_human_component_review,2026-06-20
obs-comp-cand-000644,graphemic_component_candidate,corpus/003_graphemic-components/007_000601-000700_obs-comp-cand-bucket_component-candidates/644_obs-comp-cand-000644_obimd-sub-40z8eh7aoh_component-candidate,obimd-sub-40z8eh7aoh,obimd-sub-40z8eh7aoh;obimd-main-3lrj040600,src-obimd,licensed_for_repository,needs_human_component_review,2026-06-20
obs-comp-cand-000645,graphemic_component_candidate,corpus/003_graphemic-components/007_000601-000700_obs-comp-cand-bucket_component-candidates/645_obs-comp-cand-000645_obimd-sub-iexlgj4cvt_component-candidate,obimd-sub-iexlgj4cvt,obimd-sub-iexlgj4cvt;obimd-main-iexlgj4cvt,src-obimd,licensed_for_repository,needs_human_component_review,2026-06-20
obs-comp-cand-000646,graphemic_component_candidate,corpus/003_graphemic-components/007_000601-000700_obs-comp-cand-bucket_component-candidates/646_obs-comp-cand-000646_obimd-sub-0cyukofrr8_component-candidate,obimd-sub-0cyukofrr8,obimd-sub-0cyukofrr8;obimd-main-0cyukofrr8,src-obimd,licensed_for_repository,needs_human_component_review,2026-06-20
obs-comp-cand-000647,graphemic_component_candidate,corpus/003_graphemic-components/007_000601-000700_obs-comp-cand-bucket_component-candidates/647_obs-comp-cand-000647_obimd-sub-fj38q0e1h9_component-candidate,obimd-sub-fj38q0e1h9,obimd-sub-fj38q0e1h9;obimd-main-0cyukofrr8,src-obimd,licensed_for_repository,needs_human_component_review,2026-06-20
obs-comp-cand-000648,graphemic_component_candidate,corpus/003_graphemic-components/007_000601-000700_obs-comp-cand-bucket_component-candidates/648_obs-comp-cand-000648_obimd-sub-w9e10bgv92_component-candidate,obimd-sub-w9e10bgv92,obimd-sub-w9e10bgv92;obimd-main-0cyukofrr8,src-obimd,licensed_for_repository,needs_human_component_review,2026-06-20
obs-comp-cand-000649,graphemic_component_candidate,corpus/003_graphemic-components/007_000601-000700_obs-comp-cand-bucket_component-candidates/649_obs-comp-cand-000649_obimd-sub-184g7k49a3_component-candidate,obimd-sub-184g7k49a3,obimd-sub-184g7k49a3;obimd-main-0cyukofrr8,src-obimd,licensed_for_repository,needs_human_component_review,2026-06-20
obs-comp-cand-000650,graphemic_component_candidate,corpus/003_graphemic-components/007_000601-000700_obs-comp-cand-bucket_component-candidates/650_obs-comp-cand-000650_obimd-sub-ih7qa28rb3_component-candidate,obimd-sub-ih7qa28rb3,obimd-sub-ih7qa28rb3;obimd-main-ih7qa28rb3,src-obimd,licensed_for_repository,needs_human_component_review,2026-06-20
obs-comp-cand-000651,graphemic_component_candidate,corpus/003_graphemic-components/007_000601-000700_obs-comp-cand-bucket_component-candidates/651_obs-comp-cand-000651_obimd-sub-815uzds8hy_component-candidate,obimd-sub-815uzds8hy,obimd-sub-815uzds8hy;obimd-main-ih7qa28rb3,src-obimd,licensed_for_repository,needs_human_component_review,2026-06-20
obs-comp-cand-000652,graphemic_component_candidate,corpus/003_graphemic-components/007_000601-000700_obs-comp-cand-bucket_component-candidates/652_obs-comp-cand-000652_obimd-sub-0r736pj3nc_component-candidate,obimd-sub-0r736pj3nc,obimd-sub-0r736pj3nc;obimd-main-ih7qa28rb3,src-obimd,licensed_for_repository,needs_human_component_review,2026-06-20
obs-comp-cand-000653,graphemic_component_candidate,corpus/003_graphemic-components/007_000601-000700_obs-comp-cand-bucket_component-candidates/653_obs-comp-cand-000653_obimd-sub-e33qe36es7_component-candidate,obimd-sub-e33qe36es7,obimd-sub-e33qe36es7;obimd-main-e33qe36es7,src-obimd,licensed_for_repository,needs_human_component_review,2026-06-20
obs-comp-cand-000654,graphemic_component_candidate,corpus/003_graphemic-components/007_000601-000700_obs-comp-cand-bucket_component-candidates/654_obs-comp-cand-000654_obimd-sub-qh2w0s40kw_component-candidate,obimd-sub-qh2w0s40kw,obimd-sub-qh2w0s40kw;obimd-main-qh2w0s40kw,src-obimd,licensed_for_repository,needs_human_component_review,2026-06-20
obs-comp-cand-000655,graphemic_component_candidate,corpus/003_graphemic-components/007_000601-000700_obs-comp-cand-bucket_component-candidates/655_obs-comp-cand-000655_obimd-sub-arbeq1ailh_component-candidate,obimd-sub-arbeq1ailh,obimd-sub-arbeq1ailh;obimd-main-qh2w0s40kw,src-obimd,licensed_for_repository,needs_human_component_review,2026-06-20
obs-comp-cand-000656,graphemic_component_candidate,corpus/003_graphemic-components/007_000601-000700_obs-comp-cand-bucket_component-candidates/656_obs-comp-cand-000656_obimd-sub-yz361h0hzf_component-candidate,obimd-sub-yz361h0hzf,obimd-sub-yz361h0hzf;obimd-main-yz361h0hzf,src-obimd,licensed_for_repository,needs_human_component_review,2026-06-20
obs-comp-cand-000657,graphemic_component_candidate,corpus/003_graphemic-components/007_000601-000700_obs-comp-cand-bucket_component-candidates/657_obs-comp-cand-000657_obimd-sub-jgo8vio4w7_component-candidate,obimd-sub-jgo8vio4w7,obimd-sub-jgo8vio4w7;obimd-main-yz361h0hzf,src-obimd,licensed_for_repository,needs_human_component_review,2026-06-20
obs-comp-cand-000658,graphemic_component_candidate,corpus/003_graphemic-components/007_000601-000700_obs-comp-cand-bucket_component-candidates/658_obs-comp-cand-000658_obimd-sub-hhpwjfxakf_component-candidate,obimd-sub-hhpwjfxakf,obimd-sub-hhpwjfxakf;obimd-main-yz361h0hzf,src-obimd,licensed_for_repository,needs_human_component_review,2026-06-20
obs-comp-cand-000659,graphemic_component_candidate,corpus/003_graphemic-components/007_000601-000700_obs-comp-cand-bucket_component-candidates/659_obs-comp-cand-000659_obimd-sub-c13j4nmoij_component-candidate,obimd-sub-c13j4nmoij,obimd-sub-c13j4nmoij;obimd-main-c13j4nmoij,src-obimd,licensed_for_repository,needs_human_component_review,2026-06-20
obs-comp-cand-000660,graphemic_component_candidate,corpus/003_graphemic-components/007_000601-000700_obs-comp-cand-bucket_component-candidates/660_obs-comp-cand-000660_obimd-sub-p8shoneevj_component-candidate,obimd-sub-p8shoneevj,obimd-sub-p8shoneevj;obimd-main-p8shoneevj,src-obimd,licensed_for_repository,needs_human_component_review,2026-06-20
obs-comp-cand-000661,graphemic_component_candidate,corpus/003_graphemic-components/007_000601-000700_obs-comp-cand-bucket_component-candidates/661_obs-comp-cand-000661_obimd-sub-6m1qvxsh3e_component-candidate,obimd-sub-6m1qvxsh3e,obimd-sub-6m1qvxsh3e;obimd-main-6m1qvxsh3e,src-obimd,licensed_for_repository,needs_human_component_review,2026-06-20
obs-comp-cand-000662,graphemic_component_candidate,corpus/003_graphemic-components/007_000601-000700_obs-comp-cand-bucket_component-candidates/662_obs-comp-cand-000662_obimd-sub-qxiorvfxji_component-candidate,obimd-sub-qxiorvfxji,obimd-sub-qxiorvfxji;obimd-main-qxiorvfxji,src-obimd,licensed_for_repository,needs_human_component_review,2026-06-20
obs-comp-cand-000663,graphemic_component_candidate,corpus/003_graphemic-components/007_000601-000700_obs-comp-cand-bucket_component-candidates/663_obs-comp-cand-000663_obimd-sub-noyypvbg20_component-candidate,obimd-sub-noyypvbg20,obimd-sub-noyypvbg20;obimd-main-noyypvbg20,src-obimd,licensed_for_repository,needs_human_component_review,2026-06-20
obs-comp-cand-000664,graphemic_component_candidate,corpus/003_graphemic-components/007_000601-000700_obs-comp-cand-bucket_component-candidates/664_obs-comp-cand-000664_obimd-sub-pc30r8fiiw_component-candidate,obimd-sub-pc30r8fiiw,obimd-sub-pc30r8fiiw;obimd-main-pc30r8fiiw,src-obimd,licensed_for_repository,needs_human_component_review,2026-06-20
obs-comp-cand-000665,graphemic_component_candidate,corpus/003_graphemic-components/007_000601-000700_obs-comp-cand-bucket_component-candidates/665_obs-comp-cand-000665_obimd-sub-owlfrj4v76_component-candidate,obimd-sub-owlfrj4v76,obimd-sub-owlfrj4v76;obimd-main-owlfrj4v76,src-obimd,licensed_for_repository,needs_human_component_review,2026-06-20
obs-comp-cand-000666,graphemic_component_candidate,corpus/003_graphemic-components/007_000601-000700_obs-comp-cand-bucket_component-candidates/666_obs-comp-cand-000666_obimd-sub-84umwz5kds_component-candidate,obimd-sub-84umwz5kds,obimd-sub-84umwz5kds;obimd-main-84umwz5kds,src-obimd,licensed_for_repository,needs_human_component_review,2026-06-20
obs-comp-cand-000667,graphemic_component_candidate,corpus/003_graphemic-components/007_000601-000700_obs-comp-cand-bucket_component-candidates/667_obs-comp-cand-000667_obimd-sub-9utswitc0o_component-candidate,obimd-sub-9utswitc0o,obimd-sub-9utswitc0o;obimd-main-9utswitc0o,src-obimd,licensed_for_repository,needs_human_component_review,2026-06-20
obs-comp-cand-000668,graphemic_component_candidate,corpus/003_graphemic-components/007_000601-000700_obs-comp-cand-bucket_component-candidates/668_obs-comp-cand-000668_obimd-sub-xbjmavv769_component-candidate,obimd-sub-xbjmavv769,obimd-sub-xbjmavv769;obimd-main-9utswitc0o,src-obimd,licensed_for_repository,needs_human_component_review,2026-06-20
obs-comp-cand-000669,graphemic_component_candidate,corpus/003_graphemic-components/007_000601-000700_obs-comp-cand-bucket_component-candidates/669_obs-comp-cand-000669_obimd-sub-dmt62prazn_component-candidate,obimd-sub-dmt62prazn,obimd-sub-dmt62prazn;obimd-main-dmt62prazn,src-obimd,licensed_for_repository,needs_human_component_review,2026-06-20
obs-comp-cand-000670,graphemic_component_candidate,corpus/003_graphemic-components/007_000601-000700_obs-comp-cand-bucket_component-candidates/670_obs-comp-cand-000670_obimd-sub-qhmhxv0zyb_component-candidate,obimd-sub-qhmhxv0zyb,obimd-sub-qhmhxv0zyb;obimd-main-qhmhxv0zyb,src-obimd,licensed_for_repository,needs_human_component_review,2026-06-20
obs-comp-cand-000671,graphemic_component_candidate,corpus/003_graphemic-components/007_000601-000700_obs-comp-cand-bucket_component-candidates/671_obs-comp-cand-000671_obimd-sub-60kr6bp9hf_component-candidate,obimd-sub-60kr6bp9hf,obimd-sub-60kr6bp9hf;obimd-main-60kr6bp9hf,src-obimd,licensed_for_repository,needs_human_component_review,2026-06-20
obs-comp-cand-000672,graphemic_component_candidate,corpus/003_graphemic-components/007_000601-000700_obs-comp-cand-bucket_component-candidates/672_obs-comp-cand-000672_obimd-sub-sst8wbq7kw_component-candidate,obimd-sub-sst8wbq7kw,obimd-sub-sst8wbq7kw;obimd-main-sst8wbq7kw,src-obimd,licensed_for_repository,needs_human_component_review,2026-06-20
obs-comp-cand-000673,graphemic_component_candidate,corpus/003_graphemic-components/007_000601-000700_obs-comp-cand-bucket_component-candidates/673_obs-comp-cand-000673_obimd-sub-p5mp3xbn99_component-candidate,obimd-sub-p5mp3xbn99,obimd-sub-p5mp3xbn99;obimd-main-p5mp3xbn99,src-obimd,licensed_for_repository,needs_human_component_review,2026-06-20
obs-comp-cand-000674,graphemic_component_candidate,corpus/003_graphemic-components/007_000601-000700_obs-comp-cand-bucket_component-candidates/674_obs-comp-cand-000674_obimd-sub-8w1l6u1565_component-candidate,obimd-sub-8w1l6u1565,obimd-sub-8w1l6u1565;obimd-main-8w1l6u1565,src-obimd,licensed_for_repository,needs_human_component_review,2026-06-20
obs-comp-cand-000675,graphemic_component_candidate,corpus/003_graphemic-components/007_000601-000700_obs-comp-cand-bucket_component-candidates/675_obs-comp-cand-000675_obimd-sub-243s3vaa73_component-candidate,obimd-sub-243s3vaa73,obimd-sub-243s3vaa73;obimd-main-243s3vaa73,src-obimd,licensed_for_repository,needs_human_component_review,2026-06-20
obs-comp-cand-000676,graphemic_component_candidate,corpus/003_graphemic-components/007_000601-000700_obs-comp-cand-bucket_component-candidates/676_obs-comp-cand-000676_obimd-sub-xmfpjivigx_component-candidate,obimd-sub-xmfpjivigx,obimd-sub-xmfpjivigx;obimd-main-xmfpjivigx,src-obimd,licensed_for_repository,needs_human_component_review,2026-06-20
obs-comp-cand-000677,graphemic_component_candidate,corpus/003_graphemic-components/007_000601-000700_obs-comp-cand-bucket_component-candidates/677_obs-comp-cand-000677_obimd-sub-6dswxub98v_component-candidate,obimd-sub-6dswxub98v,obimd-sub-6dswxub98v;obimd-main-xmfpjivigx,src-obimd,licensed_for_repository,needs_human_component_review,2026-06-20
obs-comp-cand-000678,graphemic_component_candidate,corpus/003_graphemic-components/007_000601-000700_obs-comp-cand-bucket_component-candidates/678_obs-comp-cand-000678_obimd-sub-my9kducfis_component-candidate,obimd-sub-my9kducfis,obimd-sub-my9kducfis;obimd-main-my9kducfis,src-obimd,licensed_for_repository,needs_human_component_review,2026-06-20
obs-comp-cand-000679,graphemic_component_candidate,corpus/003_graphemic-components/007_000601-000700_obs-comp-cand-bucket_component-candidates/679_obs-comp-cand-000679_obimd-sub-umwt5oqyfy_component-candidate,obimd-sub-umwt5oqyfy,obimd-sub-umwt5oqyfy;obimd-main-umwt5oqyfy,src-obimd,licensed_for_repository,needs_human_component_review,2026-06-20
obs-comp-cand-000680,graphemic_component_candidate,corpus/003_graphemic-components/007_000601-000700_obs-comp-cand-bucket_component-candidates/680_obs-comp-cand-000680_obimd-sub-yy93ubfmig_component-candidate,obimd-sub-yy93ubfmig,obimd-sub-yy93ubfmig;obimd-main-yy93ubfmig,src-obimd,licensed_for_repository,needs_human_component_review,2026-06-20
obs-comp-cand-000681,graphemic_component_candidate,corpus/003_graphemic-components/007_000601-000700_obs-comp-cand-bucket_component-candidates/681_obs-comp-cand-000681_obimd-sub-uzw48xncgx_component-candidate,obimd-sub-uzw48xncgx,obimd-sub-uzw48xncgx;obimd-main-uzw48xncgx,src-obimd,licensed_for_repository,needs_human_component_review,2026-06-20
obs-comp-cand-000682,graphemic_component_candidate,corpus/003_graphemic-components/007_000601-000700_obs-comp-cand-bucket_component-candidates/682_obs-comp-cand-000682_obimd-sub-dplz0o0oa3_component-candidate,obimd-sub-dplz0o0oa3,obimd-sub-dplz0o0oa3;obimd-main-s8bffjoah6,src-obimd,licensed_for_repository,needs_human_component_review,2026-06-20
obs-comp-cand-000683,graphemic_component_candidate,corpus/003_graphemic-components/007_000601-000700_obs-comp-cand-bucket_component-candidates/683_obs-comp-cand-000683_obimd-sub-ofnsn4ilzs_component-candidate,obimd-sub-ofnsn4ilzs,obimd-sub-ofnsn4ilzs;obimd-main-s8bffjoah6,src-obimd,licensed_for_repository,needs_human_component_review,2026-06-20
obs-comp-cand-000684,graphemic_component_candidate,corpus/003_graphemic-components/007_000601-000700_obs-comp-cand-bucket_component-candidates/684_obs-comp-cand-000684_obimd-sub-2s8i3l7oy7_component-candidate,obimd-sub-2s8i3l7oy7,obimd-sub-2s8i3l7oy7;obimd-main-2s8i3l7oy7,src-obimd,licensed_for_repository,needs_human_component_review,2026-06-20
obs-comp-cand-000685,graphemic_component_candidate,corpus/003_graphemic-components/007_000601-000700_obs-comp-cand-bucket_component-candidates/685_obs-comp-cand-000685_obimd-sub-hxbszp3ept_component-candidate,obimd-sub-hxbszp3ept,obimd-sub-hxbszp3ept;obimd-main-hxbszp3ept,src-obimd,licensed_for_repository,needs_human_component_review,2026-06-20
obs-comp-cand-000686,graphemic_component_candidate,corpus/003_graphemic-components/007_000601-000700_obs-comp-cand-bucket_component-candidates/686_obs-comp-cand-000686_obimd-sub-uulphaak6s_component-candidate,obimd-sub-uulphaak6s,obimd-sub-uulphaak6s;obimd-main-uulphaak6s,src-obimd,licensed_for_repository,needs_human_component_review,2026-06-20
obs-comp-cand-000687,graphemic_component_candidate,corpus/003_graphemic-components/007_000601-000700_obs-comp-cand-bucket_component-candidates/687_obs-comp-cand-000687_obimd-sub-0eoslpndnk_component-candidate,obimd-sub-0eoslpndnk,obimd-sub-0eoslpndnk;obimd-main-0eoslpndnk,src-obimd,licensed_for_repository,needs_human_component_review,2026-06-20
obs-comp-cand-000688,graphemic_component_candidate,corpus/003_graphemic-components/007_000601-000700_obs-comp-cand-bucket_component-candidates/688_obs-comp-cand-000688_obimd-sub-i1qbimwfk6_component-candidate,obimd-sub-i1qbimwfk6,obimd-sub-i1qbimwfk6;obimd-main-i1qbimwfk6,src-obimd,licensed_for_repository,needs_human_component_review,2026-06-20
obs-comp-cand-000689,graphemic_component_candidate,corpus/003_graphemic-components/007_000601-000700_obs-comp-cand-bucket_component-candidates/689_obs-comp-cand-000689_obimd-sub-d7716xfuti_component-candidate,obimd-sub-d7716xfuti,obimd-sub-d7716xfuti;obimd-main-i1qbimwfk6,src-obimd,licensed_for_repository,needs_human_component_review,2026-06-20
obs-comp-cand-000690,graphemic_component_candidate,corpus/003_graphemic-components/007_000601-000700_obs-comp-cand-bucket_component-candidates/690_obs-comp-cand-000690_obimd-sub-d3xksen3xm_component-candidate,obimd-sub-d3xksen3xm,obimd-sub-d3xksen3xm;obimd-main-i1qbimwfk6,src-obimd,licensed_for_repository,needs_human_component_review,2026-06-20
obs-comp-cand-000691,graphemic_component_candidate,corpus/003_graphemic-components/007_000601-000700_obs-comp-cand-bucket_component-candidates/691_obs-comp-cand-000691_obimd-sub-gqy6qo8948_component-candidate,obimd-sub-gqy6qo8948,obimd-sub-gqy6qo8948;obimd-main-i1qbimwfk6,src-obimd,licensed_for_repository,needs_human_component_review,2026-06-20
obs-comp-cand-000692,graphemic_component_candidate,corpus/003_graphemic-components/007_000601-000700_obs-comp-cand-bucket_component-candidates/692_obs-comp-cand-000692_obimd-sub-j2gxtvkv0f_component-candidate,obimd-sub-j2gxtvkv0f,obimd-sub-j2gxtvkv0f;obimd-main-i1qbimwfk6,src-obimd,licensed_for_repository,needs_human_component_review,2026-06-20
obs-comp-cand-000693,graphemic_component_candidate,corpus/003_graphemic-components/007_000601-000700_obs-comp-cand-bucket_component-candidates/693_obs-comp-cand-000693_obimd-sub-mw1n2p1voy_component-candidate,obimd-sub-mw1n2p1voy,obimd-sub-mw1n2p1voy;obimd-main-mw1n2p1voy,src-obimd,licensed_for_repository,needs_human_component_review,2026-06-20
obs-comp-cand-000694,graphemic_component_candidate,corpus/003_graphemic-components/007_000601-000700_obs-comp-cand-bucket_component-candidates/694_obs-comp-cand-000694_obimd-sub-cyv9807bcj_component-candidate,obimd-sub-cyv9807bcj,obimd-sub-cyv9807bcj;obimd-main-cyv9807bcj,src-obimd,licensed_for_repository,needs_human_component_review,2026-06-20
obs-comp-cand-000695,graphemic_component_candidate,corpus/003_graphemic-components/007_000601-000700_obs-comp-cand-bucket_component-candidates/695_obs-comp-cand-000695_obimd-sub-mepmffeebh_component-candidate,obimd-sub-mepmffeebh,obimd-sub-mepmffeebh;obimd-main-mepmffeebh,src-obimd,licensed_for_repository,needs_human_component_review,2026-06-20
obs-comp-cand-000696,graphemic_component_candidate,corpus/003_graphemic-components/007_000601-000700_obs-comp-cand-bucket_component-candidates/696_obs-comp-cand-000696_obimd-sub-fxjlcidk84_component-candidate,obimd-sub-fxjlcidk84,obimd-sub-fxjlcidk84;obimd-main-mepmffeebh,src-obimd,licensed_for_repository,needs_human_component_review,2026-06-20
obs-comp-cand-000697,graphemic_component_candidate,corpus/003_graphemic-components/007_000601-000700_obs-comp-cand-bucket_component-candidates/697_obs-comp-cand-000697_obimd-sub-oh2hn4qlz0_component-candidate,obimd-sub-oh2hn4qlz0,obimd-sub-oh2hn4qlz0;obimd-main-mepmffeebh,src-obimd,licensed_for_repository,needs_human_component_review,2026-06-20
obs-comp-cand-000698,graphemic_component_candidate,corpus/003_graphemic-components/007_000601-000700_obs-comp-cand-bucket_component-candidates/698_obs-comp-cand-000698_obimd-sub-7azc4262oo_component-candidate,obimd-sub-7azc4262oo,obimd-sub-7azc4262oo;obimd-main-7azc4262oo,src-obimd,licensed_for_repository,needs_human_component_review,2026-06-20
obs-comp-cand-000699,graphemic_component_candidate,corpus/003_graphemic-components/007_000601-000700_obs-comp-cand-bucket_component-candidates/699_obs-comp-cand-000699_obimd-sub-fhaame1ny7_component-candidate,obimd-sub-fhaame1ny7,obimd-sub-fhaame1ny7;obimd-main-fhaame1ny7,src-obimd,licensed_for_repository,needs_human_component_review,2026-06-20
obs-comp-cand-000700,graphemic_component_candidate,corpus/003_graphemic-components/007_000601-000700_obs-comp-cand-bucket_component-candidates/700_obs-comp-cand-000700_obimd-sub-dbubnsu1tc_component-candidate,obimd-sub-dbubnsu1tc,obimd-sub-dbubnsu1tc;obimd-main-dbubnsu1tc,src-obimd,licensed_for_repository,needs_human_component_review,2026-06-20
obs-comp-cand-000701,graphemic_component_candidate,corpus/003_graphemic-components/008_000701-000800_obs-comp-cand-bucket_component-candidates/701_obs-comp-cand-000701_obimd-sub-ootfcayp1g_component-candidate,obimd-sub-ootfcayp1g,obimd-sub-ootfcayp1g;obimd-main-ootfcayp1g,src-obimd,licensed_for_repository,needs_human_component_review,2026-06-20
obs-comp-cand-000702,graphemic_component_candidate,corpus/003_graphemic-components/008_000701-000800_obs-comp-cand-bucket_component-candidates/702_obs-comp-cand-000702_obimd-sub-p6uj3n0aze_component-candidate,obimd-sub-p6uj3n0aze,obimd-sub-p6uj3n0aze;obimd-main-p6uj3n0aze,src-obimd,licensed_for_repository,needs_human_component_review,2026-06-20
obs-comp-cand-000703,graphemic_component_candidate,corpus/003_graphemic-components/008_000701-000800_obs-comp-cand-bucket_component-candidates/703_obs-comp-cand-000703_obimd-sub-i3lktxnh52_component-candidate,obimd-sub-i3lktxnh52,obimd-sub-i3lktxnh52;obimd-main-i3lktxnh52,src-obimd,licensed_for_repository,needs_human_component_review,2026-06-20
obs-comp-cand-000704,graphemic_component_candidate,corpus/003_graphemic-components/008_000701-000800_obs-comp-cand-bucket_component-candidates/704_obs-comp-cand-000704_obimd-sub-tz8yg6ysxa_component-candidate,obimd-sub-tz8yg6ysxa,obimd-sub-tz8yg6ysxa;obimd-main-i3lktxnh52,src-obimd,licensed_for_repository,needs_human_component_review,2026-06-20
obs-comp-cand-000705,graphemic_component_candidate,corpus/003_graphemic-components/008_000701-000800_obs-comp-cand-bucket_component-candidates/705_obs-comp-cand-000705_obimd-sub-1yymlqlzl6_component-candidate,obimd-sub-1yymlqlzl6,obimd-sub-1yymlqlzl6;obimd-main-1yymlqlzl6,src-obimd,licensed_for_repository,needs_human_component_review,2026-06-20
obs-comp-cand-000706,graphemic_component_candidate,corpus/003_graphemic-components/008_000701-000800_obs-comp-cand-bucket_component-candidates/706_obs-comp-cand-000706_obimd-sub-8zkptgx6l0_component-candidate,obimd-sub-8zkptgx6l0,obimd-sub-8zkptgx6l0;obimd-main-1yymlqlzl6,src-obimd,licensed_for_repository,needs_human_component_review,2026-06-20
obs-comp-cand-000707,graphemic_component_candidate,corpus/003_graphemic-components/008_000701-000800_obs-comp-cand-bucket_component-candidates/707_obs-comp-cand-000707_obimd-sub-ayjlria39o_component-candidate,obimd-sub-ayjlria39o,obimd-sub-ayjlria39o;obimd-main-ayjlria39o,src-obimd,licensed_for_repository,needs_human_component_review,2026-06-20
obs-comp-cand-000708,graphemic_component_candidate,corpus/003_graphemic-components/008_000701-000800_obs-comp-cand-bucket_component-candidates/708_obs-comp-cand-000708_obimd-sub-fd2xhqwsjk_component-candidate,obimd-sub-fd2xhqwsjk,obimd-sub-fd2xhqwsjk;obimd-main-fd2xhqwsjk,src-obimd,licensed_for_repository,needs_human_component_review,2026-06-20
obs-comp-cand-000709,graphemic_component_candidate,corpus/003_graphemic-components/008_000701-000800_obs-comp-cand-bucket_component-candidates/709_obs-comp-cand-000709_obimd-sub-d15m8dd17h_component-candidate,obimd-sub-d15m8dd17h,obimd-sub-d15m8dd17h;obimd-main-d15m8dd17h,src-obimd,licensed_for_repository,needs_human_component_review,2026-06-20
obs-comp-cand-000710,graphemic_component_candidate,corpus/003_graphemic-components/008_000701-000800_obs-comp-cand-bucket_component-candidates/710_obs-comp-cand-000710_obimd-sub-7dsqpte737_component-candidate,obimd-sub-7dsqpte737,obimd-sub-7dsqpte737;obimd-main-d15m8dd17h,src-obimd,licensed_for_repository,needs_human_component_review,2026-06-20
obs-comp-cand-000711,graphemic_component_candidate,corpus/003_graphemic-components/008_000701-000800_obs-comp-cand-bucket_component-candidates/711_obs-comp-cand-000711_obimd-sub-um3hp76w21_component-candidate,obimd-sub-um3hp76w21,obimd-sub-um3hp76w21;obimd-main-um3hp76w21,src-obimd,licensed_for_repository,needs_human_component_review,2026-06-20
obs-comp-cand-000712,graphemic_component_candidate,corpus/003_graphemic-components/008_000701-000800_obs-comp-cand-bucket_component-candidates/712_obs-comp-cand-000712_obimd-sub-s73v9sbqaz_component-candidate,obimd-sub-s73v9sbqaz,obimd-sub-s73v9sbqaz;obimd-main-s73v9sbqaz,src-obimd,licensed_for_repository,needs_human_component_review,2026-06-20
obs-comp-cand-000713,graphemic_component_candidate,corpus/003_graphemic-components/008_000701-000800_obs-comp-cand-bucket_component-candidates/713_obs-comp-cand-000713_obimd-sub-ghyo99f0x8_component-candidate,obimd-sub-ghyo99f0x8,obimd-sub-ghyo99f0x8;obimd-main-ghyo99f0x8,src-obimd,licensed_for_repository,needs_human_component_review,2026-06-20
obs-comp-cand-000714,graphemic_component_candidate,corpus/003_graphemic-components/008_000701-000800_obs-comp-cand-bucket_component-candidates/714_obs-comp-cand-000714_obimd-sub-5zeokzncln_component-candidate,obimd-sub-5zeokzncln,obimd-sub-5zeokzncln;obimd-main-5zeokzncln,src-obimd,licensed_for_repository,needs_human_component_review,2026-06-20
obs-comp-cand-000715,graphemic_component_candidate,corpus/003_graphemic-components/008_000701-000800_obs-comp-cand-bucket_component-candidates/715_obs-comp-cand-000715_obimd-sub-whbme1jduq_component-candidate,obimd-sub-whbme1jduq,obimd-sub-whbme1jduq;obimd-main-lr27sngh2z,src-obimd,licensed_for_repository,needs_human_component_review,2026-06-20
obs-comp-cand-000716,graphemic_component_candidate,corpus/003_graphemic-components/008_000701-000800_obs-comp-cand-bucket_component-candidates/716_obs-comp-cand-000716_obimd-sub-5a2wm8cszb_component-candidate,obimd-sub-5a2wm8cszb,obimd-sub-5a2wm8cszb;obimd-main-lr27sngh2z,src-obimd,licensed_for_repository,needs_human_component_review,2026-06-20
obs-comp-cand-000717,graphemic_component_candidate,corpus/003_graphemic-components/008_000701-000800_obs-comp-cand-bucket_component-candidates/717_obs-comp-cand-000717_obimd-sub-omtx3jpdtq_component-candidate,obimd-sub-omtx3jpdtq,obimd-sub-omtx3jpdtq;obimd-main-omtx3jpdtq,src-obimd,licensed_for_repository,needs_human_component_review,2026-06-20
obs-comp-cand-000718,graphemic_component_candidate,corpus/003_graphemic-components/008_000701-000800_obs-comp-cand-bucket_component-candidates/718_obs-comp-cand-000718_obimd-sub-5l2g3imogi_component-candidate,obimd-sub-5l2g3imogi,obimd-sub-5l2g3imogi;obimd-main-5l2g3imogi,src-obimd,licensed_for_repository,needs_human_component_review,2026-06-20
obs-comp-cand-000719,graphemic_component_candidate,corpus/003_graphemic-components/008_000701-000800_obs-comp-cand-bucket_component-candidates/719_obs-comp-cand-000719_obimd-sub-tpx3x8k9lm_component-candidate,obimd-sub-tpx3x8k9lm,obimd-sub-tpx3x8k9lm;obimd-main-tpx3x8k9lm,src-obimd,licensed_for_repository,needs_human_component_review,2026-06-20
obs-comp-cand-000720,graphemic_component_candidate,corpus/003_graphemic-components/008_000701-000800_obs-comp-cand-bucket_component-candidates/720_obs-comp-cand-000720_obimd-sub-g5n5rqvdxo_component-candidate,obimd-sub-g5n5rqvdxo,obimd-sub-g5n5rqvdxo;obimd-main-g5n5rqvdxo,src-obimd,licensed_for_repository,needs_human_component_review,2026-06-20
obs-comp-cand-000721,graphemic_component_candidate,corpus/003_graphemic-components/008_000701-000800_obs-comp-cand-bucket_component-candidates/721_obs-comp-cand-000721_obimd-sub-1bdnhihf1z_component-candidate,obimd-sub-1bdnhihf1z,obimd-sub-1bdnhihf1z;obimd-main-1bdnhihf1z,src-obimd,licensed_for_repository,needs_human_component_review,2026-06-20
obs-comp-cand-000722,graphemic_component_candidate,corpus/003_graphemic-components/008_000701-000800_obs-comp-cand-bucket_component-candidates/722_obs-comp-cand-000722_obimd-sub-bjuu7rps2w_component-candidate,obimd-sub-bjuu7rps2w,obimd-sub-bjuu7rps2w;obimd-main-bjuu7rps2w,src-obimd,licensed_for_repository,needs_human_component_review,2026-06-20
obs-comp-cand-000723,graphemic_component_candidate,corpus/003_graphemic-components/008_000701-000800_obs-comp-cand-bucket_component-candidates/723_obs-comp-cand-000723_obimd-sub-rvr9wfrhx5_component-candidate,obimd-sub-rvr9wfrhx5,obimd-sub-rvr9wfrhx5;obimd-main-rvr9wfrhx5,src-obimd,licensed_for_repository,needs_human_component_review,2026-06-20
obs-comp-cand-000724,graphemic_component_candidate,corpus/003_graphemic-components/008_000701-000800_obs-comp-cand-bucket_component-candidates/724_obs-comp-cand-000724_obimd-sub-2vxnlll830_component-candidate,obimd-sub-2vxnlll830,obimd-sub-2vxnlll830;obimd-main-rvr9wfrhx5,src-obimd,licensed_for_repository,needs_human_component_review,2026-06-20
obs-comp-cand-000725,graphemic_component_candidate,corpus/003_graphemic-components/008_000701-000800_obs-comp-cand-bucket_component-candidates/725_obs-comp-cand-000725_obimd-sub-lv504kyqxb_component-candidate,obimd-sub-lv504kyqxb,obimd-sub-lv504kyqxb;obimd-main-lv504kyqxb,src-obimd,licensed_for_repository,needs_human_component_review,2026-06-20
obs-comp-cand-000726,graphemic_component_candidate,corpus/003_graphemic-components/008_000701-000800_obs-comp-cand-bucket_component-candidates/726_obs-comp-cand-000726_obimd-sub-tyn2yfryvp_component-candidate,obimd-sub-tyn2yfryvp,obimd-sub-tyn2yfryvp;obimd-main-tyn2yfryvp,src-obimd,licensed_for_repository,needs_human_component_review,2026-06-20
obs-comp-cand-000727,graphemic_component_candidate,corpus/003_graphemic-components/008_000701-000800_obs-comp-cand-bucket_component-candidates/727_obs-comp-cand-000727_obimd-sub-00f3sg6op0_component-candidate,obimd-sub-00f3sg6op0,obimd-sub-00f3sg6op0;obimd-main-tyn2yfryvp,src-obimd,licensed_for_repository,needs_human_component_review,2026-06-20
obs-comp-cand-000728,graphemic_component_candidate,corpus/003_graphemic-components/008_000701-000800_obs-comp-cand-bucket_component-candidates/728_obs-comp-cand-000728_obimd-sub-fg2clh0hsl_component-candidate,obimd-sub-fg2clh0hsl,obimd-sub-fg2clh0hsl;obimd-main-fg2clh0hsl,src-obimd,licensed_for_repository,needs_human_component_review,2026-06-20
obs-comp-cand-000729,graphemic_component_candidate,corpus/003_graphemic-components/008_000701-000800_obs-comp-cand-bucket_component-candidates/729_obs-comp-cand-000729_obimd-sub-i72tgmcydj_component-candidate,obimd-sub-i72tgmcydj,obimd-sub-i72tgmcydj;obimd-main-i72tgmcydj,src-obimd,licensed_for_repository,needs_human_component_review,2026-06-20
obs-comp-cand-000730,graphemic_component_candidate,corpus/003_graphemic-components/008_000701-000800_obs-comp-cand-bucket_component-candidates/730_obs-comp-cand-000730_obimd-sub-0fjs8401bp_component-candidate,obimd-sub-0fjs8401bp,obimd-sub-0fjs8401bp;obimd-main-0fjs8401bp,src-obimd,licensed_for_repository,needs_human_component_review,2026-06-20
obs-comp-cand-000731,graphemic_component_candidate,corpus/003_graphemic-components/008_000701-000800_obs-comp-cand-bucket_component-candidates/731_obs-comp-cand-000731_obimd-sub-u3sbvhaz98_component-candidate,obimd-sub-u3sbvhaz98,obimd-sub-u3sbvhaz98;obimd-main-0fjs8401bp,src-obimd,licensed_for_repository,needs_human_component_review,2026-06-20
obs-comp-cand-000732,graphemic_component_candidate,corpus/003_graphemic-components/008_000701-000800_obs-comp-cand-bucket_component-candidates/732_obs-comp-cand-000732_obimd-sub-ce7ek63y0o_component-candidate,obimd-sub-ce7ek63y0o,obimd-sub-ce7ek63y0o;obimd-main-ce7ek63y0o,src-obimd,licensed_for_repository,needs_human_component_review,2026-06-20
obs-comp-cand-000733,graphemic_component_candidate,corpus/003_graphemic-components/008_000701-000800_obs-comp-cand-bucket_component-candidates/733_obs-comp-cand-000733_obimd-sub-yx84jabecs_component-candidate,obimd-sub-yx84jabecs,obimd-sub-yx84jabecs;obimd-main-ce7ek63y0o,src-obimd,licensed_for_repository,needs_human_component_review,2026-06-20
obs-comp-cand-000734,graphemic_component_candidate,corpus/003_graphemic-components/008_000701-000800_obs-comp-cand-bucket_component-candidates/734_obs-comp-cand-000734_obimd-sub-vvqlhyb7jr_component-candidate,obimd-sub-vvqlhyb7jr,obimd-sub-vvqlhyb7jr;obimd-main-vvqlhyb7jr,src-obimd,licensed_for_repository,needs_human_component_review,2026-06-20
obs-comp-cand-000735,graphemic_component_candidate,corpus/003_graphemic-components/008_000701-000800_obs-comp-cand-bucket_component-candidates/735_obs-comp-cand-000735_obimd-sub-9h2kq1x7jg_component-candidate,obimd-sub-9h2kq1x7jg,obimd-sub-9h2kq1x7jg;obimd-main-9h2kq1x7jg,src-obimd,licensed_for_repository,needs_human_component_review,2026-06-20
obs-comp-cand-000736,graphemic_component_candidate,corpus/003_graphemic-components/008_000701-000800_obs-comp-cand-bucket_component-candidates/736_obs-comp-cand-000736_obimd-sub-rc6s5fhd2k_component-candidate,obimd-sub-rc6s5fhd2k,obimd-sub-rc6s5fhd2k;obimd-main-rc6s5fhd2k,src-obimd,licensed_for_repository,needs_human_component_review,2026-06-20
obs-comp-cand-000737,graphemic_component_candidate,corpus/003_graphemic-components/008_000701-000800_obs-comp-cand-bucket_component-candidates/737_obs-comp-cand-000737_obimd-sub-epvptolw9r_component-candidate,obimd-sub-epvptolw9r,obimd-sub-epvptolw9r;obimd-main-epvptolw9r,src-obimd,licensed_for_repository,needs_human_component_review,2026-06-20
obs-comp-cand-000738,graphemic_component_candidate,corpus/003_graphemic-components/008_000701-000800_obs-comp-cand-bucket_component-candidates/738_obs-comp-cand-000738_obimd-sub-2npqcwn2oc_component-candidate,obimd-sub-2npqcwn2oc,obimd-sub-2npqcwn2oc;obimd-main-2npqcwn2oc,src-obimd,licensed_for_repository,needs_human_component_review,2026-06-20
obs-comp-cand-000739,graphemic_component_candidate,corpus/003_graphemic-components/008_000701-000800_obs-comp-cand-bucket_component-candidates/739_obs-comp-cand-000739_obimd-sub-vxs7geukz8_component-candidate,obimd-sub-vxs7geukz8,obimd-sub-vxs7geukz8;obimd-main-vxs7geukz8,src-obimd,licensed_for_repository,needs_human_component_review,2026-06-20
obs-comp-cand-000740,graphemic_component_candidate,corpus/003_graphemic-components/008_000701-000800_obs-comp-cand-bucket_component-candidates/740_obs-comp-cand-000740_obimd-sub-akl0kdke8r_component-candidate,obimd-sub-akl0kdke8r,obimd-sub-akl0kdke8r;obimd-main-akl0kdke8r,src-obimd,licensed_for_repository,needs_human_component_review,2026-06-20
obs-comp-cand-000741,graphemic_component_candidate,corpus/003_graphemic-components/008_000701-000800_obs-comp-cand-bucket_component-candidates/741_obs-comp-cand-000741_obimd-sub-8rsxxxceql_component-candidate,obimd-sub-8rsxxxceql,obimd-sub-8rsxxxceql;obimd-main-akl0kdke8r,src-obimd,licensed_for_repository,needs_human_component_review,2026-06-20
obs-comp-cand-000742,graphemic_component_candidate,corpus/003_graphemic-components/008_000701-000800_obs-comp-cand-bucket_component-candidates/742_obs-comp-cand-000742_obimd-sub-5n30uigzj6_component-candidate,obimd-sub-5n30uigzj6,obimd-sub-5n30uigzj6;obimd-main-5n30uigzj6,src-obimd,licensed_for_repository,needs_human_component_review,2026-06-20
obs-comp-cand-000743,graphemic_component_candidate,corpus/003_graphemic-components/008_000701-000800_obs-comp-cand-bucket_component-candidates/743_obs-comp-cand-000743_obimd-sub-wkxzwjhuod_component-candidate,obimd-sub-wkxzwjhuod,obimd-sub-wkxzwjhuod;obimd-main-5n30uigzj6,src-obimd,licensed_for_repository,needs_human_component_review,2026-06-20
obs-comp-cand-000744,graphemic_component_candidate,corpus/003_graphemic-components/008_000701-000800_obs-comp-cand-bucket_component-candidates/744_obs-comp-cand-000744_obimd-sub-n0bfvspr0d_component-candidate,obimd-sub-n0bfvspr0d,obimd-sub-n0bfvspr0d;obimd-main-n0bfvspr0d,src-obimd,licensed_for_repository,needs_human_component_review,2026-06-20
obs-comp-cand-000745,graphemic_component_candidate,corpus/003_graphemic-components/008_000701-000800_obs-comp-cand-bucket_component-candidates/745_obs-comp-cand-000745_obimd-sub-p4m7ph8tz5_component-candidate,obimd-sub-p4m7ph8tz5,obimd-sub-p4m7ph8tz5;obimd-main-n0bfvspr0d,src-obimd,licensed_for_repository,needs_human_component_review,2026-06-20
obs-comp-cand-000746,graphemic_component_candidate,corpus/003_graphemic-components/008_000701-000800_obs-comp-cand-bucket_component-candidates/746_obs-comp-cand-000746_obimd-sub-56uvvmej7x_component-candidate,obimd-sub-56uvvmej7x,obimd-sub-56uvvmej7x;obimd-main-56uvvmej7x,src-obimd,licensed_for_repository,needs_human_component_review,2026-06-20
obs-comp-cand-000747,graphemic_component_candidate,corpus/003_graphemic-components/008_000701-000800_obs-comp-cand-bucket_component-candidates/747_obs-comp-cand-000747_obimd-sub-ep7qnow4pv_component-candidate,obimd-sub-ep7qnow4pv,obimd-sub-ep7qnow4pv;obimd-main-ep7qnow4pv,src-obimd,licensed_for_repository,needs_human_component_review,2026-06-20
obs-comp-cand-000748,graphemic_component_candidate,corpus/003_graphemic-components/008_000701-000800_obs-comp-cand-bucket_component-candidates/748_obs-comp-cand-000748_obimd-sub-blujwexum1_component-candidate,obimd-sub-blujwexum1,obimd-sub-blujwexum1;obimd-main-blujwexum1,src-obimd,licensed_for_repository,needs_human_component_review,2026-06-20
obs-comp-cand-000749,graphemic_component_candidate,corpus/003_graphemic-components/008_000701-000800_obs-comp-cand-bucket_component-candidates/749_obs-comp-cand-000749_obimd-sub-a675ctdqop_component-candidate,obimd-sub-a675ctdqop,obimd-sub-a675ctdqop;obimd-main-a675ctdqop,src-obimd,licensed_for_repository,needs_human_component_review,2026-06-20
obs-comp-cand-000750,graphemic_component_candidate,corpus/003_graphemic-components/008_000701-000800_obs-comp-cand-bucket_component-candidates/750_obs-comp-cand-000750_obimd-sub-uho2ds1twg_component-candidate,obimd-sub-uho2ds1twg,obimd-sub-uho2ds1twg;obimd-main-uho2ds1twg,src-obimd,licensed_for_repository,needs_human_component_review,2026-06-20
obs-comp-cand-000751,graphemic_component_candidate,corpus/003_graphemic-components/008_000701-000800_obs-comp-cand-bucket_component-candidates/751_obs-comp-cand-000751_obimd-sub-h81pl2i5a6_component-candidate,obimd-sub-h81pl2i5a6,obimd-sub-h81pl2i5a6;obimd-main-h81pl2i5a6,src-obimd,licensed_for_repository,needs_human_component_review,2026-06-20
obs-comp-cand-000752,graphemic_component_candidate,corpus/003_graphemic-components/008_000701-000800_obs-comp-cand-bucket_component-candidates/752_obs-comp-cand-000752_obimd-sub-dufdrlb2h7_component-candidate,obimd-sub-dufdrlb2h7,obimd-sub-dufdrlb2h7;obimd-main-h81pl2i5a6,src-obimd,licensed_for_repository,needs_human_component_review,2026-06-20
obs-comp-cand-000753,graphemic_component_candidate,corpus/003_graphemic-components/008_000701-000800_obs-comp-cand-bucket_component-candidates/753_obs-comp-cand-000753_obimd-sub-27zri73hga_component-candidate,obimd-sub-27zri73hga,obimd-sub-27zri73hga;obimd-main-27zri73hga,src-obimd,licensed_for_repository,needs_human_component_review,2026-06-20
obs-comp-cand-000754,graphemic_component_candidate,corpus/003_graphemic-components/008_000701-000800_obs-comp-cand-bucket_component-candidates/754_obs-comp-cand-000754_obimd-sub-gaf7rmekoj_component-candidate,obimd-sub-gaf7rmekoj,obimd-sub-gaf7rmekoj;obimd-main-gaf7rmekoj,src-obimd,licensed_for_repository,needs_human_component_review,2026-06-20
obs-comp-cand-000755,graphemic_component_candidate,corpus/003_graphemic-components/008_000701-000800_obs-comp-cand-bucket_component-candidates/755_obs-comp-cand-000755_obimd-sub-0vux7erp7z_component-candidate,obimd-sub-0vux7erp7z,obimd-sub-0vux7erp7z;obimd-main-gaf7rmekoj,src-obimd,licensed_for_repository,needs_human_component_review,2026-06-20
obs-comp-cand-000756,graphemic_component_candidate,corpus/003_graphemic-components/008_000701-000800_obs-comp-cand-bucket_component-candidates/756_obs-comp-cand-000756_obimd-sub-ly975u80wd_component-candidate,obimd-sub-ly975u80wd,obimd-sub-ly975u80wd;obimd-main-ly975u80wd,src-obimd,licensed_for_repository,needs_human_component_review,2026-06-20
obs-comp-cand-000757,graphemic_component_candidate,corpus/003_graphemic-components/008_000701-000800_obs-comp-cand-bucket_component-candidates/757_obs-comp-cand-000757_obimd-sub-uxd7qgx60f_component-candidate,obimd-sub-uxd7qgx60f,obimd-sub-uxd7qgx60f;obimd-main-uxd7qgx60f,src-obimd,licensed_for_repository,needs_human_component_review,2026-06-20
obs-comp-cand-000758,graphemic_component_candidate,corpus/003_graphemic-components/008_000701-000800_obs-comp-cand-bucket_component-candidates/758_obs-comp-cand-000758_obimd-sub-7nw813njs0_component-candidate,obimd-sub-7nw813njs0,obimd-sub-7nw813njs0;obimd-main-7nw813njs0,src-obimd,licensed_for_repository,needs_human_component_review,2026-06-20
obs-comp-cand-000759,graphemic_component_candidate,corpus/003_graphemic-components/008_000701-000800_obs-comp-cand-bucket_component-candidates/759_obs-comp-cand-000759_obimd-sub-rxp0h9qzt7_component-candidate,obimd-sub-rxp0h9qzt7,obimd-sub-rxp0h9qzt7;obimd-main-7nw813njs0,src-obimd,licensed_for_repository,needs_human_component_review,2026-06-20
obs-comp-cand-000760,graphemic_component_candidate,corpus/003_graphemic-components/008_000701-000800_obs-comp-cand-bucket_component-candidates/760_obs-comp-cand-000760_obimd-sub-eo0l82trxl_component-candidate,obimd-sub-eo0l82trxl,obimd-sub-eo0l82trxl;obimd-main-7nw813njs0,src-obimd,licensed_for_repository,needs_human_component_review,2026-06-20
obs-comp-cand-000761,graphemic_component_candidate,corpus/003_graphemic-components/008_000701-000800_obs-comp-cand-bucket_component-candidates/761_obs-comp-cand-000761_obimd-sub-nufbzasiq7_component-candidate,obimd-sub-nufbzasiq7,obimd-sub-nufbzasiq7;obimd-main-nufbzasiq7,src-obimd,licensed_for_repository,needs_human_component_review,2026-06-20
obs-comp-cand-000762,graphemic_component_candidate,corpus/003_graphemic-components/008_000701-000800_obs-comp-cand-bucket_component-candidates/762_obs-comp-cand-000762_obimd-sub-dpcoqc8hoy_component-candidate,obimd-sub-dpcoqc8hoy,obimd-sub-dpcoqc8hoy;obimd-main-dpcoqc8hoy,src-obimd,licensed_for_repository,needs_human_component_review,2026-06-20
obs-comp-cand-000763,graphemic_component_candidate,corpus/003_graphemic-components/008_000701-000800_obs-comp-cand-bucket_component-candidates/763_obs-comp-cand-000763_obimd-sub-ohovbcjeax_component-candidate,obimd-sub-ohovbcjeax,obimd-sub-ohovbcjeax;obimd-main-ohovbcjeax,src-obimd,licensed_for_repository,needs_human_component_review,2026-06-20
obs-comp-cand-000764,graphemic_component_candidate,corpus/003_graphemic-components/008_000701-000800_obs-comp-cand-bucket_component-candidates/764_obs-comp-cand-000764_obimd-sub-qupjlwzsf8_component-candidate,obimd-sub-qupjlwzsf8,obimd-sub-qupjlwzsf8;obimd-main-ohovbcjeax,src-obimd,licensed_for_repository,needs_human_component_review,2026-06-20
obs-comp-cand-000765,graphemic_component_candidate,corpus/003_graphemic-components/008_000701-000800_obs-comp-cand-bucket_component-candidates/765_obs-comp-cand-000765_obimd-sub-deedlyt9l2_component-candidate,obimd-sub-deedlyt9l2,obimd-sub-deedlyt9l2;obimd-main-ohovbcjeax,src-obimd,licensed_for_repository,needs_human_component_review,2026-06-20
obs-comp-cand-000766,graphemic_component_candidate,corpus/003_graphemic-components/008_000701-000800_obs-comp-cand-bucket_component-candidates/766_obs-comp-cand-000766_obimd-sub-imnwy7c15d_component-candidate,obimd-sub-imnwy7c15d,obimd-sub-imnwy7c15d;obimd-main-imnwy7c15d,src-obimd,licensed_for_repository,needs_human_component_review,2026-06-20
obs-comp-cand-000767,graphemic_component_candidate,corpus/003_graphemic-components/008_000701-000800_obs-comp-cand-bucket_component-candidates/767_obs-comp-cand-000767_obimd-sub-rmhcdsa8k2_component-candidate,obimd-sub-rmhcdsa8k2,obimd-sub-rmhcdsa8k2;obimd-main-imnwy7c15d,src-obimd,licensed_for_repository,needs_human_component_review,2026-06-20
obs-comp-cand-000768,graphemic_component_candidate,corpus/003_graphemic-components/008_000701-000800_obs-comp-cand-bucket_component-candidates/768_obs-comp-cand-000768_obimd-sub-ow05gzmj82_component-candidate,obimd-sub-ow05gzmj82,obimd-sub-ow05gzmj82;obimd-main-ow05gzmj82,src-obimd,licensed_for_repository,needs_human_component_review,2026-06-20
obs-comp-cand-000769,graphemic_component_candidate,corpus/003_graphemic-components/008_000701-000800_obs-comp-cand-bucket_component-candidates/769_obs-comp-cand-000769_obimd-sub-lv32d9tz8g_component-candidate,obimd-sub-lv32d9tz8g,obimd-sub-lv32d9tz8g;obimd-main-lv32d9tz8g,src-obimd,licensed_for_repository,needs_human_component_review,2026-06-20
obs-comp-cand-000770,graphemic_component_candidate,corpus/003_graphemic-components/008_000701-000800_obs-comp-cand-bucket_component-candidates/770_obs-comp-cand-000770_obimd-sub-ruzzbnlub4_component-candidate,obimd-sub-ruzzbnlub4,obimd-sub-ruzzbnlub4;obimd-main-lv32d9tz8g,src-obimd,licensed_for_repository,needs_human_component_review,2026-06-20
obs-comp-cand-000771,graphemic_component_candidate,corpus/003_graphemic-components/008_000701-000800_obs-comp-cand-bucket_component-candidates/771_obs-comp-cand-000771_obimd-sub-bh3e3oql61_component-candidate,obimd-sub-bh3e3oql61,obimd-sub-bh3e3oql61;obimd-main-bh3e3oql61,src-obimd,licensed_for_repository,needs_human_component_review,2026-06-20
obs-comp-cand-000772,graphemic_component_candidate,corpus/003_graphemic-components/008_000701-000800_obs-comp-cand-bucket_component-candidates/772_obs-comp-cand-000772_obimd-sub-ju36m47psc_component-candidate,obimd-sub-ju36m47psc,obimd-sub-ju36m47psc;obimd-main-ju36m47psc,src-obimd,licensed_for_repository,needs_human_component_review,2026-06-20
obs-comp-cand-000773,graphemic_component_candidate,corpus/003_graphemic-components/008_000701-000800_obs-comp-cand-bucket_component-candidates/773_obs-comp-cand-000773_obimd-sub-3b0uqjbbv5_component-candidate,obimd-sub-3b0uqjbbv5,obimd-sub-3b0uqjbbv5;obimd-main-3b0uqjbbv5,src-obimd,licensed_for_repository,needs_human_component_review,2026-06-20
obs-comp-cand-000774,graphemic_component_candidate,corpus/003_graphemic-components/008_000701-000800_obs-comp-cand-bucket_component-candidates/774_obs-comp-cand-000774_obimd-sub-gu3h3yqtk3_component-candidate,obimd-sub-gu3h3yqtk3,obimd-sub-gu3h3yqtk3;obimd-main-gu3h3yqtk3,src-obimd,licensed_for_repository,needs_human_component_review,2026-06-20
obs-comp-cand-000775,graphemic_component_candidate,corpus/003_graphemic-components/008_000701-000800_obs-comp-cand-bucket_component-candidates/775_obs-comp-cand-000775_obimd-sub-yrxflndwvy_component-candidate,obimd-sub-yrxflndwvy,obimd-sub-yrxflndwvy;obimd-main-yrxflndwvy,src-obimd,licensed_for_repository,needs_human_component_review,2026-06-20
obs-comp-cand-000776,graphemic_component_candidate,corpus/003_graphemic-components/008_000701-000800_obs-comp-cand-bucket_component-candidates/776_obs-comp-cand-000776_obimd-sub-sh7a1mn6c0_component-candidate,obimd-sub-sh7a1mn6c0,obimd-sub-sh7a1mn6c0;obimd-main-yrxflndwvy,src-obimd,licensed_for_repository,needs_human_component_review,2026-06-20
obs-comp-cand-000777,graphemic_component_candidate,corpus/003_graphemic-components/008_000701-000800_obs-comp-cand-bucket_component-candidates/777_obs-comp-cand-000777_obimd-sub-q8h6imnxgj_component-candidate,obimd-sub-q8h6imnxgj,obimd-sub-q8h6imnxgj;obimd-main-yrxflndwvy,src-obimd,licensed_for_repository,needs_human_component_review,2026-06-20
obs-comp-cand-000778,graphemic_component_candidate,corpus/003_graphemic-components/008_000701-000800_obs-comp-cand-bucket_component-candidates/778_obs-comp-cand-000778_obimd-sub-xrunr8ile9_component-candidate,obimd-sub-xrunr8ile9,obimd-sub-xrunr8ile9;obimd-main-yrxflndwvy,src-obimd,licensed_for_repository,needs_human_component_review,2026-06-20
obs-comp-cand-000779,graphemic_component_candidate,corpus/003_graphemic-components/008_000701-000800_obs-comp-cand-bucket_component-candidates/779_obs-comp-cand-000779_obimd-sub-tcsq703q9l_component-candidate,obimd-sub-tcsq703q9l,obimd-sub-tcsq703q9l;obimd-main-yrxflndwvy,src-obimd,licensed_for_repository,needs_human_component_review,2026-06-20
obs-comp-cand-000780,graphemic_component_candidate,corpus/003_graphemic-components/008_000701-000800_obs-comp-cand-bucket_component-candidates/780_obs-comp-cand-000780_obimd-sub-id3ukdqfpz_component-candidate,obimd-sub-id3ukdqfpz,obimd-sub-id3ukdqfpz;obimd-main-yrxflndwvy,src-obimd,licensed_for_repository,needs_human_component_review,2026-06-20
obs-comp-cand-000781,graphemic_component_candidate,corpus/003_graphemic-components/008_000701-000800_obs-comp-cand-bucket_component-candidates/781_obs-comp-cand-000781_obimd-sub-llttpz4l8h_component-candidate,obimd-sub-llttpz4l8h,obimd-sub-llttpz4l8h;obimd-main-llttpz4l8h,src-obimd,licensed_for_repository,needs_human_component_review,2026-06-20
obs-comp-cand-000782,graphemic_component_candidate,corpus/003_graphemic-components/008_000701-000800_obs-comp-cand-bucket_component-candidates/782_obs-comp-cand-000782_obimd-sub-pom51uh91r_component-candidate,obimd-sub-pom51uh91r,obimd-sub-pom51uh91r;obimd-main-llttpz4l8h,src-obimd,licensed_for_repository,needs_human_component_review,2026-06-20
obs-comp-cand-000783,graphemic_component_candidate,corpus/003_graphemic-components/008_000701-000800_obs-comp-cand-bucket_component-candidates/783_obs-comp-cand-000783_obimd-sub-rlqhtdfgnc_component-candidate,obimd-sub-rlqhtdfgnc,obimd-sub-rlqhtdfgnc;obimd-main-llttpz4l8h,src-obimd,licensed_for_repository,needs_human_component_review,2026-06-20
obs-comp-cand-000784,graphemic_component_candidate,corpus/003_graphemic-components/008_000701-000800_obs-comp-cand-bucket_component-candidates/784_obs-comp-cand-000784_obimd-sub-zsmvdq869o_component-candidate,obimd-sub-zsmvdq869o,obimd-sub-zsmvdq869o;obimd-main-zsmvdq869o,src-obimd,licensed_for_repository,needs_human_component_review,2026-06-20
obs-comp-cand-000785,graphemic_component_candidate,corpus/003_graphemic-components/008_000701-000800_obs-comp-cand-bucket_component-candidates/785_obs-comp-cand-000785_obimd-sub-6p9s6p6wyb_component-candidate,obimd-sub-6p9s6p6wyb,obimd-sub-6p9s6p6wyb;obimd-main-6p9s6p6wyb,src-obimd,licensed_for_repository,needs_human_component_review,2026-06-20
obs-comp-cand-000786,graphemic_component_candidate,corpus/003_graphemic-components/008_000701-000800_obs-comp-cand-bucket_component-candidates/786_obs-comp-cand-000786_obimd-sub-9l33hrro5b_component-candidate,obimd-sub-9l33hrro5b,obimd-sub-9l33hrro5b;obimd-main-6p9s6p6wyb,src-obimd,licensed_for_repository,needs_human_component_review,2026-06-20
obs-comp-cand-000787,graphemic_component_candidate,corpus/003_graphemic-components/008_000701-000800_obs-comp-cand-bucket_component-candidates/787_obs-comp-cand-000787_obimd-sub-mipnbqron8_component-candidate,obimd-sub-mipnbqron8,obimd-sub-mipnbqron8;obimd-main-6p9s6p6wyb,src-obimd,licensed_for_repository,needs_human_component_review,2026-06-20
obs-comp-cand-000788,graphemic_component_candidate,corpus/003_graphemic-components/008_000701-000800_obs-comp-cand-bucket_component-candidates/788_obs-comp-cand-000788_obimd-sub-p0jfbeb60l_component-candidate,obimd-sub-p0jfbeb60l,obimd-sub-p0jfbeb60l;obimd-main-6p9s6p6wyb,src-obimd,licensed_for_repository,needs_human_component_review,2026-06-20
obs-comp-cand-000789,graphemic_component_candidate,corpus/003_graphemic-components/008_000701-000800_obs-comp-cand-bucket_component-candidates/789_obs-comp-cand-000789_obimd-sub-qp3qwgpicn_component-candidate,obimd-sub-qp3qwgpicn,obimd-sub-qp3qwgpicn;obimd-main-6p9s6p6wyb,src-obimd,licensed_for_repository,needs_human_component_review,2026-06-20
obs-comp-cand-000790,graphemic_component_candidate,corpus/003_graphemic-components/008_000701-000800_obs-comp-cand-bucket_component-candidates/790_obs-comp-cand-000790_obimd-sub-72l1rujscv_component-candidate,obimd-sub-72l1rujscv,obimd-sub-72l1rujscv;obimd-main-6p9s6p6wyb,src-obimd,licensed_for_repository,needs_human_component_review,2026-06-20
obs-comp-cand-000791,graphemic_component_candidate,corpus/003_graphemic-components/008_000701-000800_obs-comp-cand-bucket_component-candidates/791_obs-comp-cand-000791_obimd-sub-sf44z4hefg_component-candidate,obimd-sub-sf44z4hefg,obimd-sub-sf44z4hefg;obimd-main-6p9s6p6wyb,src-obimd,licensed_for_repository,needs_human_component_review,2026-06-20
obs-comp-cand-000792,graphemic_component_candidate,corpus/003_graphemic-components/008_000701-000800_obs-comp-cand-bucket_component-candidates/792_obs-comp-cand-000792_obimd-sub-qiadjct48b_component-candidate,obimd-sub-qiadjct48b,obimd-sub-qiadjct48b;obimd-main-6p9s6p6wyb,src-obimd,licensed_for_repository,needs_human_component_review,2026-06-20
obs-comp-cand-000793,graphemic_component_candidate,corpus/003_graphemic-components/008_000701-000800_obs-comp-cand-bucket_component-candidates/793_obs-comp-cand-000793_obimd-sub-nxavm65mg3_component-candidate,obimd-sub-nxavm65mg3,obimd-sub-nxavm65mg3;obimd-main-nxavm65mg3,src-obimd,licensed_for_repository,needs_human_component_review,2026-06-20
obs-comp-cand-000794,graphemic_component_candidate,corpus/003_graphemic-components/008_000701-000800_obs-comp-cand-bucket_component-candidates/794_obs-comp-cand-000794_obimd-sub-n8gtp0zet1_component-candidate,obimd-sub-n8gtp0zet1,obimd-sub-n8gtp0zet1;obimd-main-nxavm65mg3,src-obimd,licensed_for_repository,needs_human_component_review,2026-06-20
obs-comp-cand-000795,graphemic_component_candidate,corpus/003_graphemic-components/008_000701-000800_obs-comp-cand-bucket_component-candidates/795_obs-comp-cand-000795_obimd-sub-2tq601zel0_component-candidate,obimd-sub-2tq601zel0,obimd-sub-2tq601zel0;obimd-main-2tq601zel0,src-obimd,licensed_for_repository,needs_human_component_review,2026-06-20
obs-comp-cand-000796,graphemic_component_candidate,corpus/003_graphemic-components/008_000701-000800_obs-comp-cand-bucket_component-candidates/796_obs-comp-cand-000796_obimd-sub-obbko8nghy_component-candidate,obimd-sub-obbko8nghy,obimd-sub-obbko8nghy;obimd-main-2tq601zel0,src-obimd,licensed_for_repository,needs_human_component_review,2026-06-20
obs-comp-cand-000797,graphemic_component_candidate,corpus/003_graphemic-components/008_000701-000800_obs-comp-cand-bucket_component-candidates/797_obs-comp-cand-000797_obimd-sub-157oakkjry_component-candidate,obimd-sub-157oakkjry,obimd-sub-157oakkjry;obimd-main-2tq601zel0,src-obimd,licensed_for_repository,needs_human_component_review,2026-06-20
obs-comp-cand-000798,graphemic_component_candidate,corpus/003_graphemic-components/008_000701-000800_obs-comp-cand-bucket_component-candidates/798_obs-comp-cand-000798_obimd-sub-4j5hjsdkwc_component-candidate,obimd-sub-4j5hjsdkwc,obimd-sub-4j5hjsdkwc;obimd-main-4j5hjsdkwc,src-obimd,licensed_for_repository,needs_human_component_review,2026-06-20
obs-comp-cand-000799,graphemic_component_candidate,corpus/003_graphemic-components/008_000701-000800_obs-comp-cand-bucket_component-candidates/799_obs-comp-cand-000799_obimd-sub-nhf7toedg3_component-candidate,obimd-sub-nhf7toedg3,obimd-sub-nhf7toedg3;obimd-main-4j5hjsdkwc,src-obimd,licensed_for_repository,needs_human_component_review,2026-06-20
obs-comp-cand-000800,graphemic_component_candidate,corpus/003_graphemic-components/008_000701-000800_obs-comp-cand-bucket_component-candidates/800_obs-comp-cand-000800_obimd-sub-d3s81gcr2d_component-candidate,obimd-sub-d3s81gcr2d,obimd-sub-d3s81gcr2d;obimd-main-4j5hjsdkwc,src-obimd,licensed_for_repository,needs_human_component_review,2026-06-20
obs-comp-cand-000801,graphemic_component_candidate,corpus/003_graphemic-components/009_000801-000900_obs-comp-cand-bucket_component-candidates/801_obs-comp-cand-000801_obimd-sub-czrsscjxwh_component-candidate,obimd-sub-czrsscjxwh,obimd-sub-czrsscjxwh;obimd-main-czrsscjxwh,src-obimd,licensed_for_repository,needs_human_component_review,2026-06-20
obs-comp-cand-000802,graphemic_component_candidate,corpus/003_graphemic-components/009_000801-000900_obs-comp-cand-bucket_component-candidates/802_obs-comp-cand-000802_obimd-sub-cawhttc4j5_component-candidate,obimd-sub-cawhttc4j5,obimd-sub-cawhttc4j5;obimd-main-cawhttc4j5,src-obimd,licensed_for_repository,needs_human_component_review,2026-06-20
obs-comp-cand-000803,graphemic_component_candidate,corpus/003_graphemic-components/009_000801-000900_obs-comp-cand-bucket_component-candidates/803_obs-comp-cand-000803_obimd-sub-e44pemhkyp_component-candidate,obimd-sub-e44pemhkyp,obimd-sub-e44pemhkyp;obimd-main-cawhttc4j5,src-obimd,licensed_for_repository,needs_human_component_review,2026-06-20
obs-comp-cand-000804,graphemic_component_candidate,corpus/003_graphemic-components/009_000801-000900_obs-comp-cand-bucket_component-candidates/804_obs-comp-cand-000804_obimd-sub-khgt4bzthn_component-candidate,obimd-sub-khgt4bzthn,obimd-sub-khgt4bzthn;obimd-main-cawhttc4j5,src-obimd,licensed_for_repository,needs_human_component_review,2026-06-20
obs-comp-cand-000805,graphemic_component_candidate,corpus/003_graphemic-components/009_000801-000900_obs-comp-cand-bucket_component-candidates/805_obs-comp-cand-000805_obimd-sub-eadbesllam_component-candidate,obimd-sub-eadbesllam,obimd-sub-eadbesllam;obimd-main-eadbesllam,src-obimd,licensed_for_repository,needs_human_component_review,2026-06-20
obs-comp-cand-000806,graphemic_component_candidate,corpus/003_graphemic-components/009_000801-000900_obs-comp-cand-bucket_component-candidates/806_obs-comp-cand-000806_obimd-sub-uiyfmakh9n_component-candidate,obimd-sub-uiyfmakh9n,obimd-sub-uiyfmakh9n;obimd-main-eadbesllam,src-obimd,licensed_for_repository,needs_human_component_review,2026-06-20
obs-comp-cand-000807,graphemic_component_candidate,corpus/003_graphemic-components/009_000801-000900_obs-comp-cand-bucket_component-candidates/807_obs-comp-cand-000807_obimd-sub-ouztvqzdht_component-candidate,obimd-sub-ouztvqzdht,obimd-sub-ouztvqzdht;obimd-main-eadbesllam,src-obimd,licensed_for_repository,needs_human_component_review,2026-06-20
obs-comp-cand-000808,graphemic_component_candidate,corpus/003_graphemic-components/009_000801-000900_obs-comp-cand-bucket_component-candidates/808_obs-comp-cand-000808_obimd-sub-yztoc9bxww_component-candidate,obimd-sub-yztoc9bxww,obimd-sub-yztoc9bxww;obimd-main-eadbesllam,src-obimd,licensed_for_repository,needs_human_component_review,2026-06-20
obs-comp-cand-000809,graphemic_component_candidate,corpus/003_graphemic-components/009_000801-000900_obs-comp-cand-bucket_component-candidates/809_obs-comp-cand-000809_obimd-sub-hk6lg5z420_component-candidate,obimd-sub-hk6lg5z420,obimd-sub-hk6lg5z420;obimd-main-eadbesllam,src-obimd,licensed_for_repository,needs_human_component_review,2026-06-20
obs-comp-cand-000810,graphemic_component_candidate,corpus/003_graphemic-components/009_000801-000900_obs-comp-cand-bucket_component-candidates/810_obs-comp-cand-000810_obimd-sub-avcjspsyib_component-candidate,obimd-sub-avcjspsyib,obimd-sub-avcjspsyib;obimd-main-avcjspsyib,src-obimd,licensed_for_repository,needs_human_component_review,2026-06-20
obs-comp-cand-000811,graphemic_component_candidate,corpus/003_graphemic-components/009_000801-000900_obs-comp-cand-bucket_component-candidates/811_obs-comp-cand-000811_obimd-sub-02fjn8nulq_component-candidate,obimd-sub-02fjn8nulq,obimd-sub-02fjn8nulq;obimd-main-02fjn8nulq,src-obimd,licensed_for_repository,needs_human_component_review,2026-06-20
obs-comp-cand-000812,graphemic_component_candidate,corpus/003_graphemic-components/009_000801-000900_obs-comp-cand-bucket_component-candidates/812_obs-comp-cand-000812_obimd-sub-aetgi1oyaa_component-candidate,obimd-sub-aetgi1oyaa,obimd-sub-aetgi1oyaa;obimd-main-aetgi1oyaa,src-obimd,licensed_for_repository,needs_human_component_review,2026-06-20
obs-comp-cand-000813,graphemic_component_candidate,corpus/003_graphemic-components/009_000801-000900_obs-comp-cand-bucket_component-candidates/813_obs-comp-cand-000813_obimd-sub-jshaxuelhn_component-candidate,obimd-sub-jshaxuelhn,obimd-sub-jshaxuelhn;obimd-main-jshaxuelhn,src-obimd,licensed_for_repository,needs_human_component_review,2026-06-20
obs-comp-cand-000814,graphemic_component_candidate,corpus/003_graphemic-components/009_000801-000900_obs-comp-cand-bucket_component-candidates/814_obs-comp-cand-000814_obimd-sub-ubbyckc9vw_component-candidate,obimd-sub-ubbyckc9vw,obimd-sub-ubbyckc9vw;obimd-main-jshaxuelhn,src-obimd,licensed_for_repository,needs_human_component_review,2026-06-20
obs-comp-cand-000815,graphemic_component_candidate,corpus/003_graphemic-components/009_000801-000900_obs-comp-cand-bucket_component-candidates/815_obs-comp-cand-000815_obimd-sub-2aqd8x0a8p_component-candidate,obimd-sub-2aqd8x0a8p,obimd-sub-2aqd8x0a8p;obimd-main-2aqd8x0a8p,src-obimd,licensed_for_repository,needs_human_component_review,2026-06-20
obs-comp-cand-000816,graphemic_component_candidate,corpus/003_graphemic-components/009_000801-000900_obs-comp-cand-bucket_component-candidates/816_obs-comp-cand-000816_obimd-sub-u54u515u56_component-candidate,obimd-sub-u54u515u56,obimd-sub-u54u515u56;obimd-main-u54u515u56,src-obimd,licensed_for_repository,needs_human_component_review,2026-06-20
obs-comp-cand-000817,graphemic_component_candidate,corpus/003_graphemic-components/009_000801-000900_obs-comp-cand-bucket_component-candidates/817_obs-comp-cand-000817_obimd-sub-784pq6tqo8_component-candidate,obimd-sub-784pq6tqo8,obimd-sub-784pq6tqo8;obimd-main-784pq6tqo8,src-obimd,licensed_for_repository,needs_human_component_review,2026-06-20
obs-comp-cand-000818,graphemic_component_candidate,corpus/003_graphemic-components/009_000801-000900_obs-comp-cand-bucket_component-candidates/818_obs-comp-cand-000818_obimd-sub-f3i76evvjb_component-candidate,obimd-sub-f3i76evvjb,obimd-sub-f3i76evvjb;obimd-main-f3i76evvjb,src-obimd,licensed_for_repository,needs_human_component_review,2026-06-20
obs-comp-cand-000819,graphemic_component_candidate,corpus/003_graphemic-components/009_000801-000900_obs-comp-cand-bucket_component-candidates/819_obs-comp-cand-000819_obimd-sub-2ekj7pe4h8_component-candidate,obimd-sub-2ekj7pe4h8,obimd-sub-2ekj7pe4h8;obimd-main-2ekj7pe4h8,src-obimd,licensed_for_repository,needs_human_component_review,2026-06-20
obs-comp-cand-000820,graphemic_component_candidate,corpus/003_graphemic-components/009_000801-000900_obs-comp-cand-bucket_component-candidates/820_obs-comp-cand-000820_obimd-sub-102j9ekm32_component-candidate,obimd-sub-102j9ekm32,obimd-sub-102j9ekm32;obimd-main-2ekj7pe4h8,src-obimd,licensed_for_repository,needs_human_component_review,2026-06-20
obs-comp-cand-000821,graphemic_component_candidate,corpus/003_graphemic-components/009_000801-000900_obs-comp-cand-bucket_component-candidates/821_obs-comp-cand-000821_obimd-sub-we92o7vlu9_component-candidate,obimd-sub-we92o7vlu9,obimd-sub-we92o7vlu9;obimd-main-we92o7vlu9,src-obimd,licensed_for_repository,needs_human_component_review,2026-06-20
obs-comp-cand-000822,graphemic_component_candidate,corpus/003_graphemic-components/009_000801-000900_obs-comp-cand-bucket_component-candidates/822_obs-comp-cand-000822_obimd-sub-4zhjejk00h_component-candidate,obimd-sub-4zhjejk00h,obimd-sub-4zhjejk00h;obimd-main-4zhjejk00h,src-obimd,licensed_for_repository,needs_human_component_review,2026-06-20
obs-comp-cand-000823,graphemic_component_candidate,corpus/003_graphemic-components/009_000801-000900_obs-comp-cand-bucket_component-candidates/823_obs-comp-cand-000823_obimd-sub-g7m9i371p4_component-candidate,obimd-sub-g7m9i371p4,obimd-sub-g7m9i371p4;obimd-main-g7m9i371p4,src-obimd,licensed_for_repository,needs_human_component_review,2026-06-20
obs-comp-cand-000824,graphemic_component_candidate,corpus/003_graphemic-components/009_000801-000900_obs-comp-cand-bucket_component-candidates/824_obs-comp-cand-000824_obimd-sub-t1sxdsvi3f_component-candidate,obimd-sub-t1sxdsvi3f,obimd-sub-t1sxdsvi3f;obimd-main-nnm6jhv5jz,src-obimd,licensed_for_repository,needs_human_component_review,2026-06-20
obs-comp-cand-000825,graphemic_component_candidate,corpus/003_graphemic-components/009_000801-000900_obs-comp-cand-bucket_component-candidates/825_obs-comp-cand-000825_obimd-sub-wrd3sifbau_component-candidate,obimd-sub-wrd3sifbau,obimd-sub-wrd3sifbau;obimd-main-wrd3sifbau,src-obimd,licensed_for_repository,needs_human_component_review,2026-06-20
obs-comp-cand-000826,graphemic_component_candidate,corpus/003_graphemic-components/009_000801-000900_obs-comp-cand-bucket_component-candidates/826_obs-comp-cand-000826_obimd-sub-r2tbnngvcz_component-candidate,obimd-sub-r2tbnngvcz,obimd-sub-r2tbnngvcz;obimd-main-r2tbnngvcz,src-obimd,licensed_for_repository,needs_human_component_review,2026-06-20
obs-comp-cand-000827,graphemic_component_candidate,corpus/003_graphemic-components/009_000801-000900_obs-comp-cand-bucket_component-candidates/827_obs-comp-cand-000827_obimd-sub-m4rdm8ckxg_component-candidate,obimd-sub-m4rdm8ckxg,obimd-sub-m4rdm8ckxg;obimd-main-m4rdm8ckxg,src-obimd,licensed_for_repository,needs_human_component_review,2026-06-20
obs-comp-cand-000828,graphemic_component_candidate,corpus/003_graphemic-components/009_000801-000900_obs-comp-cand-bucket_component-candidates/828_obs-comp-cand-000828_obimd-sub-4wsrhqopug_component-candidate,obimd-sub-4wsrhqopug,obimd-sub-4wsrhqopug;obimd-main-4wsrhqopug,src-obimd,licensed_for_repository,needs_human_component_review,2026-06-20
obs-comp-cand-000829,graphemic_component_candidate,corpus/003_graphemic-components/009_000801-000900_obs-comp-cand-bucket_component-candidates/829_obs-comp-cand-000829_obimd-sub-9xlu134oo9_component-candidate,obimd-sub-9xlu134oo9,obimd-sub-9xlu134oo9;obimd-main-9xlu134oo9,src-obimd,licensed_for_repository,needs_human_component_review,2026-06-20
obs-comp-cand-000830,graphemic_component_candidate,corpus/003_graphemic-components/009_000801-000900_obs-comp-cand-bucket_component-candidates/830_obs-comp-cand-000830_obimd-sub-tavwtgnfdp_component-candidate,obimd-sub-tavwtgnfdp,obimd-sub-tavwtgnfdp;obimd-main-tavwtgnfdp,src-obimd,licensed_for_repository,needs_human_component_review,2026-06-20
obs-comp-cand-000831,graphemic_component_candidate,corpus/003_graphemic-components/009_000801-000900_obs-comp-cand-bucket_component-candidates/831_obs-comp-cand-000831_obimd-sub-13cqabljgi_component-candidate,obimd-sub-13cqabljgi,obimd-sub-13cqabljgi;obimd-main-13cqabljgi,src-obimd,licensed_for_repository,needs_human_component_review,2026-06-20
obs-comp-cand-000832,graphemic_component_candidate,corpus/003_graphemic-components/009_000801-000900_obs-comp-cand-bucket_component-candidates/832_obs-comp-cand-000832_obimd-sub-50ymfpwwux_component-candidate,obimd-sub-50ymfpwwux,obimd-sub-50ymfpwwux;obimd-main-13cqabljgi,src-obimd,licensed_for_repository,needs_human_component_review,2026-06-20
obs-comp-cand-000833,graphemic_component_candidate,corpus/003_graphemic-components/009_000801-000900_obs-comp-cand-bucket_component-candidates/833_obs-comp-cand-000833_obimd-sub-uw0p21e2zc_component-candidate,obimd-sub-uw0p21e2zc,obimd-sub-uw0p21e2zc;obimd-main-13cqabljgi,src-obimd,licensed_for_repository,needs_human_component_review,2026-06-20
obs-comp-cand-000834,graphemic_component_candidate,corpus/003_graphemic-components/009_000801-000900_obs-comp-cand-bucket_component-candidates/834_obs-comp-cand-000834_obimd-sub-wl3zq7r5tr_component-candidate,obimd-sub-wl3zq7r5tr,obimd-sub-wl3zq7r5tr;obimd-main-wl3zq7r5tr,src-obimd,licensed_for_repository,needs_human_component_review,2026-06-20
obs-comp-cand-000835,graphemic_component_candidate,corpus/003_graphemic-components/009_000801-000900_obs-comp-cand-bucket_component-candidates/835_obs-comp-cand-000835_obimd-sub-e5bj1m9m2e_component-candidate,obimd-sub-e5bj1m9m2e,obimd-sub-e5bj1m9m2e;obimd-main-e5bj1m9m2e,src-obimd,licensed_for_repository,needs_human_component_review,2026-06-20
obs-comp-cand-000836,graphemic_component_candidate,corpus/003_graphemic-components/009_000801-000900_obs-comp-cand-bucket_component-candidates/836_obs-comp-cand-000836_obimd-sub-x4t1t00zpg_component-candidate,obimd-sub-x4t1t00zpg,obimd-sub-x4t1t00zpg;obimd-main-x4t1t00zpg,src-obimd,licensed_for_repository,needs_human_component_review,2026-06-20
obs-comp-cand-000837,graphemic_component_candidate,corpus/003_graphemic-components/009_000801-000900_obs-comp-cand-bucket_component-candidates/837_obs-comp-cand-000837_obimd-sub-jofvc1ucv4_component-candidate,obimd-sub-jofvc1ucv4,obimd-sub-jofvc1ucv4;obimd-main-x4t1t00zpg,src-obimd,licensed_for_repository,needs_human_component_review,2026-06-20
obs-comp-cand-000838,graphemic_component_candidate,corpus/003_graphemic-components/009_000801-000900_obs-comp-cand-bucket_component-candidates/838_obs-comp-cand-000838_obimd-sub-81g9fbsgrv_component-candidate,obimd-sub-81g9fbsgrv,obimd-sub-81g9fbsgrv;obimd-main-x4t1t00zpg,src-obimd,licensed_for_repository,needs_human_component_review,2026-06-20
obs-comp-cand-000839,graphemic_component_candidate,corpus/003_graphemic-components/009_000801-000900_obs-comp-cand-bucket_component-candidates/839_obs-comp-cand-000839_obimd-sub-xvt1om20u0_component-candidate,obimd-sub-xvt1om20u0,obimd-sub-xvt1om20u0;obimd-main-xvt1om20u0,src-obimd,licensed_for_repository,needs_human_component_review,2026-06-20
obs-comp-cand-000840,graphemic_component_candidate,corpus/003_graphemic-components/009_000801-000900_obs-comp-cand-bucket_component-candidates/840_obs-comp-cand-000840_obimd-sub-h29s50lc7d_component-candidate,obimd-sub-h29s50lc7d,obimd-sub-h29s50lc7d;obimd-main-xvt1om20u0,src-obimd,licensed_for_repository,needs_human_component_review,2026-06-20
obs-comp-cand-000841,graphemic_component_candidate,corpus/003_graphemic-components/009_000801-000900_obs-comp-cand-bucket_component-candidates/841_obs-comp-cand-000841_obimd-sub-hy06gjd391_component-candidate,obimd-sub-hy06gjd391,obimd-sub-hy06gjd391;obimd-main-xvt1om20u0,src-obimd,licensed_for_repository,needs_human_component_review,2026-06-20
obs-comp-cand-000842,graphemic_component_candidate,corpus/003_graphemic-components/009_000801-000900_obs-comp-cand-bucket_component-candidates/842_obs-comp-cand-000842_obimd-sub-y0jr13abk4_component-candidate,obimd-sub-y0jr13abk4,obimd-sub-y0jr13abk4;obimd-main-xvt1om20u0,src-obimd,licensed_for_repository,needs_human_component_review,2026-06-20
obs-comp-cand-000843,graphemic_component_candidate,corpus/003_graphemic-components/009_000801-000900_obs-comp-cand-bucket_component-candidates/843_obs-comp-cand-000843_obimd-sub-c3o86oo1n7_component-candidate,obimd-sub-c3o86oo1n7,obimd-sub-c3o86oo1n7;obimd-main-xvt1om20u0,src-obimd,licensed_for_repository,needs_human_component_review,2026-06-20
obs-comp-cand-000844,graphemic_component_candidate,corpus/003_graphemic-components/009_000801-000900_obs-comp-cand-bucket_component-candidates/844_obs-comp-cand-000844_obimd-sub-hwh2c802qf_component-candidate,obimd-sub-hwh2c802qf,obimd-sub-hwh2c802qf;obimd-main-xvt1om20u0,src-obimd,licensed_for_repository,needs_human_component_review,2026-06-20
obs-comp-cand-000845,graphemic_component_candidate,corpus/003_graphemic-components/009_000801-000900_obs-comp-cand-bucket_component-candidates/845_obs-comp-cand-000845_obimd-sub-yghzghvkfk_component-candidate,obimd-sub-yghzghvkfk,obimd-sub-yghzghvkfk;obimd-main-xvt1om20u0,src-obimd,licensed_for_repository,needs_human_component_review,2026-06-20
obs-comp-cand-000846,graphemic_component_candidate,corpus/003_graphemic-components/009_000801-000900_obs-comp-cand-bucket_component-candidates/846_obs-comp-cand-000846_obimd-sub-sxmr1dejq2_component-candidate,obimd-sub-sxmr1dejq2,obimd-sub-sxmr1dejq2;obimd-main-sxmr1dejq2,src-obimd,licensed_for_repository,needs_human_component_review,2026-06-20
obs-comp-cand-000847,graphemic_component_candidate,corpus/003_graphemic-components/009_000801-000900_obs-comp-cand-bucket_component-candidates/847_obs-comp-cand-000847_obimd-sub-tzqeya1t3a_component-candidate,obimd-sub-tzqeya1t3a,obimd-sub-tzqeya1t3a;obimd-main-tzqeya1t3a,src-obimd,licensed_for_repository,needs_human_component_review,2026-06-20
obs-comp-cand-000848,graphemic_component_candidate,corpus/003_graphemic-components/009_000801-000900_obs-comp-cand-bucket_component-candidates/848_obs-comp-cand-000848_obimd-sub-jmlf3qvty5_component-candidate,obimd-sub-jmlf3qvty5,obimd-sub-jmlf3qvty5;obimd-main-jmlf3qvty5,src-obimd,licensed_for_repository,needs_human_component_review,2026-06-20
obs-comp-cand-000849,graphemic_component_candidate,corpus/003_graphemic-components/009_000801-000900_obs-comp-cand-bucket_component-candidates/849_obs-comp-cand-000849_obimd-sub-lcdei1mbf6_component-candidate,obimd-sub-lcdei1mbf6,obimd-sub-lcdei1mbf6;obimd-main-jmlf3qvty5,src-obimd,licensed_for_repository,needs_human_component_review,2026-06-20
obs-comp-cand-000850,graphemic_component_candidate,corpus/003_graphemic-components/009_000801-000900_obs-comp-cand-bucket_component-candidates/850_obs-comp-cand-000850_obimd-sub-z6mdb6y8rn_component-candidate,obimd-sub-z6mdb6y8rn,obimd-sub-z6mdb6y8rn;obimd-main-z6mdb6y8rn,src-obimd,licensed_for_repository,needs_human_component_review,2026-06-20
obs-comp-cand-000851,graphemic_component_candidate,corpus/003_graphemic-components/009_000801-000900_obs-comp-cand-bucket_component-candidates/851_obs-comp-cand-000851_obimd-sub-x8df98b9m0_component-candidate,obimd-sub-x8df98b9m0,obimd-sub-x8df98b9m0;obimd-main-x8df98b9m0,src-obimd,licensed_for_repository,needs_human_component_review,2026-06-20
obs-comp-cand-000852,graphemic_component_candidate,corpus/003_graphemic-components/009_000801-000900_obs-comp-cand-bucket_component-candidates/852_obs-comp-cand-000852_obimd-sub-yokl5p9l41_component-candidate,obimd-sub-yokl5p9l41,obimd-sub-yokl5p9l41;obimd-main-yokl5p9l41,src-obimd,licensed_for_repository,needs_human_component_review,2026-06-20
obs-comp-cand-000853,graphemic_component_candidate,corpus/003_graphemic-components/009_000801-000900_obs-comp-cand-bucket_component-candidates/853_obs-comp-cand-000853_obimd-sub-ilh8kgxttw_component-candidate,obimd-sub-ilh8kgxttw,obimd-sub-ilh8kgxttw;obimd-main-ilh8kgxttw,src-obimd,licensed_for_repository,needs_human_component_review,2026-06-20
obs-comp-cand-000854,graphemic_component_candidate,corpus/003_graphemic-components/009_000801-000900_obs-comp-cand-bucket_component-candidates/854_obs-comp-cand-000854_obimd-sub-ji97td3npi_component-candidate,obimd-sub-ji97td3npi,obimd-sub-ji97td3npi;obimd-main-ji97td3npi,src-obimd,licensed_for_repository,needs_human_component_review,2026-06-20
obs-comp-cand-000855,graphemic_component_candidate,corpus/003_graphemic-components/009_000801-000900_obs-comp-cand-bucket_component-candidates/855_obs-comp-cand-000855_obimd-sub-fz1qkbjoia_component-candidate,obimd-sub-fz1qkbjoia,obimd-sub-fz1qkbjoia;obimd-main-ji97td3npi,src-obimd,licensed_for_repository,needs_human_component_review,2026-06-20
obs-comp-cand-000856,graphemic_component_candidate,corpus/003_graphemic-components/009_000801-000900_obs-comp-cand-bucket_component-candidates/856_obs-comp-cand-000856_obimd-sub-1k9ogi7w79_component-candidate,obimd-sub-1k9ogi7w79,obimd-sub-1k9ogi7w79;obimd-main-1k9ogi7w79,src-obimd,licensed_for_repository,needs_human_component_review,2026-06-20
obs-comp-cand-000857,graphemic_component_candidate,corpus/003_graphemic-components/009_000801-000900_obs-comp-cand-bucket_component-candidates/857_obs-comp-cand-000857_obimd-sub-uzped615x4_component-candidate,obimd-sub-uzped615x4,obimd-sub-uzped615x4;obimd-main-uzped615x4,src-obimd,licensed_for_repository,needs_human_component_review,2026-06-20
obs-comp-cand-000858,graphemic_component_candidate,corpus/003_graphemic-components/009_000801-000900_obs-comp-cand-bucket_component-candidates/858_obs-comp-cand-000858_obimd-sub-d8jnefb3d4_component-candidate,obimd-sub-d8jnefb3d4,obimd-sub-d8jnefb3d4;obimd-main-d8jnefb3d4,src-obimd,licensed_for_repository,needs_human_component_review,2026-06-20
obs-comp-cand-000859,graphemic_component_candidate,corpus/003_graphemic-components/009_000801-000900_obs-comp-cand-bucket_component-candidates/859_obs-comp-cand-000859_obimd-sub-gcl8bbz6jf_component-candidate,obimd-sub-gcl8bbz6jf,obimd-sub-gcl8bbz6jf;obimd-main-gcl8bbz6jf,src-obimd,licensed_for_repository,needs_human_component_review,2026-06-20
obs-comp-cand-000860,graphemic_component_candidate,corpus/003_graphemic-components/009_000801-000900_obs-comp-cand-bucket_component-candidates/860_obs-comp-cand-000860_obimd-sub-svrqsl8ydm_component-candidate,obimd-sub-svrqsl8ydm,obimd-sub-svrqsl8ydm;obimd-main-svrqsl8ydm,src-obimd,licensed_for_repository,needs_human_component_review,2026-06-20
obs-comp-cand-000861,graphemic_component_candidate,corpus/003_graphemic-components/009_000801-000900_obs-comp-cand-bucket_component-candidates/861_obs-comp-cand-000861_obimd-sub-u4f305a8ui_component-candidate,obimd-sub-u4f305a8ui,obimd-sub-u4f305a8ui;obimd-main-svrqsl8ydm,src-obimd,licensed_for_repository,needs_human_component_review,2026-06-20
obs-comp-cand-000862,graphemic_component_candidate,corpus/003_graphemic-components/009_000801-000900_obs-comp-cand-bucket_component-candidates/862_obs-comp-cand-000862_obimd-sub-qeqvpjsnyn_component-candidate,obimd-sub-qeqvpjsnyn,obimd-sub-qeqvpjsnyn;obimd-main-qeqvpjsnyn,src-obimd,licensed_for_repository,needs_human_component_review,2026-06-20
obs-comp-cand-000863,graphemic_component_candidate,corpus/003_graphemic-components/009_000801-000900_obs-comp-cand-bucket_component-candidates/863_obs-comp-cand-000863_obimd-sub-t8wk947lu1_component-candidate,obimd-sub-t8wk947lu1,obimd-sub-t8wk947lu1;obimd-main-qeqvpjsnyn,src-obimd,licensed_for_repository,needs_human_component_review,2026-06-20
obs-comp-cand-000864,graphemic_component_candidate,corpus/003_graphemic-components/009_000801-000900_obs-comp-cand-bucket_component-candidates/864_obs-comp-cand-000864_obimd-sub-xhh4txsh2g_component-candidate,obimd-sub-xhh4txsh2g,obimd-sub-xhh4txsh2g;obimd-main-xhh4txsh2g,src-obimd,licensed_for_repository,needs_human_component_review,2026-06-20
obs-comp-cand-000865,graphemic_component_candidate,corpus/003_graphemic-components/009_000801-000900_obs-comp-cand-bucket_component-candidates/865_obs-comp-cand-000865_obimd-sub-dsbrwro9x2_component-candidate,obimd-sub-dsbrwro9x2,obimd-sub-dsbrwro9x2;obimd-main-dsbrwro9x2,src-obimd,licensed_for_repository,needs_human_component_review,2026-06-20
obs-comp-cand-000866,graphemic_component_candidate,corpus/003_graphemic-components/009_000801-000900_obs-comp-cand-bucket_component-candidates/866_obs-comp-cand-000866_obimd-sub-97zlba8s45_component-candidate,obimd-sub-97zlba8s45,obimd-sub-97zlba8s45;obimd-main-dsbrwro9x2,src-obimd,licensed_for_repository,needs_human_component_review,2026-06-20
obs-comp-cand-000867,graphemic_component_candidate,corpus/003_graphemic-components/009_000801-000900_obs-comp-cand-bucket_component-candidates/867_obs-comp-cand-000867_obimd-sub-h24amfz7mm_component-candidate,obimd-sub-h24amfz7mm,obimd-sub-h24amfz7mm;obimd-main-h24amfz7mm,src-obimd,licensed_for_repository,needs_human_component_review,2026-06-20
obs-comp-cand-000868,graphemic_component_candidate,corpus/003_graphemic-components/009_000801-000900_obs-comp-cand-bucket_component-candidates/868_obs-comp-cand-000868_obimd-sub-5js6z3yvqi_component-candidate,obimd-sub-5js6z3yvqi,obimd-sub-5js6z3yvqi;obimd-main-5js6z3yvqi,src-obimd,licensed_for_repository,needs_human_component_review,2026-06-20
obs-comp-cand-000869,graphemic_component_candidate,corpus/003_graphemic-components/009_000801-000900_obs-comp-cand-bucket_component-candidates/869_obs-comp-cand-000869_obimd-sub-os0bklwwmx_component-candidate,obimd-sub-os0bklwwmx,obimd-sub-os0bklwwmx;obimd-main-os0bklwwmx,src-obimd,licensed_for_repository,needs_human_component_review,2026-06-20
obs-comp-cand-000870,graphemic_component_candidate,corpus/003_graphemic-components/009_000801-000900_obs-comp-cand-bucket_component-candidates/870_obs-comp-cand-000870_obimd-sub-lg6m8hbsjj_component-candidate,obimd-sub-lg6m8hbsjj,obimd-sub-lg6m8hbsjj;obimd-main-os0bklwwmx,src-obimd,licensed_for_repository,needs_human_component_review,2026-06-20
obs-comp-cand-000871,graphemic_component_candidate,corpus/003_graphemic-components/009_000801-000900_obs-comp-cand-bucket_component-candidates/871_obs-comp-cand-000871_obimd-sub-gtysuhhw3p_component-candidate,obimd-sub-gtysuhhw3p,obimd-sub-gtysuhhw3p;obimd-main-gtysuhhw3p,src-obimd,licensed_for_repository,needs_human_component_review,2026-06-20
obs-comp-cand-000872,graphemic_component_candidate,corpus/003_graphemic-components/009_000801-000900_obs-comp-cand-bucket_component-candidates/872_obs-comp-cand-000872_obimd-sub-o6m37o3l7o_component-candidate,obimd-sub-o6m37o3l7o,obimd-sub-o6m37o3l7o;obimd-main-o6m37o3l7o,src-obimd,licensed_for_repository,needs_human_component_review,2026-06-20
obs-comp-cand-000873,graphemic_component_candidate,corpus/003_graphemic-components/009_000801-000900_obs-comp-cand-bucket_component-candidates/873_obs-comp-cand-000873_obimd-sub-gy1x9yvcck_component-candidate,obimd-sub-gy1x9yvcck,obimd-sub-gy1x9yvcck;obimd-main-o6m37o3l7o,src-obimd,licensed_for_repository,needs_human_component_review,2026-06-20
obs-comp-cand-000874,graphemic_component_candidate,corpus/003_graphemic-components/009_000801-000900_obs-comp-cand-bucket_component-candidates/874_obs-comp-cand-000874_obimd-sub-tu843ddisz_component-candidate,obimd-sub-tu843ddisz,obimd-sub-tu843ddisz;obimd-main-o6m37o3l7o,src-obimd,licensed_for_repository,needs_human_component_review,2026-06-20
obs-comp-cand-000875,graphemic_component_candidate,corpus/003_graphemic-components/009_000801-000900_obs-comp-cand-bucket_component-candidates/875_obs-comp-cand-000875_obimd-sub-hkj5uzq84d_component-candidate,obimd-sub-hkj5uzq84d,obimd-sub-hkj5uzq84d;obimd-main-o6m37o3l7o,src-obimd,licensed_for_repository,needs_human_component_review,2026-06-20
obs-comp-cand-000876,graphemic_component_candidate,corpus/003_graphemic-components/009_000801-000900_obs-comp-cand-bucket_component-candidates/876_obs-comp-cand-000876_obimd-sub-ful6g00wqb_component-candidate,obimd-sub-ful6g00wqb,obimd-sub-ful6g00wqb;obimd-main-o6m37o3l7o,src-obimd,licensed_for_repository,needs_human_component_review,2026-06-20
obs-comp-cand-000877,graphemic_component_candidate,corpus/003_graphemic-components/009_000801-000900_obs-comp-cand-bucket_component-candidates/877_obs-comp-cand-000877_obimd-sub-2yc4b192t5_component-candidate,obimd-sub-2yc4b192t5,obimd-sub-2yc4b192t5;obimd-main-o6m37o3l7o,src-obimd,licensed_for_repository,needs_human_component_review,2026-06-20
obs-comp-cand-000878,graphemic_component_candidate,corpus/003_graphemic-components/009_000801-000900_obs-comp-cand-bucket_component-candidates/878_obs-comp-cand-000878_obimd-sub-8vy37l4z17_component-candidate,obimd-sub-8vy37l4z17,obimd-sub-8vy37l4z17;obimd-main-o6m37o3l7o,src-obimd,licensed_for_repository,needs_human_component_review,2026-06-20
obs-comp-cand-000879,graphemic_component_candidate,corpus/003_graphemic-components/009_000801-000900_obs-comp-cand-bucket_component-candidates/879_obs-comp-cand-000879_obimd-sub-h6vg6xbk9n_component-candidate,obimd-sub-h6vg6xbk9n,obimd-sub-h6vg6xbk9n;obimd-main-o6m37o3l7o,src-obimd,licensed_for_repository,needs_human_component_review,2026-06-20
obs-comp-cand-000880,graphemic_component_candidate,corpus/003_graphemic-components/009_000801-000900_obs-comp-cand-bucket_component-candidates/880_obs-comp-cand-000880_obimd-sub-3uwgn704a0_component-candidate,obimd-sub-3uwgn704a0,obimd-sub-3uwgn704a0;obimd-main-o6m37o3l7o,src-obimd,licensed_for_repository,needs_human_component_review,2026-06-20
obs-comp-cand-000881,graphemic_component_candidate,corpus/003_graphemic-components/009_000801-000900_obs-comp-cand-bucket_component-candidates/881_obs-comp-cand-000881_obimd-sub-3ri2epx7d4_component-candidate,obimd-sub-3ri2epx7d4,obimd-sub-3ri2epx7d4;obimd-main-o6m37o3l7o,src-obimd,licensed_for_repository,needs_human_component_review,2026-06-20
obs-comp-cand-000882,graphemic_component_candidate,corpus/003_graphemic-components/009_000801-000900_obs-comp-cand-bucket_component-candidates/882_obs-comp-cand-000882_obimd-sub-csu2xt8lpm_component-candidate,obimd-sub-csu2xt8lpm,obimd-sub-csu2xt8lpm;obimd-main-o6m37o3l7o,src-obimd,licensed_for_repository,needs_human_component_review,2026-06-20
obs-comp-cand-000883,graphemic_component_candidate,corpus/003_graphemic-components/009_000801-000900_obs-comp-cand-bucket_component-candidates/883_obs-comp-cand-000883_obimd-sub-zh4yjr25wv_component-candidate,obimd-sub-zh4yjr25wv,obimd-sub-zh4yjr25wv;obimd-main-zh4yjr25wv,src-obimd,licensed_for_repository,needs_human_component_review,2026-06-20
obs-comp-cand-000884,graphemic_component_candidate,corpus/003_graphemic-components/009_000801-000900_obs-comp-cand-bucket_component-candidates/884_obs-comp-cand-000884_obimd-sub-bwfz1jvlck_component-candidate,obimd-sub-bwfz1jvlck,obimd-sub-bwfz1jvlck;obimd-main-bwfz1jvlck,src-obimd,licensed_for_repository,needs_human_component_review,2026-06-20
obs-comp-cand-000885,graphemic_component_candidate,corpus/003_graphemic-components/009_000801-000900_obs-comp-cand-bucket_component-candidates/885_obs-comp-cand-000885_obimd-sub-tyqkqh42tt_component-candidate,obimd-sub-tyqkqh42tt,obimd-sub-tyqkqh42tt;obimd-main-bwfz1jvlck,src-obimd,licensed_for_repository,needs_human_component_review,2026-06-20
obs-comp-cand-000886,graphemic_component_candidate,corpus/003_graphemic-components/009_000801-000900_obs-comp-cand-bucket_component-candidates/886_obs-comp-cand-000886_obimd-sub-8fx47t3vmh_component-candidate,obimd-sub-8fx47t3vmh,obimd-sub-8fx47t3vmh;obimd-main-bwfz1jvlck,src-obimd,licensed_for_repository,needs_human_component_review,2026-06-20
obs-comp-cand-000887,graphemic_component_candidate,corpus/003_graphemic-components/009_000801-000900_obs-comp-cand-bucket_component-candidates/887_obs-comp-cand-000887_obimd-sub-vc84f78kih_component-candidate,obimd-sub-vc84f78kih,obimd-sub-vc84f78kih;obimd-main-bwfz1jvlck,src-obimd,licensed_for_repository,needs_human_component_review,2026-06-20
obs-comp-cand-000888,graphemic_component_candidate,corpus/003_graphemic-components/009_000801-000900_obs-comp-cand-bucket_component-candidates/888_obs-comp-cand-000888_obimd-sub-cvzszyp6bm_component-candidate,obimd-sub-cvzszyp6bm,obimd-sub-cvzszyp6bm;obimd-main-cvzszyp6bm,src-obimd,licensed_for_repository,needs_human_component_review,2026-06-20
obs-comp-cand-000889,graphemic_component_candidate,corpus/003_graphemic-components/009_000801-000900_obs-comp-cand-bucket_component-candidates/889_obs-comp-cand-000889_obimd-sub-cegk0066g8_component-candidate,obimd-sub-cegk0066g8,obimd-sub-cegk0066g8;obimd-main-qsw4oc8hfv,src-obimd,licensed_for_repository,needs_human_component_review,2026-06-20
obs-comp-cand-000890,graphemic_component_candidate,corpus/003_graphemic-components/009_000801-000900_obs-comp-cand-bucket_component-candidates/890_obs-comp-cand-000890_obimd-sub-rl4441yfop_component-candidate,obimd-sub-rl4441yfop,obimd-sub-rl4441yfop;obimd-main-rl4441yfop,src-obimd,licensed_for_repository,needs_human_component_review,2026-06-20
obs-comp-cand-000891,graphemic_component_candidate,corpus/003_graphemic-components/009_000801-000900_obs-comp-cand-bucket_component-candidates/891_obs-comp-cand-000891_obimd-sub-5xa8w1z0p0_component-candidate,obimd-sub-5xa8w1z0p0,obimd-sub-5xa8w1z0p0;obimd-main-5xa8w1z0p0,src-obimd,licensed_for_repository,needs_human_component_review,2026-06-20
obs-comp-cand-000892,graphemic_component_candidate,corpus/003_graphemic-components/009_000801-000900_obs-comp-cand-bucket_component-candidates/892_obs-comp-cand-000892_obimd-sub-rrua1697nb_component-candidate,obimd-sub-rrua1697nb,obimd-sub-rrua1697nb;obimd-main-rrua1697nb,src-obimd,licensed_for_repository,needs_human_component_review,2026-06-20
obs-comp-cand-000893,graphemic_component_candidate,corpus/003_graphemic-components/009_000801-000900_obs-comp-cand-bucket_component-candidates/893_obs-comp-cand-000893_obimd-sub-5xld7x764s_component-candidate,obimd-sub-5xld7x764s,obimd-sub-5xld7x764s;obimd-main-5xld7x764s,src-obimd,licensed_for_repository,needs_human_component_review,2026-06-20
obs-comp-cand-000894,graphemic_component_candidate,corpus/003_graphemic-components/009_000801-000900_obs-comp-cand-bucket_component-candidates/894_obs-comp-cand-000894_obimd-sub-a7al7kr0c5_component-candidate,obimd-sub-a7al7kr0c5,obimd-sub-a7al7kr0c5;obimd-main-a7al7kr0c5,src-obimd,licensed_for_repository,needs_human_component_review,2026-06-20
obs-comp-cand-000895,graphemic_component_candidate,corpus/003_graphemic-components/009_000801-000900_obs-comp-cand-bucket_component-candidates/895_obs-comp-cand-000895_obimd-sub-5jkdcdmi6k_component-candidate,obimd-sub-5jkdcdmi6k,obimd-sub-5jkdcdmi6k;obimd-main-5jkdcdmi6k,src-obimd,licensed_for_repository,needs_human_component_review,2026-06-20
obs-comp-cand-000896,graphemic_component_candidate,corpus/003_graphemic-components/009_000801-000900_obs-comp-cand-bucket_component-candidates/896_obs-comp-cand-000896_obimd-sub-ehcz1jiv3d_component-candidate,obimd-sub-ehcz1jiv3d,obimd-sub-ehcz1jiv3d;obimd-main-ehcz1jiv3d,src-obimd,licensed_for_repository,needs_human_component_review,2026-06-20
obs-comp-cand-000897,graphemic_component_candidate,corpus/003_graphemic-components/009_000801-000900_obs-comp-cand-bucket_component-candidates/897_obs-comp-cand-000897_obimd-sub-1m93z2t8wf_component-candidate,obimd-sub-1m93z2t8wf,obimd-sub-1m93z2t8wf;obimd-main-1m93z2t8wf,src-obimd,licensed_for_repository,needs_human_component_review,2026-06-20
obs-comp-cand-000898,graphemic_component_candidate,corpus/003_graphemic-components/009_000801-000900_obs-comp-cand-bucket_component-candidates/898_obs-comp-cand-000898_obimd-sub-1u3e5w4k2u_component-candidate,obimd-sub-1u3e5w4k2u,obimd-sub-1u3e5w4k2u;obimd-main-1u3e5w4k2u,src-obimd,licensed_for_repository,needs_human_component_review,2026-06-20
obs-comp-cand-000899,graphemic_component_candidate,corpus/003_graphemic-components/009_000801-000900_obs-comp-cand-bucket_component-candidates/899_obs-comp-cand-000899_obimd-sub-c2x4c7cpsr_component-candidate,obimd-sub-c2x4c7cpsr,obimd-sub-c2x4c7cpsr;obimd-main-1u3e5w4k2u,src-obimd,licensed_for_repository,needs_human_component_review,2026-06-20
obs-comp-cand-000900,graphemic_component_candidate,corpus/003_graphemic-components/009_000801-000900_obs-comp-cand-bucket_component-candidates/900_obs-comp-cand-000900_obimd-sub-7grggyd1fj_component-candidate,obimd-sub-7grggyd1fj,obimd-sub-7grggyd1fj;obimd-main-1u3e5w4k2u,src-obimd,licensed_for_repository,needs_human_component_review,2026-06-20
obs-comp-cand-000901,graphemic_component_candidate,corpus/003_graphemic-components/010_000901-001000_obs-comp-cand-bucket_component-candidates/901_obs-comp-cand-000901_obimd-sub-306br54upg_component-candidate,obimd-sub-306br54upg,obimd-sub-306br54upg;obimd-main-306br54upg,src-obimd,licensed_for_repository,needs_human_component_review,2026-06-20
obs-comp-cand-000902,graphemic_component_candidate,corpus/003_graphemic-components/010_000901-001000_obs-comp-cand-bucket_component-candidates/902_obs-comp-cand-000902_obimd-sub-lacjgjmulx_component-candidate,obimd-sub-lacjgjmulx,obimd-sub-lacjgjmulx;obimd-main-lacjgjmulx,src-obimd,licensed_for_repository,needs_human_component_review,2026-06-20
obs-comp-cand-000903,graphemic_component_candidate,corpus/003_graphemic-components/010_000901-001000_obs-comp-cand-bucket_component-candidates/903_obs-comp-cand-000903_obimd-sub-947jc8d4sh_component-candidate,obimd-sub-947jc8d4sh,obimd-sub-947jc8d4sh;obimd-main-947jc8d4sh,src-obimd,licensed_for_repository,needs_human_component_review,2026-06-20
obs-comp-cand-000904,graphemic_component_candidate,corpus/003_graphemic-components/010_000901-001000_obs-comp-cand-bucket_component-candidates/904_obs-comp-cand-000904_obimd-sub-6x67uoui5o_component-candidate,obimd-sub-6x67uoui5o,obimd-sub-6x67uoui5o;obimd-main-947jc8d4sh,src-obimd,licensed_for_repository,needs_human_component_review,2026-06-20
obs-comp-cand-000905,graphemic_component_candidate,corpus/003_graphemic-components/010_000901-001000_obs-comp-cand-bucket_component-candidates/905_obs-comp-cand-000905_obimd-sub-rfxejqz8as_component-candidate,obimd-sub-rfxejqz8as,obimd-sub-rfxejqz8as;obimd-main-rfxejqz8as,src-obimd,licensed_for_repository,needs_human_component_review,2026-06-20
obs-comp-cand-000906,graphemic_component_candidate,corpus/003_graphemic-components/010_000901-001000_obs-comp-cand-bucket_component-candidates/906_obs-comp-cand-000906_obimd-sub-sbjf4foazl_component-candidate,obimd-sub-sbjf4foazl,obimd-sub-sbjf4foazl;obimd-main-sbjf4foazl,src-obimd,licensed_for_repository,needs_human_component_review,2026-06-20
obs-comp-cand-000907,graphemic_component_candidate,corpus/003_graphemic-components/010_000901-001000_obs-comp-cand-bucket_component-candidates/907_obs-comp-cand-000907_obimd-sub-e2igpc50o1_component-candidate,obimd-sub-e2igpc50o1,obimd-sub-e2igpc50o1;obimd-main-sbjf4foazl,src-obimd,licensed_for_repository,needs_human_component_review,2026-06-20
obs-comp-cand-000908,graphemic_component_candidate,corpus/003_graphemic-components/010_000901-001000_obs-comp-cand-bucket_component-candidates/908_obs-comp-cand-000908_obimd-sub-sdos1cdyy4_component-candidate,obimd-sub-sdos1cdyy4,obimd-sub-sdos1cdyy4;obimd-main-sdos1cdyy4,src-obimd,licensed_for_repository,needs_human_component_review,2026-06-20
obs-comp-cand-000909,graphemic_component_candidate,corpus/003_graphemic-components/010_000901-001000_obs-comp-cand-bucket_component-candidates/909_obs-comp-cand-000909_obimd-sub-kgyxegwfqu_component-candidate,obimd-sub-kgyxegwfqu,obimd-sub-kgyxegwfqu;obimd-main-sdos1cdyy4,src-obimd,licensed_for_repository,needs_human_component_review,2026-06-20
obs-comp-cand-000910,graphemic_component_candidate,corpus/003_graphemic-components/010_000901-001000_obs-comp-cand-bucket_component-candidates/910_obs-comp-cand-000910_obimd-sub-oo8lj6rypz_component-candidate,obimd-sub-oo8lj6rypz,obimd-sub-oo8lj6rypz;obimd-main-sdos1cdyy4,src-obimd,licensed_for_repository,needs_human_component_review,2026-06-20
obs-comp-cand-000911,graphemic_component_candidate,corpus/003_graphemic-components/010_000901-001000_obs-comp-cand-bucket_component-candidates/911_obs-comp-cand-000911_obimd-sub-7p7pi5fxkj_component-candidate,obimd-sub-7p7pi5fxkj,obimd-sub-7p7pi5fxkj;obimd-main-7p7pi5fxkj,src-obimd,licensed_for_repository,needs_human_component_review,2026-06-20
obs-comp-cand-000912,graphemic_component_candidate,corpus/003_graphemic-components/010_000901-001000_obs-comp-cand-bucket_component-candidates/912_obs-comp-cand-000912_obimd-sub-9m5jjuadiy_component-candidate,obimd-sub-9m5jjuadiy,obimd-sub-9m5jjuadiy;obimd-main-7p7pi5fxkj,src-obimd,licensed_for_repository,needs_human_component_review,2026-06-20
obs-comp-cand-000913,graphemic_component_candidate,corpus/003_graphemic-components/010_000901-001000_obs-comp-cand-bucket_component-candidates/913_obs-comp-cand-000913_obimd-sub-d9vtt5msc1_component-candidate,obimd-sub-d9vtt5msc1,obimd-sub-d9vtt5msc1;obimd-main-d9vtt5msc1,src-obimd,licensed_for_repository,needs_human_component_review,2026-06-20
obs-comp-cand-000914,graphemic_component_candidate,corpus/003_graphemic-components/010_000901-001000_obs-comp-cand-bucket_component-candidates/914_obs-comp-cand-000914_obimd-sub-yzii0m98zy_component-candidate,obimd-sub-yzii0m98zy,obimd-sub-yzii0m98zy;obimd-main-yzii0m98zy,src-obimd,licensed_for_repository,needs_human_component_review,2026-06-20
obs-comp-cand-000915,graphemic_component_candidate,corpus/003_graphemic-components/010_000901-001000_obs-comp-cand-bucket_component-candidates/915_obs-comp-cand-000915_obimd-sub-csyhzui9uc_component-candidate,obimd-sub-csyhzui9uc,obimd-sub-csyhzui9uc;obimd-main-csyhzui9uc,src-obimd,licensed_for_repository,needs_human_component_review,2026-06-20
obs-comp-cand-000916,graphemic_component_candidate,corpus/003_graphemic-components/010_000901-001000_obs-comp-cand-bucket_component-candidates/916_obs-comp-cand-000916_obimd-sub-n66aq8gzoi_component-candidate,obimd-sub-n66aq8gzoi,obimd-sub-n66aq8gzoi;obimd-main-csyhzui9uc,src-obimd,licensed_for_repository,needs_human_component_review,2026-06-20
obs-comp-cand-000917,graphemic_component_candidate,corpus/003_graphemic-components/010_000901-001000_obs-comp-cand-bucket_component-candidates/917_obs-comp-cand-000917_obimd-sub-kjeovtb3db_component-candidate,obimd-sub-kjeovtb3db,obimd-sub-kjeovtb3db;obimd-main-kjeovtb3db,src-obimd,licensed_for_repository,needs_human_component_review,2026-06-20
obs-comp-cand-000918,graphemic_component_candidate,corpus/003_graphemic-components/010_000901-001000_obs-comp-cand-bucket_component-candidates/918_obs-comp-cand-000918_obimd-sub-60lzmbmrwp_component-candidate,obimd-sub-60lzmbmrwp,obimd-sub-60lzmbmrwp;obimd-main-60lzmbmrwp,src-obimd,licensed_for_repository,needs_human_component_review,2026-06-20
obs-comp-cand-000919,graphemic_component_candidate,corpus/003_graphemic-components/010_000901-001000_obs-comp-cand-bucket_component-candidates/919_obs-comp-cand-000919_obimd-sub-x4mvyzj0ob_component-candidate,obimd-sub-x4mvyzj0ob,obimd-sub-x4mvyzj0ob;obimd-main-x4mvyzj0ob,src-obimd,licensed_for_repository,needs_human_component_review,2026-06-20
obs-comp-cand-000920,graphemic_component_candidate,corpus/003_graphemic-components/010_000901-001000_obs-comp-cand-bucket_component-candidates/920_obs-comp-cand-000920_obimd-sub-vb1wabkt79_component-candidate,obimd-sub-vb1wabkt79,obimd-sub-vb1wabkt79;obimd-main-x4mvyzj0ob,src-obimd,licensed_for_repository,needs_human_component_review,2026-06-20
obs-comp-cand-000921,graphemic_component_candidate,corpus/003_graphemic-components/010_000901-001000_obs-comp-cand-bucket_component-candidates/921_obs-comp-cand-000921_obimd-sub-besab3nl4a_component-candidate,obimd-sub-besab3nl4a,obimd-sub-besab3nl4a;obimd-main-x4mvyzj0ob,src-obimd,licensed_for_repository,needs_human_component_review,2026-06-20
obs-comp-cand-000922,graphemic_component_candidate,corpus/003_graphemic-components/010_000901-001000_obs-comp-cand-bucket_component-candidates/922_obs-comp-cand-000922_obimd-sub-f3t8xqcisl_component-candidate,obimd-sub-f3t8xqcisl,obimd-sub-f3t8xqcisl;obimd-main-x4mvyzj0ob,src-obimd,licensed_for_repository,needs_human_component_review,2026-06-20
obs-comp-cand-000923,graphemic_component_candidate,corpus/003_graphemic-components/010_000901-001000_obs-comp-cand-bucket_component-candidates/923_obs-comp-cand-000923_obimd-sub-bw6bl0elx5_component-candidate,obimd-sub-bw6bl0elx5,obimd-sub-bw6bl0elx5;obimd-main-bw6bl0elx5,src-obimd,licensed_for_repository,needs_human_component_review,2026-06-20
obs-comp-cand-000924,graphemic_component_candidate,corpus/003_graphemic-components/010_000901-001000_obs-comp-cand-bucket_component-candidates/924_obs-comp-cand-000924_obimd-sub-88wwlkidbf_component-candidate,obimd-sub-88wwlkidbf,obimd-sub-88wwlkidbf;obimd-main-bw6bl0elx5,src-obimd,licensed_for_repository,needs_human_component_review,2026-06-20
obs-comp-cand-000925,graphemic_component_candidate,corpus/003_graphemic-components/010_000901-001000_obs-comp-cand-bucket_component-candidates/925_obs-comp-cand-000925_obimd-sub-n7m7kfrm5e_component-candidate,obimd-sub-n7m7kfrm5e,obimd-sub-n7m7kfrm5e;obimd-main-bw6bl0elx5,src-obimd,licensed_for_repository,needs_human_component_review,2026-06-20
obs-comp-cand-000926,graphemic_component_candidate,corpus/003_graphemic-components/010_000901-001000_obs-comp-cand-bucket_component-candidates/926_obs-comp-cand-000926_obimd-sub-tcvw6ggyds_component-candidate,obimd-sub-tcvw6ggyds,obimd-sub-tcvw6ggyds;obimd-main-tcvw6ggyds,src-obimd,licensed_for_repository,needs_human_component_review,2026-06-20
obs-comp-cand-000927,graphemic_component_candidate,corpus/003_graphemic-components/010_000901-001000_obs-comp-cand-bucket_component-candidates/927_obs-comp-cand-000927_obimd-sub-oz65ogq74g_component-candidate,obimd-sub-oz65ogq74g,obimd-sub-oz65ogq74g;obimd-main-oz65ogq74g,src-obimd,licensed_for_repository,needs_human_component_review,2026-06-20
obs-comp-cand-000928,graphemic_component_candidate,corpus/003_graphemic-components/010_000901-001000_obs-comp-cand-bucket_component-candidates/928_obs-comp-cand-000928_obimd-sub-j2m24wzu8g_component-candidate,obimd-sub-j2m24wzu8g,obimd-sub-j2m24wzu8g;obimd-main-j2m24wzu8g,src-obimd,licensed_for_repository,needs_human_component_review,2026-06-20
obs-comp-cand-000929,graphemic_component_candidate,corpus/003_graphemic-components/010_000901-001000_obs-comp-cand-bucket_component-candidates/929_obs-comp-cand-000929_obimd-sub-fzkl7e4vel_component-candidate,obimd-sub-fzkl7e4vel,obimd-sub-fzkl7e4vel;obimd-main-fzkl7e4vel,src-obimd,licensed_for_repository,needs_human_component_review,2026-06-20
obs-comp-cand-000930,graphemic_component_candidate,corpus/003_graphemic-components/010_000901-001000_obs-comp-cand-bucket_component-candidates/930_obs-comp-cand-000930_obimd-sub-00bv3k93fk_component-candidate,obimd-sub-00bv3k93fk,obimd-sub-00bv3k93fk;obimd-main-00bv3k93fk,src-obimd,licensed_for_repository,needs_human_component_review,2026-06-20
obs-comp-cand-000931,graphemic_component_candidate,corpus/003_graphemic-components/010_000901-001000_obs-comp-cand-bucket_component-candidates/931_obs-comp-cand-000931_obimd-sub-yott4ymzt7_component-candidate,obimd-sub-yott4ymzt7,obimd-sub-yott4ymzt7;obimd-main-00bv3k93fk,src-obimd,licensed_for_repository,needs_human_component_review,2026-06-20
obs-comp-cand-000932,graphemic_component_candidate,corpus/003_graphemic-components/010_000901-001000_obs-comp-cand-bucket_component-candidates/932_obs-comp-cand-000932_obimd-sub-8ppcj3wjwt_component-candidate,obimd-sub-8ppcj3wjwt,obimd-sub-8ppcj3wjwt;obimd-main-8ppcj3wjwt,src-obimd,licensed_for_repository,needs_human_component_review,2026-06-20
obs-comp-cand-000933,graphemic_component_candidate,corpus/003_graphemic-components/010_000901-001000_obs-comp-cand-bucket_component-candidates/933_obs-comp-cand-000933_obimd-sub-a73fq76370_component-candidate,obimd-sub-a73fq76370,obimd-sub-a73fq76370;obimd-main-a73fq76370,src-obimd,licensed_for_repository,needs_human_component_review,2026-06-20
obs-comp-cand-000934,graphemic_component_candidate,corpus/003_graphemic-components/010_000901-001000_obs-comp-cand-bucket_component-candidates/934_obs-comp-cand-000934_obimd-sub-oaaqvh5dtf_component-candidate,obimd-sub-oaaqvh5dtf,obimd-sub-oaaqvh5dtf;obimd-main-oaaqvh5dtf,src-obimd,licensed_for_repository,needs_human_component_review,2026-06-20
obs-comp-cand-000935,graphemic_component_candidate,corpus/003_graphemic-components/010_000901-001000_obs-comp-cand-bucket_component-candidates/935_obs-comp-cand-000935_obimd-sub-4j4r3esjz6_component-candidate,obimd-sub-4j4r3esjz6,obimd-sub-4j4r3esjz6;obimd-main-4j4r3esjz6,src-obimd,licensed_for_repository,needs_human_component_review,2026-06-20
obs-comp-cand-000936,graphemic_component_candidate,corpus/003_graphemic-components/010_000901-001000_obs-comp-cand-bucket_component-candidates/936_obs-comp-cand-000936_obimd-sub-jwdfza01vq_component-candidate,obimd-sub-jwdfza01vq,obimd-sub-jwdfza01vq;obimd-main-jwdfza01vq,src-obimd,licensed_for_repository,needs_human_component_review,2026-06-20
obs-comp-cand-000937,graphemic_component_candidate,corpus/003_graphemic-components/010_000901-001000_obs-comp-cand-bucket_component-candidates/937_obs-comp-cand-000937_obimd-sub-hrejm00eyu_component-candidate,obimd-sub-hrejm00eyu,obimd-sub-hrejm00eyu;obimd-main-hrejm00eyu,src-obimd,licensed_for_repository,needs_human_component_review,2026-06-20
obs-comp-cand-000938,graphemic_component_candidate,corpus/003_graphemic-components/010_000901-001000_obs-comp-cand-bucket_component-candidates/938_obs-comp-cand-000938_obimd-sub-dccq423sp2_component-candidate,obimd-sub-dccq423sp2,obimd-sub-dccq423sp2;obimd-main-dccq423sp2,src-obimd,licensed_for_repository,needs_human_component_review,2026-06-20
obs-comp-cand-000939,graphemic_component_candidate,corpus/003_graphemic-components/010_000901-001000_obs-comp-cand-bucket_component-candidates/939_obs-comp-cand-000939_obimd-sub-s42qydp267_component-candidate,obimd-sub-s42qydp267,obimd-sub-s42qydp267;obimd-main-dccq423sp2,src-obimd,licensed_for_repository,needs_human_component_review,2026-06-20
obs-comp-cand-000940,graphemic_component_candidate,corpus/003_graphemic-components/010_000901-001000_obs-comp-cand-bucket_component-candidates/940_obs-comp-cand-000940_obimd-sub-pz5se6y58n_component-candidate,obimd-sub-pz5se6y58n,obimd-sub-pz5se6y58n;obimd-main-dccq423sp2,src-obimd,licensed_for_repository,needs_human_component_review,2026-06-20
obs-comp-cand-000941,graphemic_component_candidate,corpus/003_graphemic-components/010_000901-001000_obs-comp-cand-bucket_component-candidates/941_obs-comp-cand-000941_obimd-sub-z9zzf3vavg_component-candidate,obimd-sub-z9zzf3vavg,obimd-sub-z9zzf3vavg;obimd-main-z9zzf3vavg,src-obimd,licensed_for_repository,needs_human_component_review,2026-06-20
obs-comp-cand-000942,graphemic_component_candidate,corpus/003_graphemic-components/010_000901-001000_obs-comp-cand-bucket_component-candidates/942_obs-comp-cand-000942_obimd-sub-whid4atneq_component-candidate,obimd-sub-whid4atneq,obimd-sub-whid4atneq;obimd-main-4jtkq6w8f6,src-obimd,licensed_for_repository,needs_human_component_review,2026-06-20
obs-comp-cand-000943,graphemic_component_candidate,corpus/003_graphemic-components/010_000901-001000_obs-comp-cand-bucket_component-candidates/943_obs-comp-cand-000943_obimd-sub-czou0mg13m_component-candidate,obimd-sub-czou0mg13m,obimd-sub-czou0mg13m;obimd-main-czou0mg13m,src-obimd,licensed_for_repository,needs_human_component_review,2026-06-20
obs-comp-cand-000944,graphemic_component_candidate,corpus/003_graphemic-components/010_000901-001000_obs-comp-cand-bucket_component-candidates/944_obs-comp-cand-000944_obimd-sub-rfc7w6n7w1_component-candidate,obimd-sub-rfc7w6n7w1,obimd-sub-rfc7w6n7w1;obimd-main-rfc7w6n7w1,src-obimd,licensed_for_repository,needs_human_component_review,2026-06-20
obs-comp-cand-000945,graphemic_component_candidate,corpus/003_graphemic-components/010_000901-001000_obs-comp-cand-bucket_component-candidates/945_obs-comp-cand-000945_obimd-sub-bck0nedio0_component-candidate,obimd-sub-bck0nedio0,obimd-sub-bck0nedio0;obimd-main-bck0nedio0,src-obimd,licensed_for_repository,needs_human_component_review,2026-06-20
obs-comp-cand-000946,graphemic_component_candidate,corpus/003_graphemic-components/010_000901-001000_obs-comp-cand-bucket_component-candidates/946_obs-comp-cand-000946_obimd-sub-gnt13du9z8_component-candidate,obimd-sub-gnt13du9z8,obimd-sub-gnt13du9z8;obimd-main-gnt13du9z8,src-obimd,licensed_for_repository,needs_human_component_review,2026-06-20
obs-comp-cand-000947,graphemic_component_candidate,corpus/003_graphemic-components/010_000901-001000_obs-comp-cand-bucket_component-candidates/947_obs-comp-cand-000947_obimd-sub-fmueu74w0p_component-candidate,obimd-sub-fmueu74w0p,obimd-sub-fmueu74w0p;obimd-main-fmueu74w0p,src-obimd,licensed_for_repository,needs_human_component_review,2026-06-20
obs-comp-cand-000948,graphemic_component_candidate,corpus/003_graphemic-components/010_000901-001000_obs-comp-cand-bucket_component-candidates/948_obs-comp-cand-000948_obimd-sub-s5w45l8o2m_component-candidate,obimd-sub-s5w45l8o2m,obimd-sub-s5w45l8o2m;obimd-main-s5w45l8o2m,src-obimd,licensed_for_repository,needs_human_component_review,2026-06-20
obs-comp-cand-000949,graphemic_component_candidate,corpus/003_graphemic-components/010_000901-001000_obs-comp-cand-bucket_component-candidates/949_obs-comp-cand-000949_obimd-sub-up9b7hui1h_component-candidate,obimd-sub-up9b7hui1h,obimd-sub-up9b7hui1h;obimd-main-up9b7hui1h,src-obimd,licensed_for_repository,needs_human_component_review,2026-06-20
obs-comp-cand-000950,graphemic_component_candidate,corpus/003_graphemic-components/010_000901-001000_obs-comp-cand-bucket_component-candidates/950_obs-comp-cand-000950_obimd-sub-ugy1kvy5yz_component-candidate,obimd-sub-ugy1kvy5yz,obimd-sub-ugy1kvy5yz;obimd-main-ugy1kvy5yz,src-obimd,licensed_for_repository,needs_human_component_review,2026-06-20
obs-comp-cand-000951,graphemic_component_candidate,corpus/003_graphemic-components/010_000901-001000_obs-comp-cand-bucket_component-candidates/951_obs-comp-cand-000951_obimd-sub-107xndjbdn_component-candidate,obimd-sub-107xndjbdn,obimd-sub-107xndjbdn;obimd-main-107xndjbdn,src-obimd,licensed_for_repository,needs_human_component_review,2026-06-20
obs-comp-cand-000952,graphemic_component_candidate,corpus/003_graphemic-components/010_000901-001000_obs-comp-cand-bucket_component-candidates/952_obs-comp-cand-000952_obimd-sub-z052z9k6c1_component-candidate,obimd-sub-z052z9k6c1,obimd-sub-z052z9k6c1;obimd-main-z052z9k6c1,src-obimd,licensed_for_repository,needs_human_component_review,2026-06-20
obs-comp-cand-000953,graphemic_component_candidate,corpus/003_graphemic-components/010_000901-001000_obs-comp-cand-bucket_component-candidates/953_obs-comp-cand-000953_obimd-sub-p261sltt8d_component-candidate,obimd-sub-p261sltt8d,obimd-sub-p261sltt8d;obimd-main-g546qlgz9n,src-obimd,licensed_for_repository,needs_human_component_review,2026-06-20
obs-comp-cand-000954,graphemic_component_candidate,corpus/003_graphemic-components/010_000901-001000_obs-comp-cand-bucket_component-candidates/954_obs-comp-cand-000954_obimd-sub-392xwtiew6_component-candidate,obimd-sub-392xwtiew6,obimd-sub-392xwtiew6;obimd-main-xblum49kus,src-obimd,licensed_for_repository,needs_human_component_review,2026-06-20
obs-comp-cand-000955,graphemic_component_candidate,corpus/003_graphemic-components/010_000901-001000_obs-comp-cand-bucket_component-candidates/955_obs-comp-cand-000955_obimd-sub-zgipta73eu_component-candidate,obimd-sub-zgipta73eu,obimd-sub-zgipta73eu;obimd-main-zgipta73eu,src-obimd,licensed_for_repository,needs_human_component_review,2026-06-20
obs-comp-cand-000956,graphemic_component_candidate,corpus/003_graphemic-components/010_000901-001000_obs-comp-cand-bucket_component-candidates/956_obs-comp-cand-000956_obimd-sub-npgbktbhuc_component-candidate,obimd-sub-npgbktbhuc,obimd-sub-npgbktbhuc;obimd-main-npgbktbhuc,src-obimd,licensed_for_repository,needs_human_component_review,2026-06-20
obs-comp-cand-000957,graphemic_component_candidate,corpus/003_graphemic-components/010_000901-001000_obs-comp-cand-bucket_component-candidates/957_obs-comp-cand-000957_obimd-sub-tdznjmpywo_component-candidate,obimd-sub-tdznjmpywo,obimd-sub-tdznjmpywo;obimd-main-tdznjmpywo,src-obimd,licensed_for_repository,needs_human_component_review,2026-06-20
obs-comp-cand-000958,graphemic_component_candidate,corpus/003_graphemic-components/010_000901-001000_obs-comp-cand-bucket_component-candidates/958_obs-comp-cand-000958_obimd-sub-l79u9elpco_component-candidate,obimd-sub-l79u9elpco,obimd-sub-l79u9elpco;obimd-main-l79u9elpco,src-obimd,licensed_for_repository,needs_human_component_review,2026-06-20
obs-comp-cand-000959,graphemic_component_candidate,corpus/003_graphemic-components/010_000901-001000_obs-comp-cand-bucket_component-candidates/959_obs-comp-cand-000959_obimd-sub-3tsrz44re1_component-candidate,obimd-sub-3tsrz44re1,obimd-sub-3tsrz44re1;obimd-main-3tsrz44re1,src-obimd,licensed_for_repository,needs_human_component_review,2026-06-20
obs-comp-cand-000960,graphemic_component_candidate,corpus/003_graphemic-components/010_000901-001000_obs-comp-cand-bucket_component-candidates/960_obs-comp-cand-000960_obimd-sub-901gohvcyr_component-candidate,obimd-sub-901gohvcyr,obimd-sub-901gohvcyr;obimd-main-901gohvcyr,src-obimd,licensed_for_repository,needs_human_component_review,2026-06-20
obs-comp-cand-000961,graphemic_component_candidate,corpus/003_graphemic-components/010_000901-001000_obs-comp-cand-bucket_component-candidates/961_obs-comp-cand-000961_obimd-sub-wy7qlm9hjx_component-candidate,obimd-sub-wy7qlm9hjx,obimd-sub-wy7qlm9hjx;obimd-main-wy7qlm9hjx,src-obimd,licensed_for_repository,needs_human_component_review,2026-06-20
obs-comp-cand-000962,graphemic_component_candidate,corpus/003_graphemic-components/010_000901-001000_obs-comp-cand-bucket_component-candidates/962_obs-comp-cand-000962_obimd-sub-20tmlpf5rq_component-candidate,obimd-sub-20tmlpf5rq,obimd-sub-20tmlpf5rq;obimd-main-20tmlpf5rq,src-obimd,licensed_for_repository,needs_human_component_review,2026-06-20
obs-comp-cand-000963,graphemic_component_candidate,corpus/003_graphemic-components/010_000901-001000_obs-comp-cand-bucket_component-candidates/963_obs-comp-cand-000963_obimd-sub-vl6bxvyj5s_component-candidate,obimd-sub-vl6bxvyj5s,obimd-sub-vl6bxvyj5s;obimd-main-vl6bxvyj5s,src-obimd,licensed_for_repository,needs_human_component_review,2026-06-20
obs-comp-cand-000964,graphemic_component_candidate,corpus/003_graphemic-components/010_000901-001000_obs-comp-cand-bucket_component-candidates/964_obs-comp-cand-000964_obimd-sub-030q5fqlrh_component-candidate,obimd-sub-030q5fqlrh,obimd-sub-030q5fqlrh;obimd-main-030q5fqlrh,src-obimd,licensed_for_repository,needs_human_component_review,2026-06-20
obs-comp-cand-000965,graphemic_component_candidate,corpus/003_graphemic-components/010_000901-001000_obs-comp-cand-bucket_component-candidates/965_obs-comp-cand-000965_obimd-sub-8amt82vs7o_component-candidate,obimd-sub-8amt82vs7o,obimd-sub-8amt82vs7o;obimd-main-8amt82vs7o,src-obimd,licensed_for_repository,needs_human_component_review,2026-06-20
obs-comp-cand-000966,graphemic_component_candidate,corpus/003_graphemic-components/010_000901-001000_obs-comp-cand-bucket_component-candidates/966_obs-comp-cand-000966_obimd-sub-7xgwsikqad_component-candidate,obimd-sub-7xgwsikqad,obimd-sub-7xgwsikqad;obimd-main-7xgwsikqad,src-obimd,licensed_for_repository,needs_human_component_review,2026-06-20
obs-comp-cand-000967,graphemic_component_candidate,corpus/003_graphemic-components/010_000901-001000_obs-comp-cand-bucket_component-candidates/967_obs-comp-cand-000967_obimd-sub-x3zcurblzm_component-candidate,obimd-sub-x3zcurblzm,obimd-sub-x3zcurblzm;obimd-main-x3zcurblzm,src-obimd,licensed_for_repository,needs_human_component_review,2026-06-20
obs-comp-cand-000968,graphemic_component_candidate,corpus/003_graphemic-components/010_000901-001000_obs-comp-cand-bucket_component-candidates/968_obs-comp-cand-000968_obimd-sub-ekzq6rea24_component-candidate,obimd-sub-ekzq6rea24,obimd-sub-ekzq6rea24;obimd-main-ekzq6rea24,src-obimd,licensed_for_repository,needs_human_component_review,2026-06-20
obs-comp-cand-000969,graphemic_component_candidate,corpus/003_graphemic-components/010_000901-001000_obs-comp-cand-bucket_component-candidates/969_obs-comp-cand-000969_obimd-sub-yhwcwu1uot_component-candidate,obimd-sub-yhwcwu1uot,obimd-sub-yhwcwu1uot;obimd-main-yhwcwu1uot,src-obimd,licensed_for_repository,needs_human_component_review,2026-06-20
obs-comp-cand-000970,graphemic_component_candidate,corpus/003_graphemic-components/010_000901-001000_obs-comp-cand-bucket_component-candidates/970_obs-comp-cand-000970_obimd-sub-d7mczw6osp_component-candidate,obimd-sub-d7mczw6osp,obimd-sub-d7mczw6osp;obimd-main-d7mczw6osp,src-obimd,licensed_for_repository,needs_human_component_review,2026-06-20
obs-comp-cand-000971,graphemic_component_candidate,corpus/003_graphemic-components/010_000901-001000_obs-comp-cand-bucket_component-candidates/971_obs-comp-cand-000971_obimd-sub-j5cl5jcqdz_component-candidate,obimd-sub-j5cl5jcqdz,obimd-sub-j5cl5jcqdz;obimd-main-j5cl5jcqdz,src-obimd,licensed_for_repository,needs_human_component_review,2026-06-20
obs-comp-cand-000972,graphemic_component_candidate,corpus/003_graphemic-components/010_000901-001000_obs-comp-cand-bucket_component-candidates/972_obs-comp-cand-000972_obimd-sub-yblerkk95h_component-candidate,obimd-sub-yblerkk95h,obimd-sub-yblerkk95h;obimd-main-j5cl5jcqdz,src-obimd,licensed_for_repository,needs_human_component_review,2026-06-20
obs-comp-cand-000973,graphemic_component_candidate,corpus/003_graphemic-components/010_000901-001000_obs-comp-cand-bucket_component-candidates/973_obs-comp-cand-000973_obimd-sub-r79attbhro_component-candidate,obimd-sub-r79attbhro,obimd-sub-r79attbhro;obimd-main-r79attbhro,src-obimd,licensed_for_repository,needs_human_component_review,2026-06-20
obs-comp-cand-000974,graphemic_component_candidate,corpus/003_graphemic-components/010_000901-001000_obs-comp-cand-bucket_component-candidates/974_obs-comp-cand-000974_obimd-sub-va09nxduqe_component-candidate,obimd-sub-va09nxduqe,obimd-sub-va09nxduqe;obimd-main-r79attbhro,src-obimd,licensed_for_repository,needs_human_component_review,2026-06-20
obs-comp-cand-000975,graphemic_component_candidate,corpus/003_graphemic-components/010_000901-001000_obs-comp-cand-bucket_component-candidates/975_obs-comp-cand-000975_obimd-sub-19nnb1a5fl_component-candidate,obimd-sub-19nnb1a5fl,obimd-sub-19nnb1a5fl;obimd-main-r79attbhro,src-obimd,licensed_for_repository,needs_human_component_review,2026-06-20
obs-comp-cand-000976,graphemic_component_candidate,corpus/003_graphemic-components/010_000901-001000_obs-comp-cand-bucket_component-candidates/976_obs-comp-cand-000976_obimd-sub-dnmtq1w0s1_component-candidate,obimd-sub-dnmtq1w0s1,obimd-sub-dnmtq1w0s1;obimd-main-r79attbhro,src-obimd,licensed_for_repository,needs_human_component_review,2026-06-20
obs-comp-cand-000977,graphemic_component_candidate,corpus/003_graphemic-components/010_000901-001000_obs-comp-cand-bucket_component-candidates/977_obs-comp-cand-000977_obimd-sub-43h8h9jdqj_component-candidate,obimd-sub-43h8h9jdqj,obimd-sub-43h8h9jdqj;obimd-main-43h8h9jdqj,src-obimd,licensed_for_repository,needs_human_component_review,2026-06-20
obs-comp-cand-000978,graphemic_component_candidate,corpus/003_graphemic-components/010_000901-001000_obs-comp-cand-bucket_component-candidates/978_obs-comp-cand-000978_obimd-sub-9iaq2j5p0w_component-candidate,obimd-sub-9iaq2j5p0w,obimd-sub-9iaq2j5p0w;obimd-main-9iaq2j5p0w,src-obimd,licensed_for_repository,needs_human_component_review,2026-06-20
obs-comp-cand-000979,graphemic_component_candidate,corpus/003_graphemic-components/010_000901-001000_obs-comp-cand-bucket_component-candidates/979_obs-comp-cand-000979_obimd-sub-gsp1aliedr_component-candidate,obimd-sub-gsp1aliedr,obimd-sub-gsp1aliedr;obimd-main-gsp1aliedr,src-obimd,licensed_for_repository,needs_human_component_review,2026-06-20
obs-comp-cand-000980,graphemic_component_candidate,corpus/003_graphemic-components/010_000901-001000_obs-comp-cand-bucket_component-candidates/980_obs-comp-cand-000980_obimd-sub-bg8bhr1896_component-candidate,obimd-sub-bg8bhr1896,obimd-sub-bg8bhr1896;obimd-main-bg8bhr1896,src-obimd,licensed_for_repository,needs_human_component_review,2026-06-20
obs-comp-cand-000981,graphemic_component_candidate,corpus/003_graphemic-components/010_000901-001000_obs-comp-cand-bucket_component-candidates/981_obs-comp-cand-000981_obimd-sub-ce6hpt5ju5_component-candidate,obimd-sub-ce6hpt5ju5,obimd-sub-ce6hpt5ju5;obimd-main-ce6hpt5ju5,src-obimd,licensed_for_repository,needs_human_component_review,2026-06-20
obs-comp-cand-000982,graphemic_component_candidate,corpus/003_graphemic-components/010_000901-001000_obs-comp-cand-bucket_component-candidates/982_obs-comp-cand-000982_obimd-sub-wex7jm17pb_component-candidate,obimd-sub-wex7jm17pb,obimd-sub-wex7jm17pb;obimd-main-wex7jm17pb,src-obimd,licensed_for_repository,needs_human_component_review,2026-06-20
obs-comp-cand-000983,graphemic_component_candidate,corpus/003_graphemic-components/010_000901-001000_obs-comp-cand-bucket_component-candidates/983_obs-comp-cand-000983_obimd-sub-7qphk65ozb_component-candidate,obimd-sub-7qphk65ozb,obimd-sub-7qphk65ozb;obimd-main-wex7jm17pb,src-obimd,licensed_for_repository,needs_human_component_review,2026-06-20
obs-comp-cand-000984,graphemic_component_candidate,corpus/003_graphemic-components/010_000901-001000_obs-comp-cand-bucket_component-candidates/984_obs-comp-cand-000984_obimd-sub-98hjwtvjhv_component-candidate,obimd-sub-98hjwtvjhv,obimd-sub-98hjwtvjhv;obimd-main-wex7jm17pb,src-obimd,licensed_for_repository,needs_human_component_review,2026-06-20
obs-comp-cand-000985,graphemic_component_candidate,corpus/003_graphemic-components/010_000901-001000_obs-comp-cand-bucket_component-candidates/985_obs-comp-cand-000985_obimd-sub-od52k9dfs5_component-candidate,obimd-sub-od52k9dfs5,obimd-sub-od52k9dfs5;obimd-main-wex7jm17pb,src-obimd,licensed_for_repository,needs_human_component_review,2026-06-20
obs-comp-cand-000986,graphemic_component_candidate,corpus/003_graphemic-components/010_000901-001000_obs-comp-cand-bucket_component-candidates/986_obs-comp-cand-000986_obimd-sub-ayi94usct9_component-candidate,obimd-sub-ayi94usct9,obimd-sub-ayi94usct9;obimd-main-valpak04h2,src-obimd,licensed_for_repository,needs_human_component_review,2026-06-20
obs-comp-cand-000987,graphemic_component_candidate,corpus/003_graphemic-components/010_000901-001000_obs-comp-cand-bucket_component-candidates/987_obs-comp-cand-000987_obimd-sub-qo76izuv9q_component-candidate,obimd-sub-qo76izuv9q,obimd-sub-qo76izuv9q;obimd-main-qo76izuv9q,src-obimd,licensed_for_repository,needs_human_component_review,2026-06-20
obs-comp-cand-000988,graphemic_component_candidate,corpus/003_graphemic-components/010_000901-001000_obs-comp-cand-bucket_component-candidates/988_obs-comp-cand-000988_obimd-sub-qhpxus7k8t_component-candidate,obimd-sub-qhpxus7k8t,obimd-sub-qhpxus7k8t;obimd-main-qhpxus7k8t,src-obimd,licensed_for_repository,needs_human_component_review,2026-06-20
obs-comp-cand-000989,graphemic_component_candidate,corpus/003_graphemic-components/010_000901-001000_obs-comp-cand-bucket_component-candidates/989_obs-comp-cand-000989_obimd-sub-tp2kuz956n_component-candidate,obimd-sub-tp2kuz956n,obimd-sub-tp2kuz956n;obimd-main-tp2kuz956n,src-obimd,licensed_for_repository,needs_human_component_review,2026-06-20
obs-comp-cand-000990,graphemic_component_candidate,corpus/003_graphemic-components/010_000901-001000_obs-comp-cand-bucket_component-candidates/990_obs-comp-cand-000990_obimd-sub-fe4f66jdz0_component-candidate,obimd-sub-fe4f66jdz0,obimd-sub-fe4f66jdz0;obimd-main-tp2kuz956n,src-obimd,licensed_for_repository,needs_human_component_review,2026-06-20
obs-comp-cand-000991,graphemic_component_candidate,corpus/003_graphemic-components/010_000901-001000_obs-comp-cand-bucket_component-candidates/991_obs-comp-cand-000991_obimd-sub-0cejp24ntn_component-candidate,obimd-sub-0cejp24ntn,obimd-sub-0cejp24ntn;obimd-main-tp2kuz956n,src-obimd,licensed_for_repository,needs_human_component_review,2026-06-20
obs-comp-cand-000992,graphemic_component_candidate,corpus/003_graphemic-components/010_000901-001000_obs-comp-cand-bucket_component-candidates/992_obs-comp-cand-000992_obimd-sub-gomr9f3nzo_component-candidate,obimd-sub-gomr9f3nzo,obimd-sub-gomr9f3nzo;obimd-main-tp2kuz956n,src-obimd,licensed_for_repository,needs_human_component_review,2026-06-20
obs-comp-cand-000993,graphemic_component_candidate,corpus/003_graphemic-components/010_000901-001000_obs-comp-cand-bucket_component-candidates/993_obs-comp-cand-000993_obimd-sub-cl4srojc09_component-candidate,obimd-sub-cl4srojc09,obimd-sub-cl4srojc09;obimd-main-cl4srojc09,src-obimd,licensed_for_repository,needs_human_component_review,2026-06-20
obs-comp-cand-000994,graphemic_component_candidate,corpus/003_graphemic-components/010_000901-001000_obs-comp-cand-bucket_component-candidates/994_obs-comp-cand-000994_obimd-sub-oo1wr8e24r_component-candidate,obimd-sub-oo1wr8e24r,obimd-sub-oo1wr8e24r;obimd-main-oo1wr8e24r,src-obimd,licensed_for_repository,needs_human_component_review,2026-06-20
obs-comp-cand-000995,graphemic_component_candidate,corpus/003_graphemic-components/010_000901-001000_obs-comp-cand-bucket_component-candidates/995_obs-comp-cand-000995_obimd-sub-q8n2xmqs1o_component-candidate,obimd-sub-q8n2xmqs1o,obimd-sub-q8n2xmqs1o;obimd-main-q8n2xmqs1o,src-obimd,licensed_for_repository,needs_human_component_review,2026-06-20
obs-comp-cand-000996,graphemic_component_candidate,corpus/003_graphemic-components/010_000901-001000_obs-comp-cand-bucket_component-candidates/996_obs-comp-cand-000996_obimd-sub-q71z8tnnc6_component-candidate,obimd-sub-q71z8tnnc6,obimd-sub-q71z8tnnc6;obimd-main-q71z8tnnc6,src-obimd,licensed_for_repository,needs_human_component_review,2026-06-20
obs-comp-cand-000997,graphemic_component_candidate,corpus/003_graphemic-components/010_000901-001000_obs-comp-cand-bucket_component-candidates/997_obs-comp-cand-000997_obimd-sub-siyjqf2nk4_component-candidate,obimd-sub-siyjqf2nk4,obimd-sub-siyjqf2nk4;obimd-main-q71z8tnnc6,src-obimd,licensed_for_repository,needs_human_component_review,2026-06-20
obs-comp-cand-000998,graphemic_component_candidate,corpus/003_graphemic-components/010_000901-001000_obs-comp-cand-bucket_component-candidates/998_obs-comp-cand-000998_obimd-sub-lbm101454u_component-candidate,obimd-sub-lbm101454u,obimd-sub-lbm101454u;obimd-main-lbm101454u,src-obimd,licensed_for_repository,needs_human_component_review,2026-06-20
obs-comp-cand-000999,graphemic_component_candidate,corpus/003_graphemic-components/010_000901-001000_obs-comp-cand-bucket_component-candidates/999_obs-comp-cand-000999_obimd-sub-zsc0qawq79_component-candidate,obimd-sub-zsc0qawq79,obimd-sub-zsc0qawq79;obimd-main-zsc0qawq79,src-obimd,licensed_for_repository,needs_human_component_review,2026-06-20
obs-comp-cand-001000,graphemic_component_candidate,corpus/003_graphemic-components/010_000901-001000_obs-comp-cand-bucket_component-candidates/1000_obs-comp-cand-001000_obimd-sub-tfktlwhxjy_component-candidate,obimd-sub-tfktlwhxjy,obimd-sub-tfktlwhxjy;obimd-main-zsc0qawq79,src-obimd,licensed_for_repository,needs_human_component_review,2026-06-20
obs-comp-cand-001001,graphemic_component_candidate,corpus/003_graphemic-components/011_001001-001100_obs-comp-cand-bucket_component-candidates/1001_obs-comp-cand-001001_obimd-sub-tn09sqkpui_component-candidate,obimd-sub-tn09sqkpui,obimd-sub-tn09sqkpui;obimd-main-zsc0qawq79,src-obimd,licensed_for_repository,needs_human_component_review,2026-06-20
obs-comp-cand-001002,graphemic_component_candidate,corpus/003_graphemic-components/011_001001-001100_obs-comp-cand-bucket_component-candidates/1002_obs-comp-cand-001002_obimd-sub-n6rvz1v9u7_component-candidate,obimd-sub-n6rvz1v9u7,obimd-sub-n6rvz1v9u7;obimd-main-zsc0qawq79,src-obimd,licensed_for_repository,needs_human_component_review,2026-06-20
obs-comp-cand-001003,graphemic_component_candidate,corpus/003_graphemic-components/011_001001-001100_obs-comp-cand-bucket_component-candidates/1003_obs-comp-cand-001003_obimd-sub-7wrt6jfhfq_component-candidate,obimd-sub-7wrt6jfhfq,obimd-sub-7wrt6jfhfq;obimd-main-7wrt6jfhfq,src-obimd,licensed_for_repository,needs_human_component_review,2026-06-20
obs-comp-cand-001004,graphemic_component_candidate,corpus/003_graphemic-components/011_001001-001100_obs-comp-cand-bucket_component-candidates/1004_obs-comp-cand-001004_obimd-sub-0b8aq10cdo_component-candidate,obimd-sub-0b8aq10cdo,obimd-sub-0b8aq10cdo;obimd-main-7wrt6jfhfq,src-obimd,licensed_for_repository,needs_human_component_review,2026-06-20
obs-comp-cand-001005,graphemic_component_candidate,corpus/003_graphemic-components/011_001001-001100_obs-comp-cand-bucket_component-candidates/1005_obs-comp-cand-001005_obimd-sub-h1ms9qs0bj_component-candidate,obimd-sub-h1ms9qs0bj,obimd-sub-h1ms9qs0bj;obimd-main-jupa4d7mu6,src-obimd,licensed_for_repository,needs_human_component_review,2026-06-20
obs-comp-cand-001006,graphemic_component_candidate,corpus/003_graphemic-components/011_001001-001100_obs-comp-cand-bucket_component-candidates/1006_obs-comp-cand-001006_obimd-sub-yzl6vltidf_component-candidate,obimd-sub-yzl6vltidf,obimd-sub-yzl6vltidf;obimd-main-yzl6vltidf,src-obimd,licensed_for_repository,needs_human_component_review,2026-06-20
obs-comp-cand-001007,graphemic_component_candidate,corpus/003_graphemic-components/011_001001-001100_obs-comp-cand-bucket_component-candidates/1007_obs-comp-cand-001007_obimd-sub-7jjbgcqg1h_component-candidate,obimd-sub-7jjbgcqg1h,obimd-sub-7jjbgcqg1h;obimd-main-7jjbgcqg1h,src-obimd,licensed_for_repository,needs_human_component_review,2026-06-20
obs-comp-cand-001008,graphemic_component_candidate,corpus/003_graphemic-components/011_001001-001100_obs-comp-cand-bucket_component-candidates/1008_obs-comp-cand-001008_obimd-sub-sjo5wujrih_component-candidate,obimd-sub-sjo5wujrih,obimd-sub-sjo5wujrih;obimd-main-sjo5wujrih,src-obimd,licensed_for_repository,needs_human_component_review,2026-06-20
obs-comp-cand-001009,graphemic_component_candidate,corpus/003_graphemic-components/011_001001-001100_obs-comp-cand-bucket_component-candidates/1009_obs-comp-cand-001009_obimd-sub-hswq9fdhn7_component-candidate,obimd-sub-hswq9fdhn7,obimd-sub-hswq9fdhn7;obimd-main-14byfgv30p,src-obimd,licensed_for_repository,needs_human_component_review,2026-06-20
obs-comp-cand-001010,graphemic_component_candidate,corpus/003_graphemic-components/011_001001-001100_obs-comp-cand-bucket_component-candidates/1010_obs-comp-cand-001010_obimd-sub-xnaggs7qe3_component-candidate,obimd-sub-xnaggs7qe3,obimd-sub-xnaggs7qe3;obimd-main-xnaggs7qe3,src-obimd,licensed_for_repository,needs_human_component_review,2026-06-20
obs-comp-cand-001011,graphemic_component_candidate,corpus/003_graphemic-components/011_001001-001100_obs-comp-cand-bucket_component-candidates/1011_obs-comp-cand-001011_obimd-sub-5n84oehkzw_component-candidate,obimd-sub-5n84oehkzw,obimd-sub-5n84oehkzw;obimd-main-xnaggs7qe3,src-obimd,licensed_for_repository,needs_human_component_review,2026-06-20
obs-comp-cand-001012,graphemic_component_candidate,corpus/003_graphemic-components/011_001001-001100_obs-comp-cand-bucket_component-candidates/1012_obs-comp-cand-001012_obimd-sub-fnl93kc82n_component-candidate,obimd-sub-fnl93kc82n,obimd-sub-fnl93kc82n;obimd-main-xnaggs7qe3,src-obimd,licensed_for_repository,needs_human_component_review,2026-06-20
obs-comp-cand-001013,graphemic_component_candidate,corpus/003_graphemic-components/011_001001-001100_obs-comp-cand-bucket_component-candidates/1013_obs-comp-cand-001013_obimd-sub-szqyf48ni2_component-candidate,obimd-sub-szqyf48ni2,obimd-sub-szqyf48ni2;obimd-main-szqyf48ni2,src-obimd,licensed_for_repository,needs_human_component_review,2026-06-20
obs-comp-cand-001014,graphemic_component_candidate,corpus/003_graphemic-components/011_001001-001100_obs-comp-cand-bucket_component-candidates/1014_obs-comp-cand-001014_obimd-sub-9aai46wd9w_component-candidate,obimd-sub-9aai46wd9w,obimd-sub-9aai46wd9w;obimd-main-9aai46wd9w,src-obimd,licensed_for_repository,needs_human_component_review,2026-06-20
obs-comp-cand-001015,graphemic_component_candidate,corpus/003_graphemic-components/011_001001-001100_obs-comp-cand-bucket_component-candidates/1015_obs-comp-cand-001015_obimd-sub-47ioadp9wd_component-candidate,obimd-sub-47ioadp9wd,obimd-sub-47ioadp9wd;obimd-main-47ioadp9wd,src-obimd,licensed_for_repository,needs_human_component_review,2026-06-20
obs-comp-cand-001016,graphemic_component_candidate,corpus/003_graphemic-components/011_001001-001100_obs-comp-cand-bucket_component-candidates/1016_obs-comp-cand-001016_obimd-sub-b9o5x78opw_component-candidate,obimd-sub-b9o5x78opw,obimd-sub-b9o5x78opw;obimd-main-47ioadp9wd,src-obimd,licensed_for_repository,needs_human_component_review,2026-06-20
obs-comp-cand-001017,graphemic_component_candidate,corpus/003_graphemic-components/011_001001-001100_obs-comp-cand-bucket_component-candidates/1017_obs-comp-cand-001017_obimd-sub-x40w6mop83_component-candidate,obimd-sub-x40w6mop83,obimd-sub-x40w6mop83;obimd-main-x40w6mop83,src-obimd,licensed_for_repository,needs_human_component_review,2026-06-20
obs-comp-cand-001018,graphemic_component_candidate,corpus/003_graphemic-components/011_001001-001100_obs-comp-cand-bucket_component-candidates/1018_obs-comp-cand-001018_obimd-sub-urzeocieq8_component-candidate,obimd-sub-urzeocieq8,obimd-sub-urzeocieq8;obimd-main-urzeocieq8,src-obimd,licensed_for_repository,needs_human_component_review,2026-06-20
obs-comp-cand-001019,graphemic_component_candidate,corpus/003_graphemic-components/011_001001-001100_obs-comp-cand-bucket_component-candidates/1019_obs-comp-cand-001019_obimd-sub-kyjb7o7olz_component-candidate,obimd-sub-kyjb7o7olz,obimd-sub-kyjb7o7olz;obimd-main-kyjb7o7olz,src-obimd,licensed_for_repository,needs_human_component_review,2026-06-20
obs-comp-cand-001020,graphemic_component_candidate,corpus/003_graphemic-components/011_001001-001100_obs-comp-cand-bucket_component-candidates/1020_obs-comp-cand-001020_obimd-sub-50z922qja8_component-candidate,obimd-sub-50z922qja8,obimd-sub-50z922qja8;obimd-main-50z922qja8,src-obimd,licensed_for_repository,needs_human_component_review,2026-06-20
obs-comp-cand-001021,graphemic_component_candidate,corpus/003_graphemic-components/011_001001-001100_obs-comp-cand-bucket_component-candidates/1021_obs-comp-cand-001021_obimd-sub-6qg6jp55k8_component-candidate,obimd-sub-6qg6jp55k8,obimd-sub-6qg6jp55k8;obimd-main-50z922qja8,src-obimd,licensed_for_repository,needs_human_component_review,2026-06-20
obs-comp-cand-001022,graphemic_component_candidate,corpus/003_graphemic-components/011_001001-001100_obs-comp-cand-bucket_component-candidates/1022_obs-comp-cand-001022_obimd-sub-z54p4jv4x2_component-candidate,obimd-sub-z54p4jv4x2,obimd-sub-z54p4jv4x2;obimd-main-50z922qja8,src-obimd,licensed_for_repository,needs_human_component_review,2026-06-20
obs-comp-cand-001023,graphemic_component_candidate,corpus/003_graphemic-components/011_001001-001100_obs-comp-cand-bucket_component-candidates/1023_obs-comp-cand-001023_obimd-sub-7dov2iw6pr_component-candidate,obimd-sub-7dov2iw6pr,obimd-sub-7dov2iw6pr;obimd-main-50z922qja8,src-obimd,licensed_for_repository,needs_human_component_review,2026-06-20
obs-comp-cand-001024,graphemic_component_candidate,corpus/003_graphemic-components/011_001001-001100_obs-comp-cand-bucket_component-candidates/1024_obs-comp-cand-001024_obimd-sub-altlfztjg5_component-candidate,obimd-sub-altlfztjg5,obimd-sub-altlfztjg5;obimd-main-altlfztjg5,src-obimd,licensed_for_repository,needs_human_component_review,2026-06-20
obs-comp-cand-001025,graphemic_component_candidate,corpus/003_graphemic-components/011_001001-001100_obs-comp-cand-bucket_component-candidates/1025_obs-comp-cand-001025_obimd-sub-188qgh86vq_component-candidate,obimd-sub-188qgh86vq,obimd-sub-188qgh86vq;obimd-main-188qgh86vq,src-obimd,licensed_for_repository,needs_human_component_review,2026-06-20
obs-comp-cand-001026,graphemic_component_candidate,corpus/003_graphemic-components/011_001001-001100_obs-comp-cand-bucket_component-candidates/1026_obs-comp-cand-001026_obimd-sub-zrxiogzeqd_component-candidate,obimd-sub-zrxiogzeqd,obimd-sub-zrxiogzeqd;obimd-main-188qgh86vq,src-obimd,licensed_for_repository,needs_human_component_review,2026-06-20
obs-comp-cand-001027,graphemic_component_candidate,corpus/003_graphemic-components/011_001001-001100_obs-comp-cand-bucket_component-candidates/1027_obs-comp-cand-001027_obimd-sub-p7rq0a1geq_component-candidate,obimd-sub-p7rq0a1geq,obimd-sub-p7rq0a1geq;obimd-main-p7rq0a1geq,src-obimd,licensed_for_repository,needs_human_component_review,2026-06-20
obs-comp-cand-001028,graphemic_component_candidate,corpus/003_graphemic-components/011_001001-001100_obs-comp-cand-bucket_component-candidates/1028_obs-comp-cand-001028_obimd-sub-zjs0019zm2_component-candidate,obimd-sub-zjs0019zm2,obimd-sub-zjs0019zm2;obimd-main-zjs0019zm2,src-obimd,licensed_for_repository,needs_human_component_review,2026-06-20
obs-comp-cand-001029,graphemic_component_candidate,corpus/003_graphemic-components/011_001001-001100_obs-comp-cand-bucket_component-candidates/1029_obs-comp-cand-001029_obimd-sub-z8s6u45g2k_component-candidate,obimd-sub-z8s6u45g2k,obimd-sub-z8s6u45g2k;obimd-main-z8s6u45g2k,src-obimd,licensed_for_repository,needs_human_component_review,2026-06-20
obs-comp-cand-001030,graphemic_component_candidate,corpus/003_graphemic-components/011_001001-001100_obs-comp-cand-bucket_component-candidates/1030_obs-comp-cand-001030_obimd-sub-5uwqhmpbpw_component-candidate,obimd-sub-5uwqhmpbpw,obimd-sub-5uwqhmpbpw;obimd-main-5uwqhmpbpw,src-obimd,licensed_for_repository,needs_human_component_review,2026-06-20
obs-comp-cand-001031,graphemic_component_candidate,corpus/003_graphemic-components/011_001001-001100_obs-comp-cand-bucket_component-candidates/1031_obs-comp-cand-001031_obimd-sub-npl316l4j0_component-candidate,obimd-sub-npl316l4j0,obimd-sub-npl316l4j0;obimd-main-npl316l4j0,src-obimd,licensed_for_repository,needs_human_component_review,2026-06-20
obs-comp-cand-001032,graphemic_component_candidate,corpus/003_graphemic-components/011_001001-001100_obs-comp-cand-bucket_component-candidates/1032_obs-comp-cand-001032_obimd-sub-refqnby49o_component-candidate,obimd-sub-refqnby49o,obimd-sub-refqnby49o;obimd-main-refqnby49o,src-obimd,licensed_for_repository,needs_human_component_review,2026-06-20
obs-comp-cand-001033,graphemic_component_candidate,corpus/003_graphemic-components/011_001001-001100_obs-comp-cand-bucket_component-candidates/1033_obs-comp-cand-001033_obimd-sub-fbmole6hwm_component-candidate,obimd-sub-fbmole6hwm,obimd-sub-fbmole6hwm;obimd-main-fbmole6hwm,src-obimd,licensed_for_repository,needs_human_component_review,2026-06-20
obs-comp-cand-001034,graphemic_component_candidate,corpus/003_graphemic-components/011_001001-001100_obs-comp-cand-bucket_component-candidates/1034_obs-comp-cand-001034_obimd-sub-k33cabnmrn_component-candidate,obimd-sub-k33cabnmrn,obimd-sub-k33cabnmrn;obimd-main-fbmole6hwm,src-obimd,licensed_for_repository,needs_human_component_review,2026-06-20
obs-comp-cand-001035,graphemic_component_candidate,corpus/003_graphemic-components/011_001001-001100_obs-comp-cand-bucket_component-candidates/1035_obs-comp-cand-001035_obimd-sub-urmkru9gei_component-candidate,obimd-sub-urmkru9gei,obimd-sub-urmkru9gei;obimd-main-fbmole6hwm,src-obimd,licensed_for_repository,needs_human_component_review,2026-06-20
obs-comp-cand-001036,graphemic_component_candidate,corpus/003_graphemic-components/011_001001-001100_obs-comp-cand-bucket_component-candidates/1036_obs-comp-cand-001036_obimd-sub-mxjh9h64im_component-candidate,obimd-sub-mxjh9h64im,obimd-sub-mxjh9h64im;obimd-main-mxjh9h64im,src-obimd,licensed_for_repository,needs_human_component_review,2026-06-20
obs-comp-cand-001037,graphemic_component_candidate,corpus/003_graphemic-components/011_001001-001100_obs-comp-cand-bucket_component-candidates/1037_obs-comp-cand-001037_obimd-sub-s0s2apklxg_component-candidate,obimd-sub-s0s2apklxg,obimd-sub-s0s2apklxg;obimd-main-mxjh9h64im,src-obimd,licensed_for_repository,needs_human_component_review,2026-06-20
obs-comp-cand-001038,graphemic_component_candidate,corpus/003_graphemic-components/011_001001-001100_obs-comp-cand-bucket_component-candidates/1038_obs-comp-cand-001038_obimd-sub-q0usnwdsfn_component-candidate,obimd-sub-q0usnwdsfn,obimd-sub-q0usnwdsfn;obimd-main-mxjh9h64im,src-obimd,licensed_for_repository,needs_human_component_review,2026-06-20
obs-comp-cand-001039,graphemic_component_candidate,corpus/003_graphemic-components/011_001001-001100_obs-comp-cand-bucket_component-candidates/1039_obs-comp-cand-001039_obimd-sub-r9cvuw9v1t_component-candidate,obimd-sub-r9cvuw9v1t,obimd-sub-r9cvuw9v1t;obimd-main-r9cvuw9v1t,src-obimd,licensed_for_repository,needs_human_component_review,2026-06-20
obs-comp-cand-001040,graphemic_component_candidate,corpus/003_graphemic-components/011_001001-001100_obs-comp-cand-bucket_component-candidates/1040_obs-comp-cand-001040_obimd-sub-vgtvawlq60_component-candidate,obimd-sub-vgtvawlq60,obimd-sub-vgtvawlq60;obimd-main-vgtvawlq60,src-obimd,licensed_for_repository,needs_human_component_review,2026-06-20
obs-comp-cand-001041,graphemic_component_candidate,corpus/003_graphemic-components/011_001001-001100_obs-comp-cand-bucket_component-candidates/1041_obs-comp-cand-001041_obimd-sub-umalf001uf_component-candidate,obimd-sub-umalf001uf,obimd-sub-umalf001uf;obimd-main-umalf001uf,src-obimd,licensed_for_repository,needs_human_component_review,2026-06-20
obs-comp-cand-001042,graphemic_component_candidate,corpus/003_graphemic-components/011_001001-001100_obs-comp-cand-bucket_component-candidates/1042_obs-comp-cand-001042_obimd-sub-sevo4xa26q_component-candidate,obimd-sub-sevo4xa26q,obimd-sub-sevo4xa26q;obimd-main-sevo4xa26q,src-obimd,licensed_for_repository,needs_human_component_review,2026-06-20
obs-comp-cand-001043,graphemic_component_candidate,corpus/003_graphemic-components/011_001001-001100_obs-comp-cand-bucket_component-candidates/1043_obs-comp-cand-001043_obimd-sub-9ayc3k0dxu_component-candidate,obimd-sub-9ayc3k0dxu,obimd-sub-9ayc3k0dxu;obimd-main-9ayc3k0dxu,src-obimd,licensed_for_repository,needs_human_component_review,2026-06-20
obs-comp-cand-001044,graphemic_component_candidate,corpus/003_graphemic-components/011_001001-001100_obs-comp-cand-bucket_component-candidates/1044_obs-comp-cand-001044_obimd-sub-rxvyya07z2_component-candidate,obimd-sub-rxvyya07z2,obimd-sub-rxvyya07z2;obimd-main-rxvyya07z2,src-obimd,licensed_for_repository,needs_human_component_review,2026-06-20
obs-comp-cand-001045,graphemic_component_candidate,corpus/003_graphemic-components/011_001001-001100_obs-comp-cand-bucket_component-candidates/1045_obs-comp-cand-001045_obimd-sub-vaz8c6nubx_component-candidate,obimd-sub-vaz8c6nubx,obimd-sub-vaz8c6nubx;obimd-main-vaz8c6nubx,src-obimd,licensed_for_repository,needs_human_component_review,2026-06-20
obs-comp-cand-001046,graphemic_component_candidate,corpus/003_graphemic-components/011_001001-001100_obs-comp-cand-bucket_component-candidates/1046_obs-comp-cand-001046_obimd-sub-r89cx7sv2l_component-candidate,obimd-sub-r89cx7sv2l,obimd-sub-r89cx7sv2l;obimd-main-r89cx7sv2l,src-obimd,licensed_for_repository,needs_human_component_review,2026-06-20
obs-comp-cand-001047,graphemic_component_candidate,corpus/003_graphemic-components/011_001001-001100_obs-comp-cand-bucket_component-candidates/1047_obs-comp-cand-001047_obimd-sub-a9n7vw34kp_component-candidate,obimd-sub-a9n7vw34kp,obimd-sub-a9n7vw34kp;obimd-main-a9n7vw34kp,src-obimd,licensed_for_repository,needs_human_component_review,2026-06-20
obs-comp-cand-001048,graphemic_component_candidate,corpus/003_graphemic-components/011_001001-001100_obs-comp-cand-bucket_component-candidates/1048_obs-comp-cand-001048_obimd-sub-ux1lvrjiu2_component-candidate,obimd-sub-ux1lvrjiu2,obimd-sub-ux1lvrjiu2;obimd-main-ux1lvrjiu2,src-obimd,licensed_for_repository,needs_human_component_review,2026-06-20
obs-comp-cand-001049,graphemic_component_candidate,corpus/003_graphemic-components/011_001001-001100_obs-comp-cand-bucket_component-candidates/1049_obs-comp-cand-001049_obimd-sub-084xuar347_component-candidate,obimd-sub-084xuar347,obimd-sub-084xuar347;obimd-main-084xuar347,src-obimd,licensed_for_repository,needs_human_component_review,2026-06-20
obs-comp-cand-001050,graphemic_component_candidate,corpus/003_graphemic-components/011_001001-001100_obs-comp-cand-bucket_component-candidates/1050_obs-comp-cand-001050_obimd-sub-jjzvqk37cu_component-candidate,obimd-sub-jjzvqk37cu,obimd-sub-jjzvqk37cu;obimd-main-jjzvqk37cu,src-obimd,licensed_for_repository,needs_human_component_review,2026-06-20
obs-comp-cand-001051,graphemic_component_candidate,corpus/003_graphemic-components/011_001001-001100_obs-comp-cand-bucket_component-candidates/1051_obs-comp-cand-001051_obimd-sub-vqo5659li5_component-candidate,obimd-sub-vqo5659li5,obimd-sub-vqo5659li5;obimd-main-vqo5659li5,src-obimd,licensed_for_repository,needs_human_component_review,2026-06-20
obs-comp-cand-001052,graphemic_component_candidate,corpus/003_graphemic-components/011_001001-001100_obs-comp-cand-bucket_component-candidates/1052_obs-comp-cand-001052_obimd-sub-6ln830q1np_component-candidate,obimd-sub-6ln830q1np,obimd-sub-6ln830q1np;obimd-main-vqo5659li5,src-obimd,licensed_for_repository,needs_human_component_review,2026-06-20
obs-comp-cand-001053,graphemic_component_candidate,corpus/003_graphemic-components/011_001001-001100_obs-comp-cand-bucket_component-candidates/1053_obs-comp-cand-001053_obimd-sub-dnmwbqd36a_component-candidate,obimd-sub-dnmwbqd36a,obimd-sub-dnmwbqd36a;obimd-main-dnmwbqd36a,src-obimd,licensed_for_repository,needs_human_component_review,2026-06-20
obs-comp-cand-001054,graphemic_component_candidate,corpus/003_graphemic-components/011_001001-001100_obs-comp-cand-bucket_component-candidates/1054_obs-comp-cand-001054_obimd-sub-ntmjixw7s5_component-candidate,obimd-sub-ntmjixw7s5,obimd-sub-ntmjixw7s5;obimd-main-ntmjixw7s5,src-obimd,licensed_for_repository,needs_human_component_review,2026-06-20
obs-comp-cand-001055,graphemic_component_candidate,corpus/003_graphemic-components/011_001001-001100_obs-comp-cand-bucket_component-candidates/1055_obs-comp-cand-001055_obimd-sub-jcsf6ohzo1_component-candidate,obimd-sub-jcsf6ohzo1,obimd-sub-jcsf6ohzo1;obimd-main-jcsf6ohzo1,src-obimd,licensed_for_repository,needs_human_component_review,2026-06-20
obs-comp-cand-001056,graphemic_component_candidate,corpus/003_graphemic-components/011_001001-001100_obs-comp-cand-bucket_component-candidates/1056_obs-comp-cand-001056_obimd-sub-iocxq8h80p_component-candidate,obimd-sub-iocxq8h80p,obimd-sub-iocxq8h80p;obimd-main-jcsf6ohzo1,src-obimd,licensed_for_repository,needs_human_component_review,2026-06-20
obs-comp-cand-001057,graphemic_component_candidate,corpus/003_graphemic-components/011_001001-001100_obs-comp-cand-bucket_component-candidates/1057_obs-comp-cand-001057_obimd-sub-dagr43m1aj_component-candidate,obimd-sub-dagr43m1aj,obimd-sub-dagr43m1aj;obimd-main-dagr43m1aj,src-obimd,licensed_for_repository,needs_human_component_review,2026-06-20
obs-comp-cand-001058,graphemic_component_candidate,corpus/003_graphemic-components/011_001001-001100_obs-comp-cand-bucket_component-candidates/1058_obs-comp-cand-001058_obimd-sub-qbwv11qfx4_component-candidate,obimd-sub-qbwv11qfx4,obimd-sub-qbwv11qfx4;obimd-main-qbwv11qfx4,src-obimd,licensed_for_repository,needs_human_component_review,2026-06-20
obs-comp-cand-001059,graphemic_component_candidate,corpus/003_graphemic-components/011_001001-001100_obs-comp-cand-bucket_component-candidates/1059_obs-comp-cand-001059_obimd-sub-alvcqy8hjj_component-candidate,obimd-sub-alvcqy8hjj,obimd-sub-alvcqy8hjj;obimd-main-alvcqy8hjj,src-obimd,licensed_for_repository,needs_human_component_review,2026-06-20
obs-comp-cand-001060,graphemic_component_candidate,corpus/003_graphemic-components/011_001001-001100_obs-comp-cand-bucket_component-candidates/1060_obs-comp-cand-001060_obimd-sub-m4ruun8m3a_component-candidate,obimd-sub-m4ruun8m3a,obimd-sub-m4ruun8m3a;obimd-main-m4ruun8m3a,src-obimd,licensed_for_repository,needs_human_component_review,2026-06-20
obs-comp-cand-001061,graphemic_component_candidate,corpus/003_graphemic-components/011_001001-001100_obs-comp-cand-bucket_component-candidates/1061_obs-comp-cand-001061_obimd-sub-32pzmjlrd9_component-candidate,obimd-sub-32pzmjlrd9,obimd-sub-32pzmjlrd9;obimd-main-32pzmjlrd9,src-obimd,licensed_for_repository,needs_human_component_review,2026-06-20
obs-comp-cand-001062,graphemic_component_candidate,corpus/003_graphemic-components/011_001001-001100_obs-comp-cand-bucket_component-candidates/1062_obs-comp-cand-001062_obimd-sub-hvm3m8ypgu_component-candidate,obimd-sub-hvm3m8ypgu,obimd-sub-hvm3m8ypgu;obimd-main-hvm3m8ypgu,src-obimd,licensed_for_repository,needs_human_component_review,2026-06-20
obs-comp-cand-001063,graphemic_component_candidate,corpus/003_graphemic-components/011_001001-001100_obs-comp-cand-bucket_component-candidates/1063_obs-comp-cand-001063_obimd-sub-rjwiij6e97_component-candidate,obimd-sub-rjwiij6e97,obimd-sub-rjwiij6e97;obimd-main-hvm3m8ypgu,src-obimd,licensed_for_repository,needs_human_component_review,2026-06-20
obs-comp-cand-001064,graphemic_component_candidate,corpus/003_graphemic-components/011_001001-001100_obs-comp-cand-bucket_component-candidates/1064_obs-comp-cand-001064_obimd-sub-y7e97sd82a_component-candidate,obimd-sub-y7e97sd82a,obimd-sub-y7e97sd82a;obimd-main-y7e97sd82a,src-obimd,licensed_for_repository,needs_human_component_review,2026-06-20
obs-comp-cand-001065,graphemic_component_candidate,corpus/003_graphemic-components/011_001001-001100_obs-comp-cand-bucket_component-candidates/1065_obs-comp-cand-001065_obimd-sub-o7rxqft52e_component-candidate,obimd-sub-o7rxqft52e,obimd-sub-o7rxqft52e;obimd-main-o7rxqft52e,src-obimd,licensed_for_repository,needs_human_component_review,2026-06-20
obs-comp-cand-001066,graphemic_component_candidate,corpus/003_graphemic-components/011_001001-001100_obs-comp-cand-bucket_component-candidates/1066_obs-comp-cand-001066_obimd-sub-if2xeoq16w_component-candidate,obimd-sub-if2xeoq16w,obimd-sub-if2xeoq16w;obimd-main-if2xeoq16w,src-obimd,licensed_for_repository,needs_human_component_review,2026-06-20
obs-comp-cand-001067,graphemic_component_candidate,corpus/003_graphemic-components/011_001001-001100_obs-comp-cand-bucket_component-candidates/1067_obs-comp-cand-001067_obimd-sub-9c9zf6hv2z_component-candidate,obimd-sub-9c9zf6hv2z,obimd-sub-9c9zf6hv2z;obimd-main-9c9zf6hv2z,src-obimd,licensed_for_repository,needs_human_component_review,2026-06-20
obs-comp-cand-001068,graphemic_component_candidate,corpus/003_graphemic-components/011_001001-001100_obs-comp-cand-bucket_component-candidates/1068_obs-comp-cand-001068_obimd-sub-rddtpyuik3_component-candidate,obimd-sub-rddtpyuik3,obimd-sub-rddtpyuik3;obimd-main-rddtpyuik3,src-obimd,licensed_for_repository,needs_human_component_review,2026-06-20
obs-comp-cand-001069,graphemic_component_candidate,corpus/003_graphemic-components/011_001001-001100_obs-comp-cand-bucket_component-candidates/1069_obs-comp-cand-001069_obimd-sub-pwhw4c1urq_component-candidate,obimd-sub-pwhw4c1urq,obimd-sub-pwhw4c1urq;obimd-main-rddtpyuik3,src-obimd,licensed_for_repository,needs_human_component_review,2026-06-20
obs-comp-cand-001070,graphemic_component_candidate,corpus/003_graphemic-components/011_001001-001100_obs-comp-cand-bucket_component-candidates/1070_obs-comp-cand-001070_obimd-sub-a7fntjnau2_component-candidate,obimd-sub-a7fntjnau2,obimd-sub-a7fntjnau2;obimd-main-a7fntjnau2,src-obimd,licensed_for_repository,needs_human_component_review,2026-06-20
obs-comp-cand-001071,graphemic_component_candidate,corpus/003_graphemic-components/011_001001-001100_obs-comp-cand-bucket_component-candidates/1071_obs-comp-cand-001071_obimd-sub-x3w07ykbbp_component-candidate,obimd-sub-x3w07ykbbp,obimd-sub-x3w07ykbbp;obimd-main-a7fntjnau2,src-obimd,licensed_for_repository,needs_human_component_review,2026-06-20
obs-comp-cand-001072,graphemic_component_candidate,corpus/003_graphemic-components/011_001001-001100_obs-comp-cand-bucket_component-candidates/1072_obs-comp-cand-001072_obimd-sub-yncuso5ryt_component-candidate,obimd-sub-yncuso5ryt,obimd-sub-yncuso5ryt;obimd-main-yncuso5ryt,src-obimd,licensed_for_repository,needs_human_component_review,2026-06-20
obs-comp-cand-001073,graphemic_component_candidate,corpus/003_graphemic-components/011_001001-001100_obs-comp-cand-bucket_component-candidates/1073_obs-comp-cand-001073_obimd-sub-blx6dl1i3x_component-candidate,obimd-sub-blx6dl1i3x,obimd-sub-blx6dl1i3x;obimd-main-yncuso5ryt,src-obimd,licensed_for_repository,needs_human_component_review,2026-06-20
obs-comp-cand-001074,graphemic_component_candidate,corpus/003_graphemic-components/011_001001-001100_obs-comp-cand-bucket_component-candidates/1074_obs-comp-cand-001074_obimd-sub-nxv16lsfup_component-candidate,obimd-sub-nxv16lsfup,obimd-sub-nxv16lsfup;obimd-main-nxv16lsfup,src-obimd,licensed_for_repository,needs_human_component_review,2026-06-20
obs-comp-cand-001075,graphemic_component_candidate,corpus/003_graphemic-components/011_001001-001100_obs-comp-cand-bucket_component-candidates/1075_obs-comp-cand-001075_obimd-sub-rzyrjgiv6m_component-candidate,obimd-sub-rzyrjgiv6m,obimd-sub-rzyrjgiv6m;obimd-main-rzyrjgiv6m,src-obimd,licensed_for_repository,needs_human_component_review,2026-06-20
obs-comp-cand-001076,graphemic_component_candidate,corpus/003_graphemic-components/011_001001-001100_obs-comp-cand-bucket_component-candidates/1076_obs-comp-cand-001076_obimd-sub-0cwxw7rveh_component-candidate,obimd-sub-0cwxw7rveh,obimd-sub-0cwxw7rveh;obimd-main-0cwxw7rveh,src-obimd,licensed_for_repository,needs_human_component_review,2026-06-20
obs-comp-cand-001077,graphemic_component_candidate,corpus/003_graphemic-components/011_001001-001100_obs-comp-cand-bucket_component-candidates/1077_obs-comp-cand-001077_obimd-sub-47dbb7u6kq_component-candidate,obimd-sub-47dbb7u6kq,obimd-sub-47dbb7u6kq;obimd-main-0cwxw7rveh,src-obimd,licensed_for_repository,needs_human_component_review,2026-06-20
obs-comp-cand-001078,graphemic_component_candidate,corpus/003_graphemic-components/011_001001-001100_obs-comp-cand-bucket_component-candidates/1078_obs-comp-cand-001078_obimd-sub-avzjpgqkym_component-candidate,obimd-sub-avzjpgqkym,obimd-sub-avzjpgqkym;obimd-main-avzjpgqkym,src-obimd,licensed_for_repository,needs_human_component_review,2026-06-20
obs-comp-cand-001079,graphemic_component_candidate,corpus/003_graphemic-components/011_001001-001100_obs-comp-cand-bucket_component-candidates/1079_obs-comp-cand-001079_obimd-sub-8kl4colp8e_component-candidate,obimd-sub-8kl4colp8e,obimd-sub-8kl4colp8e;obimd-main-8kl4colp8e,src-obimd,licensed_for_repository,needs_human_component_review,2026-06-20
obs-comp-cand-001080,graphemic_component_candidate,corpus/003_graphemic-components/011_001001-001100_obs-comp-cand-bucket_component-candidates/1080_obs-comp-cand-001080_obimd-sub-2bw77slbb4_component-candidate,obimd-sub-2bw77slbb4,obimd-sub-2bw77slbb4;obimd-main-2bw77slbb4,src-obimd,licensed_for_repository,needs_human_component_review,2026-06-20
obs-comp-cand-001081,graphemic_component_candidate,corpus/003_graphemic-components/011_001001-001100_obs-comp-cand-bucket_component-candidates/1081_obs-comp-cand-001081_obimd-sub-jiu9nnsqms_component-candidate,obimd-sub-jiu9nnsqms,obimd-sub-jiu9nnsqms;obimd-main-jiu9nnsqms,src-obimd,licensed_for_repository,needs_human_component_review,2026-06-20
obs-comp-cand-001082,graphemic_component_candidate,corpus/003_graphemic-components/011_001001-001100_obs-comp-cand-bucket_component-candidates/1082_obs-comp-cand-001082_obimd-sub-kzmks2fxlw_component-candidate,obimd-sub-kzmks2fxlw,obimd-sub-kzmks2fxlw;obimd-main-kzmks2fxlw,src-obimd,licensed_for_repository,needs_human_component_review,2026-06-20
obs-comp-cand-001083,graphemic_component_candidate,corpus/003_graphemic-components/011_001001-001100_obs-comp-cand-bucket_component-candidates/1083_obs-comp-cand-001083_obimd-sub-46aok4e9hb_component-candidate,obimd-sub-46aok4e9hb,obimd-sub-46aok4e9hb;obimd-main-46aok4e9hb,src-obimd,licensed_for_repository,needs_human_component_review,2026-06-20
obs-comp-cand-001084,graphemic_component_candidate,corpus/003_graphemic-components/011_001001-001100_obs-comp-cand-bucket_component-candidates/1084_obs-comp-cand-001084_obimd-sub-4ytix1aozf_component-candidate,obimd-sub-4ytix1aozf,obimd-sub-4ytix1aozf;obimd-main-4ytix1aozf,src-obimd,licensed_for_repository,needs_human_component_review,2026-06-20
obs-comp-cand-001085,graphemic_component_candidate,corpus/003_graphemic-components/011_001001-001100_obs-comp-cand-bucket_component-candidates/1085_obs-comp-cand-001085_obimd-sub-9xhq4zclpe_component-candidate,obimd-sub-9xhq4zclpe,obimd-sub-9xhq4zclpe;obimd-main-9xhq4zclpe,src-obimd,licensed_for_repository,needs_human_component_review,2026-06-20
obs-comp-cand-001086,graphemic_component_candidate,corpus/003_graphemic-components/011_001001-001100_obs-comp-cand-bucket_component-candidates/1086_obs-comp-cand-001086_obimd-sub-f1uojpw9ej_component-candidate,obimd-sub-f1uojpw9ej,obimd-sub-f1uojpw9ej;obimd-main-f1uojpw9ej,src-obimd,licensed_for_repository,needs_human_component_review,2026-06-20
obs-comp-cand-001087,graphemic_component_candidate,corpus/003_graphemic-components/011_001001-001100_obs-comp-cand-bucket_component-candidates/1087_obs-comp-cand-001087_obimd-sub-fmdym8mxmv_component-candidate,obimd-sub-fmdym8mxmv,obimd-sub-fmdym8mxmv;obimd-main-fmdym8mxmv,src-obimd,licensed_for_repository,needs_human_component_review,2026-06-20
obs-comp-cand-001088,graphemic_component_candidate,corpus/003_graphemic-components/011_001001-001100_obs-comp-cand-bucket_component-candidates/1088_obs-comp-cand-001088_obimd-sub-rxgt4nludm_component-candidate,obimd-sub-rxgt4nludm,obimd-sub-rxgt4nludm;obimd-main-fmdym8mxmv,src-obimd,licensed_for_repository,needs_human_component_review,2026-06-20
obs-comp-cand-001089,graphemic_component_candidate,corpus/003_graphemic-components/011_001001-001100_obs-comp-cand-bucket_component-candidates/1089_obs-comp-cand-001089_obimd-sub-11fne5mtbh_component-candidate,obimd-sub-11fne5mtbh,obimd-sub-11fne5mtbh;obimd-main-fmdym8mxmv,src-obimd,licensed_for_repository,needs_human_component_review,2026-06-20
obs-comp-cand-001090,graphemic_component_candidate,corpus/003_graphemic-components/011_001001-001100_obs-comp-cand-bucket_component-candidates/1090_obs-comp-cand-001090_obimd-sub-mrz7t6gxh0_component-candidate,obimd-sub-mrz7t6gxh0,obimd-sub-mrz7t6gxh0;obimd-main-mrz7t6gxh0,src-obimd,licensed_for_repository,needs_human_component_review,2026-06-20
obs-comp-cand-001091,graphemic_component_candidate,corpus/003_graphemic-components/011_001001-001100_obs-comp-cand-bucket_component-candidates/1091_obs-comp-cand-001091_obimd-sub-lnkxar9817_component-candidate,obimd-sub-lnkxar9817,obimd-sub-lnkxar9817;obimd-main-mrz7t6gxh0,src-obimd,licensed_for_repository,needs_human_component_review,2026-06-20
obs-comp-cand-001092,graphemic_component_candidate,corpus/003_graphemic-components/011_001001-001100_obs-comp-cand-bucket_component-candidates/1092_obs-comp-cand-001092_obimd-sub-t1wd9fiznl_component-candidate,obimd-sub-t1wd9fiznl,obimd-sub-t1wd9fiznl;obimd-main-t1wd9fiznl,src-obimd,licensed_for_repository,needs_human_component_review,2026-06-20
obs-comp-cand-001093,graphemic_component_candidate,corpus/003_graphemic-components/011_001001-001100_obs-comp-cand-bucket_component-candidates/1093_obs-comp-cand-001093_obimd-sub-ct6ebuoqac_component-candidate,obimd-sub-ct6ebuoqac,obimd-sub-ct6ebuoqac;obimd-main-t1wd9fiznl,src-obimd,licensed_for_repository,needs_human_component_review,2026-06-20
obs-comp-cand-001094,graphemic_component_candidate,corpus/003_graphemic-components/011_001001-001100_obs-comp-cand-bucket_component-candidates/1094_obs-comp-cand-001094_obimd-sub-y8fa87ilz9_component-candidate,obimd-sub-y8fa87ilz9,obimd-sub-y8fa87ilz9;obimd-main-t1wd9fiznl,src-obimd,licensed_for_repository,needs_human_component_review,2026-06-20
obs-comp-cand-001095,graphemic_component_candidate,corpus/003_graphemic-components/011_001001-001100_obs-comp-cand-bucket_component-candidates/1095_obs-comp-cand-001095_obimd-sub-5cuto8p2fx_component-candidate,obimd-sub-5cuto8p2fx,obimd-sub-5cuto8p2fx;obimd-main-5cuto8p2fx,src-obimd,licensed_for_repository,needs_human_component_review,2026-06-20
obs-comp-cand-001096,graphemic_component_candidate,corpus/003_graphemic-components/011_001001-001100_obs-comp-cand-bucket_component-candidates/1096_obs-comp-cand-001096_obimd-sub-6bzmgp7e84_component-candidate,obimd-sub-6bzmgp7e84,obimd-sub-6bzmgp7e84;obimd-main-6bzmgp7e84,src-obimd,licensed_for_repository,needs_human_component_review,2026-06-20
obs-comp-cand-001097,graphemic_component_candidate,corpus/003_graphemic-components/011_001001-001100_obs-comp-cand-bucket_component-candidates/1097_obs-comp-cand-001097_obimd-sub-b037aq4o64_component-candidate,obimd-sub-b037aq4o64,obimd-sub-b037aq4o64;obimd-main-b037aq4o64,src-obimd,licensed_for_repository,needs_human_component_review,2026-06-20
obs-comp-cand-001098,graphemic_component_candidate,corpus/003_graphemic-components/011_001001-001100_obs-comp-cand-bucket_component-candidates/1098_obs-comp-cand-001098_obimd-sub-0kcfgksim7_component-candidate,obimd-sub-0kcfgksim7,obimd-sub-0kcfgksim7;obimd-main-0kcfgksim7,src-obimd,licensed_for_repository,needs_human_component_review,2026-06-20
obs-comp-cand-001099,graphemic_component_candidate,corpus/003_graphemic-components/011_001001-001100_obs-comp-cand-bucket_component-candidates/1099_obs-comp-cand-001099_obimd-sub-xlscyddubk_component-candidate,obimd-sub-xlscyddubk,obimd-sub-xlscyddubk;obimd-main-xlscyddubk,src-obimd,licensed_for_repository,needs_human_component_review,2026-06-20
obs-comp-cand-001100,graphemic_component_candidate,corpus/003_graphemic-components/011_001001-001100_obs-comp-cand-bucket_component-candidates/1100_obs-comp-cand-001100_obimd-sub-001tvnst5l_component-candidate,obimd-sub-001tvnst5l,obimd-sub-001tvnst5l;obimd-main-xlscyddubk,src-obimd,licensed_for_repository,needs_human_component_review,2026-06-20
obs-comp-cand-001101,graphemic_component_candidate,corpus/003_graphemic-components/012_001101-001200_obs-comp-cand-bucket_component-candidates/1101_obs-comp-cand-001101_obimd-sub-4ipm1tz27z_component-candidate,obimd-sub-4ipm1tz27z,obimd-sub-4ipm1tz27z;obimd-main-xlscyddubk,src-obimd,licensed_for_repository,needs_human_component_review,2026-06-20
obs-comp-cand-001102,graphemic_component_candidate,corpus/003_graphemic-components/012_001101-001200_obs-comp-cand-bucket_component-candidates/1102_obs-comp-cand-001102_obimd-sub-cj0x5c4cfa_component-candidate,obimd-sub-cj0x5c4cfa,obimd-sub-cj0x5c4cfa;obimd-main-xlscyddubk,src-obimd,licensed_for_repository,needs_human_component_review,2026-06-20
obs-comp-cand-001103,graphemic_component_candidate,corpus/003_graphemic-components/012_001101-001200_obs-comp-cand-bucket_component-candidates/1103_obs-comp-cand-001103_obimd-sub-f26s8rqdoj_component-candidate,obimd-sub-f26s8rqdoj,obimd-sub-f26s8rqdoj;obimd-main-xlscyddubk,src-obimd,licensed_for_repository,needs_human_component_review,2026-06-20
obs-comp-cand-001104,graphemic_component_candidate,corpus/003_graphemic-components/012_001101-001200_obs-comp-cand-bucket_component-candidates/1104_obs-comp-cand-001104_obimd-sub-r424gd7pwf_component-candidate,obimd-sub-r424gd7pwf,obimd-sub-r424gd7pwf;obimd-main-r424gd7pwf,src-obimd,licensed_for_repository,needs_human_component_review,2026-06-20
obs-comp-cand-001105,graphemic_component_candidate,corpus/003_graphemic-components/012_001101-001200_obs-comp-cand-bucket_component-candidates/1105_obs-comp-cand-001105_obimd-sub-s3c8e2qncp_component-candidate,obimd-sub-s3c8e2qncp,obimd-sub-s3c8e2qncp;obimd-main-r424gd7pwf,src-obimd,licensed_for_repository,needs_human_component_review,2026-06-20
obs-comp-cand-001106,graphemic_component_candidate,corpus/003_graphemic-components/012_001101-001200_obs-comp-cand-bucket_component-candidates/1106_obs-comp-cand-001106_obimd-sub-awebxd6wg1_component-candidate,obimd-sub-awebxd6wg1,obimd-sub-awebxd6wg1;obimd-main-awebxd6wg1,src-obimd,licensed_for_repository,needs_human_component_review,2026-06-20
obs-comp-cand-001107,graphemic_component_candidate,corpus/003_graphemic-components/012_001101-001200_obs-comp-cand-bucket_component-candidates/1107_obs-comp-cand-001107_obimd-sub-l4dcsyca75_component-candidate,obimd-sub-l4dcsyca75,obimd-sub-l4dcsyca75;obimd-main-awebxd6wg1,src-obimd,licensed_for_repository,needs_human_component_review,2026-06-20
obs-comp-cand-001108,graphemic_component_candidate,corpus/003_graphemic-components/012_001101-001200_obs-comp-cand-bucket_component-candidates/1108_obs-comp-cand-001108_obimd-sub-a8yk8tkxc4_component-candidate,obimd-sub-a8yk8tkxc4,obimd-sub-a8yk8tkxc4;obimd-main-a8yk8tkxc4,src-obimd,licensed_for_repository,needs_human_component_review,2026-06-20
obs-comp-cand-001109,graphemic_component_candidate,corpus/003_graphemic-components/012_001101-001200_obs-comp-cand-bucket_component-candidates/1109_obs-comp-cand-001109_obimd-sub-ho95nnufi7_component-candidate,obimd-sub-ho95nnufi7,obimd-sub-ho95nnufi7;obimd-main-ho95nnufi7,src-obimd,licensed_for_repository,needs_human_component_review,2026-06-20
obs-comp-cand-001110,graphemic_component_candidate,corpus/003_graphemic-components/012_001101-001200_obs-comp-cand-bucket_component-candidates/1110_obs-comp-cand-001110_obimd-sub-bbvj8xmean_component-candidate,obimd-sub-bbvj8xmean,obimd-sub-bbvj8xmean;obimd-main-ho95nnufi7,src-obimd,licensed_for_repository,needs_human_component_review,2026-06-20
obs-comp-cand-001111,graphemic_component_candidate,corpus/003_graphemic-components/012_001101-001200_obs-comp-cand-bucket_component-candidates/1111_obs-comp-cand-001111_obimd-sub-ketncivolx_component-candidate,obimd-sub-ketncivolx,obimd-sub-ketncivolx;obimd-main-ketncivolx,src-obimd,licensed_for_repository,needs_human_component_review,2026-06-20
obs-comp-cand-001112,graphemic_component_candidate,corpus/003_graphemic-components/012_001101-001200_obs-comp-cand-bucket_component-candidates/1112_obs-comp-cand-001112_obimd-sub-bor1nhz1d4_component-candidate,obimd-sub-bor1nhz1d4,obimd-sub-bor1nhz1d4;obimd-main-bor1nhz1d4,src-obimd,licensed_for_repository,needs_human_component_review,2026-06-20
obs-comp-cand-001113,graphemic_component_candidate,corpus/003_graphemic-components/012_001101-001200_obs-comp-cand-bucket_component-candidates/1113_obs-comp-cand-001113_obimd-sub-doqvaj2vzu_component-candidate,obimd-sub-doqvaj2vzu,obimd-sub-doqvaj2vzu;obimd-main-doqvaj2vzu,src-obimd,licensed_for_repository,needs_human_component_review,2026-06-20
obs-comp-cand-001114,graphemic_component_candidate,corpus/003_graphemic-components/012_001101-001200_obs-comp-cand-bucket_component-candidates/1114_obs-comp-cand-001114_obimd-sub-z0ktl3i548_component-candidate,obimd-sub-z0ktl3i548,obimd-sub-z0ktl3i548;obimd-main-doqvaj2vzu,src-obimd,licensed_for_repository,needs_human_component_review,2026-06-20
obs-comp-cand-001115,graphemic_component_candidate,corpus/003_graphemic-components/012_001101-001200_obs-comp-cand-bucket_component-candidates/1115_obs-comp-cand-001115_obimd-sub-yhqkhecxxc_component-candidate,obimd-sub-yhqkhecxxc,obimd-sub-yhqkhecxxc;obimd-main-yhqkhecxxc,src-obimd,licensed_for_repository,needs_human_component_review,2026-06-20
obs-comp-cand-001116,graphemic_component_candidate,corpus/003_graphemic-components/012_001101-001200_obs-comp-cand-bucket_component-candidates/1116_obs-comp-cand-001116_obimd-sub-59lmys7y2s_component-candidate,obimd-sub-59lmys7y2s,obimd-sub-59lmys7y2s;obimd-main-59lmys7y2s,src-obimd,licensed_for_repository,needs_human_component_review,2026-06-20
obs-comp-cand-001117,graphemic_component_candidate,corpus/003_graphemic-components/012_001101-001200_obs-comp-cand-bucket_component-candidates/1117_obs-comp-cand-001117_obimd-sub-52t3nzmp0l_component-candidate,obimd-sub-52t3nzmp0l,obimd-sub-52t3nzmp0l;obimd-main-52t3nzmp0l,src-obimd,licensed_for_repository,needs_human_component_review,2026-06-20
obs-comp-cand-001118,graphemic_component_candidate,corpus/003_graphemic-components/012_001101-001200_obs-comp-cand-bucket_component-candidates/1118_obs-comp-cand-001118_obimd-sub-aaiykrtqk4_component-candidate,obimd-sub-aaiykrtqk4,obimd-sub-aaiykrtqk4;obimd-main-52t3nzmp0l,src-obimd,licensed_for_repository,needs_human_component_review,2026-06-20
obs-comp-cand-001119,graphemic_component_candidate,corpus/003_graphemic-components/012_001101-001200_obs-comp-cand-bucket_component-candidates/1119_obs-comp-cand-001119_obimd-sub-krhtv9twvr_component-candidate,obimd-sub-krhtv9twvr,obimd-sub-krhtv9twvr;obimd-main-krhtv9twvr,src-obimd,licensed_for_repository,needs_human_component_review,2026-06-20
obs-comp-cand-001120,graphemic_component_candidate,corpus/003_graphemic-components/012_001101-001200_obs-comp-cand-bucket_component-candidates/1120_obs-comp-cand-001120_obimd-sub-00htwmnd0q_component-candidate,obimd-sub-00htwmnd0q,obimd-sub-00htwmnd0q;obimd-main-krhtv9twvr,src-obimd,licensed_for_repository,needs_human_component_review,2026-06-20
obs-comp-cand-001121,graphemic_component_candidate,corpus/003_graphemic-components/012_001101-001200_obs-comp-cand-bucket_component-candidates/1121_obs-comp-cand-001121_obimd-sub-qom5qq71bd_component-candidate,obimd-sub-qom5qq71bd,obimd-sub-qom5qq71bd;obimd-main-qom5qq71bd,src-obimd,licensed_for_repository,needs_human_component_review,2026-06-20
obs-comp-cand-001122,graphemic_component_candidate,corpus/003_graphemic-components/012_001101-001200_obs-comp-cand-bucket_component-candidates/1122_obs-comp-cand-001122_obimd-sub-b6y3pr9x2a_component-candidate,obimd-sub-b6y3pr9x2a,obimd-sub-b6y3pr9x2a;obimd-main-b6y3pr9x2a,src-obimd,licensed_for_repository,needs_human_component_review,2026-06-20
obs-comp-cand-001123,graphemic_component_candidate,corpus/003_graphemic-components/012_001101-001200_obs-comp-cand-bucket_component-candidates/1123_obs-comp-cand-001123_obimd-sub-n52ssmqnda_component-candidate,obimd-sub-n52ssmqnda,obimd-sub-n52ssmqnda;obimd-main-n52ssmqnda,src-obimd,licensed_for_repository,needs_human_component_review,2026-06-20
obs-comp-cand-001124,graphemic_component_candidate,corpus/003_graphemic-components/012_001101-001200_obs-comp-cand-bucket_component-candidates/1124_obs-comp-cand-001124_obimd-sub-rddgo068w9_component-candidate,obimd-sub-rddgo068w9,obimd-sub-rddgo068w9;obimd-main-n52ssmqnda,src-obimd,licensed_for_repository,needs_human_component_review,2026-06-20
obs-comp-cand-001125,graphemic_component_candidate,corpus/003_graphemic-components/012_001101-001200_obs-comp-cand-bucket_component-candidates/1125_obs-comp-cand-001125_obimd-sub-fgo9aomfqj_component-candidate,obimd-sub-fgo9aomfqj,obimd-sub-fgo9aomfqj;obimd-main-fgo9aomfqj,src-obimd,licensed_for_repository,needs_human_component_review,2026-06-20
obs-comp-cand-001126,graphemic_component_candidate,corpus/003_graphemic-components/012_001101-001200_obs-comp-cand-bucket_component-candidates/1126_obs-comp-cand-001126_obimd-sub-aw5cu31vd7_component-candidate,obimd-sub-aw5cu31vd7,obimd-sub-aw5cu31vd7;obimd-main-fgo9aomfqj,src-obimd,licensed_for_repository,needs_human_component_review,2026-06-20
obs-comp-cand-001127,graphemic_component_candidate,corpus/003_graphemic-components/012_001101-001200_obs-comp-cand-bucket_component-candidates/1127_obs-comp-cand-001127_obimd-sub-mvl9bio8ou_component-candidate,obimd-sub-mvl9bio8ou,obimd-sub-mvl9bio8ou;obimd-main-mvl9bio8ou,src-obimd,licensed_for_repository,needs_human_component_review,2026-06-20
obs-comp-cand-001128,graphemic_component_candidate,corpus/003_graphemic-components/012_001101-001200_obs-comp-cand-bucket_component-candidates/1128_obs-comp-cand-001128_obimd-sub-vszyfvmzzg_component-candidate,obimd-sub-vszyfvmzzg,obimd-sub-vszyfvmzzg;obimd-main-vszyfvmzzg,src-obimd,licensed_for_repository,needs_human_component_review,2026-06-20
obs-comp-cand-001129,graphemic_component_candidate,corpus/003_graphemic-components/012_001101-001200_obs-comp-cand-bucket_component-candidates/1129_obs-comp-cand-001129_obimd-sub-9649n5rjvr_component-candidate,obimd-sub-9649n5rjvr,obimd-sub-9649n5rjvr;obimd-main-9649n5rjvr,src-obimd,licensed_for_repository,needs_human_component_review,2026-06-20
obs-comp-cand-001130,graphemic_component_candidate,corpus/003_graphemic-components/012_001101-001200_obs-comp-cand-bucket_component-candidates/1130_obs-comp-cand-001130_obimd-sub-u17qj3l99z_component-candidate,obimd-sub-u17qj3l99z,obimd-sub-u17qj3l99z;obimd-main-9649n5rjvr,src-obimd,licensed_for_repository,needs_human_component_review,2026-06-20
obs-comp-cand-001131,graphemic_component_candidate,corpus/003_graphemic-components/012_001101-001200_obs-comp-cand-bucket_component-candidates/1131_obs-comp-cand-001131_obimd-sub-j871qqnjld_component-candidate,obimd-sub-j871qqnjld,obimd-sub-j871qqnjld;obimd-main-9649n5rjvr,src-obimd,licensed_for_repository,needs_human_component_review,2026-06-20
obs-comp-cand-001132,graphemic_component_candidate,corpus/003_graphemic-components/012_001101-001200_obs-comp-cand-bucket_component-candidates/1132_obs-comp-cand-001132_obimd-sub-sk1f0pk4y8_component-candidate,obimd-sub-sk1f0pk4y8,obimd-sub-sk1f0pk4y8;obimd-main-rdt31ynd6t,src-obimd,licensed_for_repository,needs_human_component_review,2026-06-20
obs-comp-cand-001133,graphemic_component_candidate,corpus/003_graphemic-components/012_001101-001200_obs-comp-cand-bucket_component-candidates/1133_obs-comp-cand-001133_obimd-sub-jthh3lgecc_component-candidate,obimd-sub-jthh3lgecc,obimd-sub-jthh3lgecc;obimd-main-jthh3lgecc,src-obimd,licensed_for_repository,needs_human_component_review,2026-06-20
obs-comp-cand-001134,graphemic_component_candidate,corpus/003_graphemic-components/012_001101-001200_obs-comp-cand-bucket_component-candidates/1134_obs-comp-cand-001134_obimd-sub-rysjgchsua_component-candidate,obimd-sub-rysjgchsua,obimd-sub-rysjgchsua;obimd-main-rysjgchsua,src-obimd,licensed_for_repository,needs_human_component_review,2026-06-20
obs-comp-cand-001135,graphemic_component_candidate,corpus/003_graphemic-components/012_001101-001200_obs-comp-cand-bucket_component-candidates/1135_obs-comp-cand-001135_obimd-sub-iscjlutw9b_component-candidate,obimd-sub-iscjlutw9b,obimd-sub-iscjlutw9b;obimd-main-iscjlutw9b,src-obimd,licensed_for_repository,needs_human_component_review,2026-06-20
obs-comp-cand-001136,graphemic_component_candidate,corpus/003_graphemic-components/012_001101-001200_obs-comp-cand-bucket_component-candidates/1136_obs-comp-cand-001136_obimd-sub-qgiwl47lvm_component-candidate,obimd-sub-qgiwl47lvm,obimd-sub-qgiwl47lvm;obimd-main-qgiwl47lvm,src-obimd,licensed_for_repository,needs_human_component_review,2026-06-20
obs-comp-cand-001137,graphemic_component_candidate,corpus/003_graphemic-components/012_001101-001200_obs-comp-cand-bucket_component-candidates/1137_obs-comp-cand-001137_obimd-sub-usqcyemfku_component-candidate,obimd-sub-usqcyemfku,obimd-sub-usqcyemfku;obimd-main-usqcyemfku,src-obimd,licensed_for_repository,needs_human_component_review,2026-06-20
obs-comp-cand-001138,graphemic_component_candidate,corpus/003_graphemic-components/012_001101-001200_obs-comp-cand-bucket_component-candidates/1138_obs-comp-cand-001138_obimd-sub-l2vxxrjn36_component-candidate,obimd-sub-l2vxxrjn36,obimd-sub-l2vxxrjn36;obimd-main-l2vxxrjn36,src-obimd,licensed_for_repository,needs_human_component_review,2026-06-20
obs-comp-cand-001139,graphemic_component_candidate,corpus/003_graphemic-components/012_001101-001200_obs-comp-cand-bucket_component-candidates/1139_obs-comp-cand-001139_obimd-sub-ze9pkdkqjd_component-candidate,obimd-sub-ze9pkdkqjd,obimd-sub-ze9pkdkqjd;obimd-main-ze9pkdkqjd,src-obimd,licensed_for_repository,needs_human_component_review,2026-06-20
obs-comp-cand-001140,graphemic_component_candidate,corpus/003_graphemic-components/012_001101-001200_obs-comp-cand-bucket_component-candidates/1140_obs-comp-cand-001140_obimd-sub-jn8qw1nhns_component-candidate,obimd-sub-jn8qw1nhns,obimd-sub-jn8qw1nhns;obimd-main-jn8qw1nhns,src-obimd,licensed_for_repository,needs_human_component_review,2026-06-20
obs-comp-cand-001141,graphemic_component_candidate,corpus/003_graphemic-components/012_001101-001200_obs-comp-cand-bucket_component-candidates/1141_obs-comp-cand-001141_obimd-sub-vwahtur1cj_component-candidate,obimd-sub-vwahtur1cj,obimd-sub-vwahtur1cj;obimd-main-vwahtur1cj,src-obimd,licensed_for_repository,needs_human_component_review,2026-06-20
obs-comp-cand-001142,graphemic_component_candidate,corpus/003_graphemic-components/012_001101-001200_obs-comp-cand-bucket_component-candidates/1142_obs-comp-cand-001142_obimd-sub-c40r3zyq5t_component-candidate,obimd-sub-c40r3zyq5t,obimd-sub-c40r3zyq5t;obimd-main-c40r3zyq5t,src-obimd,licensed_for_repository,needs_human_component_review,2026-06-20
obs-comp-cand-001143,graphemic_component_candidate,corpus/003_graphemic-components/012_001101-001200_obs-comp-cand-bucket_component-candidates/1143_obs-comp-cand-001143_obimd-sub-c57ck009xt_component-candidate,obimd-sub-c57ck009xt,obimd-sub-c57ck009xt;obimd-main-c57ck009xt,src-obimd,licensed_for_repository,needs_human_component_review,2026-06-20
obs-comp-cand-001144,graphemic_component_candidate,corpus/003_graphemic-components/012_001101-001200_obs-comp-cand-bucket_component-candidates/1144_obs-comp-cand-001144_obimd-sub-0u6c7rk2ux_component-candidate,obimd-sub-0u6c7rk2ux,obimd-sub-0u6c7rk2ux;obimd-main-0u6c7rk2ux,src-obimd,licensed_for_repository,needs_human_component_review,2026-06-20
obs-comp-cand-001145,graphemic_component_candidate,corpus/003_graphemic-components/012_001101-001200_obs-comp-cand-bucket_component-candidates/1145_obs-comp-cand-001145_obimd-sub-tpy5799qxk_component-candidate,obimd-sub-tpy5799qxk,obimd-sub-tpy5799qxk;obimd-main-tpy5799qxk,src-obimd,licensed_for_repository,needs_human_component_review,2026-06-20
obs-comp-cand-001146,graphemic_component_candidate,corpus/003_graphemic-components/012_001101-001200_obs-comp-cand-bucket_component-candidates/1146_obs-comp-cand-001146_obimd-sub-8pu7n71zyl_component-candidate,obimd-sub-8pu7n71zyl,obimd-sub-8pu7n71zyl;obimd-main-8pu7n71zyl,src-obimd,licensed_for_repository,needs_human_component_review,2026-06-20
obs-comp-cand-001147,graphemic_component_candidate,corpus/003_graphemic-components/012_001101-001200_obs-comp-cand-bucket_component-candidates/1147_obs-comp-cand-001147_obimd-sub-cun5nm7d0f_component-candidate,obimd-sub-cun5nm7d0f,obimd-sub-cun5nm7d0f;obimd-main-cun5nm7d0f,src-obimd,licensed_for_repository,needs_human_component_review,2026-06-20
obs-comp-cand-001148,graphemic_component_candidate,corpus/003_graphemic-components/012_001101-001200_obs-comp-cand-bucket_component-candidates/1148_obs-comp-cand-001148_obimd-sub-khqn7h3zps_component-candidate,obimd-sub-khqn7h3zps,obimd-sub-khqn7h3zps;obimd-main-khqn7h3zps,src-obimd,licensed_for_repository,needs_human_component_review,2026-06-20
obs-comp-cand-001149,graphemic_component_candidate,corpus/003_graphemic-components/012_001101-001200_obs-comp-cand-bucket_component-candidates/1149_obs-comp-cand-001149_obimd-sub-xbrbbm12wm_component-candidate,obimd-sub-xbrbbm12wm,obimd-sub-xbrbbm12wm;obimd-main-xbrbbm12wm,src-obimd,licensed_for_repository,needs_human_component_review,2026-06-20
obs-comp-cand-001150,graphemic_component_candidate,corpus/003_graphemic-components/012_001101-001200_obs-comp-cand-bucket_component-candidates/1150_obs-comp-cand-001150_obimd-sub-i5iv3migqj_component-candidate,obimd-sub-i5iv3migqj,obimd-sub-i5iv3migqj;obimd-main-i5iv3migqj,src-obimd,licensed_for_repository,needs_human_component_review,2026-06-20
obs-comp-cand-001151,graphemic_component_candidate,corpus/003_graphemic-components/012_001101-001200_obs-comp-cand-bucket_component-candidates/1151_obs-comp-cand-001151_obimd-sub-dc22oah1v8_component-candidate,obimd-sub-dc22oah1v8,obimd-sub-dc22oah1v8;obimd-main-dc22oah1v8,src-obimd,licensed_for_repository,needs_human_component_review,2026-06-20
obs-comp-cand-001152,graphemic_component_candidate,corpus/003_graphemic-components/012_001101-001200_obs-comp-cand-bucket_component-candidates/1152_obs-comp-cand-001152_obimd-sub-6k7x6eaq4d_component-candidate,obimd-sub-6k7x6eaq4d,obimd-sub-6k7x6eaq4d;obimd-main-6k7x6eaq4d,src-obimd,licensed_for_repository,needs_human_component_review,2026-06-20
obs-comp-cand-001153,graphemic_component_candidate,corpus/003_graphemic-components/012_001101-001200_obs-comp-cand-bucket_component-candidates/1153_obs-comp-cand-001153_obimd-sub-izzmxjxqh6_component-candidate,obimd-sub-izzmxjxqh6,obimd-sub-izzmxjxqh6;obimd-main-izzmxjxqh6,src-obimd,licensed_for_repository,needs_human_component_review,2026-06-20
obs-comp-cand-001154,graphemic_component_candidate,corpus/003_graphemic-components/012_001101-001200_obs-comp-cand-bucket_component-candidates/1154_obs-comp-cand-001154_obimd-sub-hhr47shesw_component-candidate,obimd-sub-hhr47shesw,obimd-sub-hhr47shesw;obimd-main-hhr47shesw,src-obimd,licensed_for_repository,needs_human_component_review,2026-06-20
obs-comp-cand-001155,graphemic_component_candidate,corpus/003_graphemic-components/012_001101-001200_obs-comp-cand-bucket_component-candidates/1155_obs-comp-cand-001155_obimd-sub-27jl2n6uoo_component-candidate,obimd-sub-27jl2n6uoo,obimd-sub-27jl2n6uoo;obimd-main-27jl2n6uoo,src-obimd,licensed_for_repository,needs_human_component_review,2026-06-20
obs-comp-cand-001156,graphemic_component_candidate,corpus/003_graphemic-components/012_001101-001200_obs-comp-cand-bucket_component-candidates/1156_obs-comp-cand-001156_obimd-sub-izi8zofon5_component-candidate,obimd-sub-izi8zofon5,obimd-sub-izi8zofon5;obimd-main-27jl2n6uoo,src-obimd,licensed_for_repository,needs_human_component_review,2026-06-20
obs-comp-cand-001157,graphemic_component_candidate,corpus/003_graphemic-components/012_001101-001200_obs-comp-cand-bucket_component-candidates/1157_obs-comp-cand-001157_obimd-sub-xjoc12tti2_component-candidate,obimd-sub-xjoc12tti2,obimd-sub-xjoc12tti2;obimd-main-xjoc12tti2,src-obimd,licensed_for_repository,needs_human_component_review,2026-06-20
obs-comp-cand-001158,graphemic_component_candidate,corpus/003_graphemic-components/012_001101-001200_obs-comp-cand-bucket_component-candidates/1158_obs-comp-cand-001158_obimd-sub-4e3li7uc27_component-candidate,obimd-sub-4e3li7uc27,obimd-sub-4e3li7uc27;obimd-main-4e3li7uc27,src-obimd,licensed_for_repository,needs_human_component_review,2026-06-20
obs-comp-cand-001159,graphemic_component_candidate,corpus/003_graphemic-components/012_001101-001200_obs-comp-cand-bucket_component-candidates/1159_obs-comp-cand-001159_obimd-sub-y49t1x6oyb_component-candidate,obimd-sub-y49t1x6oyb,obimd-sub-y49t1x6oyb;obimd-main-uwjljg3tt4,src-obimd,licensed_for_repository,needs_human_component_review,2026-06-20
obs-comp-cand-001160,graphemic_component_candidate,corpus/003_graphemic-components/012_001101-001200_obs-comp-cand-bucket_component-candidates/1160_obs-comp-cand-001160_obimd-sub-42b1o4c46w_component-candidate,obimd-sub-42b1o4c46w,obimd-sub-42b1o4c46w;obimd-main-42b1o4c46w,src-obimd,licensed_for_repository,needs_human_component_review,2026-06-20
obs-comp-cand-001161,graphemic_component_candidate,corpus/003_graphemic-components/012_001101-001200_obs-comp-cand-bucket_component-candidates/1161_obs-comp-cand-001161_obimd-sub-zk3pz24x5s_component-candidate,obimd-sub-zk3pz24x5s,obimd-sub-zk3pz24x5s;obimd-main-zk3pz24x5s,src-obimd,licensed_for_repository,needs_human_component_review,2026-06-20
obs-comp-cand-001162,graphemic_component_candidate,corpus/003_graphemic-components/012_001101-001200_obs-comp-cand-bucket_component-candidates/1162_obs-comp-cand-001162_obimd-sub-wxpi4rjz2p_component-candidate,obimd-sub-wxpi4rjz2p,obimd-sub-wxpi4rjz2p;obimd-main-wxpi4rjz2p,src-obimd,licensed_for_repository,needs_human_component_review,2026-06-20
obs-comp-cand-001163,graphemic_component_candidate,corpus/003_graphemic-components/012_001101-001200_obs-comp-cand-bucket_component-candidates/1163_obs-comp-cand-001163_obimd-sub-wu9j4fyp5p_component-candidate,obimd-sub-wu9j4fyp5p,obimd-sub-wu9j4fyp5p;obimd-main-wu9j4fyp5p,src-obimd,licensed_for_repository,needs_human_component_review,2026-06-20
obs-comp-cand-001164,graphemic_component_candidate,corpus/003_graphemic-components/012_001101-001200_obs-comp-cand-bucket_component-candidates/1164_obs-comp-cand-001164_obimd-sub-1vr9xpsws2_component-candidate,obimd-sub-1vr9xpsws2,obimd-sub-1vr9xpsws2;obimd-main-1vr9xpsws2,src-obimd,licensed_for_repository,needs_human_component_review,2026-06-20
obs-comp-cand-001165,graphemic_component_candidate,corpus/003_graphemic-components/012_001101-001200_obs-comp-cand-bucket_component-candidates/1165_obs-comp-cand-001165_obimd-sub-kbac52iw6u_component-candidate,obimd-sub-kbac52iw6u,obimd-sub-kbac52iw6u;obimd-main-kbac52iw6u,src-obimd,licensed_for_repository,needs_human_component_review,2026-06-20
obs-comp-cand-001166,graphemic_component_candidate,corpus/003_graphemic-components/012_001101-001200_obs-comp-cand-bucket_component-candidates/1166_obs-comp-cand-001166_obimd-sub-piqtpz29xl_component-candidate,obimd-sub-piqtpz29xl,obimd-sub-piqtpz29xl;obimd-main-piqtpz29xl,src-obimd,licensed_for_repository,needs_human_component_review,2026-06-20
obs-comp-cand-001167,graphemic_component_candidate,corpus/003_graphemic-components/012_001101-001200_obs-comp-cand-bucket_component-candidates/1167_obs-comp-cand-001167_obimd-sub-2nz3zp3pmu_component-candidate,obimd-sub-2nz3zp3pmu,obimd-sub-2nz3zp3pmu;obimd-main-2nz3zp3pmu,src-obimd,licensed_for_repository,needs_human_component_review,2026-06-20
obs-comp-cand-001168,graphemic_component_candidate,corpus/003_graphemic-components/012_001101-001200_obs-comp-cand-bucket_component-candidates/1168_obs-comp-cand-001168_obimd-sub-dmio574hpd_component-candidate,obimd-sub-dmio574hpd,obimd-sub-dmio574hpd;obimd-main-dmio574hpd,src-obimd,licensed_for_repository,needs_human_component_review,2026-06-20
obs-comp-cand-001169,graphemic_component_candidate,corpus/003_graphemic-components/012_001101-001200_obs-comp-cand-bucket_component-candidates/1169_obs-comp-cand-001169_obimd-sub-7fhnqn7giq_component-candidate,obimd-sub-7fhnqn7giq,obimd-sub-7fhnqn7giq;obimd-main-7fhnqn7giq,src-obimd,licensed_for_repository,needs_human_component_review,2026-06-20
obs-comp-cand-001170,graphemic_component_candidate,corpus/003_graphemic-components/012_001101-001200_obs-comp-cand-bucket_component-candidates/1170_obs-comp-cand-001170_obimd-sub-env42ca0w7_component-candidate,obimd-sub-env42ca0w7,obimd-sub-env42ca0w7;obimd-main-7fhnqn7giq,src-obimd,licensed_for_repository,needs_human_component_review,2026-06-20
obs-comp-cand-001171,graphemic_component_candidate,corpus/003_graphemic-components/012_001101-001200_obs-comp-cand-bucket_component-candidates/1171_obs-comp-cand-001171_obimd-sub-x9q4jluo73_component-candidate,obimd-sub-x9q4jluo73,obimd-sub-x9q4jluo73;obimd-main-x9q4jluo73,src-obimd,licensed_for_repository,needs_human_component_review,2026-06-20
obs-comp-cand-001172,graphemic_component_candidate,corpus/003_graphemic-components/012_001101-001200_obs-comp-cand-bucket_component-candidates/1172_obs-comp-cand-001172_obimd-sub-cit05izhs6_component-candidate,obimd-sub-cit05izhs6,obimd-sub-cit05izhs6;obimd-main-cit05izhs6,src-obimd,licensed_for_repository,needs_human_component_review,2026-06-20
obs-comp-cand-001173,graphemic_component_candidate,corpus/003_graphemic-components/012_001101-001200_obs-comp-cand-bucket_component-candidates/1173_obs-comp-cand-001173_obimd-sub-59km3f155u_component-candidate,obimd-sub-59km3f155u,obimd-sub-59km3f155u;obimd-main-59km3f155u,src-obimd,licensed_for_repository,needs_human_component_review,2026-06-20
obs-comp-cand-001174,graphemic_component_candidate,corpus/003_graphemic-components/012_001101-001200_obs-comp-cand-bucket_component-candidates/1174_obs-comp-cand-001174_obimd-sub-kgfsb68wnb_component-candidate,obimd-sub-kgfsb68wnb,obimd-sub-kgfsb68wnb;obimd-main-kgfsb68wnb,src-obimd,licensed_for_repository,needs_human_component_review,2026-06-20
obs-comp-cand-001175,graphemic_component_candidate,corpus/003_graphemic-components/012_001101-001200_obs-comp-cand-bucket_component-candidates/1175_obs-comp-cand-001175_obimd-sub-9mbfk67sq4_component-candidate,obimd-sub-9mbfk67sq4,obimd-sub-9mbfk67sq4;obimd-main-9mbfk67sq4,src-obimd,licensed_for_repository,needs_human_component_review,2026-06-20
obs-comp-cand-001176,graphemic_component_candidate,corpus/003_graphemic-components/012_001101-001200_obs-comp-cand-bucket_component-candidates/1176_obs-comp-cand-001176_obimd-sub-hcimcis80q_component-candidate,obimd-sub-hcimcis80q,obimd-sub-hcimcis80q;obimd-main-hcimcis80q,src-obimd,licensed_for_repository,needs_human_component_review,2026-06-20
obs-comp-cand-001177,graphemic_component_candidate,corpus/003_graphemic-components/012_001101-001200_obs-comp-cand-bucket_component-candidates/1177_obs-comp-cand-001177_obimd-sub-xdjmj3ywdf_component-candidate,obimd-sub-xdjmj3ywdf,obimd-sub-xdjmj3ywdf;obimd-main-xdjmj3ywdf,src-obimd,licensed_for_repository,needs_human_component_review,2026-06-20
obs-comp-cand-001178,graphemic_component_candidate,corpus/003_graphemic-components/012_001101-001200_obs-comp-cand-bucket_component-candidates/1178_obs-comp-cand-001178_obimd-sub-z34ymm5q0k_component-candidate,obimd-sub-z34ymm5q0k,obimd-sub-z34ymm5q0k;obimd-main-xdjmj3ywdf,src-obimd,licensed_for_repository,needs_human_component_review,2026-06-20
obs-comp-cand-001179,graphemic_component_candidate,corpus/003_graphemic-components/012_001101-001200_obs-comp-cand-bucket_component-candidates/1179_obs-comp-cand-001179_obimd-sub-p1fm9nse78_component-candidate,obimd-sub-p1fm9nse78,obimd-sub-p1fm9nse78;obimd-main-p1fm9nse78,src-obimd,licensed_for_repository,needs_human_component_review,2026-06-20
obs-comp-cand-001180,graphemic_component_candidate,corpus/003_graphemic-components/012_001101-001200_obs-comp-cand-bucket_component-candidates/1180_obs-comp-cand-001180_obimd-sub-a4a454odk7_component-candidate,obimd-sub-a4a454odk7,obimd-sub-a4a454odk7;obimd-main-a4a454odk7,src-obimd,licensed_for_repository,needs_human_component_review,2026-06-20
obs-comp-cand-001181,graphemic_component_candidate,corpus/003_graphemic-components/012_001101-001200_obs-comp-cand-bucket_component-candidates/1181_obs-comp-cand-001181_obimd-sub-4vpgmxwaa2_component-candidate,obimd-sub-4vpgmxwaa2,obimd-sub-4vpgmxwaa2;obimd-main-4vpgmxwaa2,src-obimd,licensed_for_repository,needs_human_component_review,2026-06-20
obs-comp-cand-001182,graphemic_component_candidate,corpus/003_graphemic-components/012_001101-001200_obs-comp-cand-bucket_component-candidates/1182_obs-comp-cand-001182_obimd-sub-yxs0sfuelg_component-candidate,obimd-sub-yxs0sfuelg,obimd-sub-yxs0sfuelg;obimd-main-4vpgmxwaa2,src-obimd,licensed_for_repository,needs_human_component_review,2026-06-20
obs-comp-cand-001183,graphemic_component_candidate,corpus/003_graphemic-components/012_001101-001200_obs-comp-cand-bucket_component-candidates/1183_obs-comp-cand-001183_obimd-sub-upv9mf4trj_component-candidate,obimd-sub-upv9mf4trj,obimd-sub-upv9mf4trj;obimd-main-upv9mf4trj,src-obimd,licensed_for_repository,needs_human_component_review,2026-06-20
obs-comp-cand-001184,graphemic_component_candidate,corpus/003_graphemic-components/012_001101-001200_obs-comp-cand-bucket_component-candidates/1184_obs-comp-cand-001184_obimd-sub-nawnjd7lql_component-candidate,obimd-sub-nawnjd7lql,obimd-sub-nawnjd7lql;obimd-main-upv9mf4trj,src-obimd,licensed_for_repository,needs_human_component_review,2026-06-20
obs-comp-cand-001185,graphemic_component_candidate,corpus/003_graphemic-components/012_001101-001200_obs-comp-cand-bucket_component-candidates/1185_obs-comp-cand-001185_obimd-sub-uttgjic5m0_component-candidate,obimd-sub-uttgjic5m0,obimd-sub-uttgjic5m0;obimd-main-upv9mf4trj,src-obimd,licensed_for_repository,needs_human_component_review,2026-06-20
obs-comp-cand-001186,graphemic_component_candidate,corpus/003_graphemic-components/012_001101-001200_obs-comp-cand-bucket_component-candidates/1186_obs-comp-cand-001186_obimd-sub-mymkzhalht_component-candidate,obimd-sub-mymkzhalht,obimd-sub-mymkzhalht;obimd-main-mymkzhalht,src-obimd,licensed_for_repository,needs_human_component_review,2026-06-20
obs-comp-cand-001187,graphemic_component_candidate,corpus/003_graphemic-components/012_001101-001200_obs-comp-cand-bucket_component-candidates/1187_obs-comp-cand-001187_obimd-sub-5u17bmbs6p_component-candidate,obimd-sub-5u17bmbs6p,obimd-sub-5u17bmbs6p;obimd-main-5u17bmbs6p,src-obimd,licensed_for_repository,needs_human_component_review,2026-06-20
obs-comp-cand-001188,graphemic_component_candidate,corpus/003_graphemic-components/012_001101-001200_obs-comp-cand-bucket_component-candidates/1188_obs-comp-cand-001188_obimd-sub-kz1rfdj0ws_component-candidate,obimd-sub-kz1rfdj0ws,obimd-sub-kz1rfdj0ws;obimd-main-kz1rfdj0ws,src-obimd,licensed_for_repository,needs_human_component_review,2026-06-20
obs-comp-cand-001189,graphemic_component_candidate,corpus/003_graphemic-components/012_001101-001200_obs-comp-cand-bucket_component-candidates/1189_obs-comp-cand-001189_obimd-sub-bdckd8icsp_component-candidate,obimd-sub-bdckd8icsp,obimd-sub-bdckd8icsp;obimd-main-kz1rfdj0ws,src-obimd,licensed_for_repository,needs_human_component_review,2026-06-20
obs-comp-cand-001190,graphemic_component_candidate,corpus/003_graphemic-components/012_001101-001200_obs-comp-cand-bucket_component-candidates/1190_obs-comp-cand-001190_obimd-sub-tzungwk2bd_component-candidate,obimd-sub-tzungwk2bd,obimd-sub-tzungwk2bd;obimd-main-kz1rfdj0ws,src-obimd,licensed_for_repository,needs_human_component_review,2026-06-20
obs-comp-cand-001191,graphemic_component_candidate,corpus/003_graphemic-components/012_001101-001200_obs-comp-cand-bucket_component-candidates/1191_obs-comp-cand-001191_obimd-sub-zo7bx6h96j_component-candidate,obimd-sub-zo7bx6h96j,obimd-sub-zo7bx6h96j;obimd-main-kz1rfdj0ws,src-obimd,licensed_for_repository,needs_human_component_review,2026-06-20
obs-comp-cand-001192,graphemic_component_candidate,corpus/003_graphemic-components/012_001101-001200_obs-comp-cand-bucket_component-candidates/1192_obs-comp-cand-001192_obimd-sub-kqhbs1dwk3_component-candidate,obimd-sub-kqhbs1dwk3,obimd-sub-kqhbs1dwk3;obimd-main-kz1rfdj0ws,src-obimd,licensed_for_repository,needs_human_component_review,2026-06-20
obs-comp-cand-001193,graphemic_component_candidate,corpus/003_graphemic-components/012_001101-001200_obs-comp-cand-bucket_component-candidates/1193_obs-comp-cand-001193_obimd-sub-5wxvkutef7_component-candidate,obimd-sub-5wxvkutef7,obimd-sub-5wxvkutef7;obimd-main-5wxvkutef7,src-obimd,licensed_for_repository,needs_human_component_review,2026-06-20
obs-comp-cand-001194,graphemic_component_candidate,corpus/003_graphemic-components/012_001101-001200_obs-comp-cand-bucket_component-candidates/1194_obs-comp-cand-001194_obimd-sub-bz15dsuu2h_component-candidate,obimd-sub-bz15dsuu2h,obimd-sub-bz15dsuu2h;obimd-main-5wxvkutef7,src-obimd,licensed_for_repository,needs_human_component_review,2026-06-20
obs-comp-cand-001195,graphemic_component_candidate,corpus/003_graphemic-components/012_001101-001200_obs-comp-cand-bucket_component-candidates/1195_obs-comp-cand-001195_obimd-sub-wii7x103u0_component-candidate,obimd-sub-wii7x103u0,obimd-sub-wii7x103u0;obimd-main-5wxvkutef7,src-obimd,licensed_for_repository,needs_human_component_review,2026-06-20
obs-comp-cand-001196,graphemic_component_candidate,corpus/003_graphemic-components/012_001101-001200_obs-comp-cand-bucket_component-candidates/1196_obs-comp-cand-001196_obimd-sub-04jjwtizii_component-candidate,obimd-sub-04jjwtizii,obimd-sub-04jjwtizii;obimd-main-04jjwtizii,src-obimd,licensed_for_repository,needs_human_component_review,2026-06-20
obs-comp-cand-001197,graphemic_component_candidate,corpus/003_graphemic-components/012_001101-001200_obs-comp-cand-bucket_component-candidates/1197_obs-comp-cand-001197_obimd-sub-9la8v54yz4_component-candidate,obimd-sub-9la8v54yz4,obimd-sub-9la8v54yz4;obimd-main-9la8v54yz4,src-obimd,licensed_for_repository,needs_human_component_review,2026-06-20
obs-comp-cand-001198,graphemic_component_candidate,corpus/003_graphemic-components/012_001101-001200_obs-comp-cand-bucket_component-candidates/1198_obs-comp-cand-001198_obimd-sub-50oggjbzcs_component-candidate,obimd-sub-50oggjbzcs,obimd-sub-50oggjbzcs;obimd-main-50oggjbzcs,src-obimd,licensed_for_repository,needs_human_component_review,2026-06-20
obs-comp-cand-001199,graphemic_component_candidate,corpus/003_graphemic-components/012_001101-001200_obs-comp-cand-bucket_component-candidates/1199_obs-comp-cand-001199_obimd-sub-lv4vlfcnzr_component-candidate,obimd-sub-lv4vlfcnzr,obimd-sub-lv4vlfcnzr;obimd-main-lv4vlfcnzr,src-obimd,licensed_for_repository,needs_human_component_review,2026-06-20
obs-comp-cand-001200,graphemic_component_candidate,corpus/003_graphemic-components/012_001101-001200_obs-comp-cand-bucket_component-candidates/1200_obs-comp-cand-001200_obimd-sub-7y2udd7ppm_component-candidate,obimd-sub-7y2udd7ppm,obimd-sub-7y2udd7ppm;obimd-main-7y2udd7ppm,src-obimd,licensed_for_repository,needs_human_component_review,2026-06-20
obs-comp-cand-001201,graphemic_component_candidate,corpus/003_graphemic-components/013_001201-001300_obs-comp-cand-bucket_component-candidates/1201_obs-comp-cand-001201_obimd-sub-10sh1f47vw_component-candidate,obimd-sub-10sh1f47vw,obimd-sub-10sh1f47vw;obimd-main-10sh1f47vw,src-obimd,licensed_for_repository,needs_human_component_review,2026-06-20
obs-comp-cand-001202,graphemic_component_candidate,corpus/003_graphemic-components/013_001201-001300_obs-comp-cand-bucket_component-candidates/1202_obs-comp-cand-001202_obimd-sub-m9q3n9zj10_component-candidate,obimd-sub-m9q3n9zj10,obimd-sub-m9q3n9zj10;obimd-main-m9q3n9zj10,src-obimd,licensed_for_repository,needs_human_component_review,2026-06-20
obs-comp-cand-001203,graphemic_component_candidate,corpus/003_graphemic-components/013_001201-001300_obs-comp-cand-bucket_component-candidates/1203_obs-comp-cand-001203_obimd-sub-b24z10bqcf_component-candidate,obimd-sub-b24z10bqcf,obimd-sub-b24z10bqcf;obimd-main-m9q3n9zj10,src-obimd,licensed_for_repository,needs_human_component_review,2026-06-20
obs-comp-cand-001204,graphemic_component_candidate,corpus/003_graphemic-components/013_001201-001300_obs-comp-cand-bucket_component-candidates/1204_obs-comp-cand-001204_obimd-sub-1l0us6kkug_component-candidate,obimd-sub-1l0us6kkug,obimd-sub-1l0us6kkug;obimd-main-1l0us6kkug,src-obimd,licensed_for_repository,needs_human_component_review,2026-06-20
obs-comp-cand-001205,graphemic_component_candidate,corpus/003_graphemic-components/013_001201-001300_obs-comp-cand-bucket_component-candidates/1205_obs-comp-cand-001205_obimd-sub-jgdbp661hw_component-candidate,obimd-sub-jgdbp661hw,obimd-sub-jgdbp661hw;obimd-main-jgdbp661hw,src-obimd,licensed_for_repository,needs_human_component_review,2026-06-20
obs-comp-cand-001206,graphemic_component_candidate,corpus/003_graphemic-components/013_001201-001300_obs-comp-cand-bucket_component-candidates/1206_obs-comp-cand-001206_obimd-sub-shhzugl17n_component-candidate,obimd-sub-shhzugl17n,obimd-sub-shhzugl17n;obimd-main-shhzugl17n,src-obimd,licensed_for_repository,needs_human_component_review,2026-06-20
obs-comp-cand-001207,graphemic_component_candidate,corpus/003_graphemic-components/013_001201-001300_obs-comp-cand-bucket_component-candidates/1207_obs-comp-cand-001207_obimd-sub-4d13zxr5z1_component-candidate,obimd-sub-4d13zxr5z1,obimd-sub-4d13zxr5z1;obimd-main-shhzugl17n,src-obimd,licensed_for_repository,needs_human_component_review,2026-06-20
obs-comp-cand-001208,graphemic_component_candidate,corpus/003_graphemic-components/013_001201-001300_obs-comp-cand-bucket_component-candidates/1208_obs-comp-cand-001208_obimd-sub-ckhg2g5iq2_component-candidate,obimd-sub-ckhg2g5iq2,obimd-sub-ckhg2g5iq2;obimd-main-ckhg2g5iq2,src-obimd,licensed_for_repository,needs_human_component_review,2026-06-20
obs-comp-cand-001209,graphemic_component_candidate,corpus/003_graphemic-components/013_001201-001300_obs-comp-cand-bucket_component-candidates/1209_obs-comp-cand-001209_obimd-sub-lsh0azwee5_component-candidate,obimd-sub-lsh0azwee5,obimd-sub-lsh0azwee5;obimd-main-lsh0azwee5,src-obimd,licensed_for_repository,needs_human_component_review,2026-06-20
obs-comp-cand-001210,graphemic_component_candidate,corpus/003_graphemic-components/013_001201-001300_obs-comp-cand-bucket_component-candidates/1210_obs-comp-cand-001210_obimd-sub-4ngyfl15yr_component-candidate,obimd-sub-4ngyfl15yr,obimd-sub-4ngyfl15yr;obimd-main-lsh0azwee5,src-obimd,licensed_for_repository,needs_human_component_review,2026-06-20
obs-comp-cand-001211,graphemic_component_candidate,corpus/003_graphemic-components/013_001201-001300_obs-comp-cand-bucket_component-candidates/1211_obs-comp-cand-001211_obimd-sub-mnuaeri0hw_component-candidate,obimd-sub-mnuaeri0hw,obimd-sub-mnuaeri0hw;obimd-main-lsh0azwee5,src-obimd,licensed_for_repository,needs_human_component_review,2026-06-20
obs-comp-cand-001212,graphemic_component_candidate,corpus/003_graphemic-components/013_001201-001300_obs-comp-cand-bucket_component-candidates/1212_obs-comp-cand-001212_obimd-sub-ib8smd6c1j_component-candidate,obimd-sub-ib8smd6c1j,obimd-sub-ib8smd6c1j;obimd-main-lsh0azwee5,src-obimd,licensed_for_repository,needs_human_component_review,2026-06-20
obs-comp-cand-001213,graphemic_component_candidate,corpus/003_graphemic-components/013_001201-001300_obs-comp-cand-bucket_component-candidates/1213_obs-comp-cand-001213_obimd-sub-l86da7of0x_component-candidate,obimd-sub-l86da7of0x,obimd-sub-l86da7of0x;obimd-main-lsh0azwee5,src-obimd,licensed_for_repository,needs_human_component_review,2026-06-20
obs-comp-cand-001214,graphemic_component_candidate,corpus/003_graphemic-components/013_001201-001300_obs-comp-cand-bucket_component-candidates/1214_obs-comp-cand-001214_obimd-sub-gyyxdn4gis_component-candidate,obimd-sub-gyyxdn4gis,obimd-sub-gyyxdn4gis;obimd-main-cw5ssmu5j4,src-obimd,licensed_for_repository,needs_human_component_review,2026-06-20
obs-comp-cand-001215,graphemic_component_candidate,corpus/003_graphemic-components/013_001201-001300_obs-comp-cand-bucket_component-candidates/1215_obs-comp-cand-001215_obimd-sub-0xcwx8sf6z_component-candidate,obimd-sub-0xcwx8sf6z,obimd-sub-0xcwx8sf6z;obimd-main-0xcwx8sf6z,src-obimd,licensed_for_repository,needs_human_component_review,2026-06-20
obs-comp-cand-001216,graphemic_component_candidate,corpus/003_graphemic-components/013_001201-001300_obs-comp-cand-bucket_component-candidates/1216_obs-comp-cand-001216_obimd-sub-z4bhaqrpt0_component-candidate,obimd-sub-z4bhaqrpt0,obimd-sub-z4bhaqrpt0;obimd-main-z4bhaqrpt0,src-obimd,licensed_for_repository,needs_human_component_review,2026-06-20
obs-comp-cand-001217,graphemic_component_candidate,corpus/003_graphemic-components/013_001201-001300_obs-comp-cand-bucket_component-candidates/1217_obs-comp-cand-001217_obimd-sub-myoqtwlezn_component-candidate,obimd-sub-myoqtwlezn,obimd-sub-myoqtwlezn;obimd-main-myoqtwlezn,src-obimd,licensed_for_repository,needs_human_component_review,2026-06-20
obs-comp-cand-001218,graphemic_component_candidate,corpus/003_graphemic-components/013_001201-001300_obs-comp-cand-bucket_component-candidates/1218_obs-comp-cand-001218_obimd-sub-ywjlfjm2ru_component-candidate,obimd-sub-ywjlfjm2ru,obimd-sub-ywjlfjm2ru;obimd-main-myoqtwlezn,src-obimd,licensed_for_repository,needs_human_component_review,2026-06-20
obs-comp-cand-001219,graphemic_component_candidate,corpus/003_graphemic-components/013_001201-001300_obs-comp-cand-bucket_component-candidates/1219_obs-comp-cand-001219_obimd-sub-lxeowryqvn_component-candidate,obimd-sub-lxeowryqvn,obimd-sub-lxeowryqvn;obimd-main-myoqtwlezn,src-obimd,licensed_for_repository,needs_human_component_review,2026-06-20
obs-comp-cand-001220,graphemic_component_candidate,corpus/003_graphemic-components/013_001201-001300_obs-comp-cand-bucket_component-candidates/1220_obs-comp-cand-001220_obimd-sub-9y6qgnclpk_component-candidate,obimd-sub-9y6qgnclpk,obimd-sub-9y6qgnclpk;obimd-main-9y6qgnclpk,src-obimd,licensed_for_repository,needs_human_component_review,2026-06-20
obs-comp-cand-001221,graphemic_component_candidate,corpus/003_graphemic-components/013_001201-001300_obs-comp-cand-bucket_component-candidates/1221_obs-comp-cand-001221_obimd-sub-jl0fjl7uo6_component-candidate,obimd-sub-jl0fjl7uo6,obimd-sub-jl0fjl7uo6;obimd-main-jl0fjl7uo6,src-obimd,licensed_for_repository,needs_human_component_review,2026-06-20
obs-comp-cand-001222,graphemic_component_candidate,corpus/003_graphemic-components/013_001201-001300_obs-comp-cand-bucket_component-candidates/1222_obs-comp-cand-001222_obimd-sub-4tyq3wzq4i_component-candidate,obimd-sub-4tyq3wzq4i,obimd-sub-4tyq3wzq4i;obimd-main-4tyq3wzq4i,src-obimd,licensed_for_repository,needs_human_component_review,2026-06-20
obs-comp-cand-001223,graphemic_component_candidate,corpus/003_graphemic-components/013_001201-001300_obs-comp-cand-bucket_component-candidates/1223_obs-comp-cand-001223_obimd-sub-dm6pg50uwu_component-candidate,obimd-sub-dm6pg50uwu,obimd-sub-dm6pg50uwu;obimd-main-dm6pg50uwu,src-obimd,licensed_for_repository,needs_human_component_review,2026-06-20
obs-comp-cand-001224,graphemic_component_candidate,corpus/003_graphemic-components/013_001201-001300_obs-comp-cand-bucket_component-candidates/1224_obs-comp-cand-001224_obimd-sub-tore9qbutp_component-candidate,obimd-sub-tore9qbutp,obimd-sub-tore9qbutp;obimd-main-tore9qbutp,src-obimd,licensed_for_repository,needs_human_component_review,2026-06-20
obs-comp-cand-001225,graphemic_component_candidate,corpus/003_graphemic-components/013_001201-001300_obs-comp-cand-bucket_component-candidates/1225_obs-comp-cand-001225_obimd-sub-u6bkwnepiv_component-candidate,obimd-sub-u6bkwnepiv,obimd-sub-u6bkwnepiv;obimd-main-u6bkwnepiv,src-obimd,licensed_for_repository,needs_human_component_review,2026-06-20
obs-comp-cand-001226,graphemic_component_candidate,corpus/003_graphemic-components/013_001201-001300_obs-comp-cand-bucket_component-candidates/1226_obs-comp-cand-001226_obimd-sub-leg5b7etfr_component-candidate,obimd-sub-leg5b7etfr,obimd-sub-leg5b7etfr;obimd-main-leg5b7etfr,src-obimd,licensed_for_repository,needs_human_component_review,2026-06-20
obs-comp-cand-001227,graphemic_component_candidate,corpus/003_graphemic-components/013_001201-001300_obs-comp-cand-bucket_component-candidates/1227_obs-comp-cand-001227_obimd-sub-su2e76dtfo_component-candidate,obimd-sub-su2e76dtfo,obimd-sub-su2e76dtfo;obimd-main-su2e76dtfo,src-obimd,licensed_for_repository,needs_human_component_review,2026-06-20
obs-comp-cand-001228,graphemic_component_candidate,corpus/003_graphemic-components/013_001201-001300_obs-comp-cand-bucket_component-candidates/1228_obs-comp-cand-001228_obimd-sub-u7j8pvl5zq_component-candidate,obimd-sub-u7j8pvl5zq,obimd-sub-u7j8pvl5zq;obimd-main-u7j8pvl5zq,src-obimd,licensed_for_repository,needs_human_component_review,2026-06-20
obs-comp-cand-001229,graphemic_component_candidate,corpus/003_graphemic-components/013_001201-001300_obs-comp-cand-bucket_component-candidates/1229_obs-comp-cand-001229_obimd-sub-pve752qd4m_component-candidate,obimd-sub-pve752qd4m,obimd-sub-pve752qd4m;obimd-main-u7j8pvl5zq,src-obimd,licensed_for_repository,needs_human_component_review,2026-06-20
obs-comp-cand-001230,graphemic_component_candidate,corpus/003_graphemic-components/013_001201-001300_obs-comp-cand-bucket_component-candidates/1230_obs-comp-cand-001230_obimd-sub-1wl4ugll43_component-candidate,obimd-sub-1wl4ugll43,obimd-sub-1wl4ugll43;obimd-main-u7j8pvl5zq,src-obimd,licensed_for_repository,needs_human_component_review,2026-06-20
obs-comp-cand-001231,graphemic_component_candidate,corpus/003_graphemic-components/013_001201-001300_obs-comp-cand-bucket_component-candidates/1231_obs-comp-cand-001231_obimd-sub-4mvnxf59cv_component-candidate,obimd-sub-4mvnxf59cv,obimd-sub-4mvnxf59cv;obimd-main-u7j8pvl5zq,src-obimd,licensed_for_repository,needs_human_component_review,2026-06-20
obs-comp-cand-001232,graphemic_component_candidate,corpus/003_graphemic-components/013_001201-001300_obs-comp-cand-bucket_component-candidates/1232_obs-comp-cand-001232_obimd-sub-epuiyzcv4m_component-candidate,obimd-sub-epuiyzcv4m,obimd-sub-epuiyzcv4m;obimd-main-epuiyzcv4m,src-obimd,licensed_for_repository,needs_human_component_review,2026-06-20
obs-comp-cand-001233,graphemic_component_candidate,corpus/003_graphemic-components/013_001201-001300_obs-comp-cand-bucket_component-candidates/1233_obs-comp-cand-001233_obimd-sub-qn4p4ey9d4_component-candidate,obimd-sub-qn4p4ey9d4,obimd-sub-qn4p4ey9d4;obimd-main-qn4p4ey9d4,src-obimd,licensed_for_repository,needs_human_component_review,2026-06-20
obs-comp-cand-001234,graphemic_component_candidate,corpus/003_graphemic-components/013_001201-001300_obs-comp-cand-bucket_component-candidates/1234_obs-comp-cand-001234_obimd-sub-kdx7k2ou1m_component-candidate,obimd-sub-kdx7k2ou1m,obimd-sub-kdx7k2ou1m;obimd-main-kdx7k2ou1m,src-obimd,licensed_for_repository,needs_human_component_review,2026-06-20
obs-comp-cand-001235,graphemic_component_candidate,corpus/003_graphemic-components/013_001201-001300_obs-comp-cand-bucket_component-candidates/1235_obs-comp-cand-001235_obimd-sub-sguegsit1s_component-candidate,obimd-sub-sguegsit1s,obimd-sub-sguegsit1s;obimd-main-kdx7k2ou1m,src-obimd,licensed_for_repository,needs_human_component_review,2026-06-20
obs-comp-cand-001236,graphemic_component_candidate,corpus/003_graphemic-components/013_001201-001300_obs-comp-cand-bucket_component-candidates/1236_obs-comp-cand-001236_obimd-sub-7vhx40bf1i_component-candidate,obimd-sub-7vhx40bf1i,obimd-sub-7vhx40bf1i;obimd-main-kdx7k2ou1m,src-obimd,licensed_for_repository,needs_human_component_review,2026-06-20
obs-comp-cand-001237,graphemic_component_candidate,corpus/003_graphemic-components/013_001201-001300_obs-comp-cand-bucket_component-candidates/1237_obs-comp-cand-001237_obimd-sub-ld0qrctsbb_component-candidate,obimd-sub-ld0qrctsbb,obimd-sub-ld0qrctsbb;obimd-main-ld0qrctsbb,src-obimd,licensed_for_repository,needs_human_component_review,2026-06-20
obs-comp-cand-001238,graphemic_component_candidate,corpus/003_graphemic-components/013_001201-001300_obs-comp-cand-bucket_component-candidates/1238_obs-comp-cand-001238_obimd-sub-2xx5ja30ku_component-candidate,obimd-sub-2xx5ja30ku,obimd-sub-2xx5ja30ku;obimd-main-ld0qrctsbb,src-obimd,licensed_for_repository,needs_human_component_review,2026-06-20
obs-comp-cand-001239,graphemic_component_candidate,corpus/003_graphemic-components/013_001201-001300_obs-comp-cand-bucket_component-candidates/1239_obs-comp-cand-001239_obimd-sub-hkz6z5w6bx_component-candidate,obimd-sub-hkz6z5w6bx,obimd-sub-hkz6z5w6bx;obimd-main-cdwgyw3kul,src-obimd,licensed_for_repository,needs_human_component_review,2026-06-20
obs-comp-cand-001240,graphemic_component_candidate,corpus/003_graphemic-components/013_001201-001300_obs-comp-cand-bucket_component-candidates/1240_obs-comp-cand-001240_obimd-sub-iojgncyt2k_component-candidate,obimd-sub-iojgncyt2k,obimd-sub-iojgncyt2k;obimd-main-cdwgyw3kul,src-obimd,licensed_for_repository,needs_human_component_review,2026-06-20
obs-comp-cand-001241,graphemic_component_candidate,corpus/003_graphemic-components/013_001201-001300_obs-comp-cand-bucket_component-candidates/1241_obs-comp-cand-001241_obimd-sub-nmwisatji2_component-candidate,obimd-sub-nmwisatji2,obimd-sub-nmwisatji2;obimd-main-cdwgyw3kul,src-obimd,licensed_for_repository,needs_human_component_review,2026-06-20
obs-comp-cand-001242,graphemic_component_candidate,corpus/003_graphemic-components/013_001201-001300_obs-comp-cand-bucket_component-candidates/1242_obs-comp-cand-001242_obimd-sub-enzftgdap4_component-candidate,obimd-sub-enzftgdap4,obimd-sub-enzftgdap4;obimd-main-cdwgyw3kul,src-obimd,licensed_for_repository,needs_human_component_review,2026-06-20
obs-comp-cand-001243,graphemic_component_candidate,corpus/003_graphemic-components/013_001201-001300_obs-comp-cand-bucket_component-candidates/1243_obs-comp-cand-001243_obimd-sub-ciduvuy3ar_component-candidate,obimd-sub-ciduvuy3ar,obimd-sub-ciduvuy3ar;obimd-main-ciduvuy3ar,src-obimd,licensed_for_repository,needs_human_component_review,2026-06-20
obs-comp-cand-001244,graphemic_component_candidate,corpus/003_graphemic-components/013_001201-001300_obs-comp-cand-bucket_component-candidates/1244_obs-comp-cand-001244_obimd-sub-ohj3rkyczg_component-candidate,obimd-sub-ohj3rkyczg,obimd-sub-ohj3rkyczg;obimd-main-ohj3rkyczg,src-obimd,licensed_for_repository,needs_human_component_review,2026-06-20
obs-comp-cand-001245,graphemic_component_candidate,corpus/003_graphemic-components/013_001201-001300_obs-comp-cand-bucket_component-candidates/1245_obs-comp-cand-001245_obimd-sub-sx7ig5dria_component-candidate,obimd-sub-sx7ig5dria,obimd-sub-sx7ig5dria;obimd-main-sx7ig5dria,src-obimd,licensed_for_repository,needs_human_component_review,2026-06-20
obs-comp-cand-001246,graphemic_component_candidate,corpus/003_graphemic-components/013_001201-001300_obs-comp-cand-bucket_component-candidates/1246_obs-comp-cand-001246_obimd-sub-41zmp4zh5e_component-candidate,obimd-sub-41zmp4zh5e,obimd-sub-41zmp4zh5e;obimd-main-41zmp4zh5e,src-obimd,licensed_for_repository,needs_human_component_review,2026-06-20
obs-comp-cand-001247,graphemic_component_candidate,corpus/003_graphemic-components/013_001201-001300_obs-comp-cand-bucket_component-candidates/1247_obs-comp-cand-001247_obimd-sub-ch3eogm319_component-candidate,obimd-sub-ch3eogm319,obimd-sub-ch3eogm319;obimd-main-ch3eogm319,src-obimd,licensed_for_repository,needs_human_component_review,2026-06-20
obs-comp-cand-001248,graphemic_component_candidate,corpus/003_graphemic-components/013_001201-001300_obs-comp-cand-bucket_component-candidates/1248_obs-comp-cand-001248_obimd-sub-6dnfyfs9ol_component-candidate,obimd-sub-6dnfyfs9ol,obimd-sub-6dnfyfs9ol;obimd-main-6dnfyfs9ol,src-obimd,licensed_for_repository,needs_human_component_review,2026-06-20
obs-comp-cand-001249,graphemic_component_candidate,corpus/003_graphemic-components/013_001201-001300_obs-comp-cand-bucket_component-candidates/1249_obs-comp-cand-001249_obimd-sub-otbtv0ewaj_component-candidate,obimd-sub-otbtv0ewaj,obimd-sub-otbtv0ewaj;obimd-main-otbtv0ewaj,src-obimd,licensed_for_repository,needs_human_component_review,2026-06-20
obs-comp-cand-001250,graphemic_component_candidate,corpus/003_graphemic-components/013_001201-001300_obs-comp-cand-bucket_component-candidates/1250_obs-comp-cand-001250_obimd-sub-2rptsk0t7g_component-candidate,obimd-sub-2rptsk0t7g,obimd-sub-2rptsk0t7g;obimd-main-2rptsk0t7g,src-obimd,licensed_for_repository,needs_human_component_review,2026-06-20
obs-comp-cand-001251,graphemic_component_candidate,corpus/003_graphemic-components/013_001201-001300_obs-comp-cand-bucket_component-candidates/1251_obs-comp-cand-001251_obimd-sub-ias3p4orod_component-candidate,obimd-sub-ias3p4orod,obimd-sub-ias3p4orod;obimd-main-2rptsk0t7g,src-obimd,licensed_for_repository,needs_human_component_review,2026-06-20
obs-comp-cand-001252,graphemic_component_candidate,corpus/003_graphemic-components/013_001201-001300_obs-comp-cand-bucket_component-candidates/1252_obs-comp-cand-001252_obimd-sub-lywreo1s5m_component-candidate,obimd-sub-lywreo1s5m,obimd-sub-lywreo1s5m;obimd-main-2rptsk0t7g,src-obimd,licensed_for_repository,needs_human_component_review,2026-06-20
obs-comp-cand-001253,graphemic_component_candidate,corpus/003_graphemic-components/013_001201-001300_obs-comp-cand-bucket_component-candidates/1253_obs-comp-cand-001253_obimd-sub-d9r8vouxue_component-candidate,obimd-sub-d9r8vouxue,obimd-sub-d9r8vouxue;obimd-main-d9r8vouxue,src-obimd,licensed_for_repository,needs_human_component_review,2026-06-20
obs-comp-cand-001254,graphemic_component_candidate,corpus/003_graphemic-components/013_001201-001300_obs-comp-cand-bucket_component-candidates/1254_obs-comp-cand-001254_obimd-sub-w8l90of6xz_component-candidate,obimd-sub-w8l90of6xz,obimd-sub-w8l90of6xz;obimd-main-w8l90of6xz,src-obimd,licensed_for_repository,needs_human_component_review,2026-06-20
obs-comp-cand-001255,graphemic_component_candidate,corpus/003_graphemic-components/013_001201-001300_obs-comp-cand-bucket_component-candidates/1255_obs-comp-cand-001255_obimd-sub-gjgujysmue_component-candidate,obimd-sub-gjgujysmue,obimd-sub-gjgujysmue;obimd-main-gjgujysmue,src-obimd,licensed_for_repository,needs_human_component_review,2026-06-20
obs-comp-cand-001256,graphemic_component_candidate,corpus/003_graphemic-components/013_001201-001300_obs-comp-cand-bucket_component-candidates/1256_obs-comp-cand-001256_obimd-sub-74alaf1szs_component-candidate,obimd-sub-74alaf1szs,obimd-sub-74alaf1szs;obimd-main-74alaf1szs,src-obimd,licensed_for_repository,needs_human_component_review,2026-06-20
obs-comp-cand-001257,graphemic_component_candidate,corpus/003_graphemic-components/013_001201-001300_obs-comp-cand-bucket_component-candidates/1257_obs-comp-cand-001257_obimd-sub-lzbougefv1_component-candidate,obimd-sub-lzbougefv1,obimd-sub-lzbougefv1;obimd-main-74alaf1szs,src-obimd,licensed_for_repository,needs_human_component_review,2026-06-20
obs-comp-cand-001258,graphemic_component_candidate,corpus/003_graphemic-components/013_001201-001300_obs-comp-cand-bucket_component-candidates/1258_obs-comp-cand-001258_obimd-sub-ctmnbdx9k0_component-candidate,obimd-sub-ctmnbdx9k0,obimd-sub-ctmnbdx9k0;obimd-main-ctmnbdx9k0,src-obimd,licensed_for_repository,needs_human_component_review,2026-06-20
obs-comp-cand-001259,graphemic_component_candidate,corpus/003_graphemic-components/013_001201-001300_obs-comp-cand-bucket_component-candidates/1259_obs-comp-cand-001259_obimd-sub-l12a906yri_component-candidate,obimd-sub-l12a906yri,obimd-sub-l12a906yri;obimd-main-l12a906yri,src-obimd,licensed_for_repository,needs_human_component_review,2026-06-20
obs-comp-cand-001260,graphemic_component_candidate,corpus/003_graphemic-components/013_001201-001300_obs-comp-cand-bucket_component-candidates/1260_obs-comp-cand-001260_obimd-sub-7cij5ogo8y_component-candidate,obimd-sub-7cij5ogo8y,obimd-sub-7cij5ogo8y;obimd-main-l12a906yri,src-obimd,licensed_for_repository,needs_human_component_review,2026-06-20
obs-comp-cand-001261,graphemic_component_candidate,corpus/003_graphemic-components/013_001201-001300_obs-comp-cand-bucket_component-candidates/1261_obs-comp-cand-001261_obimd-sub-sixop241yv_component-candidate,obimd-sub-sixop241yv,obimd-sub-sixop241yv;obimd-main-sixop241yv,src-obimd,licensed_for_repository,needs_human_component_review,2026-06-20
obs-comp-cand-001262,graphemic_component_candidate,corpus/003_graphemic-components/013_001201-001300_obs-comp-cand-bucket_component-candidates/1262_obs-comp-cand-001262_obimd-sub-oi9nd1nd9n_component-candidate,obimd-sub-oi9nd1nd9n,obimd-sub-oi9nd1nd9n;obimd-main-oi9nd1nd9n,src-obimd,licensed_for_repository,needs_human_component_review,2026-06-20
obs-comp-cand-001263,graphemic_component_candidate,corpus/003_graphemic-components/013_001201-001300_obs-comp-cand-bucket_component-candidates/1263_obs-comp-cand-001263_obimd-sub-9p1cvclas4_component-candidate,obimd-sub-9p1cvclas4,obimd-sub-9p1cvclas4;obimd-main-9p1cvclas4,src-obimd,licensed_for_repository,needs_human_component_review,2026-06-20
obs-comp-cand-001264,graphemic_component_candidate,corpus/003_graphemic-components/013_001201-001300_obs-comp-cand-bucket_component-candidates/1264_obs-comp-cand-001264_obimd-sub-hvoexje4ex_component-candidate,obimd-sub-hvoexje4ex,obimd-sub-hvoexje4ex;obimd-main-hvoexje4ex,src-obimd,licensed_for_repository,needs_human_component_review,2026-06-20
obs-comp-cand-001265,graphemic_component_candidate,corpus/003_graphemic-components/013_001201-001300_obs-comp-cand-bucket_component-candidates/1265_obs-comp-cand-001265_obimd-sub-03a29zpxqw_component-candidate,obimd-sub-03a29zpxqw,obimd-sub-03a29zpxqw;obimd-main-03a29zpxqw,src-obimd,licensed_for_repository,needs_human_component_review,2026-06-20
obs-comp-cand-001266,graphemic_component_candidate,corpus/003_graphemic-components/013_001201-001300_obs-comp-cand-bucket_component-candidates/1266_obs-comp-cand-001266_obimd-sub-ropjrw8fc8_component-candidate,obimd-sub-ropjrw8fc8,obimd-sub-ropjrw8fc8;obimd-main-ropjrw8fc8,src-obimd,licensed_for_repository,needs_human_component_review,2026-06-20
obs-comp-cand-001267,graphemic_component_candidate,corpus/003_graphemic-components/013_001201-001300_obs-comp-cand-bucket_component-candidates/1267_obs-comp-cand-001267_obimd-sub-frmptf4le7_component-candidate,obimd-sub-frmptf4le7,obimd-sub-frmptf4le7;obimd-main-frmptf4le7,src-obimd,licensed_for_repository,needs_human_component_review,2026-06-20
obs-comp-cand-001268,graphemic_component_candidate,corpus/003_graphemic-components/013_001201-001300_obs-comp-cand-bucket_component-candidates/1268_obs-comp-cand-001268_obimd-sub-mb0881ajp7_component-candidate,obimd-sub-mb0881ajp7,obimd-sub-mb0881ajp7;obimd-main-frmptf4le7,src-obimd,licensed_for_repository,needs_human_component_review,2026-06-20
obs-comp-cand-001269,graphemic_component_candidate,corpus/003_graphemic-components/013_001201-001300_obs-comp-cand-bucket_component-candidates/1269_obs-comp-cand-001269_obimd-sub-wxd3235odg_component-candidate,obimd-sub-wxd3235odg,obimd-sub-wxd3235odg;obimd-main-frmptf4le7,src-obimd,licensed_for_repository,needs_human_component_review,2026-06-20
obs-comp-cand-001270,graphemic_component_candidate,corpus/003_graphemic-components/013_001201-001300_obs-comp-cand-bucket_component-candidates/1270_obs-comp-cand-001270_obimd-sub-d893wuz3tc_component-candidate,obimd-sub-d893wuz3tc,obimd-sub-d893wuz3tc;obimd-main-frmptf4le7,src-obimd,licensed_for_repository,needs_human_component_review,2026-06-20
obs-comp-cand-001271,graphemic_component_candidate,corpus/003_graphemic-components/013_001201-001300_obs-comp-cand-bucket_component-candidates/1271_obs-comp-cand-001271_obimd-sub-wd4izb5l5t_component-candidate,obimd-sub-wd4izb5l5t,obimd-sub-wd4izb5l5t;obimd-main-frmptf4le7,src-obimd,licensed_for_repository,needs_human_component_review,2026-06-20
obs-comp-cand-001272,graphemic_component_candidate,corpus/003_graphemic-components/013_001201-001300_obs-comp-cand-bucket_component-candidates/1272_obs-comp-cand-001272_obimd-sub-0j5z6ecypz_component-candidate,obimd-sub-0j5z6ecypz,obimd-sub-0j5z6ecypz;obimd-main-frmptf4le7,src-obimd,licensed_for_repository,needs_human_component_review,2026-06-20
obs-comp-cand-001273,graphemic_component_candidate,corpus/003_graphemic-components/013_001201-001300_obs-comp-cand-bucket_component-candidates/1273_obs-comp-cand-001273_obimd-sub-zu0urjl5fr_component-candidate,obimd-sub-zu0urjl5fr,obimd-sub-zu0urjl5fr;obimd-main-zu0urjl5fr,src-obimd,licensed_for_repository,needs_human_component_review,2026-06-20
obs-comp-cand-001274,graphemic_component_candidate,corpus/003_graphemic-components/013_001201-001300_obs-comp-cand-bucket_component-candidates/1274_obs-comp-cand-001274_obimd-sub-a86w5j02cu_component-candidate,obimd-sub-a86w5j02cu,obimd-sub-a86w5j02cu;obimd-main-zu0urjl5fr,src-obimd,licensed_for_repository,needs_human_component_review,2026-06-20
obs-comp-cand-001275,graphemic_component_candidate,corpus/003_graphemic-components/013_001201-001300_obs-comp-cand-bucket_component-candidates/1275_obs-comp-cand-001275_obimd-sub-si8qqdmshi_component-candidate,obimd-sub-si8qqdmshi,obimd-sub-si8qqdmshi;obimd-main-si8qqdmshi,src-obimd,licensed_for_repository,needs_human_component_review,2026-06-20
obs-comp-cand-001276,graphemic_component_candidate,corpus/003_graphemic-components/013_001201-001300_obs-comp-cand-bucket_component-candidates/1276_obs-comp-cand-001276_obimd-sub-4yk9wrn272_component-candidate,obimd-sub-4yk9wrn272,obimd-sub-4yk9wrn272;obimd-main-4yk9wrn272,src-obimd,licensed_for_repository,needs_human_component_review,2026-06-20
obs-comp-cand-001277,graphemic_component_candidate,corpus/003_graphemic-components/013_001201-001300_obs-comp-cand-bucket_component-candidates/1277_obs-comp-cand-001277_obimd-sub-1oizpp22z5_component-candidate,obimd-sub-1oizpp22z5,obimd-sub-1oizpp22z5;obimd-main-4yk9wrn272,src-obimd,licensed_for_repository,needs_human_component_review,2026-06-20
obs-comp-cand-001278,graphemic_component_candidate,corpus/003_graphemic-components/013_001201-001300_obs-comp-cand-bucket_component-candidates/1278_obs-comp-cand-001278_obimd-sub-gwuthswkc9_component-candidate,obimd-sub-gwuthswkc9,obimd-sub-gwuthswkc9;obimd-main-gwuthswkc9,src-obimd,licensed_for_repository,needs_human_component_review,2026-06-20
obs-comp-cand-001279,graphemic_component_candidate,corpus/003_graphemic-components/013_001201-001300_obs-comp-cand-bucket_component-candidates/1279_obs-comp-cand-001279_obimd-sub-q40isurmbx_component-candidate,obimd-sub-q40isurmbx,obimd-sub-q40isurmbx;obimd-main-q40isurmbx,src-obimd,licensed_for_repository,needs_human_component_review,2026-06-20
obs-comp-cand-001280,graphemic_component_candidate,corpus/003_graphemic-components/013_001201-001300_obs-comp-cand-bucket_component-candidates/1280_obs-comp-cand-001280_obimd-sub-rbnqxy5oij_component-candidate,obimd-sub-rbnqxy5oij,obimd-sub-rbnqxy5oij;obimd-main-rbnqxy5oij,src-obimd,licensed_for_repository,needs_human_component_review,2026-06-20
obs-comp-cand-001281,graphemic_component_candidate,corpus/003_graphemic-components/013_001201-001300_obs-comp-cand-bucket_component-candidates/1281_obs-comp-cand-001281_obimd-sub-31gq0i3w4d_component-candidate,obimd-sub-31gq0i3w4d,obimd-sub-31gq0i3w4d;obimd-main-31gq0i3w4d,src-obimd,licensed_for_repository,needs_human_component_review,2026-06-20
obs-comp-cand-001282,graphemic_component_candidate,corpus/003_graphemic-components/013_001201-001300_obs-comp-cand-bucket_component-candidates/1282_obs-comp-cand-001282_obimd-sub-jdwahn4rvl_component-candidate,obimd-sub-jdwahn4rvl,obimd-sub-jdwahn4rvl;obimd-main-31gq0i3w4d,src-obimd,licensed_for_repository,needs_human_component_review,2026-06-20
obs-comp-cand-001283,graphemic_component_candidate,corpus/003_graphemic-components/013_001201-001300_obs-comp-cand-bucket_component-candidates/1283_obs-comp-cand-001283_obimd-sub-zkrxof2sy9_component-candidate,obimd-sub-zkrxof2sy9,obimd-sub-zkrxof2sy9;obimd-main-zkrxof2sy9,src-obimd,licensed_for_repository,needs_human_component_review,2026-06-20
obs-comp-cand-001284,graphemic_component_candidate,corpus/003_graphemic-components/013_001201-001300_obs-comp-cand-bucket_component-candidates/1284_obs-comp-cand-001284_obimd-sub-b9q6ewwhki_component-candidate,obimd-sub-b9q6ewwhki,obimd-sub-b9q6ewwhki;obimd-main-b9q6ewwhki,src-obimd,licensed_for_repository,needs_human_component_review,2026-06-20
obs-comp-cand-001285,graphemic_component_candidate,corpus/003_graphemic-components/013_001201-001300_obs-comp-cand-bucket_component-candidates/1285_obs-comp-cand-001285_obimd-sub-1i2z1c1tth_component-candidate,obimd-sub-1i2z1c1tth,obimd-sub-1i2z1c1tth;obimd-main-b9q6ewwhki,src-obimd,licensed_for_repository,needs_human_component_review,2026-06-20
obs-comp-cand-001286,graphemic_component_candidate,corpus/003_graphemic-components/013_001201-001300_obs-comp-cand-bucket_component-candidates/1286_obs-comp-cand-001286_obimd-sub-8owuek2gjb_component-candidate,obimd-sub-8owuek2gjb,obimd-sub-8owuek2gjb;obimd-main-b9q6ewwhki,src-obimd,licensed_for_repository,needs_human_component_review,2026-06-20
obs-comp-cand-001287,graphemic_component_candidate,corpus/003_graphemic-components/013_001201-001300_obs-comp-cand-bucket_component-candidates/1287_obs-comp-cand-001287_obimd-sub-5pmt3mrlzy_component-candidate,obimd-sub-5pmt3mrlzy,obimd-sub-5pmt3mrlzy;obimd-main-b9q6ewwhki,src-obimd,licensed_for_repository,needs_human_component_review,2026-06-20
obs-comp-cand-001288,graphemic_component_candidate,corpus/003_graphemic-components/013_001201-001300_obs-comp-cand-bucket_component-candidates/1288_obs-comp-cand-001288_obimd-sub-abs8e7alj3_component-candidate,obimd-sub-abs8e7alj3,obimd-sub-abs8e7alj3;obimd-main-b9q6ewwhki,src-obimd,licensed_for_repository,needs_human_component_review,2026-06-20
obs-comp-cand-001289,graphemic_component_candidate,corpus/003_graphemic-components/013_001201-001300_obs-comp-cand-bucket_component-candidates/1289_obs-comp-cand-001289_obimd-sub-vtg60f34gv_component-candidate,obimd-sub-vtg60f34gv,obimd-sub-vtg60f34gv;obimd-main-vtg60f34gv,src-obimd,licensed_for_repository,needs_human_component_review,2026-06-20
obs-comp-cand-001290,graphemic_component_candidate,corpus/003_graphemic-components/013_001201-001300_obs-comp-cand-bucket_component-candidates/1290_obs-comp-cand-001290_obimd-sub-g4i0301407_component-candidate,obimd-sub-g4i0301407,obimd-sub-g4i0301407;obimd-main-vtg60f34gv,src-obimd,licensed_for_repository,needs_human_component_review,2026-06-20
obs-comp-cand-001291,graphemic_component_candidate,corpus/003_graphemic-components/013_001201-001300_obs-comp-cand-bucket_component-candidates/1291_obs-comp-cand-001291_obimd-sub-bxk4wfwnci_component-candidate,obimd-sub-bxk4wfwnci,obimd-sub-bxk4wfwnci;obimd-main-bxk4wfwnci,src-obimd,licensed_for_repository,needs_human_component_review,2026-06-20
obs-comp-cand-001292,graphemic_component_candidate,corpus/003_graphemic-components/013_001201-001300_obs-comp-cand-bucket_component-candidates/1292_obs-comp-cand-001292_obimd-sub-8c7ws9kl1e_component-candidate,obimd-sub-8c7ws9kl1e,obimd-sub-8c7ws9kl1e;obimd-main-bxk4wfwnci,src-obimd,licensed_for_repository,needs_human_component_review,2026-06-20
obs-comp-cand-001293,graphemic_component_candidate,corpus/003_graphemic-components/013_001201-001300_obs-comp-cand-bucket_component-candidates/1293_obs-comp-cand-001293_obimd-sub-h8exoqnpru_component-candidate,obimd-sub-h8exoqnpru,obimd-sub-h8exoqnpru;obimd-main-h8exoqnpru,src-obimd,licensed_for_repository,needs_human_component_review,2026-06-20
obs-comp-cand-001294,graphemic_component_candidate,corpus/003_graphemic-components/013_001201-001300_obs-comp-cand-bucket_component-candidates/1294_obs-comp-cand-001294_obimd-sub-stk8nntqia_component-candidate,obimd-sub-stk8nntqia,obimd-sub-stk8nntqia;obimd-main-h8exoqnpru,src-obimd,licensed_for_repository,needs_human_component_review,2026-06-20
obs-comp-cand-001295,graphemic_component_candidate,corpus/003_graphemic-components/013_001201-001300_obs-comp-cand-bucket_component-candidates/1295_obs-comp-cand-001295_obimd-sub-m6szz2tcxv_component-candidate,obimd-sub-m6szz2tcxv,obimd-sub-m6szz2tcxv;obimd-main-m6szz2tcxv,src-obimd,licensed_for_repository,needs_human_component_review,2026-06-20
obs-comp-cand-001296,graphemic_component_candidate,corpus/003_graphemic-components/013_001201-001300_obs-comp-cand-bucket_component-candidates/1296_obs-comp-cand-001296_obimd-sub-hcsv6oxj1l_component-candidate,obimd-sub-hcsv6oxj1l,obimd-sub-hcsv6oxj1l;obimd-main-hcsv6oxj1l,src-obimd,licensed_for_repository,needs_human_component_review,2026-06-20
obs-comp-cand-001297,graphemic_component_candidate,corpus/003_graphemic-components/013_001201-001300_obs-comp-cand-bucket_component-candidates/1297_obs-comp-cand-001297_obimd-sub-2sdz63p9g6_component-candidate,obimd-sub-2sdz63p9g6,obimd-sub-2sdz63p9g6;obimd-main-2sdz63p9g6,src-obimd,licensed_for_repository,needs_human_component_review,2026-06-20
obs-comp-cand-001298,graphemic_component_candidate,corpus/003_graphemic-components/013_001201-001300_obs-comp-cand-bucket_component-candidates/1298_obs-comp-cand-001298_obimd-sub-yx4fqinxv5_component-candidate,obimd-sub-yx4fqinxv5,obimd-sub-yx4fqinxv5;obimd-main-2sdz63p9g6,src-obimd,licensed_for_repository,needs_human_component_review,2026-06-20
obs-comp-cand-001299,graphemic_component_candidate,corpus/003_graphemic-components/013_001201-001300_obs-comp-cand-bucket_component-candidates/1299_obs-comp-cand-001299_obimd-sub-an5u5r611e_component-candidate,obimd-sub-an5u5r611e,obimd-sub-an5u5r611e;obimd-main-2sdz63p9g6,src-obimd,licensed_for_repository,needs_human_component_review,2026-06-20
obs-comp-cand-001300,graphemic_component_candidate,corpus/003_graphemic-components/013_001201-001300_obs-comp-cand-bucket_component-candidates/1300_obs-comp-cand-001300_obimd-sub-bnp2h6ubyi_component-candidate,obimd-sub-bnp2h6ubyi,obimd-sub-bnp2h6ubyi;obimd-main-2sdz63p9g6,src-obimd,licensed_for_repository,needs_human_component_review,2026-06-20
obs-comp-cand-001301,graphemic_component_candidate,corpus/003_graphemic-components/014_001301-001400_obs-comp-cand-bucket_component-candidates/1301_obs-comp-cand-001301_obimd-sub-4ji9zivon2_component-candidate,obimd-sub-4ji9zivon2,obimd-sub-4ji9zivon2;obimd-main-2sdz63p9g6,src-obimd,licensed_for_repository,needs_human_component_review,2026-06-20
obs-comp-cand-001302,graphemic_component_candidate,corpus/003_graphemic-components/014_001301-001400_obs-comp-cand-bucket_component-candidates/1302_obs-comp-cand-001302_obimd-sub-tl7goh8zfs_component-candidate,obimd-sub-tl7goh8zfs,obimd-sub-tl7goh8zfs;obimd-main-2sdz63p9g6,src-obimd,licensed_for_repository,needs_human_component_review,2026-06-20
obs-comp-cand-001303,graphemic_component_candidate,corpus/003_graphemic-components/014_001301-001400_obs-comp-cand-bucket_component-candidates/1303_obs-comp-cand-001303_obimd-sub-hunv1ff3gy_component-candidate,obimd-sub-hunv1ff3gy,obimd-sub-hunv1ff3gy;obimd-main-hunv1ff3gy,src-obimd,licensed_for_repository,needs_human_component_review,2026-06-20
obs-comp-cand-001304,graphemic_component_candidate,corpus/003_graphemic-components/014_001301-001400_obs-comp-cand-bucket_component-candidates/1304_obs-comp-cand-001304_obimd-sub-ntecsn5xqw_component-candidate,obimd-sub-ntecsn5xqw,obimd-sub-ntecsn5xqw;obimd-main-ntecsn5xqw,src-obimd,licensed_for_repository,needs_human_component_review,2026-06-20
obs-comp-cand-001305,graphemic_component_candidate,corpus/003_graphemic-components/014_001301-001400_obs-comp-cand-bucket_component-candidates/1305_obs-comp-cand-001305_obimd-sub-lcxtisdp6y_component-candidate,obimd-sub-lcxtisdp6y,obimd-sub-lcxtisdp6y;obimd-main-lcxtisdp6y,src-obimd,licensed_for_repository,needs_human_component_review,2026-06-20
obs-comp-cand-001306,graphemic_component_candidate,corpus/003_graphemic-components/014_001301-001400_obs-comp-cand-bucket_component-candidates/1306_obs-comp-cand-001306_obimd-sub-6tjo4iag3l_component-candidate,obimd-sub-6tjo4iag3l,obimd-sub-6tjo4iag3l;obimd-main-6tjo4iag3l,src-obimd,licensed_for_repository,needs_human_component_review,2026-06-20
obs-comp-cand-001307,graphemic_component_candidate,corpus/003_graphemic-components/014_001301-001400_obs-comp-cand-bucket_component-candidates/1307_obs-comp-cand-001307_obimd-sub-gpbl2scmc8_component-candidate,obimd-sub-gpbl2scmc8,obimd-sub-gpbl2scmc8;obimd-main-6tjo4iag3l,src-obimd,licensed_for_repository,needs_human_component_review,2026-06-20
obs-comp-cand-001308,graphemic_component_candidate,corpus/003_graphemic-components/014_001301-001400_obs-comp-cand-bucket_component-candidates/1308_obs-comp-cand-001308_obimd-sub-brklsll1zc_component-candidate,obimd-sub-brklsll1zc,obimd-sub-brklsll1zc;obimd-main-brklsll1zc,src-obimd,licensed_for_repository,needs_human_component_review,2026-06-20
obs-comp-cand-001309,graphemic_component_candidate,corpus/003_graphemic-components/014_001301-001400_obs-comp-cand-bucket_component-candidates/1309_obs-comp-cand-001309_obimd-sub-77e3f8jri8_component-candidate,obimd-sub-77e3f8jri8,obimd-sub-77e3f8jri8;obimd-main-77e3f8jri8,src-obimd,licensed_for_repository,needs_human_component_review,2026-06-20
obs-comp-cand-001310,graphemic_component_candidate,corpus/003_graphemic-components/014_001301-001400_obs-comp-cand-bucket_component-candidates/1310_obs-comp-cand-001310_obimd-sub-d0hauaf16v_component-candidate,obimd-sub-d0hauaf16v,obimd-sub-d0hauaf16v;obimd-main-d0hauaf16v,src-obimd,licensed_for_repository,needs_human_component_review,2026-06-20
obs-comp-cand-001311,graphemic_component_candidate,corpus/003_graphemic-components/014_001301-001400_obs-comp-cand-bucket_component-candidates/1311_obs-comp-cand-001311_obimd-sub-qcyhoj9u1r_component-candidate,obimd-sub-qcyhoj9u1r,obimd-sub-qcyhoj9u1r;obimd-main-d0hauaf16v,src-obimd,licensed_for_repository,needs_human_component_review,2026-06-20
obs-comp-cand-001312,graphemic_component_candidate,corpus/003_graphemic-components/014_001301-001400_obs-comp-cand-bucket_component-candidates/1312_obs-comp-cand-001312_obimd-sub-9s9nmb7kms_component-candidate,obimd-sub-9s9nmb7kms,obimd-sub-9s9nmb7kms;obimd-main-d0hauaf16v,src-obimd,licensed_for_repository,needs_human_component_review,2026-06-20
obs-comp-cand-001313,graphemic_component_candidate,corpus/003_graphemic-components/014_001301-001400_obs-comp-cand-bucket_component-candidates/1313_obs-comp-cand-001313_obimd-sub-mu7j5pxhx8_component-candidate,obimd-sub-mu7j5pxhx8,obimd-sub-mu7j5pxhx8;obimd-main-d0hauaf16v,src-obimd,licensed_for_repository,needs_human_component_review,2026-06-20
obs-comp-cand-001314,graphemic_component_candidate,corpus/003_graphemic-components/014_001301-001400_obs-comp-cand-bucket_component-candidates/1314_obs-comp-cand-001314_obimd-sub-fdqh7fcjf2_component-candidate,obimd-sub-fdqh7fcjf2,obimd-sub-fdqh7fcjf2;obimd-main-fdqh7fcjf2,src-obimd,licensed_for_repository,needs_human_component_review,2026-06-20
obs-comp-cand-001315,graphemic_component_candidate,corpus/003_graphemic-components/014_001301-001400_obs-comp-cand-bucket_component-candidates/1315_obs-comp-cand-001315_obimd-sub-yqwtqscvwf_component-candidate,obimd-sub-yqwtqscvwf,obimd-sub-yqwtqscvwf;obimd-main-yqwtqscvwf,src-obimd,licensed_for_repository,needs_human_component_review,2026-06-20
obs-comp-cand-001316,graphemic_component_candidate,corpus/003_graphemic-components/014_001301-001400_obs-comp-cand-bucket_component-candidates/1316_obs-comp-cand-001316_obimd-sub-tr7pel9ndw_component-candidate,obimd-sub-tr7pel9ndw,obimd-sub-tr7pel9ndw;obimd-main-tr7pel9ndw,src-obimd,licensed_for_repository,needs_human_component_review,2026-06-20
obs-comp-cand-001317,graphemic_component_candidate,corpus/003_graphemic-components/014_001301-001400_obs-comp-cand-bucket_component-candidates/1317_obs-comp-cand-001317_obimd-sub-ogt487t2u1_component-candidate,obimd-sub-ogt487t2u1,obimd-sub-ogt487t2u1;obimd-main-ogt487t2u1,src-obimd,licensed_for_repository,needs_human_component_review,2026-06-20
obs-comp-cand-001318,graphemic_component_candidate,corpus/003_graphemic-components/014_001301-001400_obs-comp-cand-bucket_component-candidates/1318_obs-comp-cand-001318_obimd-sub-4y18ww0a1m_component-candidate,obimd-sub-4y18ww0a1m,obimd-sub-4y18ww0a1m;obimd-main-4y18ww0a1m,src-obimd,licensed_for_repository,needs_human_component_review,2026-06-20
obs-comp-cand-001319,graphemic_component_candidate,corpus/003_graphemic-components/014_001301-001400_obs-comp-cand-bucket_component-candidates/1319_obs-comp-cand-001319_obimd-sub-wlek2bmyny_component-candidate,obimd-sub-wlek2bmyny,obimd-sub-wlek2bmyny;obimd-main-4y18ww0a1m,src-obimd,licensed_for_repository,needs_human_component_review,2026-06-20
obs-comp-cand-001320,graphemic_component_candidate,corpus/003_graphemic-components/014_001301-001400_obs-comp-cand-bucket_component-candidates/1320_obs-comp-cand-001320_obimd-sub-ra331b8ndl_component-candidate,obimd-sub-ra331b8ndl,obimd-sub-ra331b8ndl;obimd-main-4y18ww0a1m,src-obimd,licensed_for_repository,needs_human_component_review,2026-06-20
obs-comp-cand-001321,graphemic_component_candidate,corpus/003_graphemic-components/014_001301-001400_obs-comp-cand-bucket_component-candidates/1321_obs-comp-cand-001321_obimd-sub-ls1cvnh96s_component-candidate,obimd-sub-ls1cvnh96s,obimd-sub-ls1cvnh96s;obimd-main-ls1cvnh96s,src-obimd,licensed_for_repository,needs_human_component_review,2026-06-20
obs-comp-cand-001322,graphemic_component_candidate,corpus/003_graphemic-components/014_001301-001400_obs-comp-cand-bucket_component-candidates/1322_obs-comp-cand-001322_obimd-sub-zdpjpcrjtm_component-candidate,obimd-sub-zdpjpcrjtm,obimd-sub-zdpjpcrjtm;obimd-main-ls1cvnh96s,src-obimd,licensed_for_repository,needs_human_component_review,2026-06-20
obs-comp-cand-001323,graphemic_component_candidate,corpus/003_graphemic-components/014_001301-001400_obs-comp-cand-bucket_component-candidates/1323_obs-comp-cand-001323_obimd-sub-kmbtnosiha_component-candidate,obimd-sub-kmbtnosiha,obimd-sub-kmbtnosiha;obimd-main-kmbtnosiha,src-obimd,licensed_for_repository,needs_human_component_review,2026-06-20
obs-comp-cand-001324,graphemic_component_candidate,corpus/003_graphemic-components/014_001301-001400_obs-comp-cand-bucket_component-candidates/1324_obs-comp-cand-001324_obimd-sub-fdrn24mm3c_component-candidate,obimd-sub-fdrn24mm3c,obimd-sub-fdrn24mm3c;obimd-main-n2eg801rgy,src-obimd,licensed_for_repository,needs_human_component_review,2026-06-20
obs-comp-cand-001325,graphemic_component_candidate,corpus/003_graphemic-components/014_001301-001400_obs-comp-cand-bucket_component-candidates/1325_obs-comp-cand-001325_obimd-sub-earnw14zid_component-candidate,obimd-sub-earnw14zid,obimd-sub-earnw14zid;obimd-main-earnw14zid,src-obimd,licensed_for_repository,needs_human_component_review,2026-06-20
obs-comp-cand-001326,graphemic_component_candidate,corpus/003_graphemic-components/014_001301-001400_obs-comp-cand-bucket_component-candidates/1326_obs-comp-cand-001326_obimd-sub-oe6xmwn3s6_component-candidate,obimd-sub-oe6xmwn3s6,obimd-sub-oe6xmwn3s6;obimd-main-oe6xmwn3s6,src-obimd,licensed_for_repository,needs_human_component_review,2026-06-20
obs-comp-cand-001327,graphemic_component_candidate,corpus/003_graphemic-components/014_001301-001400_obs-comp-cand-bucket_component-candidates/1327_obs-comp-cand-001327_obimd-sub-zhdr0vtntz_component-candidate,obimd-sub-zhdr0vtntz,obimd-sub-zhdr0vtntz;obimd-main-zhdr0vtntz,src-obimd,licensed_for_repository,needs_human_component_review,2026-06-20
obs-comp-cand-001328,graphemic_component_candidate,corpus/003_graphemic-components/014_001301-001400_obs-comp-cand-bucket_component-candidates/1328_obs-comp-cand-001328_obimd-sub-cpr9kqrk9x_component-candidate,obimd-sub-cpr9kqrk9x,obimd-sub-cpr9kqrk9x;obimd-main-cpr9kqrk9x,src-obimd,licensed_for_repository,needs_human_component_review,2026-06-20
obs-comp-cand-001329,graphemic_component_candidate,corpus/003_graphemic-components/014_001301-001400_obs-comp-cand-bucket_component-candidates/1329_obs-comp-cand-001329_obimd-sub-g5rxhh05vn_component-candidate,obimd-sub-g5rxhh05vn,obimd-sub-g5rxhh05vn;obimd-main-g5rxhh05vn,src-obimd,licensed_for_repository,needs_human_component_review,2026-06-20
obs-comp-cand-001330,graphemic_component_candidate,corpus/003_graphemic-components/014_001301-001400_obs-comp-cand-bucket_component-candidates/1330_obs-comp-cand-001330_obimd-sub-k488tbxgjl_component-candidate,obimd-sub-k488tbxgjl,obimd-sub-k488tbxgjl;obimd-main-k488tbxgjl,src-obimd,licensed_for_repository,needs_human_component_review,2026-06-20
obs-comp-cand-001331,graphemic_component_candidate,corpus/003_graphemic-components/014_001301-001400_obs-comp-cand-bucket_component-candidates/1331_obs-comp-cand-001331_obimd-sub-aq5aoy9xbp_component-candidate,obimd-sub-aq5aoy9xbp,obimd-sub-aq5aoy9xbp;obimd-main-aq5aoy9xbp,src-obimd,licensed_for_repository,needs_human_component_review,2026-06-20
obs-comp-cand-001332,graphemic_component_candidate,corpus/003_graphemic-components/014_001301-001400_obs-comp-cand-bucket_component-candidates/1332_obs-comp-cand-001332_obimd-sub-mw9onrbyo4_component-candidate,obimd-sub-mw9onrbyo4,obimd-sub-mw9onrbyo4;obimd-main-aq5aoy9xbp,src-obimd,licensed_for_repository,needs_human_component_review,2026-06-20
obs-comp-cand-001333,graphemic_component_candidate,corpus/003_graphemic-components/014_001301-001400_obs-comp-cand-bucket_component-candidates/1333_obs-comp-cand-001333_obimd-sub-nqu13pifom_component-candidate,obimd-sub-nqu13pifom,obimd-sub-nqu13pifom;obimd-main-aq5aoy9xbp,src-obimd,licensed_for_repository,needs_human_component_review,2026-06-20
obs-comp-cand-001334,graphemic_component_candidate,corpus/003_graphemic-components/014_001301-001400_obs-comp-cand-bucket_component-candidates/1334_obs-comp-cand-001334_obimd-sub-16xzhmtg43_component-candidate,obimd-sub-16xzhmtg43,obimd-sub-16xzhmtg43;obimd-main-16xzhmtg43,src-obimd,licensed_for_repository,needs_human_component_review,2026-06-20
obs-comp-cand-001335,graphemic_component_candidate,corpus/003_graphemic-components/014_001301-001400_obs-comp-cand-bucket_component-candidates/1335_obs-comp-cand-001335_obimd-sub-77ai1h4v4c_component-candidate,obimd-sub-77ai1h4v4c,obimd-sub-77ai1h4v4c;obimd-main-16xzhmtg43,src-obimd,licensed_for_repository,needs_human_component_review,2026-06-20
obs-comp-cand-001336,graphemic_component_candidate,corpus/003_graphemic-components/014_001301-001400_obs-comp-cand-bucket_component-candidates/1336_obs-comp-cand-001336_obimd-sub-5d0kwz72yy_component-candidate,obimd-sub-5d0kwz72yy,obimd-sub-5d0kwz72yy;obimd-main-5d0kwz72yy,src-obimd,licensed_for_repository,needs_human_component_review,2026-06-20
obs-comp-cand-001337,graphemic_component_candidate,corpus/003_graphemic-components/014_001301-001400_obs-comp-cand-bucket_component-candidates/1337_obs-comp-cand-001337_obimd-sub-0avi2tcy0g_component-candidate,obimd-sub-0avi2tcy0g,obimd-sub-0avi2tcy0g;obimd-main-0avi2tcy0g,src-obimd,licensed_for_repository,needs_human_component_review,2026-06-20
obs-comp-cand-001338,graphemic_component_candidate,corpus/003_graphemic-components/014_001301-001400_obs-comp-cand-bucket_component-candidates/1338_obs-comp-cand-001338_obimd-sub-ar259dtulv_component-candidate,obimd-sub-ar259dtulv,obimd-sub-ar259dtulv;obimd-main-ar259dtulv,src-obimd,licensed_for_repository,needs_human_component_review,2026-06-20
obs-comp-cand-001339,graphemic_component_candidate,corpus/003_graphemic-components/014_001301-001400_obs-comp-cand-bucket_component-candidates/1339_obs-comp-cand-001339_obimd-sub-ndlvxfb2d5_component-candidate,obimd-sub-ndlvxfb2d5,obimd-sub-ndlvxfb2d5;obimd-main-ar259dtulv,src-obimd,licensed_for_repository,needs_human_component_review,2026-06-20
obs-comp-cand-001340,graphemic_component_candidate,corpus/003_graphemic-components/014_001301-001400_obs-comp-cand-bucket_component-candidates/1340_obs-comp-cand-001340_obimd-sub-f9f0lfjetk_component-candidate,obimd-sub-f9f0lfjetk,obimd-sub-f9f0lfjetk;obimd-main-f9f0lfjetk,src-obimd,licensed_for_repository,needs_human_component_review,2026-06-20
obs-comp-cand-001341,graphemic_component_candidate,corpus/003_graphemic-components/014_001301-001400_obs-comp-cand-bucket_component-candidates/1341_obs-comp-cand-001341_obimd-sub-ptk5ygi5nn_component-candidate,obimd-sub-ptk5ygi5nn,obimd-sub-ptk5ygi5nn;obimd-main-f9f0lfjetk,src-obimd,licensed_for_repository,needs_human_component_review,2026-06-20
obs-comp-cand-001342,graphemic_component_candidate,corpus/003_graphemic-components/014_001301-001400_obs-comp-cand-bucket_component-candidates/1342_obs-comp-cand-001342_obimd-sub-wu6ndvoq3y_component-candidate,obimd-sub-wu6ndvoq3y,obimd-sub-wu6ndvoq3y;obimd-main-f9f0lfjetk,src-obimd,licensed_for_repository,needs_human_component_review,2026-06-20
obs-comp-cand-001343,graphemic_component_candidate,corpus/003_graphemic-components/014_001301-001400_obs-comp-cand-bucket_component-candidates/1343_obs-comp-cand-001343_obimd-sub-03lz1oza4v_component-candidate,obimd-sub-03lz1oza4v,obimd-sub-03lz1oza4v;obimd-main-f9f0lfjetk,src-obimd,licensed_for_repository,needs_human_component_review,2026-06-20
obs-comp-cand-001344,graphemic_component_candidate,corpus/003_graphemic-components/014_001301-001400_obs-comp-cand-bucket_component-candidates/1344_obs-comp-cand-001344_obimd-sub-1yxyj1hxvi_component-candidate,obimd-sub-1yxyj1hxvi,obimd-sub-1yxyj1hxvi;obimd-main-1yxyj1hxvi,src-obimd,licensed_for_repository,needs_human_component_review,2026-06-20
obs-comp-cand-001345,graphemic_component_candidate,corpus/003_graphemic-components/014_001301-001400_obs-comp-cand-bucket_component-candidates/1345_obs-comp-cand-001345_obimd-sub-1ooijljqrv_component-candidate,obimd-sub-1ooijljqrv,obimd-sub-1ooijljqrv;obimd-main-1ooijljqrv,src-obimd,licensed_for_repository,needs_human_component_review,2026-06-20
obs-comp-cand-001346,graphemic_component_candidate,corpus/003_graphemic-components/014_001301-001400_obs-comp-cand-bucket_component-candidates/1346_obs-comp-cand-001346_obimd-sub-gxov0h6tn6_component-candidate,obimd-sub-gxov0h6tn6,obimd-sub-gxov0h6tn6;obimd-main-1ooijljqrv,src-obimd,licensed_for_repository,needs_human_component_review,2026-06-20
obs-comp-cand-001347,graphemic_component_candidate,corpus/003_graphemic-components/014_001301-001400_obs-comp-cand-bucket_component-candidates/1347_obs-comp-cand-001347_obimd-sub-wnk1om8h9s_component-candidate,obimd-sub-wnk1om8h9s,obimd-sub-wnk1om8h9s;obimd-main-wnk1om8h9s,src-obimd,licensed_for_repository,needs_human_component_review,2026-06-20
obs-comp-cand-001348,graphemic_component_candidate,corpus/003_graphemic-components/014_001301-001400_obs-comp-cand-bucket_component-candidates/1348_obs-comp-cand-001348_obimd-sub-wh11q5vypx_component-candidate,obimd-sub-wh11q5vypx,obimd-sub-wh11q5vypx;obimd-main-wh11q5vypx,src-obimd,licensed_for_repository,needs_human_component_review,2026-06-20
obs-comp-cand-001349,graphemic_component_candidate,corpus/003_graphemic-components/014_001301-001400_obs-comp-cand-bucket_component-candidates/1349_obs-comp-cand-001349_obimd-sub-o8jmn7wu5e_component-candidate,obimd-sub-o8jmn7wu5e,obimd-sub-o8jmn7wu5e;obimd-main-o8jmn7wu5e,src-obimd,licensed_for_repository,needs_human_component_review,2026-06-20
obs-comp-cand-001350,graphemic_component_candidate,corpus/003_graphemic-components/014_001301-001400_obs-comp-cand-bucket_component-candidates/1350_obs-comp-cand-001350_obimd-sub-hm44o8jbph_component-candidate,obimd-sub-hm44o8jbph,obimd-sub-hm44o8jbph;obimd-main-hm44o8jbph,src-obimd,licensed_for_repository,needs_human_component_review,2026-06-20
obs-comp-cand-001351,graphemic_component_candidate,corpus/003_graphemic-components/014_001301-001400_obs-comp-cand-bucket_component-candidates/1351_obs-comp-cand-001351_obimd-sub-u4u121uh4d_component-candidate,obimd-sub-u4u121uh4d,obimd-sub-u4u121uh4d;obimd-main-u4u121uh4d,src-obimd,licensed_for_repository,needs_human_component_review,2026-06-20
obs-comp-cand-001352,graphemic_component_candidate,corpus/003_graphemic-components/014_001301-001400_obs-comp-cand-bucket_component-candidates/1352_obs-comp-cand-001352_obimd-sub-fff2prq8h4_component-candidate,obimd-sub-fff2prq8h4,obimd-sub-fff2prq8h4;obimd-main-u4u121uh4d,src-obimd,licensed_for_repository,needs_human_component_review,2026-06-20
obs-comp-cand-001353,graphemic_component_candidate,corpus/003_graphemic-components/014_001301-001400_obs-comp-cand-bucket_component-candidates/1353_obs-comp-cand-001353_obimd-sub-4bmk9igs6j_component-candidate,obimd-sub-4bmk9igs6j,obimd-sub-4bmk9igs6j;obimd-main-u4u121uh4d,src-obimd,licensed_for_repository,needs_human_component_review,2026-06-20
obs-comp-cand-001354,graphemic_component_candidate,corpus/003_graphemic-components/014_001301-001400_obs-comp-cand-bucket_component-candidates/1354_obs-comp-cand-001354_obimd-sub-8czpqekbto_component-candidate,obimd-sub-8czpqekbto,obimd-sub-8czpqekbto;obimd-main-u4u121uh4d,src-obimd,licensed_for_repository,needs_human_component_review,2026-06-20
obs-comp-cand-001355,graphemic_component_candidate,corpus/003_graphemic-components/014_001301-001400_obs-comp-cand-bucket_component-candidates/1355_obs-comp-cand-001355_obimd-sub-b1ojfpwayk_component-candidate,obimd-sub-b1ojfpwayk,obimd-sub-b1ojfpwayk;obimd-main-b1ojfpwayk,src-obimd,licensed_for_repository,needs_human_component_review,2026-06-20
obs-comp-cand-001356,graphemic_component_candidate,corpus/003_graphemic-components/014_001301-001400_obs-comp-cand-bucket_component-candidates/1356_obs-comp-cand-001356_obimd-sub-s9s2kwlc5v_component-candidate,obimd-sub-s9s2kwlc5v,obimd-sub-s9s2kwlc5v;obimd-main-b1ojfpwayk,src-obimd,licensed_for_repository,needs_human_component_review,2026-06-20
obs-comp-cand-001357,graphemic_component_candidate,corpus/003_graphemic-components/014_001301-001400_obs-comp-cand-bucket_component-candidates/1357_obs-comp-cand-001357_obimd-sub-11yn2rw7ug_component-candidate,obimd-sub-11yn2rw7ug,obimd-sub-11yn2rw7ug;obimd-main-tsa3qlzed1,src-obimd,licensed_for_repository,needs_human_component_review,2026-06-20
obs-comp-cand-001358,graphemic_component_candidate,corpus/003_graphemic-components/014_001301-001400_obs-comp-cand-bucket_component-candidates/1358_obs-comp-cand-001358_obimd-sub-tp5ykv5jzh_component-candidate,obimd-sub-tp5ykv5jzh,obimd-sub-tp5ykv5jzh;obimd-main-tp5ykv5jzh,src-obimd,licensed_for_repository,needs_human_component_review,2026-06-20
obs-comp-cand-001359,graphemic_component_candidate,corpus/003_graphemic-components/014_001301-001400_obs-comp-cand-bucket_component-candidates/1359_obs-comp-cand-001359_obimd-sub-wv6662htwa_component-candidate,obimd-sub-wv6662htwa,obimd-sub-wv6662htwa;obimd-main-tp5ykv5jzh,src-obimd,licensed_for_repository,needs_human_component_review,2026-06-20
obs-comp-cand-001360,graphemic_component_candidate,corpus/003_graphemic-components/014_001301-001400_obs-comp-cand-bucket_component-candidates/1360_obs-comp-cand-001360_obimd-sub-rf21ewkegh_component-candidate,obimd-sub-rf21ewkegh,obimd-sub-rf21ewkegh;obimd-main-tp5ykv5jzh,src-obimd,licensed_for_repository,needs_human_component_review,2026-06-20
obs-comp-cand-001361,graphemic_component_candidate,corpus/003_graphemic-components/014_001301-001400_obs-comp-cand-bucket_component-candidates/1361_obs-comp-cand-001361_obimd-sub-hynap6jf6z_component-candidate,obimd-sub-hynap6jf6z,obimd-sub-hynap6jf6z;obimd-main-tp5ykv5jzh,src-obimd,licensed_for_repository,needs_human_component_review,2026-06-20
obs-comp-cand-001362,graphemic_component_candidate,corpus/003_graphemic-components/014_001301-001400_obs-comp-cand-bucket_component-candidates/1362_obs-comp-cand-001362_obimd-sub-0bcpbg0geh_component-candidate,obimd-sub-0bcpbg0geh,obimd-sub-0bcpbg0geh;obimd-main-0bcpbg0geh,src-obimd,licensed_for_repository,needs_human_component_review,2026-06-20
obs-comp-cand-001363,graphemic_component_candidate,corpus/003_graphemic-components/014_001301-001400_obs-comp-cand-bucket_component-candidates/1363_obs-comp-cand-001363_obimd-sub-5i4ba39u9k_component-candidate,obimd-sub-5i4ba39u9k,obimd-sub-5i4ba39u9k;obimd-main-5i4ba39u9k,src-obimd,licensed_for_repository,needs_human_component_review,2026-06-20
obs-comp-cand-001364,graphemic_component_candidate,corpus/003_graphemic-components/014_001301-001400_obs-comp-cand-bucket_component-candidates/1364_obs-comp-cand-001364_obimd-sub-fpyw0kgyoa_component-candidate,obimd-sub-fpyw0kgyoa,obimd-sub-fpyw0kgyoa;obimd-main-5i4ba39u9k,src-obimd,licensed_for_repository,needs_human_component_review,2026-06-20
obs-comp-cand-001365,graphemic_component_candidate,corpus/003_graphemic-components/014_001301-001400_obs-comp-cand-bucket_component-candidates/1365_obs-comp-cand-001365_obimd-sub-79c9fojxw0_component-candidate,obimd-sub-79c9fojxw0,obimd-sub-79c9fojxw0;obimd-main-79c9fojxw0,src-obimd,licensed_for_repository,needs_human_component_review,2026-06-20
obs-comp-cand-001366,graphemic_component_candidate,corpus/003_graphemic-components/014_001301-001400_obs-comp-cand-bucket_component-candidates/1366_obs-comp-cand-001366_obimd-sub-rq5hhpsgl4_component-candidate,obimd-sub-rq5hhpsgl4,obimd-sub-rq5hhpsgl4;obimd-main-79c9fojxw0,src-obimd,licensed_for_repository,needs_human_component_review,2026-06-20
obs-comp-cand-001367,graphemic_component_candidate,corpus/003_graphemic-components/014_001301-001400_obs-comp-cand-bucket_component-candidates/1367_obs-comp-cand-001367_obimd-sub-ss169egrd5_component-candidate,obimd-sub-ss169egrd5,obimd-sub-ss169egrd5;obimd-main-79c9fojxw0,src-obimd,licensed_for_repository,needs_human_component_review,2026-06-20
obs-comp-cand-001368,graphemic_component_candidate,corpus/003_graphemic-components/014_001301-001400_obs-comp-cand-bucket_component-candidates/1368_obs-comp-cand-001368_obimd-sub-vxc84yxcjn_component-candidate,obimd-sub-vxc84yxcjn,obimd-sub-vxc84yxcjn;obimd-main-79c9fojxw0,src-obimd,licensed_for_repository,needs_human_component_review,2026-06-20
obs-comp-cand-001369,graphemic_component_candidate,corpus/003_graphemic-components/014_001301-001400_obs-comp-cand-bucket_component-candidates/1369_obs-comp-cand-001369_obimd-sub-6p6efwrmid_component-candidate,obimd-sub-6p6efwrmid,obimd-sub-6p6efwrmid;obimd-main-6p6efwrmid,src-obimd,licensed_for_repository,needs_human_component_review,2026-06-20
obs-comp-cand-001370,graphemic_component_candidate,corpus/003_graphemic-components/014_001301-001400_obs-comp-cand-bucket_component-candidates/1370_obs-comp-cand-001370_obimd-sub-f5d3yn2so6_component-candidate,obimd-sub-f5d3yn2so6,obimd-sub-f5d3yn2so6;obimd-main-f5d3yn2so6,src-obimd,licensed_for_repository,needs_human_component_review,2026-06-20
obs-comp-cand-001371,graphemic_component_candidate,corpus/003_graphemic-components/014_001301-001400_obs-comp-cand-bucket_component-candidates/1371_obs-comp-cand-001371_obimd-sub-73ru6libmk_component-candidate,obimd-sub-73ru6libmk,obimd-sub-73ru6libmk;obimd-main-73ru6libmk,src-obimd,licensed_for_repository,needs_human_component_review,2026-06-20
obs-comp-cand-001372,graphemic_component_candidate,corpus/003_graphemic-components/014_001301-001400_obs-comp-cand-bucket_component-candidates/1372_obs-comp-cand-001372_obimd-sub-cndz4ishf4_component-candidate,obimd-sub-cndz4ishf4,obimd-sub-cndz4ishf4;obimd-main-73ru6libmk,src-obimd,licensed_for_repository,needs_human_component_review,2026-06-20
obs-comp-cand-001373,graphemic_component_candidate,corpus/003_graphemic-components/014_001301-001400_obs-comp-cand-bucket_component-candidates/1373_obs-comp-cand-001373_obimd-sub-f8nccd26ph_component-candidate,obimd-sub-f8nccd26ph,obimd-sub-f8nccd26ph;obimd-main-73ru6libmk,src-obimd,licensed_for_repository,needs_human_component_review,2026-06-20
obs-comp-cand-001374,graphemic_component_candidate,corpus/003_graphemic-components/014_001301-001400_obs-comp-cand-bucket_component-candidates/1374_obs-comp-cand-001374_obimd-sub-bkzg6k7qrc_component-candidate,obimd-sub-bkzg6k7qrc,obimd-sub-bkzg6k7qrc;obimd-main-73ru6libmk,src-obimd,licensed_for_repository,needs_human_component_review,2026-06-20
obs-comp-cand-001375,graphemic_component_candidate,corpus/003_graphemic-components/014_001301-001400_obs-comp-cand-bucket_component-candidates/1375_obs-comp-cand-001375_obimd-sub-987qykzzg1_component-candidate,obimd-sub-987qykzzg1,obimd-sub-987qykzzg1;obimd-main-73ru6libmk,src-obimd,licensed_for_repository,needs_human_component_review,2026-06-20
obs-comp-cand-001376,graphemic_component_candidate,corpus/003_graphemic-components/014_001301-001400_obs-comp-cand-bucket_component-candidates/1376_obs-comp-cand-001376_obimd-sub-zreu243tyr_component-candidate,obimd-sub-zreu243tyr,obimd-sub-zreu243tyr;obimd-main-zreu243tyr,src-obimd,licensed_for_repository,needs_human_component_review,2026-06-20
obs-comp-cand-001377,graphemic_component_candidate,corpus/003_graphemic-components/014_001301-001400_obs-comp-cand-bucket_component-candidates/1377_obs-comp-cand-001377_obimd-sub-c7qvt9bwt5_component-candidate,obimd-sub-c7qvt9bwt5,obimd-sub-c7qvt9bwt5;obimd-main-c7qvt9bwt5,src-obimd,licensed_for_repository,needs_human_component_review,2026-06-20
obs-comp-cand-001378,graphemic_component_candidate,corpus/003_graphemic-components/014_001301-001400_obs-comp-cand-bucket_component-candidates/1378_obs-comp-cand-001378_obimd-sub-2x1nxm17qq_component-candidate,obimd-sub-2x1nxm17qq,obimd-sub-2x1nxm17qq;obimd-main-c7qvt9bwt5,src-obimd,licensed_for_repository,needs_human_component_review,2026-06-20
obs-comp-cand-001379,graphemic_component_candidate,corpus/003_graphemic-components/014_001301-001400_obs-comp-cand-bucket_component-candidates/1379_obs-comp-cand-001379_obimd-sub-er15bqp23o_component-candidate,obimd-sub-er15bqp23o,obimd-sub-er15bqp23o;obimd-main-c7qvt9bwt5,src-obimd,licensed_for_repository,needs_human_component_review,2026-06-20
obs-comp-cand-001380,graphemic_component_candidate,corpus/003_graphemic-components/014_001301-001400_obs-comp-cand-bucket_component-candidates/1380_obs-comp-cand-001380_obimd-sub-s5xwrkx3pz_component-candidate,obimd-sub-s5xwrkx3pz,obimd-sub-s5xwrkx3pz;obimd-main-c7qvt9bwt5,src-obimd,licensed_for_repository,needs_human_component_review,2026-06-20
obs-comp-cand-001381,graphemic_component_candidate,corpus/003_graphemic-components/014_001301-001400_obs-comp-cand-bucket_component-candidates/1381_obs-comp-cand-001381_obimd-sub-7f5j8q4wto_component-candidate,obimd-sub-7f5j8q4wto,obimd-sub-7f5j8q4wto;obimd-main-ywoquzurvl,src-obimd,licensed_for_repository,needs_human_component_review,2026-06-20
obs-comp-cand-001382,graphemic_component_candidate,corpus/003_graphemic-components/014_001301-001400_obs-comp-cand-bucket_component-candidates/1382_obs-comp-cand-001382_obimd-sub-6nn3a042hn_component-candidate,obimd-sub-6nn3a042hn,obimd-sub-6nn3a042hn;obimd-main-6nn3a042hn,src-obimd,licensed_for_repository,needs_human_component_review,2026-06-20
obs-comp-cand-001383,graphemic_component_candidate,corpus/003_graphemic-components/014_001301-001400_obs-comp-cand-bucket_component-candidates/1383_obs-comp-cand-001383_obimd-sub-k6my1iatzs_component-candidate,obimd-sub-k6my1iatzs,obimd-sub-k6my1iatzs;obimd-main-6nn3a042hn,src-obimd,licensed_for_repository,needs_human_component_review,2026-06-20
obs-comp-cand-001384,graphemic_component_candidate,corpus/003_graphemic-components/014_001301-001400_obs-comp-cand-bucket_component-candidates/1384_obs-comp-cand-001384_obimd-sub-sw63off50f_component-candidate,obimd-sub-sw63off50f,obimd-sub-sw63off50f;obimd-main-otyf9c85b1,src-obimd,licensed_for_repository,needs_human_component_review,2026-06-20
obs-comp-cand-001385,graphemic_component_candidate,corpus/003_graphemic-components/014_001301-001400_obs-comp-cand-bucket_component-candidates/1385_obs-comp-cand-001385_obimd-sub-ketphw9yjg_component-candidate,obimd-sub-ketphw9yjg,obimd-sub-ketphw9yjg;obimd-main-otyf9c85b1,src-obimd,licensed_for_repository,needs_human_component_review,2026-06-20
obs-comp-cand-001386,graphemic_component_candidate,corpus/003_graphemic-components/014_001301-001400_obs-comp-cand-bucket_component-candidates/1386_obs-comp-cand-001386_obimd-sub-i2m9i5ytbg_component-candidate,obimd-sub-i2m9i5ytbg,obimd-sub-i2m9i5ytbg;obimd-main-i2m9i5ytbg,src-obimd,licensed_for_repository,needs_human_component_review,2026-06-20
obs-comp-cand-001387,graphemic_component_candidate,corpus/003_graphemic-components/014_001301-001400_obs-comp-cand-bucket_component-candidates/1387_obs-comp-cand-001387_obimd-sub-f64yyfsimr_component-candidate,obimd-sub-f64yyfsimr,obimd-sub-f64yyfsimr;obimd-main-i2m9i5ytbg,src-obimd,licensed_for_repository,needs_human_component_review,2026-06-20
obs-comp-cand-001388,graphemic_component_candidate,corpus/003_graphemic-components/014_001301-001400_obs-comp-cand-bucket_component-candidates/1388_obs-comp-cand-001388_obimd-sub-hzglrwxdtt_component-candidate,obimd-sub-hzglrwxdtt,obimd-sub-hzglrwxdtt;obimd-main-hzglrwxdtt,src-obimd,licensed_for_repository,needs_human_component_review,2026-06-20
obs-comp-cand-001389,graphemic_component_candidate,corpus/003_graphemic-components/014_001301-001400_obs-comp-cand-bucket_component-candidates/1389_obs-comp-cand-001389_obimd-sub-y5dftmxvj0_component-candidate,obimd-sub-y5dftmxvj0,obimd-sub-y5dftmxvj0;obimd-main-y5dftmxvj0,src-obimd,licensed_for_repository,needs_human_component_review,2026-06-20
obs-comp-cand-001390,graphemic_component_candidate,corpus/003_graphemic-components/014_001301-001400_obs-comp-cand-bucket_component-candidates/1390_obs-comp-cand-001390_obimd-sub-ff8rp0nh6u_component-candidate,obimd-sub-ff8rp0nh6u,obimd-sub-ff8rp0nh6u;obimd-main-ff8rp0nh6u,src-obimd,licensed_for_repository,needs_human_component_review,2026-06-20
obs-comp-cand-001391,graphemic_component_candidate,corpus/003_graphemic-components/014_001301-001400_obs-comp-cand-bucket_component-candidates/1391_obs-comp-cand-001391_obimd-sub-gotsdcy0ks_component-candidate,obimd-sub-gotsdcy0ks,obimd-sub-gotsdcy0ks;obimd-main-ff8rp0nh6u,src-obimd,licensed_for_repository,needs_human_component_review,2026-06-20
obs-comp-cand-001392,graphemic_component_candidate,corpus/003_graphemic-components/014_001301-001400_obs-comp-cand-bucket_component-candidates/1392_obs-comp-cand-001392_obimd-sub-nnbvkhk8q8_component-candidate,obimd-sub-nnbvkhk8q8,obimd-sub-nnbvkhk8q8;obimd-main-ff8rp0nh6u,src-obimd,licensed_for_repository,needs_human_component_review,2026-06-20
obs-comp-cand-001393,graphemic_component_candidate,corpus/003_graphemic-components/014_001301-001400_obs-comp-cand-bucket_component-candidates/1393_obs-comp-cand-001393_obimd-sub-e6w7q0ux9y_component-candidate,obimd-sub-e6w7q0ux9y,obimd-sub-e6w7q0ux9y;obimd-main-ff8rp0nh6u,src-obimd,licensed_for_repository,needs_human_component_review,2026-06-20
obs-comp-cand-001394,graphemic_component_candidate,corpus/003_graphemic-components/014_001301-001400_obs-comp-cand-bucket_component-candidates/1394_obs-comp-cand-001394_obimd-sub-9izvvjw1bu_component-candidate,obimd-sub-9izvvjw1bu,obimd-sub-9izvvjw1bu;obimd-main-9izvvjw1bu,src-obimd,licensed_for_repository,needs_human_component_review,2026-06-20
obs-comp-cand-001395,graphemic_component_candidate,corpus/003_graphemic-components/014_001301-001400_obs-comp-cand-bucket_component-candidates/1395_obs-comp-cand-001395_obimd-sub-q3hrv2vesz_component-candidate,obimd-sub-q3hrv2vesz,obimd-sub-q3hrv2vesz;obimd-main-q3hrv2vesz,src-obimd,licensed_for_repository,needs_human_component_review,2026-06-20
obs-comp-cand-001396,graphemic_component_candidate,corpus/003_graphemic-components/014_001301-001400_obs-comp-cand-bucket_component-candidates/1396_obs-comp-cand-001396_obimd-sub-nptkahm6a5_component-candidate,obimd-sub-nptkahm6a5,obimd-sub-nptkahm6a5;obimd-main-nptkahm6a5,src-obimd,licensed_for_repository,needs_human_component_review,2026-06-20
obs-comp-cand-001397,graphemic_component_candidate,corpus/003_graphemic-components/014_001301-001400_obs-comp-cand-bucket_component-candidates/1397_obs-comp-cand-001397_obimd-sub-dzfvynpbvj_component-candidate,obimd-sub-dzfvynpbvj,obimd-sub-dzfvynpbvj;obimd-main-nptkahm6a5,src-obimd,licensed_for_repository,needs_human_component_review,2026-06-20
obs-comp-cand-001398,graphemic_component_candidate,corpus/003_graphemic-components/014_001301-001400_obs-comp-cand-bucket_component-candidates/1398_obs-comp-cand-001398_obimd-sub-k2sr7n4ffj_component-candidate,obimd-sub-k2sr7n4ffj,obimd-sub-k2sr7n4ffj;obimd-main-k2sr7n4ffj,src-obimd,licensed_for_repository,needs_human_component_review,2026-06-20
obs-comp-cand-001399,graphemic_component_candidate,corpus/003_graphemic-components/014_001301-001400_obs-comp-cand-bucket_component-candidates/1399_obs-comp-cand-001399_obimd-sub-fwbkzsc3sd_component-candidate,obimd-sub-fwbkzsc3sd,obimd-sub-fwbkzsc3sd;obimd-main-k2sr7n4ffj,src-obimd,licensed_for_repository,needs_human_component_review,2026-06-20
obs-comp-cand-001400,graphemic_component_candidate,corpus/003_graphemic-components/014_001301-001400_obs-comp-cand-bucket_component-candidates/1400_obs-comp-cand-001400_obimd-sub-bnzum9xkvt_component-candidate,obimd-sub-bnzum9xkvt,obimd-sub-bnzum9xkvt;obimd-main-bnzum9xkvt,src-obimd,licensed_for_repository,needs_human_component_review,2026-06-20
obs-comp-cand-001401,graphemic_component_candidate,corpus/003_graphemic-components/015_001401-001500_obs-comp-cand-bucket_component-candidates/1401_obs-comp-cand-001401_obimd-sub-dczp9zsi0y_component-candidate,obimd-sub-dczp9zsi0y,obimd-sub-dczp9zsi0y;obimd-main-bnzum9xkvt,src-obimd,licensed_for_repository,needs_human_component_review,2026-06-20
obs-comp-cand-001402,graphemic_component_candidate,corpus/003_graphemic-components/015_001401-001500_obs-comp-cand-bucket_component-candidates/1402_obs-comp-cand-001402_obimd-sub-ydpnp91kss_component-candidate,obimd-sub-ydpnp91kss,obimd-sub-ydpnp91kss;obimd-main-ydpnp91kss,src-obimd,licensed_for_repository,needs_human_component_review,2026-06-20
obs-comp-cand-001403,graphemic_component_candidate,corpus/003_graphemic-components/015_001401-001500_obs-comp-cand-bucket_component-candidates/1403_obs-comp-cand-001403_obimd-sub-5xzg937unb_component-candidate,obimd-sub-5xzg937unb,obimd-sub-5xzg937unb;obimd-main-5xzg937unb,src-obimd,licensed_for_repository,needs_human_component_review,2026-06-20
obs-comp-cand-001404,graphemic_component_candidate,corpus/003_graphemic-components/015_001401-001500_obs-comp-cand-bucket_component-candidates/1404_obs-comp-cand-001404_obimd-sub-v34viqk9rx_component-candidate,obimd-sub-v34viqk9rx,obimd-sub-v34viqk9rx;obimd-main-v34viqk9rx,src-obimd,licensed_for_repository,needs_human_component_review,2026-06-20
obs-comp-cand-001405,graphemic_component_candidate,corpus/003_graphemic-components/015_001401-001500_obs-comp-cand-bucket_component-candidates/1405_obs-comp-cand-001405_obimd-sub-ujlwnd5sg1_component-candidate,obimd-sub-ujlwnd5sg1,obimd-sub-ujlwnd5sg1;obimd-main-v34viqk9rx,src-obimd,licensed_for_repository,needs_human_component_review,2026-06-20
obs-comp-cand-001406,graphemic_component_candidate,corpus/003_graphemic-components/015_001401-001500_obs-comp-cand-bucket_component-candidates/1406_obs-comp-cand-001406_obimd-sub-514idmuclv_component-candidate,obimd-sub-514idmuclv,obimd-sub-514idmuclv;obimd-main-v34viqk9rx,src-obimd,licensed_for_repository,needs_human_component_review,2026-06-20
obs-comp-cand-001407,graphemic_component_candidate,corpus/003_graphemic-components/015_001401-001500_obs-comp-cand-bucket_component-candidates/1407_obs-comp-cand-001407_obimd-sub-sxfpwhmdgz_component-candidate,obimd-sub-sxfpwhmdgz,obimd-sub-sxfpwhmdgz;obimd-main-v34viqk9rx,src-obimd,licensed_for_repository,needs_human_component_review,2026-06-20
obs-comp-cand-001408,graphemic_component_candidate,corpus/003_graphemic-components/015_001401-001500_obs-comp-cand-bucket_component-candidates/1408_obs-comp-cand-001408_obimd-sub-niq2kymt36_component-candidate,obimd-sub-niq2kymt36,obimd-sub-niq2kymt36;obimd-main-v34viqk9rx,src-obimd,licensed_for_repository,needs_human_component_review,2026-06-20
obs-comp-cand-001409,graphemic_component_candidate,corpus/003_graphemic-components/015_001401-001500_obs-comp-cand-bucket_component-candidates/1409_obs-comp-cand-001409_obimd-sub-r1lyc5x0pa_component-candidate,obimd-sub-r1lyc5x0pa,obimd-sub-r1lyc5x0pa;obimd-main-r1lyc5x0pa,src-obimd,licensed_for_repository,needs_human_component_review,2026-06-20
obs-comp-cand-001410,graphemic_component_candidate,corpus/003_graphemic-components/015_001401-001500_obs-comp-cand-bucket_component-candidates/1410_obs-comp-cand-001410_obimd-sub-fkhhsjy5jk_component-candidate,obimd-sub-fkhhsjy5jk,obimd-sub-fkhhsjy5jk;obimd-main-fkhhsjy5jk,src-obimd,licensed_for_repository,needs_human_component_review,2026-06-20
obs-comp-cand-001411,graphemic_component_candidate,corpus/003_graphemic-components/015_001401-001500_obs-comp-cand-bucket_component-candidates/1411_obs-comp-cand-001411_obimd-sub-wvs056n2ez_component-candidate,obimd-sub-wvs056n2ez,obimd-sub-wvs056n2ez;obimd-main-fkhhsjy5jk,src-obimd,licensed_for_repository,needs_human_component_review,2026-06-20
obs-comp-cand-001412,graphemic_component_candidate,corpus/003_graphemic-components/015_001401-001500_obs-comp-cand-bucket_component-candidates/1412_obs-comp-cand-001412_obimd-sub-sa3q7771ip_component-candidate,obimd-sub-sa3q7771ip,obimd-sub-sa3q7771ip;obimd-main-fkhhsjy5jk,src-obimd,licensed_for_repository,needs_human_component_review,2026-06-20
obs-comp-cand-001413,graphemic_component_candidate,corpus/003_graphemic-components/015_001401-001500_obs-comp-cand-bucket_component-candidates/1413_obs-comp-cand-001413_obimd-sub-itjfp6kfc9_component-candidate,obimd-sub-itjfp6kfc9,obimd-sub-itjfp6kfc9;obimd-main-fkhhsjy5jk,src-obimd,licensed_for_repository,needs_human_component_review,2026-06-20
obs-comp-cand-001414,graphemic_component_candidate,corpus/003_graphemic-components/015_001401-001500_obs-comp-cand-bucket_component-candidates/1414_obs-comp-cand-001414_obimd-sub-rqysvnajmw_component-candidate,obimd-sub-rqysvnajmw,obimd-sub-rqysvnajmw;obimd-main-fkhhsjy5jk,src-obimd,licensed_for_repository,needs_human_component_review,2026-06-20
obs-comp-cand-001415,graphemic_component_candidate,corpus/003_graphemic-components/015_001401-001500_obs-comp-cand-bucket_component-candidates/1415_obs-comp-cand-001415_obimd-sub-d3jq7t2jw7_component-candidate,obimd-sub-d3jq7t2jw7,obimd-sub-d3jq7t2jw7;obimd-main-fkhhsjy5jk,src-obimd,licensed_for_repository,needs_human_component_review,2026-06-20
obs-comp-cand-001416,graphemic_component_candidate,corpus/003_graphemic-components/015_001401-001500_obs-comp-cand-bucket_component-candidates/1416_obs-comp-cand-001416_obimd-sub-u6m9r0fiud_component-candidate,obimd-sub-u6m9r0fiud,obimd-sub-u6m9r0fiud;obimd-main-fkhhsjy5jk,src-obimd,licensed_for_repository,needs_human_component_review,2026-06-20
obs-comp-cand-001417,graphemic_component_candidate,corpus/003_graphemic-components/015_001401-001500_obs-comp-cand-bucket_component-candidates/1417_obs-comp-cand-001417_obimd-sub-d3r1w5j7u3_component-candidate,obimd-sub-d3r1w5j7u3,obimd-sub-d3r1w5j7u3;obimd-main-fkhhsjy5jk,src-obimd,licensed_for_repository,needs_human_component_review,2026-06-20
obs-comp-cand-001418,graphemic_component_candidate,corpus/003_graphemic-components/015_001401-001500_obs-comp-cand-bucket_component-candidates/1418_obs-comp-cand-001418_obimd-sub-mljg9e5fxz_component-candidate,obimd-sub-mljg9e5fxz,obimd-sub-mljg9e5fxz;obimd-main-fkhhsjy5jk,src-obimd,licensed_for_repository,needs_human_component_review,2026-06-20
obs-comp-cand-001419,graphemic_component_candidate,corpus/003_graphemic-components/015_001401-001500_obs-comp-cand-bucket_component-candidates/1419_obs-comp-cand-001419_obimd-sub-v2nizai7hr_component-candidate,obimd-sub-v2nizai7hr,obimd-sub-v2nizai7hr;obimd-main-v2nizai7hr,src-obimd,licensed_for_repository,needs_human_component_review,2026-06-20
obs-comp-cand-001420,graphemic_component_candidate,corpus/003_graphemic-components/015_001401-001500_obs-comp-cand-bucket_component-candidates/1420_obs-comp-cand-001420_obimd-sub-adq8rnfs43_component-candidate,obimd-sub-adq8rnfs43,obimd-sub-adq8rnfs43;obimd-main-v2nizai7hr,src-obimd,licensed_for_repository,needs_human_component_review,2026-06-20
obs-comp-cand-001421,graphemic_component_candidate,corpus/003_graphemic-components/015_001401-001500_obs-comp-cand-bucket_component-candidates/1421_obs-comp-cand-001421_obimd-sub-vd9q42kclh_component-candidate,obimd-sub-vd9q42kclh,obimd-sub-vd9q42kclh;obimd-main-v2nizai7hr,src-obimd,licensed_for_repository,needs_human_component_review,2026-06-20
obs-comp-cand-001422,graphemic_component_candidate,corpus/003_graphemic-components/015_001401-001500_obs-comp-cand-bucket_component-candidates/1422_obs-comp-cand-001422_obimd-sub-dhewuxyotl_component-candidate,obimd-sub-dhewuxyotl,obimd-sub-dhewuxyotl;obimd-main-dhewuxyotl,src-obimd,licensed_for_repository,needs_human_component_review,2026-06-20
obs-comp-cand-001423,graphemic_component_candidate,corpus/003_graphemic-components/015_001401-001500_obs-comp-cand-bucket_component-candidates/1423_obs-comp-cand-001423_obimd-sub-gwsh21hct4_component-candidate,obimd-sub-gwsh21hct4,obimd-sub-gwsh21hct4;obimd-main-dhewuxyotl,src-obimd,licensed_for_repository,needs_human_component_review,2026-06-20
obs-comp-cand-001424,graphemic_component_candidate,corpus/003_graphemic-components/015_001401-001500_obs-comp-cand-bucket_component-candidates/1424_obs-comp-cand-001424_obimd-sub-v0vpglxpcz_component-candidate,obimd-sub-v0vpglxpcz,obimd-sub-v0vpglxpcz;obimd-main-v0vpglxpcz,src-obimd,licensed_for_repository,needs_human_component_review,2026-06-20
obs-comp-cand-001425,graphemic_component_candidate,corpus/003_graphemic-components/015_001401-001500_obs-comp-cand-bucket_component-candidates/1425_obs-comp-cand-001425_obimd-sub-n9qxfnupux_component-candidate,obimd-sub-n9qxfnupux,obimd-sub-n9qxfnupux;obimd-main-n9qxfnupux,src-obimd,licensed_for_repository,needs_human_component_review,2026-06-20
obs-comp-cand-001426,graphemic_component_candidate,corpus/003_graphemic-components/015_001401-001500_obs-comp-cand-bucket_component-candidates/1426_obs-comp-cand-001426_obimd-sub-i3viph90ul_component-candidate,obimd-sub-i3viph90ul,obimd-sub-i3viph90ul;obimd-main-n9qxfnupux,src-obimd,licensed_for_repository,needs_human_component_review,2026-06-20
obs-comp-cand-001427,graphemic_component_candidate,corpus/003_graphemic-components/015_001401-001500_obs-comp-cand-bucket_component-candidates/1427_obs-comp-cand-001427_obimd-sub-sz5p9cc92f_component-candidate,obimd-sub-sz5p9cc92f,obimd-sub-sz5p9cc92f;obimd-main-n9qxfnupux,src-obimd,licensed_for_repository,needs_human_component_review,2026-06-20
obs-comp-cand-001428,graphemic_component_candidate,corpus/003_graphemic-components/015_001401-001500_obs-comp-cand-bucket_component-candidates/1428_obs-comp-cand-001428_obimd-sub-vgvqkrxgz3_component-candidate,obimd-sub-vgvqkrxgz3,obimd-sub-vgvqkrxgz3;obimd-main-vgvqkrxgz3,src-obimd,licensed_for_repository,needs_human_component_review,2026-06-20
obs-comp-cand-001429,graphemic_component_candidate,corpus/003_graphemic-components/015_001401-001500_obs-comp-cand-bucket_component-candidates/1429_obs-comp-cand-001429_obimd-sub-kgnlcsowqg_component-candidate,obimd-sub-kgnlcsowqg,obimd-sub-kgnlcsowqg;obimd-main-kgnlcsowqg,src-obimd,licensed_for_repository,needs_human_component_review,2026-06-20
obs-comp-cand-001430,graphemic_component_candidate,corpus/003_graphemic-components/015_001401-001500_obs-comp-cand-bucket_component-candidates/1430_obs-comp-cand-001430_obimd-sub-hpngzipa5v_component-candidate,obimd-sub-hpngzipa5v,obimd-sub-hpngzipa5v;obimd-main-kgnlcsowqg,src-obimd,licensed_for_repository,needs_human_component_review,2026-06-20
obs-comp-cand-001431,graphemic_component_candidate,corpus/003_graphemic-components/015_001401-001500_obs-comp-cand-bucket_component-candidates/1431_obs-comp-cand-001431_obimd-sub-zgocda0mov_component-candidate,obimd-sub-zgocda0mov,obimd-sub-zgocda0mov;obimd-main-zgocda0mov,src-obimd,licensed_for_repository,needs_human_component_review,2026-06-20
obs-comp-cand-001432,graphemic_component_candidate,corpus/003_graphemic-components/015_001401-001500_obs-comp-cand-bucket_component-candidates/1432_obs-comp-cand-001432_obimd-sub-otmub1b4dq_component-candidate,obimd-sub-otmub1b4dq,obimd-sub-otmub1b4dq;obimd-main-zgocda0mov,src-obimd,licensed_for_repository,needs_human_component_review,2026-06-20
obs-comp-cand-001433,graphemic_component_candidate,corpus/003_graphemic-components/015_001401-001500_obs-comp-cand-bucket_component-candidates/1433_obs-comp-cand-001433_obimd-sub-ng1qgo1hp7_component-candidate,obimd-sub-ng1qgo1hp7,obimd-sub-ng1qgo1hp7;obimd-main-ng1qgo1hp7,src-obimd,licensed_for_repository,needs_human_component_review,2026-06-20
obs-comp-cand-001434,graphemic_component_candidate,corpus/003_graphemic-components/015_001401-001500_obs-comp-cand-bucket_component-candidates/1434_obs-comp-cand-001434_obimd-sub-oeui2r7lqj_component-candidate,obimd-sub-oeui2r7lqj,obimd-sub-oeui2r7lqj;obimd-main-oeui2r7lqj,src-obimd,licensed_for_repository,needs_human_component_review,2026-06-20
obs-comp-cand-001435,graphemic_component_candidate,corpus/003_graphemic-components/015_001401-001500_obs-comp-cand-bucket_component-candidates/1435_obs-comp-cand-001435_obimd-sub-irwwgkc3py_component-candidate,obimd-sub-irwwgkc3py,obimd-sub-irwwgkc3py;obimd-main-irwwgkc3py,src-obimd,licensed_for_repository,needs_human_component_review,2026-06-20
obs-comp-cand-001436,graphemic_component_candidate,corpus/003_graphemic-components/015_001401-001500_obs-comp-cand-bucket_component-candidates/1436_obs-comp-cand-001436_obimd-sub-yjzpdsoyyo_component-candidate,obimd-sub-yjzpdsoyyo,obimd-sub-yjzpdsoyyo;obimd-main-yjzpdsoyyo,src-obimd,licensed_for_repository,needs_human_component_review,2026-06-20
obs-comp-cand-001437,graphemic_component_candidate,corpus/003_graphemic-components/015_001401-001500_obs-comp-cand-bucket_component-candidates/1437_obs-comp-cand-001437_obimd-sub-0y6gjyc5xl_component-candidate,obimd-sub-0y6gjyc5xl,obimd-sub-0y6gjyc5xl;obimd-main-0y6gjyc5xl,src-obimd,licensed_for_repository,needs_human_component_review,2026-06-20
obs-comp-cand-001438,graphemic_component_candidate,corpus/003_graphemic-components/015_001401-001500_obs-comp-cand-bucket_component-candidates/1438_obs-comp-cand-001438_obimd-sub-1su4bgys6d_component-candidate,obimd-sub-1su4bgys6d,obimd-sub-1su4bgys6d;obimd-main-0y6gjyc5xl,src-obimd,licensed_for_repository,needs_human_component_review,2026-06-20
obs-comp-cand-001439,graphemic_component_candidate,corpus/003_graphemic-components/015_001401-001500_obs-comp-cand-bucket_component-candidates/1439_obs-comp-cand-001439_obimd-sub-45ltqidqi7_component-candidate,obimd-sub-45ltqidqi7,obimd-sub-45ltqidqi7;obimd-main-0y6gjyc5xl,src-obimd,licensed_for_repository,needs_human_component_review,2026-06-20
obs-comp-cand-001440,graphemic_component_candidate,corpus/003_graphemic-components/015_001401-001500_obs-comp-cand-bucket_component-candidates/1440_obs-comp-cand-001440_obimd-sub-0gmn9tzmlv_component-candidate,obimd-sub-0gmn9tzmlv,obimd-sub-0gmn9tzmlv;obimd-main-0gmn9tzmlv,src-obimd,licensed_for_repository,needs_human_component_review,2026-06-20
obs-comp-cand-001441,graphemic_component_candidate,corpus/003_graphemic-components/015_001401-001500_obs-comp-cand-bucket_component-candidates/1441_obs-comp-cand-001441_obimd-sub-q1t9301odh_component-candidate,obimd-sub-q1t9301odh,obimd-sub-q1t9301odh;obimd-main-q1t9301odh,src-obimd,licensed_for_repository,needs_human_component_review,2026-06-20
obs-comp-cand-001442,graphemic_component_candidate,corpus/003_graphemic-components/015_001401-001500_obs-comp-cand-bucket_component-candidates/1442_obs-comp-cand-001442_obimd-sub-o3uagweguf_component-candidate,obimd-sub-o3uagweguf,obimd-sub-o3uagweguf;obimd-main-o3uagweguf,src-obimd,licensed_for_repository,needs_human_component_review,2026-06-20
obs-comp-cand-001443,graphemic_component_candidate,corpus/003_graphemic-components/015_001401-001500_obs-comp-cand-bucket_component-candidates/1443_obs-comp-cand-001443_obimd-sub-xr1fy3317t_component-candidate,obimd-sub-xr1fy3317t,obimd-sub-xr1fy3317t;obimd-main-o3uagweguf,src-obimd,licensed_for_repository,needs_human_component_review,2026-06-20
obs-comp-cand-001444,graphemic_component_candidate,corpus/003_graphemic-components/015_001401-001500_obs-comp-cand-bucket_component-candidates/1444_obs-comp-cand-001444_obimd-sub-pmv7vsrzx3_component-candidate,obimd-sub-pmv7vsrzx3,obimd-sub-pmv7vsrzx3;obimd-main-5n56p5znf0,src-obimd,licensed_for_repository,needs_human_component_review,2026-06-20
obs-comp-cand-001445,graphemic_component_candidate,corpus/003_graphemic-components/015_001401-001500_obs-comp-cand-bucket_component-candidates/1445_obs-comp-cand-001445_obimd-sub-97dgghy3oj_component-candidate,obimd-sub-97dgghy3oj,obimd-sub-97dgghy3oj;obimd-main-97dgghy3oj,src-obimd,licensed_for_repository,needs_human_component_review,2026-06-20
obs-comp-cand-001446,graphemic_component_candidate,corpus/003_graphemic-components/015_001401-001500_obs-comp-cand-bucket_component-candidates/1446_obs-comp-cand-001446_obimd-sub-v5lcoa07g9_component-candidate,obimd-sub-v5lcoa07g9,obimd-sub-v5lcoa07g9;obimd-main-97dgghy3oj,src-obimd,licensed_for_repository,needs_human_component_review,2026-06-20
obs-comp-cand-001447,graphemic_component_candidate,corpus/003_graphemic-components/015_001401-001500_obs-comp-cand-bucket_component-candidates/1447_obs-comp-cand-001447_obimd-sub-y7ndywj3w5_component-candidate,obimd-sub-y7ndywj3w5,obimd-sub-y7ndywj3w5;obimd-main-y7ndywj3w5,src-obimd,licensed_for_repository,needs_human_component_review,2026-06-20
obs-comp-cand-001448,graphemic_component_candidate,corpus/003_graphemic-components/015_001401-001500_obs-comp-cand-bucket_component-candidates/1448_obs-comp-cand-001448_obimd-sub-51p2xxpvps_component-candidate,obimd-sub-51p2xxpvps,obimd-sub-51p2xxpvps;obimd-main-51p2xxpvps,src-obimd,licensed_for_repository,needs_human_component_review,2026-06-20
obs-comp-cand-001449,graphemic_component_candidate,corpus/003_graphemic-components/015_001401-001500_obs-comp-cand-bucket_component-candidates/1449_obs-comp-cand-001449_obimd-sub-3vet9ug0bh_component-candidate,obimd-sub-3vet9ug0bh,obimd-sub-3vet9ug0bh;obimd-main-51p2xxpvps,src-obimd,licensed_for_repository,needs_human_component_review,2026-06-20
obs-comp-cand-001450,graphemic_component_candidate,corpus/003_graphemic-components/015_001401-001500_obs-comp-cand-bucket_component-candidates/1450_obs-comp-cand-001450_obimd-sub-zi2pxt9kk6_component-candidate,obimd-sub-zi2pxt9kk6,obimd-sub-zi2pxt9kk6;obimd-main-zi2pxt9kk6,src-obimd,licensed_for_repository,needs_human_component_review,2026-06-20
obs-comp-cand-001451,graphemic_component_candidate,corpus/003_graphemic-components/015_001401-001500_obs-comp-cand-bucket_component-candidates/1451_obs-comp-cand-001451_obimd-sub-xjhmsyhz0f_component-candidate,obimd-sub-xjhmsyhz0f,obimd-sub-xjhmsyhz0f;obimd-main-zi2pxt9kk6,src-obimd,licensed_for_repository,needs_human_component_review,2026-06-20
obs-comp-cand-001452,graphemic_component_candidate,corpus/003_graphemic-components/015_001401-001500_obs-comp-cand-bucket_component-candidates/1452_obs-comp-cand-001452_obimd-sub-jig5i1suhw_component-candidate,obimd-sub-jig5i1suhw,obimd-sub-jig5i1suhw;obimd-main-zi2pxt9kk6,src-obimd,licensed_for_repository,needs_human_component_review,2026-06-20
obs-comp-cand-001453,graphemic_component_candidate,corpus/003_graphemic-components/015_001401-001500_obs-comp-cand-bucket_component-candidates/1453_obs-comp-cand-001453_obimd-sub-acx6uyop18_component-candidate,obimd-sub-acx6uyop18,obimd-sub-acx6uyop18;obimd-main-acx6uyop18,src-obimd,licensed_for_repository,needs_human_component_review,2026-06-20
obs-comp-cand-001454,graphemic_component_candidate,corpus/003_graphemic-components/015_001401-001500_obs-comp-cand-bucket_component-candidates/1454_obs-comp-cand-001454_obimd-sub-9jhhtmyi3n_component-candidate,obimd-sub-9jhhtmyi3n,obimd-sub-9jhhtmyi3n;obimd-main-acx6uyop18,src-obimd,licensed_for_repository,needs_human_component_review,2026-06-20
obs-comp-cand-001455,graphemic_component_candidate,corpus/003_graphemic-components/015_001401-001500_obs-comp-cand-bucket_component-candidates/1455_obs-comp-cand-001455_obimd-sub-oaasi4v03p_component-candidate,obimd-sub-oaasi4v03p,obimd-sub-oaasi4v03p;obimd-main-acx6uyop18,src-obimd,licensed_for_repository,needs_human_component_review,2026-06-20
obs-comp-cand-001456,graphemic_component_candidate,corpus/003_graphemic-components/015_001401-001500_obs-comp-cand-bucket_component-candidates/1456_obs-comp-cand-001456_obimd-sub-zgil05fv7x_component-candidate,obimd-sub-zgil05fv7x,obimd-sub-zgil05fv7x;obimd-main-acx6uyop18,src-obimd,licensed_for_repository,needs_human_component_review,2026-06-20
obs-comp-cand-001457,graphemic_component_candidate,corpus/003_graphemic-components/015_001401-001500_obs-comp-cand-bucket_component-candidates/1457_obs-comp-cand-001457_obimd-sub-rop20bchu3_component-candidate,obimd-sub-rop20bchu3,obimd-sub-rop20bchu3;obimd-main-acx6uyop18,src-obimd,licensed_for_repository,needs_human_component_review,2026-06-20
obs-comp-cand-001458,graphemic_component_candidate,corpus/003_graphemic-components/015_001401-001500_obs-comp-cand-bucket_component-candidates/1458_obs-comp-cand-001458_obimd-sub-18opggwt60_component-candidate,obimd-sub-18opggwt60,obimd-sub-18opggwt60;obimd-main-acx6uyop18,src-obimd,licensed_for_repository,needs_human_component_review,2026-06-20
obs-comp-cand-001459,graphemic_component_candidate,corpus/003_graphemic-components/015_001401-001500_obs-comp-cand-bucket_component-candidates/1459_obs-comp-cand-001459_obimd-sub-075wnah299_component-candidate,obimd-sub-075wnah299,obimd-sub-075wnah299;obimd-main-075wnah299,src-obimd,licensed_for_repository,needs_human_component_review,2026-06-20
obs-comp-cand-001460,graphemic_component_candidate,corpus/003_graphemic-components/015_001401-001500_obs-comp-cand-bucket_component-candidates/1460_obs-comp-cand-001460_obimd-sub-9n8ef83n5l_component-candidate,obimd-sub-9n8ef83n5l,obimd-sub-9n8ef83n5l;obimd-main-9n8ef83n5l,src-obimd,licensed_for_repository,needs_human_component_review,2026-06-20
obs-comp-cand-001461,graphemic_component_candidate,corpus/003_graphemic-components/015_001401-001500_obs-comp-cand-bucket_component-candidates/1461_obs-comp-cand-001461_obimd-sub-buakj9jija_component-candidate,obimd-sub-buakj9jija,obimd-sub-buakj9jija;obimd-main-buakj9jija,src-obimd,licensed_for_repository,needs_human_component_review,2026-06-20
obs-comp-cand-001462,graphemic_component_candidate,corpus/003_graphemic-components/015_001401-001500_obs-comp-cand-bucket_component-candidates/1462_obs-comp-cand-001462_obimd-sub-luw8r1fj9l_component-candidate,obimd-sub-luw8r1fj9l,obimd-sub-luw8r1fj9l;obimd-main-luw8r1fj9l,src-obimd,licensed_for_repository,needs_human_component_review,2026-06-20
obs-comp-cand-001463,graphemic_component_candidate,corpus/003_graphemic-components/015_001401-001500_obs-comp-cand-bucket_component-candidates/1463_obs-comp-cand-001463_obimd-sub-2u8lblv476_component-candidate,obimd-sub-2u8lblv476,obimd-sub-2u8lblv476;obimd-main-2u8lblv476,src-obimd,licensed_for_repository,needs_human_component_review,2026-06-20
obs-comp-cand-001464,graphemic_component_candidate,corpus/003_graphemic-components/015_001401-001500_obs-comp-cand-bucket_component-candidates/1464_obs-comp-cand-001464_obimd-sub-rdmfs6zddx_component-candidate,obimd-sub-rdmfs6zddx,obimd-sub-rdmfs6zddx;obimd-main-2u8lblv476,src-obimd,licensed_for_repository,needs_human_component_review,2026-06-20
obs-comp-cand-001465,graphemic_component_candidate,corpus/003_graphemic-components/015_001401-001500_obs-comp-cand-bucket_component-candidates/1465_obs-comp-cand-001465_obimd-sub-7jecspy8fk_component-candidate,obimd-sub-7jecspy8fk,obimd-sub-7jecspy8fk;obimd-main-7jecspy8fk,src-obimd,licensed_for_repository,needs_human_component_review,2026-06-20
obs-comp-cand-001466,graphemic_component_candidate,corpus/003_graphemic-components/015_001401-001500_obs-comp-cand-bucket_component-candidates/1466_obs-comp-cand-001466_obimd-sub-i8zzi38ram_component-candidate,obimd-sub-i8zzi38ram,obimd-sub-i8zzi38ram;obimd-main-7jecspy8fk,src-obimd,licensed_for_repository,needs_human_component_review,2026-06-20
obs-comp-cand-001467,graphemic_component_candidate,corpus/003_graphemic-components/015_001401-001500_obs-comp-cand-bucket_component-candidates/1467_obs-comp-cand-001467_obimd-sub-41hw4n8rsf_component-candidate,obimd-sub-41hw4n8rsf,obimd-sub-41hw4n8rsf;obimd-main-o2g1mpwg2a,src-obimd,licensed_for_repository,needs_human_component_review,2026-06-20
obs-comp-cand-001468,graphemic_component_candidate,corpus/003_graphemic-components/015_001401-001500_obs-comp-cand-bucket_component-candidates/1468_obs-comp-cand-001468_obimd-sub-ake9481rl7_component-candidate,obimd-sub-ake9481rl7,obimd-sub-ake9481rl7;obimd-main-ake9481rl7,src-obimd,licensed_for_repository,needs_human_component_review,2026-06-20
obs-comp-cand-001469,graphemic_component_candidate,corpus/003_graphemic-components/015_001401-001500_obs-comp-cand-bucket_component-candidates/1469_obs-comp-cand-001469_obimd-sub-5bt22s9tk8_component-candidate,obimd-sub-5bt22s9tk8,obimd-sub-5bt22s9tk8;obimd-main-ake9481rl7,src-obimd,licensed_for_repository,needs_human_component_review,2026-06-20
obs-comp-cand-001470,graphemic_component_candidate,corpus/003_graphemic-components/015_001401-001500_obs-comp-cand-bucket_component-candidates/1470_obs-comp-cand-001470_obimd-sub-fu6caa5q2a_component-candidate,obimd-sub-fu6caa5q2a,obimd-sub-fu6caa5q2a;obimd-main-fu6caa5q2a,src-obimd,licensed_for_repository,needs_human_component_review,2026-06-20
obs-comp-cand-001471,graphemic_component_candidate,corpus/003_graphemic-components/015_001401-001500_obs-comp-cand-bucket_component-candidates/1471_obs-comp-cand-001471_obimd-sub-bw6bocc8wy_component-candidate,obimd-sub-bw6bocc8wy,obimd-sub-bw6bocc8wy;obimd-main-fu6caa5q2a,src-obimd,licensed_for_repository,needs_human_component_review,2026-06-20
obs-comp-cand-001472,graphemic_component_candidate,corpus/003_graphemic-components/015_001401-001500_obs-comp-cand-bucket_component-candidates/1472_obs-comp-cand-001472_obimd-sub-gqezg03aqo_component-candidate,obimd-sub-gqezg03aqo,obimd-sub-gqezg03aqo;obimd-main-gqezg03aqo,src-obimd,licensed_for_repository,needs_human_component_review,2026-06-20
obs-comp-cand-001473,graphemic_component_candidate,corpus/003_graphemic-components/015_001401-001500_obs-comp-cand-bucket_component-candidates/1473_obs-comp-cand-001473_obimd-sub-xt31lpxkab_component-candidate,obimd-sub-xt31lpxkab,obimd-sub-xt31lpxkab;obimd-main-gqezg03aqo,src-obimd,licensed_for_repository,needs_human_component_review,2026-06-20
obs-comp-cand-001474,graphemic_component_candidate,corpus/003_graphemic-components/015_001401-001500_obs-comp-cand-bucket_component-candidates/1474_obs-comp-cand-001474_obimd-sub-ykxksit86p_component-candidate,obimd-sub-ykxksit86p,obimd-sub-ykxksit86p;obimd-main-gqezg03aqo,src-obimd,licensed_for_repository,needs_human_component_review,2026-06-20
obs-comp-cand-001475,graphemic_component_candidate,corpus/003_graphemic-components/015_001401-001500_obs-comp-cand-bucket_component-candidates/1475_obs-comp-cand-001475_obimd-sub-06y6onenu3_component-candidate,obimd-sub-06y6onenu3,obimd-sub-06y6onenu3;obimd-main-gqezg03aqo,src-obimd,licensed_for_repository,needs_human_component_review,2026-06-20
obs-comp-cand-001476,graphemic_component_candidate,corpus/003_graphemic-components/015_001401-001500_obs-comp-cand-bucket_component-candidates/1476_obs-comp-cand-001476_obimd-sub-fhseyjwogt_component-candidate,obimd-sub-fhseyjwogt,obimd-sub-fhseyjwogt;obimd-main-fhseyjwogt,src-obimd,licensed_for_repository,needs_human_component_review,2026-06-20
obs-comp-cand-001477,graphemic_component_candidate,corpus/003_graphemic-components/015_001401-001500_obs-comp-cand-bucket_component-candidates/1477_obs-comp-cand-001477_obimd-sub-dlpctjqwqf_component-candidate,obimd-sub-dlpctjqwqf,obimd-sub-dlpctjqwqf;obimd-main-dlpctjqwqf,src-obimd,licensed_for_repository,needs_human_component_review,2026-06-20
obs-comp-cand-001478,graphemic_component_candidate,corpus/003_graphemic-components/015_001401-001500_obs-comp-cand-bucket_component-candidates/1478_obs-comp-cand-001478_obimd-sub-b53qgavigu_component-candidate,obimd-sub-b53qgavigu,obimd-sub-b53qgavigu;obimd-main-dlpctjqwqf,src-obimd,licensed_for_repository,needs_human_component_review,2026-06-20
obs-comp-cand-001479,graphemic_component_candidate,corpus/003_graphemic-components/015_001401-001500_obs-comp-cand-bucket_component-candidates/1479_obs-comp-cand-001479_obimd-sub-yryie6nnns_component-candidate,obimd-sub-yryie6nnns,obimd-sub-yryie6nnns;obimd-main-bsmx94pct9,src-obimd,licensed_for_repository,needs_human_component_review,2026-06-20
obs-comp-cand-001480,graphemic_component_candidate,corpus/003_graphemic-components/015_001401-001500_obs-comp-cand-bucket_component-candidates/1480_obs-comp-cand-001480_obimd-sub-3lizt17yhy_component-candidate,obimd-sub-3lizt17yhy,obimd-sub-3lizt17yhy;obimd-main-3lizt17yhy,src-obimd,licensed_for_repository,needs_human_component_review,2026-06-20
obs-comp-cand-001481,graphemic_component_candidate,corpus/003_graphemic-components/015_001401-001500_obs-comp-cand-bucket_component-candidates/1481_obs-comp-cand-001481_obimd-sub-04v1b74lny_component-candidate,obimd-sub-04v1b74lny,obimd-sub-04v1b74lny;obimd-main-3lizt17yhy,src-obimd,licensed_for_repository,needs_human_component_review,2026-06-20
obs-comp-cand-001482,graphemic_component_candidate,corpus/003_graphemic-components/015_001401-001500_obs-comp-cand-bucket_component-candidates/1482_obs-comp-cand-001482_obimd-sub-0wmcj3ydi8_component-candidate,obimd-sub-0wmcj3ydi8,obimd-sub-0wmcj3ydi8;obimd-main-0wmcj3ydi8,src-obimd,licensed_for_repository,needs_human_component_review,2026-06-20
obs-comp-cand-001483,graphemic_component_candidate,corpus/003_graphemic-components/015_001401-001500_obs-comp-cand-bucket_component-candidates/1483_obs-comp-cand-001483_obimd-sub-rensjdsswa_component-candidate,obimd-sub-rensjdsswa,obimd-sub-rensjdsswa;obimd-main-wwpyiw1vm6,src-obimd,licensed_for_repository,needs_human_component_review,2026-06-20
obs-comp-cand-001484,graphemic_component_candidate,corpus/003_graphemic-components/015_001401-001500_obs-comp-cand-bucket_component-candidates/1484_obs-comp-cand-001484_obimd-sub-84ym50v0pa_component-candidate,obimd-sub-84ym50v0pa,obimd-sub-84ym50v0pa;obimd-main-wwpyiw1vm6,src-obimd,licensed_for_repository,needs_human_component_review,2026-06-20
obs-comp-cand-001485,graphemic_component_candidate,corpus/003_graphemic-components/015_001401-001500_obs-comp-cand-bucket_component-candidates/1485_obs-comp-cand-001485_obimd-sub-1dze8vuhuw_component-candidate,obimd-sub-1dze8vuhuw,obimd-sub-1dze8vuhuw;obimd-main-wwpyiw1vm6,src-obimd,licensed_for_repository,needs_human_component_review,2026-06-20
obs-comp-cand-001486,graphemic_component_candidate,corpus/003_graphemic-components/015_001401-001500_obs-comp-cand-bucket_component-candidates/1486_obs-comp-cand-001486_obimd-sub-o16buz5phh_component-candidate,obimd-sub-o16buz5phh,obimd-sub-o16buz5phh;obimd-main-h521w0m697,src-obimd,licensed_for_repository,needs_human_component_review,2026-06-20
obs-comp-cand-001487,graphemic_component_candidate,corpus/003_graphemic-components/015_001401-001500_obs-comp-cand-bucket_component-candidates/1487_obs-comp-cand-001487_obimd-sub-cz9doc0d73_component-candidate,obimd-sub-cz9doc0d73,obimd-sub-cz9doc0d73;obimd-main-cz9doc0d73,src-obimd,licensed_for_repository,needs_human_component_review,2026-06-20
obs-comp-cand-001488,graphemic_component_candidate,corpus/003_graphemic-components/015_001401-001500_obs-comp-cand-bucket_component-candidates/1488_obs-comp-cand-001488_obimd-sub-1uxh6sccbd_component-candidate,obimd-sub-1uxh6sccbd,obimd-sub-1uxh6sccbd;obimd-main-1uxh6sccbd,src-obimd,licensed_for_repository,needs_human_component_review,2026-06-20
obs-comp-cand-001489,graphemic_component_candidate,corpus/003_graphemic-components/015_001401-001500_obs-comp-cand-bucket_component-candidates/1489_obs-comp-cand-001489_obimd-sub-34yhwco17n_component-candidate,obimd-sub-34yhwco17n,obimd-sub-34yhwco17n;obimd-main-34yhwco17n,src-obimd,licensed_for_repository,needs_human_component_review,2026-06-20
obs-comp-cand-001490,graphemic_component_candidate,corpus/003_graphemic-components/015_001401-001500_obs-comp-cand-bucket_component-candidates/1490_obs-comp-cand-001490_obimd-sub-csm0e3j27z_component-candidate,obimd-sub-csm0e3j27z,obimd-sub-csm0e3j27z;obimd-main-34yhwco17n,src-obimd,licensed_for_repository,needs_human_component_review,2026-06-20
obs-comp-cand-001491,graphemic_component_candidate,corpus/003_graphemic-components/015_001401-001500_obs-comp-cand-bucket_component-candidates/1491_obs-comp-cand-001491_obimd-sub-qtwjt6h6gs_component-candidate,obimd-sub-qtwjt6h6gs,obimd-sub-qtwjt6h6gs;obimd-main-qtwjt6h6gs,src-obimd,licensed_for_repository,needs_human_component_review,2026-06-20
obs-comp-cand-001492,graphemic_component_candidate,corpus/003_graphemic-components/015_001401-001500_obs-comp-cand-bucket_component-candidates/1492_obs-comp-cand-001492_obimd-sub-cutrxw7e48_component-candidate,obimd-sub-cutrxw7e48,obimd-sub-cutrxw7e48;obimd-main-cutrxw7e48,src-obimd,licensed_for_repository,needs_human_component_review,2026-06-20
obs-comp-cand-001493,graphemic_component_candidate,corpus/003_graphemic-components/015_001401-001500_obs-comp-cand-bucket_component-candidates/1493_obs-comp-cand-001493_obimd-sub-s51rj1pdre_component-candidate,obimd-sub-s51rj1pdre,obimd-sub-s51rj1pdre;obimd-main-cutrxw7e48,src-obimd,licensed_for_repository,needs_human_component_review,2026-06-20
obs-comp-cand-001494,graphemic_component_candidate,corpus/003_graphemic-components/015_001401-001500_obs-comp-cand-bucket_component-candidates/1494_obs-comp-cand-001494_obimd-sub-ae9cjv8zji_component-candidate,obimd-sub-ae9cjv8zji,obimd-sub-ae9cjv8zji;obimd-main-ae9cjv8zji,src-obimd,licensed_for_repository,needs_human_component_review,2026-06-20
obs-comp-cand-001495,graphemic_component_candidate,corpus/003_graphemic-components/015_001401-001500_obs-comp-cand-bucket_component-candidates/1495_obs-comp-cand-001495_obimd-sub-8ggcq3obcu_component-candidate,obimd-sub-8ggcq3obcu,obimd-sub-8ggcq3obcu;obimd-main-8ggcq3obcu,src-obimd,licensed_for_repository,needs_human_component_review,2026-06-20
obs-comp-cand-001496,graphemic_component_candidate,corpus/003_graphemic-components/015_001401-001500_obs-comp-cand-bucket_component-candidates/1496_obs-comp-cand-001496_obimd-sub-qmsdu51da8_component-candidate,obimd-sub-qmsdu51da8,obimd-sub-qmsdu51da8;obimd-main-qmsdu51da8,src-obimd,licensed_for_repository,needs_human_component_review,2026-06-20
obs-comp-cand-001497,graphemic_component_candidate,corpus/003_graphemic-components/015_001401-001500_obs-comp-cand-bucket_component-candidates/1497_obs-comp-cand-001497_obimd-sub-j7dwqskzg0_component-candidate,obimd-sub-j7dwqskzg0,obimd-sub-j7dwqskzg0;obimd-main-j7dwqskzg0,src-obimd,licensed_for_repository,needs_human_component_review,2026-06-20
obs-comp-cand-001498,graphemic_component_candidate,corpus/003_graphemic-components/015_001401-001500_obs-comp-cand-bucket_component-candidates/1498_obs-comp-cand-001498_obimd-sub-5k1l85d8n2_component-candidate,obimd-sub-5k1l85d8n2,obimd-sub-5k1l85d8n2;obimd-main-5k1l85d8n2,src-obimd,licensed_for_repository,needs_human_component_review,2026-06-20
obs-comp-cand-001499,graphemic_component_candidate,corpus/003_graphemic-components/015_001401-001500_obs-comp-cand-bucket_component-candidates/1499_obs-comp-cand-001499_obimd-sub-8g4h86hnc3_component-candidate,obimd-sub-8g4h86hnc3,obimd-sub-8g4h86hnc3;obimd-main-8g4h86hnc3,src-obimd,licensed_for_repository,needs_human_component_review,2026-06-20
obs-comp-cand-001500,graphemic_component_candidate,corpus/003_graphemic-components/015_001401-001500_obs-comp-cand-bucket_component-candidates/1500_obs-comp-cand-001500_obimd-sub-1vs1krahfs_component-candidate,obimd-sub-1vs1krahfs,obimd-sub-1vs1krahfs;obimd-main-1vs1krahfs,src-obimd,licensed_for_repository,needs_human_component_review,2026-06-20
obs-comp-cand-001501,graphemic_component_candidate,corpus/003_graphemic-components/016_001501-001600_obs-comp-cand-bucket_component-candidates/1501_obs-comp-cand-001501_obimd-sub-353gxm6hd4_component-candidate,obimd-sub-353gxm6hd4,obimd-sub-353gxm6hd4;obimd-main-353gxm6hd4,src-obimd,licensed_for_repository,needs_human_component_review,2026-06-20
obs-comp-cand-001502,graphemic_component_candidate,corpus/003_graphemic-components/016_001501-001600_obs-comp-cand-bucket_component-candidates/1502_obs-comp-cand-001502_obimd-sub-y2ewmrnlib_component-candidate,obimd-sub-y2ewmrnlib,obimd-sub-y2ewmrnlib;obimd-main-353gxm6hd4,src-obimd,licensed_for_repository,needs_human_component_review,2026-06-20
obs-comp-cand-001503,graphemic_component_candidate,corpus/003_graphemic-components/016_001501-001600_obs-comp-cand-bucket_component-candidates/1503_obs-comp-cand-001503_obimd-sub-8st8h2b5yr_component-candidate,obimd-sub-8st8h2b5yr,obimd-sub-8st8h2b5yr;obimd-main-8st8h2b5yr,src-obimd,licensed_for_repository,needs_human_component_review,2026-06-20
obs-comp-cand-001504,graphemic_component_candidate,corpus/003_graphemic-components/016_001501-001600_obs-comp-cand-bucket_component-candidates/1504_obs-comp-cand-001504_obimd-sub-iv32hma8wx_component-candidate,obimd-sub-iv32hma8wx,obimd-sub-iv32hma8wx;obimd-main-8st8h2b5yr,src-obimd,licensed_for_repository,needs_human_component_review,2026-06-20
obs-comp-cand-001505,graphemic_component_candidate,corpus/003_graphemic-components/016_001501-001600_obs-comp-cand-bucket_component-candidates/1505_obs-comp-cand-001505_obimd-sub-dd5w09rr1q_component-candidate,obimd-sub-dd5w09rr1q,obimd-sub-dd5w09rr1q;obimd-main-dd5w09rr1q,src-obimd,licensed_for_repository,needs_human_component_review,2026-06-20
obs-comp-cand-001506,graphemic_component_candidate,corpus/003_graphemic-components/016_001501-001600_obs-comp-cand-bucket_component-candidates/1506_obs-comp-cand-001506_obimd-sub-4r0g6bx5rc_component-candidate,obimd-sub-4r0g6bx5rc,obimd-sub-4r0g6bx5rc;obimd-main-4r0g6bx5rc,src-obimd,licensed_for_repository,needs_human_component_review,2026-06-20
obs-comp-cand-001507,graphemic_component_candidate,corpus/003_graphemic-components/016_001501-001600_obs-comp-cand-bucket_component-candidates/1507_obs-comp-cand-001507_obimd-sub-h2t3nznnh4_component-candidate,obimd-sub-h2t3nznnh4,obimd-sub-h2t3nznnh4;obimd-main-4r0g6bx5rc,src-obimd,licensed_for_repository,needs_human_component_review,2026-06-20
obs-comp-cand-001508,graphemic_component_candidate,corpus/003_graphemic-components/016_001501-001600_obs-comp-cand-bucket_component-candidates/1508_obs-comp-cand-001508_obimd-sub-ht2d2g0etq_component-candidate,obimd-sub-ht2d2g0etq,obimd-sub-ht2d2g0etq;obimd-main-4r0g6bx5rc,src-obimd,licensed_for_repository,needs_human_component_review,2026-06-20
obs-comp-cand-001509,graphemic_component_candidate,corpus/003_graphemic-components/016_001501-001600_obs-comp-cand-bucket_component-candidates/1509_obs-comp-cand-001509_obimd-sub-n0hv2xzp64_component-candidate,obimd-sub-n0hv2xzp64,obimd-sub-n0hv2xzp64;obimd-main-4r0g6bx5rc,src-obimd,licensed_for_repository,needs_human_component_review,2026-06-20
obs-comp-cand-001510,graphemic_component_candidate,corpus/003_graphemic-components/016_001501-001600_obs-comp-cand-bucket_component-candidates/1510_obs-comp-cand-001510_obimd-sub-pqan03em3g_component-candidate,obimd-sub-pqan03em3g,obimd-sub-pqan03em3g;obimd-main-4r0g6bx5rc,src-obimd,licensed_for_repository,needs_human_component_review,2026-06-20
obs-comp-cand-001511,graphemic_component_candidate,corpus/003_graphemic-components/016_001501-001600_obs-comp-cand-bucket_component-candidates/1511_obs-comp-cand-001511_obimd-sub-w4frb60x9v_component-candidate,obimd-sub-w4frb60x9v,obimd-sub-w4frb60x9v;obimd-main-w4frb60x9v,src-obimd,licensed_for_repository,needs_human_component_review,2026-06-20
obs-comp-cand-001512,graphemic_component_candidate,corpus/003_graphemic-components/016_001501-001600_obs-comp-cand-bucket_component-candidates/1512_obs-comp-cand-001512_obimd-sub-3pr9m429dx_component-candidate,obimd-sub-3pr9m429dx,obimd-sub-3pr9m429dx;obimd-main-w4frb60x9v,src-obimd,licensed_for_repository,needs_human_component_review,2026-06-20
obs-comp-cand-001513,graphemic_component_candidate,corpus/003_graphemic-components/016_001501-001600_obs-comp-cand-bucket_component-candidates/1513_obs-comp-cand-001513_obimd-sub-a5tuvlp0po_component-candidate,obimd-sub-a5tuvlp0po,obimd-sub-a5tuvlp0po;obimd-main-a5tuvlp0po,src-obimd,licensed_for_repository,needs_human_component_review,2026-06-20
obs-comp-cand-001514,graphemic_component_candidate,corpus/003_graphemic-components/016_001501-001600_obs-comp-cand-bucket_component-candidates/1514_obs-comp-cand-001514_obimd-sub-dnvgo0sryv_component-candidate,obimd-sub-dnvgo0sryv,obimd-sub-dnvgo0sryv;obimd-main-a5tuvlp0po,src-obimd,licensed_for_repository,needs_human_component_review,2026-06-20
obs-comp-cand-001515,graphemic_component_candidate,corpus/003_graphemic-components/016_001501-001600_obs-comp-cand-bucket_component-candidates/1515_obs-comp-cand-001515_obimd-sub-8u1hzbiq2w_component-candidate,obimd-sub-8u1hzbiq2w,obimd-sub-8u1hzbiq2w;obimd-main-8u1hzbiq2w,src-obimd,licensed_for_repository,needs_human_component_review,2026-06-20
obs-comp-cand-001516,graphemic_component_candidate,corpus/003_graphemic-components/016_001501-001600_obs-comp-cand-bucket_component-candidates/1516_obs-comp-cand-001516_obimd-sub-wommb5tiw4_component-candidate,obimd-sub-wommb5tiw4,obimd-sub-wommb5tiw4;obimd-main-8u1hzbiq2w,src-obimd,licensed_for_repository,needs_human_component_review,2026-06-20
obs-comp-cand-001517,graphemic_component_candidate,corpus/003_graphemic-components/016_001501-001600_obs-comp-cand-bucket_component-candidates/1517_obs-comp-cand-001517_obimd-sub-snlsmzwecl_component-candidate,obimd-sub-snlsmzwecl,obimd-sub-snlsmzwecl;obimd-main-snlsmzwecl,src-obimd,licensed_for_repository,needs_human_component_review,2026-06-20
obs-comp-cand-001518,graphemic_component_candidate,corpus/003_graphemic-components/016_001501-001600_obs-comp-cand-bucket_component-candidates/1518_obs-comp-cand-001518_obimd-sub-ekqpz9e16e_component-candidate,obimd-sub-ekqpz9e16e,obimd-sub-ekqpz9e16e;obimd-main-ekqpz9e16e,src-obimd,licensed_for_repository,needs_human_component_review,2026-06-20
obs-comp-cand-001519,graphemic_component_candidate,corpus/003_graphemic-components/016_001501-001600_obs-comp-cand-bucket_component-candidates/1519_obs-comp-cand-001519_obimd-sub-5p2qekgax3_component-candidate,obimd-sub-5p2qekgax3,obimd-sub-5p2qekgax3;obimd-main-5p2qekgax3,src-obimd,licensed_for_repository,needs_human_component_review,2026-06-20
obs-comp-cand-001520,graphemic_component_candidate,corpus/003_graphemic-components/016_001501-001600_obs-comp-cand-bucket_component-candidates/1520_obs-comp-cand-001520_obimd-sub-o68jkkro3f_component-candidate,obimd-sub-o68jkkro3f,obimd-sub-o68jkkro3f;obimd-main-o68jkkro3f,src-obimd,licensed_for_repository,needs_human_component_review,2026-06-20
obs-comp-cand-001521,graphemic_component_candidate,corpus/003_graphemic-components/016_001501-001600_obs-comp-cand-bucket_component-candidates/1521_obs-comp-cand-001521_obimd-sub-nr7t4q9h8d_component-candidate,obimd-sub-nr7t4q9h8d,obimd-sub-nr7t4q9h8d;obimd-main-nr7t4q9h8d,src-obimd,licensed_for_repository,needs_human_component_review,2026-06-20
obs-comp-cand-001522,graphemic_component_candidate,corpus/003_graphemic-components/016_001501-001600_obs-comp-cand-bucket_component-candidates/1522_obs-comp-cand-001522_obimd-sub-nv9w78focj_component-candidate,obimd-sub-nv9w78focj,obimd-sub-nv9w78focj;obimd-main-nv9w78focj,src-obimd,licensed_for_repository,needs_human_component_review,2026-06-20
obs-comp-cand-001523,graphemic_component_candidate,corpus/003_graphemic-components/016_001501-001600_obs-comp-cand-bucket_component-candidates/1523_obs-comp-cand-001523_obimd-sub-25iafmky1x_component-candidate,obimd-sub-25iafmky1x,obimd-sub-25iafmky1x;obimd-main-25iafmky1x,src-obimd,licensed_for_repository,needs_human_component_review,2026-06-20
obs-comp-cand-001524,graphemic_component_candidate,corpus/003_graphemic-components/016_001501-001600_obs-comp-cand-bucket_component-candidates/1524_obs-comp-cand-001524_obimd-sub-h6g0ox4mam_component-candidate,obimd-sub-h6g0ox4mam,obimd-sub-h6g0ox4mam;obimd-main-m74wrlidvc,src-obimd,licensed_for_repository,needs_human_component_review,2026-06-20
obs-comp-cand-001525,graphemic_component_candidate,corpus/003_graphemic-components/016_001501-001600_obs-comp-cand-bucket_component-candidates/1525_obs-comp-cand-001525_obimd-sub-riyuog5dwt_component-candidate,obimd-sub-riyuog5dwt,obimd-sub-riyuog5dwt;obimd-main-riyuog5dwt,src-obimd,licensed_for_repository,needs_human_component_review,2026-06-20
obs-comp-cand-001526,graphemic_component_candidate,corpus/003_graphemic-components/016_001501-001600_obs-comp-cand-bucket_component-candidates/1526_obs-comp-cand-001526_obimd-sub-v6sm32hcto_component-candidate,obimd-sub-v6sm32hcto,obimd-sub-v6sm32hcto;obimd-main-v6sm32hcto,src-obimd,licensed_for_repository,needs_human_component_review,2026-06-20
obs-comp-cand-001527,graphemic_component_candidate,corpus/003_graphemic-components/016_001501-001600_obs-comp-cand-bucket_component-candidates/1527_obs-comp-cand-001527_obimd-sub-hclsl73wg4_component-candidate,obimd-sub-hclsl73wg4,obimd-sub-hclsl73wg4;obimd-main-hclsl73wg4,src-obimd,licensed_for_repository,needs_human_component_review,2026-06-20
obs-comp-cand-001528,graphemic_component_candidate,corpus/003_graphemic-components/016_001501-001600_obs-comp-cand-bucket_component-candidates/1528_obs-comp-cand-001528_obimd-sub-0qc20cajlp_component-candidate,obimd-sub-0qc20cajlp,obimd-sub-0qc20cajlp;obimd-main-0qc20cajlp,src-obimd,licensed_for_repository,needs_human_component_review,2026-06-20
obs-comp-cand-001529,graphemic_component_candidate,corpus/003_graphemic-components/016_001501-001600_obs-comp-cand-bucket_component-candidates/1529_obs-comp-cand-001529_obimd-sub-237k640lqx_component-candidate,obimd-sub-237k640lqx,obimd-sub-237k640lqx;obimd-main-237k640lqx,src-obimd,licensed_for_repository,needs_human_component_review,2026-06-20
obs-comp-cand-001530,graphemic_component_candidate,corpus/003_graphemic-components/016_001501-001600_obs-comp-cand-bucket_component-candidates/1530_obs-comp-cand-001530_obimd-sub-b4jtdl8t1g_component-candidate,obimd-sub-b4jtdl8t1g,obimd-sub-b4jtdl8t1g;obimd-main-237k640lqx,src-obimd,licensed_for_repository,needs_human_component_review,2026-06-20
obs-comp-cand-001531,graphemic_component_candidate,corpus/003_graphemic-components/016_001501-001600_obs-comp-cand-bucket_component-candidates/1531_obs-comp-cand-001531_obimd-sub-aphcoumla0_component-candidate,obimd-sub-aphcoumla0,obimd-sub-aphcoumla0;obimd-main-aphcoumla0,src-obimd,licensed_for_repository,needs_human_component_review,2026-06-20
obs-comp-cand-001532,graphemic_component_candidate,corpus/003_graphemic-components/016_001501-001600_obs-comp-cand-bucket_component-candidates/1532_obs-comp-cand-001532_obimd-sub-rraydoh0ye_component-candidate,obimd-sub-rraydoh0ye,obimd-sub-rraydoh0ye;obimd-main-aphcoumla0,src-obimd,licensed_for_repository,needs_human_component_review,2026-06-20
obs-comp-cand-001533,graphemic_component_candidate,corpus/003_graphemic-components/016_001501-001600_obs-comp-cand-bucket_component-candidates/1533_obs-comp-cand-001533_obimd-sub-ck9d66h56b_component-candidate,obimd-sub-ck9d66h56b,obimd-sub-ck9d66h56b;obimd-main-ck9d66h56b,src-obimd,licensed_for_repository,needs_human_component_review,2026-06-20
obs-comp-cand-001534,graphemic_component_candidate,corpus/003_graphemic-components/016_001501-001600_obs-comp-cand-bucket_component-candidates/1534_obs-comp-cand-001534_obimd-sub-58rt2jv8ut_component-candidate,obimd-sub-58rt2jv8ut,obimd-sub-58rt2jv8ut;obimd-main-58rt2jv8ut,src-obimd,licensed_for_repository,needs_human_component_review,2026-06-20
obs-comp-cand-001535,graphemic_component_candidate,corpus/003_graphemic-components/016_001501-001600_obs-comp-cand-bucket_component-candidates/1535_obs-comp-cand-001535_obimd-sub-yrzy6ow1oa_component-candidate,obimd-sub-yrzy6ow1oa,obimd-sub-yrzy6ow1oa;obimd-main-58rt2jv8ut,src-obimd,licensed_for_repository,needs_human_component_review,2026-06-20
obs-comp-cand-001536,graphemic_component_candidate,corpus/003_graphemic-components/016_001501-001600_obs-comp-cand-bucket_component-candidates/1536_obs-comp-cand-001536_obimd-sub-nwi5rk9lkb_component-candidate,obimd-sub-nwi5rk9lkb,obimd-sub-nwi5rk9lkb;obimd-main-nwi5rk9lkb,src-obimd,licensed_for_repository,needs_human_component_review,2026-06-20
obs-comp-cand-001537,graphemic_component_candidate,corpus/003_graphemic-components/016_001501-001600_obs-comp-cand-bucket_component-candidates/1537_obs-comp-cand-001537_obimd-sub-057g0jgjld_component-candidate,obimd-sub-057g0jgjld,obimd-sub-057g0jgjld;obimd-main-057g0jgjld,src-obimd,licensed_for_repository,needs_human_component_review,2026-06-20
obs-comp-cand-001538,graphemic_component_candidate,corpus/003_graphemic-components/016_001501-001600_obs-comp-cand-bucket_component-candidates/1538_obs-comp-cand-001538_obimd-sub-c4tratphwh_component-candidate,obimd-sub-c4tratphwh,obimd-sub-c4tratphwh;obimd-main-057g0jgjld,src-obimd,licensed_for_repository,needs_human_component_review,2026-06-20
obs-comp-cand-001539,graphemic_component_candidate,corpus/003_graphemic-components/016_001501-001600_obs-comp-cand-bucket_component-candidates/1539_obs-comp-cand-001539_obimd-sub-aelrb19u0i_component-candidate,obimd-sub-aelrb19u0i,obimd-sub-aelrb19u0i;obimd-main-aelrb19u0i,src-obimd,licensed_for_repository,needs_human_component_review,2026-06-20
obs-comp-cand-001540,graphemic_component_candidate,corpus/003_graphemic-components/016_001501-001600_obs-comp-cand-bucket_component-candidates/1540_obs-comp-cand-001540_obimd-sub-7erj65ocvr_component-candidate,obimd-sub-7erj65ocvr,obimd-sub-7erj65ocvr;obimd-main-aelrb19u0i,src-obimd,licensed_for_repository,needs_human_component_review,2026-06-20
obs-comp-cand-001541,graphemic_component_candidate,corpus/003_graphemic-components/016_001501-001600_obs-comp-cand-bucket_component-candidates/1541_obs-comp-cand-001541_obimd-sub-veivf19dt0_component-candidate,obimd-sub-veivf19dt0,obimd-sub-veivf19dt0;obimd-main-z8n1dxtc9q,src-obimd,licensed_for_repository,needs_human_component_review,2026-06-20
obs-comp-cand-001542,graphemic_component_candidate,corpus/003_graphemic-components/016_001501-001600_obs-comp-cand-bucket_component-candidates/1542_obs-comp-cand-001542_obimd-sub-9tdmm4guev_component-candidate,obimd-sub-9tdmm4guev,obimd-sub-9tdmm4guev;obimd-main-9tdmm4guev,src-obimd,licensed_for_repository,needs_human_component_review,2026-06-20
obs-comp-cand-001543,graphemic_component_candidate,corpus/003_graphemic-components/016_001501-001600_obs-comp-cand-bucket_component-candidates/1543_obs-comp-cand-001543_obimd-sub-1rnh5muox4_component-candidate,obimd-sub-1rnh5muox4,obimd-sub-1rnh5muox4;obimd-main-1rnh5muox4,src-obimd,licensed_for_repository,needs_human_component_review,2026-06-20
obs-comp-cand-001544,graphemic_component_candidate,corpus/003_graphemic-components/016_001501-001600_obs-comp-cand-bucket_component-candidates/1544_obs-comp-cand-001544_obimd-sub-xrcbuiyv4q_component-candidate,obimd-sub-xrcbuiyv4q,obimd-sub-xrcbuiyv4q;obimd-main-8t2hy7hbrc,src-obimd,licensed_for_repository,needs_human_component_review,2026-06-20
obs-comp-cand-001545,graphemic_component_candidate,corpus/003_graphemic-components/016_001501-001600_obs-comp-cand-bucket_component-candidates/1545_obs-comp-cand-001545_obimd-sub-9vm0d7txqd_component-candidate,obimd-sub-9vm0d7txqd,obimd-sub-9vm0d7txqd;obimd-main-9vm0d7txqd,src-obimd,licensed_for_repository,needs_human_component_review,2026-06-20
obs-comp-cand-001546,graphemic_component_candidate,corpus/003_graphemic-components/016_001501-001600_obs-comp-cand-bucket_component-candidates/1546_obs-comp-cand-001546_obimd-sub-viv127p4q5_component-candidate,obimd-sub-viv127p4q5,obimd-sub-viv127p4q5;obimd-main-viv127p4q5,src-obimd,licensed_for_repository,needs_human_component_review,2026-06-20
obs-comp-cand-001547,graphemic_component_candidate,corpus/003_graphemic-components/016_001501-001600_obs-comp-cand-bucket_component-candidates/1547_obs-comp-cand-001547_obimd-sub-6hyn7a9bnx_component-candidate,obimd-sub-6hyn7a9bnx,obimd-sub-6hyn7a9bnx;obimd-main-6hyn7a9bnx,src-obimd,licensed_for_repository,needs_human_component_review,2026-06-20
obs-comp-cand-001548,graphemic_component_candidate,corpus/003_graphemic-components/016_001501-001600_obs-comp-cand-bucket_component-candidates/1548_obs-comp-cand-001548_obimd-sub-3h9yxituqj_component-candidate,obimd-sub-3h9yxituqj,obimd-sub-3h9yxituqj;obimd-main-6hyn7a9bnx,src-obimd,licensed_for_repository,needs_human_component_review,2026-06-20
obs-comp-cand-001549,graphemic_component_candidate,corpus/003_graphemic-components/016_001501-001600_obs-comp-cand-bucket_component-candidates/1549_obs-comp-cand-001549_obimd-sub-brine1xfcu_component-candidate,obimd-sub-brine1xfcu,obimd-sub-brine1xfcu;obimd-main-6hyn7a9bnx,src-obimd,licensed_for_repository,needs_human_component_review,2026-06-20
obs-comp-cand-001550,graphemic_component_candidate,corpus/003_graphemic-components/016_001501-001600_obs-comp-cand-bucket_component-candidates/1550_obs-comp-cand-001550_obimd-sub-hha9yjwcck_component-candidate,obimd-sub-hha9yjwcck,obimd-sub-hha9yjwcck;obimd-main-6hyn7a9bnx,src-obimd,licensed_for_repository,needs_human_component_review,2026-06-20
obs-comp-cand-001551,graphemic_component_candidate,corpus/003_graphemic-components/016_001501-001600_obs-comp-cand-bucket_component-candidates/1551_obs-comp-cand-001551_obimd-sub-v4s5b3q0pt_component-candidate,obimd-sub-v4s5b3q0pt,obimd-sub-v4s5b3q0pt;obimd-main-6hyn7a9bnx,src-obimd,licensed_for_repository,needs_human_component_review,2026-06-20
obs-comp-cand-001552,graphemic_component_candidate,corpus/003_graphemic-components/016_001501-001600_obs-comp-cand-bucket_component-candidates/1552_obs-comp-cand-001552_obimd-sub-cdd4p6xm9e_component-candidate,obimd-sub-cdd4p6xm9e,obimd-sub-cdd4p6xm9e;obimd-main-cdd4p6xm9e,src-obimd,licensed_for_repository,needs_human_component_review,2026-06-20
obs-comp-cand-001553,graphemic_component_candidate,corpus/003_graphemic-components/016_001501-001600_obs-comp-cand-bucket_component-candidates/1553_obs-comp-cand-001553_obimd-sub-bu3h266vxh_component-candidate,obimd-sub-bu3h266vxh,obimd-sub-bu3h266vxh;obimd-main-bu3h266vxh,src-obimd,licensed_for_repository,needs_human_component_review,2026-06-20
obs-comp-cand-001554,graphemic_component_candidate,corpus/003_graphemic-components/016_001501-001600_obs-comp-cand-bucket_component-candidates/1554_obs-comp-cand-001554_obimd-sub-z640bkv6r7_component-candidate,obimd-sub-z640bkv6r7,obimd-sub-z640bkv6r7;obimd-main-z640bkv6r7,src-obimd,licensed_for_repository,needs_human_component_review,2026-06-20
obs-comp-cand-001555,graphemic_component_candidate,corpus/003_graphemic-components/016_001501-001600_obs-comp-cand-bucket_component-candidates/1555_obs-comp-cand-001555_obimd-sub-f0j9ho8ua2_component-candidate,obimd-sub-f0j9ho8ua2,obimd-sub-f0j9ho8ua2;obimd-main-f0j9ho8ua2,src-obimd,licensed_for_repository,needs_human_component_review,2026-06-20
obs-comp-cand-001556,graphemic_component_candidate,corpus/003_graphemic-components/016_001501-001600_obs-comp-cand-bucket_component-candidates/1556_obs-comp-cand-001556_obimd-sub-s2zwnqz3pp_component-candidate,obimd-sub-s2zwnqz3pp,obimd-sub-s2zwnqz3pp;obimd-main-f0j9ho8ua2,src-obimd,licensed_for_repository,needs_human_component_review,2026-06-20
obs-comp-cand-001557,graphemic_component_candidate,corpus/003_graphemic-components/016_001501-001600_obs-comp-cand-bucket_component-candidates/1557_obs-comp-cand-001557_obimd-sub-t8t8mnjat0_component-candidate,obimd-sub-t8t8mnjat0,obimd-sub-t8t8mnjat0;obimd-main-f0j9ho8ua2,src-obimd,licensed_for_repository,needs_human_component_review,2026-06-20
obs-comp-cand-001558,graphemic_component_candidate,corpus/003_graphemic-components/016_001501-001600_obs-comp-cand-bucket_component-candidates/1558_obs-comp-cand-001558_obimd-sub-98ipxc1p42_component-candidate,obimd-sub-98ipxc1p42,obimd-sub-98ipxc1p42;obimd-main-98ipxc1p42,src-obimd,licensed_for_repository,needs_human_component_review,2026-06-20
obs-comp-cand-001559,graphemic_component_candidate,corpus/003_graphemic-components/016_001501-001600_obs-comp-cand-bucket_component-candidates/1559_obs-comp-cand-001559_obimd-sub-017r28yu0e_component-candidate,obimd-sub-017r28yu0e,obimd-sub-017r28yu0e;obimd-main-98ipxc1p42,src-obimd,licensed_for_repository,needs_human_component_review,2026-06-20
obs-comp-cand-001560,graphemic_component_candidate,corpus/003_graphemic-components/016_001501-001600_obs-comp-cand-bucket_component-candidates/1560_obs-comp-cand-001560_obimd-sub-u5pens8hl2_component-candidate,obimd-sub-u5pens8hl2,obimd-sub-u5pens8hl2;obimd-main-u5pens8hl2,src-obimd,licensed_for_repository,needs_human_component_review,2026-06-20
obs-comp-cand-001561,graphemic_component_candidate,corpus/003_graphemic-components/016_001501-001600_obs-comp-cand-bucket_component-candidates/1561_obs-comp-cand-001561_obimd-sub-xcu1fsj3pe_component-candidate,obimd-sub-xcu1fsj3pe,obimd-sub-xcu1fsj3pe;obimd-main-xcu1fsj3pe,src-obimd,licensed_for_repository,needs_human_component_review,2026-06-20
obs-comp-cand-001562,graphemic_component_candidate,corpus/003_graphemic-components/016_001501-001600_obs-comp-cand-bucket_component-candidates/1562_obs-comp-cand-001562_obimd-sub-e1p1kzz96u_component-candidate,obimd-sub-e1p1kzz96u,obimd-sub-e1p1kzz96u;obimd-main-e1p1kzz96u,src-obimd,licensed_for_repository,needs_human_component_review,2026-06-20
obs-comp-cand-001563,graphemic_component_candidate,corpus/003_graphemic-components/016_001501-001600_obs-comp-cand-bucket_component-candidates/1563_obs-comp-cand-001563_obimd-sub-aaw1t17vqv_component-candidate,obimd-sub-aaw1t17vqv,obimd-sub-aaw1t17vqv;obimd-main-aaw1t17vqv,src-obimd,licensed_for_repository,needs_human_component_review,2026-06-20
obs-comp-cand-001564,graphemic_component_candidate,corpus/003_graphemic-components/016_001501-001600_obs-comp-cand-bucket_component-candidates/1564_obs-comp-cand-001564_obimd-sub-yg0sm41ear_component-candidate,obimd-sub-yg0sm41ear,obimd-sub-yg0sm41ear;obimd-main-yg0sm41ear,src-obimd,licensed_for_repository,needs_human_component_review,2026-06-20
obs-comp-cand-001565,graphemic_component_candidate,corpus/003_graphemic-components/016_001501-001600_obs-comp-cand-bucket_component-candidates/1565_obs-comp-cand-001565_obimd-sub-ycq2stdjdi_component-candidate,obimd-sub-ycq2stdjdi,obimd-sub-ycq2stdjdi;obimd-main-yg0sm41ear,src-obimd,licensed_for_repository,needs_human_component_review,2026-06-20
obs-comp-cand-001566,graphemic_component_candidate,corpus/003_graphemic-components/016_001501-001600_obs-comp-cand-bucket_component-candidates/1566_obs-comp-cand-001566_obimd-sub-ex96ntmoie_component-candidate,obimd-sub-ex96ntmoie,obimd-sub-ex96ntmoie;obimd-main-ex96ntmoie,src-obimd,licensed_for_repository,needs_human_component_review,2026-06-20
obs-comp-cand-001567,graphemic_component_candidate,corpus/003_graphemic-components/016_001501-001600_obs-comp-cand-bucket_component-candidates/1567_obs-comp-cand-001567_obimd-sub-db5x2p7zwk_component-candidate,obimd-sub-db5x2p7zwk,obimd-sub-db5x2p7zwk;obimd-main-ex96ntmoie,src-obimd,licensed_for_repository,needs_human_component_review,2026-06-20
obs-comp-cand-001568,graphemic_component_candidate,corpus/003_graphemic-components/016_001501-001600_obs-comp-cand-bucket_component-candidates/1568_obs-comp-cand-001568_obimd-sub-dsdsrmwv8g_component-candidate,obimd-sub-dsdsrmwv8g,obimd-sub-dsdsrmwv8g;obimd-main-ex96ntmoie,src-obimd,licensed_for_repository,needs_human_component_review,2026-06-20
obs-comp-cand-001569,graphemic_component_candidate,corpus/003_graphemic-components/016_001501-001600_obs-comp-cand-bucket_component-candidates/1569_obs-comp-cand-001569_obimd-sub-nmmmkasm1v_component-candidate,obimd-sub-nmmmkasm1v,obimd-sub-nmmmkasm1v;obimd-main-nmmmkasm1v,src-obimd,licensed_for_repository,needs_human_component_review,2026-06-20
obs-comp-cand-001570,graphemic_component_candidate,corpus/003_graphemic-components/016_001501-001600_obs-comp-cand-bucket_component-candidates/1570_obs-comp-cand-001570_obimd-sub-aoxhv8jrax_component-candidate,obimd-sub-aoxhv8jrax,obimd-sub-aoxhv8jrax;obimd-main-aoxhv8jrax,src-obimd,licensed_for_repository,needs_human_component_review,2026-06-20
obs-comp-cand-001571,graphemic_component_candidate,corpus/003_graphemic-components/016_001501-001600_obs-comp-cand-bucket_component-candidates/1571_obs-comp-cand-001571_obimd-sub-a8n7ywfrd3_component-candidate,obimd-sub-a8n7ywfrd3,obimd-sub-a8n7ywfrd3;obimd-main-a8n7ywfrd3,src-obimd,licensed_for_repository,needs_human_component_review,2026-06-20
obs-comp-cand-001572,graphemic_component_candidate,corpus/003_graphemic-components/016_001501-001600_obs-comp-cand-bucket_component-candidates/1572_obs-comp-cand-001572_obimd-sub-phjj09b89l_component-candidate,obimd-sub-phjj09b89l,obimd-sub-phjj09b89l;obimd-main-phjj09b89l,src-obimd,licensed_for_repository,needs_human_component_review,2026-06-20
obs-comp-cand-001573,graphemic_component_candidate,corpus/003_graphemic-components/016_001501-001600_obs-comp-cand-bucket_component-candidates/1573_obs-comp-cand-001573_obimd-sub-f8scjhpdok_component-candidate,obimd-sub-f8scjhpdok,obimd-sub-f8scjhpdok;obimd-main-phjj09b89l,src-obimd,licensed_for_repository,needs_human_component_review,2026-06-20
obs-comp-cand-001574,graphemic_component_candidate,corpus/003_graphemic-components/016_001501-001600_obs-comp-cand-bucket_component-candidates/1574_obs-comp-cand-001574_obimd-sub-ggmxiphq64_component-candidate,obimd-sub-ggmxiphq64,obimd-sub-ggmxiphq64;obimd-main-ggmxiphq64,src-obimd,licensed_for_repository,needs_human_component_review,2026-06-20
obs-comp-cand-001575,graphemic_component_candidate,corpus/003_graphemic-components/016_001501-001600_obs-comp-cand-bucket_component-candidates/1575_obs-comp-cand-001575_obimd-sub-47n3iga674_component-candidate,obimd-sub-47n3iga674,obimd-sub-47n3iga674;obimd-main-ggmxiphq64,src-obimd,licensed_for_repository,needs_human_component_review,2026-06-20
obs-comp-cand-001576,graphemic_component_candidate,corpus/003_graphemic-components/016_001501-001600_obs-comp-cand-bucket_component-candidates/1576_obs-comp-cand-001576_obimd-sub-hads9qtqe0_component-candidate,obimd-sub-hads9qtqe0,obimd-sub-hads9qtqe0;obimd-main-ggmxiphq64,src-obimd,licensed_for_repository,needs_human_component_review,2026-06-20
obs-comp-cand-001577,graphemic_component_candidate,corpus/003_graphemic-components/016_001501-001600_obs-comp-cand-bucket_component-candidates/1577_obs-comp-cand-001577_obimd-sub-7luq2fi2oi_component-candidate,obimd-sub-7luq2fi2oi,obimd-sub-7luq2fi2oi;obimd-main-ggmxiphq64,src-obimd,licensed_for_repository,needs_human_component_review,2026-06-20
obs-comp-cand-001578,graphemic_component_candidate,corpus/003_graphemic-components/016_001501-001600_obs-comp-cand-bucket_component-candidates/1578_obs-comp-cand-001578_obimd-sub-3j6m0jpzp3_component-candidate,obimd-sub-3j6m0jpzp3,obimd-sub-3j6m0jpzp3;obimd-main-ggmxiphq64,src-obimd,licensed_for_repository,needs_human_component_review,2026-06-20
obs-comp-cand-001579,graphemic_component_candidate,corpus/003_graphemic-components/016_001501-001600_obs-comp-cand-bucket_component-candidates/1579_obs-comp-cand-001579_obimd-sub-amyqdujvvj_component-candidate,obimd-sub-amyqdujvvj,obimd-sub-amyqdujvvj;obimd-main-ggmxiphq64,src-obimd,licensed_for_repository,needs_human_component_review,2026-06-20
obs-comp-cand-001580,graphemic_component_candidate,corpus/003_graphemic-components/016_001501-001600_obs-comp-cand-bucket_component-candidates/1580_obs-comp-cand-001580_obimd-sub-clwxtgnjpw_component-candidate,obimd-sub-clwxtgnjpw,obimd-sub-clwxtgnjpw;obimd-main-clwxtgnjpw,src-obimd,licensed_for_repository,needs_human_component_review,2026-06-20
obs-comp-cand-001581,graphemic_component_candidate,corpus/003_graphemic-components/016_001501-001600_obs-comp-cand-bucket_component-candidates/1581_obs-comp-cand-001581_obimd-sub-ludycarlax_component-candidate,obimd-sub-ludycarlax,obimd-sub-ludycarlax;obimd-main-clwxtgnjpw,src-obimd,licensed_for_repository,needs_human_component_review,2026-06-20
obs-comp-cand-001582,graphemic_component_candidate,corpus/003_graphemic-components/016_001501-001600_obs-comp-cand-bucket_component-candidates/1582_obs-comp-cand-001582_obimd-sub-16p070gidp_component-candidate,obimd-sub-16p070gidp,obimd-sub-16p070gidp;obimd-main-16p070gidp,src-obimd,licensed_for_repository,needs_human_component_review,2026-06-20
obs-comp-cand-001583,graphemic_component_candidate,corpus/003_graphemic-components/016_001501-001600_obs-comp-cand-bucket_component-candidates/1583_obs-comp-cand-001583_obimd-sub-nu6yj5ke73_component-candidate,obimd-sub-nu6yj5ke73,obimd-sub-nu6yj5ke73;obimd-main-nu6yj5ke73,src-obimd,licensed_for_repository,needs_human_component_review,2026-06-20
obs-comp-cand-001584,graphemic_component_candidate,corpus/003_graphemic-components/016_001501-001600_obs-comp-cand-bucket_component-candidates/1584_obs-comp-cand-001584_obimd-sub-j4twkehhui_component-candidate,obimd-sub-j4twkehhui,obimd-sub-j4twkehhui;obimd-main-u878nsmv98,src-obimd,licensed_for_repository,needs_human_component_review,2026-06-20
obs-comp-cand-001585,graphemic_component_candidate,corpus/003_graphemic-components/016_001501-001600_obs-comp-cand-bucket_component-candidates/1585_obs-comp-cand-001585_obimd-sub-o7ewwuz4l7_component-candidate,obimd-sub-o7ewwuz4l7,obimd-sub-o7ewwuz4l7;obimd-main-u878nsmv98,src-obimd,licensed_for_repository,needs_human_component_review,2026-06-20
obs-comp-cand-001586,graphemic_component_candidate,corpus/003_graphemic-components/016_001501-001600_obs-comp-cand-bucket_component-candidates/1586_obs-comp-cand-001586_obimd-sub-ihsuhqgmdc_component-candidate,obimd-sub-ihsuhqgmdc,obimd-sub-ihsuhqgmdc;obimd-main-ihsuhqgmdc,src-obimd,licensed_for_repository,needs_human_component_review,2026-06-20
obs-comp-cand-001587,graphemic_component_candidate,corpus/003_graphemic-components/016_001501-001600_obs-comp-cand-bucket_component-candidates/1587_obs-comp-cand-001587_obimd-sub-k0mdczhfrv_component-candidate,obimd-sub-k0mdczhfrv,obimd-sub-k0mdczhfrv;obimd-main-ihsuhqgmdc,src-obimd,licensed_for_repository,needs_human_component_review,2026-06-20
obs-comp-cand-001588,graphemic_component_candidate,corpus/003_graphemic-components/016_001501-001600_obs-comp-cand-bucket_component-candidates/1588_obs-comp-cand-001588_obimd-sub-wg4dzu9gsc_component-candidate,obimd-sub-wg4dzu9gsc,obimd-sub-wg4dzu9gsc;obimd-main-8elvo4ws82,src-obimd,licensed_for_repository,needs_human_component_review,2026-06-20
obs-comp-cand-001589,graphemic_component_candidate,corpus/003_graphemic-components/016_001501-001600_obs-comp-cand-bucket_component-candidates/1589_obs-comp-cand-001589_obimd-sub-x5uz58e5p9_component-candidate,obimd-sub-x5uz58e5p9,obimd-sub-x5uz58e5p9;obimd-main-x5uz58e5p9,src-obimd,licensed_for_repository,needs_human_component_review,2026-06-20
obs-comp-cand-001590,graphemic_component_candidate,corpus/003_graphemic-components/016_001501-001600_obs-comp-cand-bucket_component-candidates/1590_obs-comp-cand-001590_obimd-sub-ctejf56of8_component-candidate,obimd-sub-ctejf56of8,obimd-sub-ctejf56of8;obimd-main-ctejf56of8,src-obimd,licensed_for_repository,needs_human_component_review,2026-06-20
obs-comp-cand-001591,graphemic_component_candidate,corpus/003_graphemic-components/016_001501-001600_obs-comp-cand-bucket_component-candidates/1591_obs-comp-cand-001591_obimd-sub-jyw6xfe613_component-candidate,obimd-sub-jyw6xfe613,obimd-sub-jyw6xfe613;obimd-main-ctejf56of8,src-obimd,licensed_for_repository,needs_human_component_review,2026-06-20
obs-comp-cand-001592,graphemic_component_candidate,corpus/003_graphemic-components/016_001501-001600_obs-comp-cand-bucket_component-candidates/1592_obs-comp-cand-001592_obimd-sub-811h3kcxvb_component-candidate,obimd-sub-811h3kcxvb,obimd-sub-811h3kcxvb;obimd-main-811h3kcxvb,src-obimd,licensed_for_repository,needs_human_component_review,2026-06-20
obs-comp-cand-001593,graphemic_component_candidate,corpus/003_graphemic-components/016_001501-001600_obs-comp-cand-bucket_component-candidates/1593_obs-comp-cand-001593_obimd-sub-nanxu5o8fq_component-candidate,obimd-sub-nanxu5o8fq,obimd-sub-nanxu5o8fq;obimd-main-811h3kcxvb,src-obimd,licensed_for_repository,needs_human_component_review,2026-06-20
obs-comp-cand-001594,graphemic_component_candidate,corpus/003_graphemic-components/016_001501-001600_obs-comp-cand-bucket_component-candidates/1594_obs-comp-cand-001594_obimd-sub-akt7yld9xk_component-candidate,obimd-sub-akt7yld9xk,obimd-sub-akt7yld9xk;obimd-main-akt7yld9xk,src-obimd,licensed_for_repository,needs_human_component_review,2026-06-20
obs-comp-cand-001595,graphemic_component_candidate,corpus/003_graphemic-components/016_001501-001600_obs-comp-cand-bucket_component-candidates/1595_obs-comp-cand-001595_obimd-sub-xbr0191780_component-candidate,obimd-sub-xbr0191780,obimd-sub-xbr0191780;obimd-main-akt7yld9xk,src-obimd,licensed_for_repository,needs_human_component_review,2026-06-20
obs-comp-cand-001596,graphemic_component_candidate,corpus/003_graphemic-components/016_001501-001600_obs-comp-cand-bucket_component-candidates/1596_obs-comp-cand-001596_obimd-sub-p8xfcyqn9j_component-candidate,obimd-sub-p8xfcyqn9j,obimd-sub-p8xfcyqn9j;obimd-main-akt7yld9xk,src-obimd,licensed_for_repository,needs_human_component_review,2026-06-20
obs-comp-cand-001597,graphemic_component_candidate,corpus/003_graphemic-components/016_001501-001600_obs-comp-cand-bucket_component-candidates/1597_obs-comp-cand-001597_obimd-sub-wp0tnl2ydu_component-candidate,obimd-sub-wp0tnl2ydu,obimd-sub-wp0tnl2ydu;obimd-main-wp0tnl2ydu,src-obimd,licensed_for_repository,needs_human_component_review,2026-06-20
obs-comp-cand-001598,graphemic_component_candidate,corpus/003_graphemic-components/016_001501-001600_obs-comp-cand-bucket_component-candidates/1598_obs-comp-cand-001598_obimd-sub-gqqiry5kzj_component-candidate,obimd-sub-gqqiry5kzj,obimd-sub-gqqiry5kzj;obimd-main-wp0tnl2ydu,src-obimd,licensed_for_repository,needs_human_component_review,2026-06-20
obs-comp-cand-001599,graphemic_component_candidate,corpus/003_graphemic-components/016_001501-001600_obs-comp-cand-bucket_component-candidates/1599_obs-comp-cand-001599_obimd-sub-pxby3llzsj_component-candidate,obimd-sub-pxby3llzsj,obimd-sub-pxby3llzsj;obimd-main-wp0tnl2ydu,src-obimd,licensed_for_repository,needs_human_component_review,2026-06-20
obs-comp-cand-001600,graphemic_component_candidate,corpus/003_graphemic-components/016_001501-001600_obs-comp-cand-bucket_component-candidates/1600_obs-comp-cand-001600_obimd-sub-pfzarn59ab_component-candidate,obimd-sub-pfzarn59ab,obimd-sub-pfzarn59ab;obimd-main-pfzarn59ab,src-obimd,licensed_for_repository,needs_human_component_review,2026-06-20
obs-comp-cand-001601,graphemic_component_candidate,corpus/003_graphemic-components/017_001601-001700_obs-comp-cand-bucket_component-candidates/1601_obs-comp-cand-001601_obimd-sub-iftkudcar6_component-candidate,obimd-sub-iftkudcar6,obimd-sub-iftkudcar6;obimd-main-iftkudcar6,src-obimd,licensed_for_repository,needs_human_component_review,2026-06-20
obs-comp-cand-001602,graphemic_component_candidate,corpus/003_graphemic-components/017_001601-001700_obs-comp-cand-bucket_component-candidates/1602_obs-comp-cand-001602_obimd-sub-m2rpfrft4m_component-candidate,obimd-sub-m2rpfrft4m,obimd-sub-m2rpfrft4m;obimd-main-m2rpfrft4m,src-obimd,licensed_for_repository,needs_human_component_review,2026-06-20
obs-comp-cand-001603,graphemic_component_candidate,corpus/003_graphemic-components/017_001601-001700_obs-comp-cand-bucket_component-candidates/1603_obs-comp-cand-001603_obimd-sub-6wyksx413f_component-candidate,obimd-sub-6wyksx413f,obimd-sub-6wyksx413f;obimd-main-6wyksx413f,src-obimd,licensed_for_repository,needs_human_component_review,2026-06-20
obs-comp-cand-001604,graphemic_component_candidate,corpus/003_graphemic-components/017_001601-001700_obs-comp-cand-bucket_component-candidates/1604_obs-comp-cand-001604_obimd-sub-ro8pfmbv13_component-candidate,obimd-sub-ro8pfmbv13,obimd-sub-ro8pfmbv13;obimd-main-6wyksx413f,src-obimd,licensed_for_repository,needs_human_component_review,2026-06-20
obs-comp-cand-001605,graphemic_component_candidate,corpus/003_graphemic-components/017_001601-001700_obs-comp-cand-bucket_component-candidates/1605_obs-comp-cand-001605_obimd-sub-wujt49n5q0_component-candidate,obimd-sub-wujt49n5q0,obimd-sub-wujt49n5q0;obimd-main-wujt49n5q0,src-obimd,licensed_for_repository,needs_human_component_review,2026-06-20
obs-comp-cand-001606,graphemic_component_candidate,corpus/003_graphemic-components/017_001601-001700_obs-comp-cand-bucket_component-candidates/1606_obs-comp-cand-001606_obimd-sub-qno3lrr0lw_component-candidate,obimd-sub-qno3lrr0lw,obimd-sub-qno3lrr0lw;obimd-main-wujt49n5q0,src-obimd,licensed_for_repository,needs_human_component_review,2026-06-20
obs-comp-cand-001607,graphemic_component_candidate,corpus/003_graphemic-components/017_001601-001700_obs-comp-cand-bucket_component-candidates/1607_obs-comp-cand-001607_obimd-sub-axnfyyroo8_component-candidate,obimd-sub-axnfyyroo8,obimd-sub-axnfyyroo8;obimd-main-axnfyyroo8,src-obimd,licensed_for_repository,needs_human_component_review,2026-06-20
obs-comp-cand-001608,graphemic_component_candidate,corpus/003_graphemic-components/017_001601-001700_obs-comp-cand-bucket_component-candidates/1608_obs-comp-cand-001608_obimd-sub-kei9slmf3p_component-candidate,obimd-sub-kei9slmf3p,obimd-sub-kei9slmf3p;obimd-main-kei9slmf3p,src-obimd,licensed_for_repository,needs_human_component_review,2026-06-20
obs-comp-cand-001609,graphemic_component_candidate,corpus/003_graphemic-components/017_001601-001700_obs-comp-cand-bucket_component-candidates/1609_obs-comp-cand-001609_obimd-sub-evdky2imry_component-candidate,obimd-sub-evdky2imry,obimd-sub-evdky2imry;obimd-main-kei9slmf3p,src-obimd,licensed_for_repository,needs_human_component_review,2026-06-20
obs-comp-cand-001610,graphemic_component_candidate,corpus/003_graphemic-components/017_001601-001700_obs-comp-cand-bucket_component-candidates/1610_obs-comp-cand-001610_obimd-sub-2qtimwiv3e_component-candidate,obimd-sub-2qtimwiv3e,obimd-sub-2qtimwiv3e;obimd-main-kei9slmf3p,src-obimd,licensed_for_repository,needs_human_component_review,2026-06-20
obs-comp-cand-001611,graphemic_component_candidate,corpus/003_graphemic-components/017_001601-001700_obs-comp-cand-bucket_component-candidates/1611_obs-comp-cand-001611_obimd-sub-yo5h3qdl2s_component-candidate,obimd-sub-yo5h3qdl2s,obimd-sub-yo5h3qdl2s;obimd-main-yo5h3qdl2s,src-obimd,licensed_for_repository,needs_human_component_review,2026-06-20
obs-comp-cand-001612,graphemic_component_candidate,corpus/003_graphemic-components/017_001601-001700_obs-comp-cand-bucket_component-candidates/1612_obs-comp-cand-001612_obimd-sub-ivi5wk8quf_component-candidate,obimd-sub-ivi5wk8quf,obimd-sub-ivi5wk8quf;obimd-main-yo5h3qdl2s,src-obimd,licensed_for_repository,needs_human_component_review,2026-06-20
obs-comp-cand-001613,graphemic_component_candidate,corpus/003_graphemic-components/017_001601-001700_obs-comp-cand-bucket_component-candidates/1613_obs-comp-cand-001613_obimd-sub-qhpo6v8lz2_component-candidate,obimd-sub-qhpo6v8lz2,obimd-sub-qhpo6v8lz2;obimd-main-yo5h3qdl2s,src-obimd,licensed_for_repository,needs_human_component_review,2026-06-20
obs-comp-cand-001614,graphemic_component_candidate,corpus/003_graphemic-components/017_001601-001700_obs-comp-cand-bucket_component-candidates/1614_obs-comp-cand-001614_obimd-sub-yh295c1pdn_component-candidate,obimd-sub-yh295c1pdn,obimd-sub-yh295c1pdn;obimd-main-yo5h3qdl2s,src-obimd,licensed_for_repository,needs_human_component_review,2026-06-20
obs-comp-cand-001615,graphemic_component_candidate,corpus/003_graphemic-components/017_001601-001700_obs-comp-cand-bucket_component-candidates/1615_obs-comp-cand-001615_obimd-sub-8fkudp0t2j_component-candidate,obimd-sub-8fkudp0t2j,obimd-sub-8fkudp0t2j;obimd-main-8fkudp0t2j,src-obimd,licensed_for_repository,needs_human_component_review,2026-06-20
obs-comp-cand-001616,graphemic_component_candidate,corpus/003_graphemic-components/017_001601-001700_obs-comp-cand-bucket_component-candidates/1616_obs-comp-cand-001616_obimd-sub-ywtdw3ws46_component-candidate,obimd-sub-ywtdw3ws46,obimd-sub-ywtdw3ws46;obimd-main-ywtdw3ws46,src-obimd,licensed_for_repository,needs_human_component_review,2026-06-20
obs-comp-cand-001617,graphemic_component_candidate,corpus/003_graphemic-components/017_001601-001700_obs-comp-cand-bucket_component-candidates/1617_obs-comp-cand-001617_obimd-sub-lyy6c5kh8d_component-candidate,obimd-sub-lyy6c5kh8d,obimd-sub-lyy6c5kh8d;obimd-main-lyy6c5kh8d,src-obimd,licensed_for_repository,needs_human_component_review,2026-06-20
obs-comp-cand-001618,graphemic_component_candidate,corpus/003_graphemic-components/017_001601-001700_obs-comp-cand-bucket_component-candidates/1618_obs-comp-cand-001618_obimd-sub-j6pe4lu59v_component-candidate,obimd-sub-j6pe4lu59v,obimd-sub-j6pe4lu59v;obimd-main-j6pe4lu59v,src-obimd,licensed_for_repository,needs_human_component_review,2026-06-20
obs-comp-cand-001619,graphemic_component_candidate,corpus/003_graphemic-components/017_001601-001700_obs-comp-cand-bucket_component-candidates/1619_obs-comp-cand-001619_obimd-sub-hxwcv9yfyk_component-candidate,obimd-sub-hxwcv9yfyk,obimd-sub-hxwcv9yfyk;obimd-main-hxwcv9yfyk,src-obimd,licensed_for_repository,needs_human_component_review,2026-06-20
obs-comp-cand-001620,graphemic_component_candidate,corpus/003_graphemic-components/017_001601-001700_obs-comp-cand-bucket_component-candidates/1620_obs-comp-cand-001620_obimd-sub-xq6hizhbmv_component-candidate,obimd-sub-xq6hizhbmv,obimd-sub-xq6hizhbmv;obimd-main-xq6hizhbmv,src-obimd,licensed_for_repository,needs_human_component_review,2026-06-20
obs-comp-cand-001621,graphemic_component_candidate,corpus/003_graphemic-components/017_001601-001700_obs-comp-cand-bucket_component-candidates/1621_obs-comp-cand-001621_obimd-sub-xqstwjkti9_component-candidate,obimd-sub-xqstwjkti9,obimd-sub-xqstwjkti9;obimd-main-xqstwjkti9,src-obimd,licensed_for_repository,needs_human_component_review,2026-06-20
obs-comp-cand-001622,graphemic_component_candidate,corpus/003_graphemic-components/017_001601-001700_obs-comp-cand-bucket_component-candidates/1622_obs-comp-cand-001622_obimd-sub-5fsjukjyjt_component-candidate,obimd-sub-5fsjukjyjt,obimd-sub-5fsjukjyjt;obimd-main-5fsjukjyjt,src-obimd,licensed_for_repository,needs_human_component_review,2026-06-20
obs-comp-cand-001623,graphemic_component_candidate,corpus/003_graphemic-components/017_001601-001700_obs-comp-cand-bucket_component-candidates/1623_obs-comp-cand-001623_obimd-sub-gv1u69q6hv_component-candidate,obimd-sub-gv1u69q6hv,obimd-sub-gv1u69q6hv;obimd-main-5fsjukjyjt,src-obimd,licensed_for_repository,needs_human_component_review,2026-06-20
obs-comp-cand-001624,graphemic_component_candidate,corpus/003_graphemic-components/017_001601-001700_obs-comp-cand-bucket_component-candidates/1624_obs-comp-cand-001624_obimd-sub-egd60be7r0_component-candidate,obimd-sub-egd60be7r0,obimd-sub-egd60be7r0;obimd-main-egd60be7r0,src-obimd,licensed_for_repository,needs_human_component_review,2026-06-20
obs-comp-cand-001625,graphemic_component_candidate,corpus/003_graphemic-components/017_001601-001700_obs-comp-cand-bucket_component-candidates/1625_obs-comp-cand-001625_obimd-sub-bejesjhtdn_component-candidate,obimd-sub-bejesjhtdn,obimd-sub-bejesjhtdn;obimd-main-bejesjhtdn,src-obimd,licensed_for_repository,needs_human_component_review,2026-06-20
obs-comp-cand-001626,graphemic_component_candidate,corpus/003_graphemic-components/017_001601-001700_obs-comp-cand-bucket_component-candidates/1626_obs-comp-cand-001626_obimd-sub-dxvqlu3dcd_component-candidate,obimd-sub-dxvqlu3dcd,obimd-sub-dxvqlu3dcd;obimd-main-dxvqlu3dcd,src-obimd,licensed_for_repository,needs_human_component_review,2026-06-20
obs-comp-cand-001627,graphemic_component_candidate,corpus/003_graphemic-components/017_001601-001700_obs-comp-cand-bucket_component-candidates/1627_obs-comp-cand-001627_obimd-sub-3991b428r6_component-candidate,obimd-sub-3991b428r6,obimd-sub-3991b428r6;obimd-main-dxvqlu3dcd,src-obimd,licensed_for_repository,needs_human_component_review,2026-06-20
obs-comp-cand-001628,graphemic_component_candidate,corpus/003_graphemic-components/017_001601-001700_obs-comp-cand-bucket_component-candidates/1628_obs-comp-cand-001628_obimd-sub-zcrzkabaoc_component-candidate,obimd-sub-zcrzkabaoc,obimd-sub-zcrzkabaoc;obimd-main-dxvqlu3dcd,src-obimd,licensed_for_repository,needs_human_component_review,2026-06-20
obs-comp-cand-001629,graphemic_component_candidate,corpus/003_graphemic-components/017_001601-001700_obs-comp-cand-bucket_component-candidates/1629_obs-comp-cand-001629_obimd-sub-7e0bc7s6s0_component-candidate,obimd-sub-7e0bc7s6s0,obimd-sub-7e0bc7s6s0;obimd-main-7e0bc7s6s0,src-obimd,licensed_for_repository,needs_human_component_review,2026-06-20
obs-comp-cand-001630,graphemic_component_candidate,corpus/003_graphemic-components/017_001601-001700_obs-comp-cand-bucket_component-candidates/1630_obs-comp-cand-001630_obimd-sub-dyehtwhhxs_component-candidate,obimd-sub-dyehtwhhxs,obimd-sub-dyehtwhhxs;obimd-main-7e0bc7s6s0,src-obimd,licensed_for_repository,needs_human_component_review,2026-06-20
obs-comp-cand-001631,graphemic_component_candidate,corpus/003_graphemic-components/017_001601-001700_obs-comp-cand-bucket_component-candidates/1631_obs-comp-cand-001631_obimd-sub-bg0evhjvox_component-candidate,obimd-sub-bg0evhjvox,obimd-sub-bg0evhjvox;obimd-main-bg0evhjvox,src-obimd,licensed_for_repository,needs_human_component_review,2026-06-20
obs-comp-cand-001632,graphemic_component_candidate,corpus/003_graphemic-components/017_001601-001700_obs-comp-cand-bucket_component-candidates/1632_obs-comp-cand-001632_obimd-sub-zolc6o82zt_component-candidate,obimd-sub-zolc6o82zt,obimd-sub-zolc6o82zt;obimd-main-zolc6o82zt,src-obimd,licensed_for_repository,needs_human_component_review,2026-06-20
obs-comp-cand-001633,graphemic_component_candidate,corpus/003_graphemic-components/017_001601-001700_obs-comp-cand-bucket_component-candidates/1633_obs-comp-cand-001633_obimd-sub-1t3emarf5h_component-candidate,obimd-sub-1t3emarf5h,obimd-sub-1t3emarf5h;obimd-main-zolc6o82zt,src-obimd,licensed_for_repository,needs_human_component_review,2026-06-20
obs-comp-cand-001634,graphemic_component_candidate,corpus/003_graphemic-components/017_001601-001700_obs-comp-cand-bucket_component-candidates/1634_obs-comp-cand-001634_obimd-sub-kbn6bnvddu_component-candidate,obimd-sub-kbn6bnvddu,obimd-sub-kbn6bnvddu;obimd-main-kbn6bnvddu,src-obimd,licensed_for_repository,needs_human_component_review,2026-06-20
obs-comp-cand-001635,graphemic_component_candidate,corpus/003_graphemic-components/017_001601-001700_obs-comp-cand-bucket_component-candidates/1635_obs-comp-cand-001635_obimd-sub-g3hpga6qu2_component-candidate,obimd-sub-g3hpga6qu2,obimd-sub-g3hpga6qu2;obimd-main-g3hpga6qu2,src-obimd,licensed_for_repository,needs_human_component_review,2026-06-20
obs-comp-cand-001636,graphemic_component_candidate,corpus/003_graphemic-components/017_001601-001700_obs-comp-cand-bucket_component-candidates/1636_obs-comp-cand-001636_obimd-sub-cbi1n9904r_component-candidate,obimd-sub-cbi1n9904r,obimd-sub-cbi1n9904r;obimd-main-cbi1n9904r,src-obimd,licensed_for_repository,needs_human_component_review,2026-06-20
obs-comp-cand-001637,graphemic_component_candidate,corpus/003_graphemic-components/017_001601-001700_obs-comp-cand-bucket_component-candidates/1637_obs-comp-cand-001637_obimd-sub-38kvsr6xn2_component-candidate,obimd-sub-38kvsr6xn2,obimd-sub-38kvsr6xn2;obimd-main-38kvsr6xn2,src-obimd,licensed_for_repository,needs_human_component_review,2026-06-20
obs-comp-cand-001638,graphemic_component_candidate,corpus/003_graphemic-components/017_001601-001700_obs-comp-cand-bucket_component-candidates/1638_obs-comp-cand-001638_obimd-sub-3gvgmurmcb_component-candidate,obimd-sub-3gvgmurmcb,obimd-sub-3gvgmurmcb;obimd-main-3gvgmurmcb,src-obimd,licensed_for_repository,needs_human_component_review,2026-06-20
obs-comp-cand-001639,graphemic_component_candidate,corpus/003_graphemic-components/017_001601-001700_obs-comp-cand-bucket_component-candidates/1639_obs-comp-cand-001639_obimd-sub-ymr2raryhz_component-candidate,obimd-sub-ymr2raryhz,obimd-sub-ymr2raryhz;obimd-main-ymr2raryhz,src-obimd,licensed_for_repository,needs_human_component_review,2026-06-20
obs-comp-cand-001640,graphemic_component_candidate,corpus/003_graphemic-components/017_001601-001700_obs-comp-cand-bucket_component-candidates/1640_obs-comp-cand-001640_obimd-sub-ha4qh8t2sw_component-candidate,obimd-sub-ha4qh8t2sw,obimd-sub-ha4qh8t2sw;obimd-main-ha4qh8t2sw,src-obimd,licensed_for_repository,needs_human_component_review,2026-06-20
obs-comp-cand-001641,graphemic_component_candidate,corpus/003_graphemic-components/017_001601-001700_obs-comp-cand-bucket_component-candidates/1641_obs-comp-cand-001641_obimd-sub-rv7b9x20z9_component-candidate,obimd-sub-rv7b9x20z9,obimd-sub-rv7b9x20z9;obimd-main-rv7b9x20z9,src-obimd,licensed_for_repository,needs_human_component_review,2026-06-20
obs-comp-cand-001642,graphemic_component_candidate,corpus/003_graphemic-components/017_001601-001700_obs-comp-cand-bucket_component-candidates/1642_obs-comp-cand-001642_obimd-sub-5t3mdoiyy6_component-candidate,obimd-sub-5t3mdoiyy6,obimd-sub-5t3mdoiyy6;obimd-main-5t3mdoiyy6,src-obimd,licensed_for_repository,needs_human_component_review,2026-06-20
obs-comp-cand-001643,graphemic_component_candidate,corpus/003_graphemic-components/017_001601-001700_obs-comp-cand-bucket_component-candidates/1643_obs-comp-cand-001643_obimd-sub-z0pbcna9kk_component-candidate,obimd-sub-z0pbcna9kk,obimd-sub-z0pbcna9kk;obimd-main-z0pbcna9kk,src-obimd,licensed_for_repository,needs_human_component_review,2026-06-20
obs-comp-cand-001644,graphemic_component_candidate,corpus/003_graphemic-components/017_001601-001700_obs-comp-cand-bucket_component-candidates/1644_obs-comp-cand-001644_obimd-sub-wik93edkn9_component-candidate,obimd-sub-wik93edkn9,obimd-sub-wik93edkn9;obimd-main-wik93edkn9,src-obimd,licensed_for_repository,needs_human_component_review,2026-06-20
obs-comp-cand-001645,graphemic_component_candidate,corpus/003_graphemic-components/017_001601-001700_obs-comp-cand-bucket_component-candidates/1645_obs-comp-cand-001645_obimd-sub-5jm2v6k6qw_component-candidate,obimd-sub-5jm2v6k6qw,obimd-sub-5jm2v6k6qw;obimd-main-wik93edkn9,src-obimd,licensed_for_repository,needs_human_component_review,2026-06-20
obs-comp-cand-001646,graphemic_component_candidate,corpus/003_graphemic-components/017_001601-001700_obs-comp-cand-bucket_component-candidates/1646_obs-comp-cand-001646_obimd-sub-bi8t9sxwtl_component-candidate,obimd-sub-bi8t9sxwtl,obimd-sub-bi8t9sxwtl;obimd-main-bi8t9sxwtl,src-obimd,licensed_for_repository,needs_human_component_review,2026-06-20
obs-comp-cand-001647,graphemic_component_candidate,corpus/003_graphemic-components/017_001601-001700_obs-comp-cand-bucket_component-candidates/1647_obs-comp-cand-001647_obimd-sub-3o43u56dex_component-candidate,obimd-sub-3o43u56dex,obimd-sub-3o43u56dex;obimd-main-bi8t9sxwtl,src-obimd,licensed_for_repository,needs_human_component_review,2026-06-20
obs-comp-cand-001648,graphemic_component_candidate,corpus/003_graphemic-components/017_001601-001700_obs-comp-cand-bucket_component-candidates/1648_obs-comp-cand-001648_obimd-sub-pjmzvla929_component-candidate,obimd-sub-pjmzvla929,obimd-sub-pjmzvla929;obimd-main-qg6bx6xlgq,src-obimd,licensed_for_repository,needs_human_component_review,2026-06-20
obs-comp-cand-001649,graphemic_component_candidate,corpus/003_graphemic-components/017_001601-001700_obs-comp-cand-bucket_component-candidates/1649_obs-comp-cand-001649_obimd-sub-s6js5wopjo_component-candidate,obimd-sub-s6js5wopjo,obimd-sub-s6js5wopjo;obimd-main-kzmitqixsp,src-obimd,licensed_for_repository,needs_human_component_review,2026-06-20
obs-comp-cand-001650,graphemic_component_candidate,corpus/003_graphemic-components/017_001601-001700_obs-comp-cand-bucket_component-candidates/1650_obs-comp-cand-001650_obimd-sub-kdo5ozx6cw_component-candidate,obimd-sub-kdo5ozx6cw,obimd-sub-kdo5ozx6cw;obimd-main-kdo5ozx6cw,src-obimd,licensed_for_repository,needs_human_component_review,2026-06-20
obs-comp-cand-001651,graphemic_component_candidate,corpus/003_graphemic-components/017_001601-001700_obs-comp-cand-bucket_component-candidates/1651_obs-comp-cand-001651_obimd-sub-g5mvfqpkyn_component-candidate,obimd-sub-g5mvfqpkyn,obimd-sub-g5mvfqpkyn;obimd-main-kdo5ozx6cw,src-obimd,licensed_for_repository,needs_human_component_review,2026-06-20
obs-comp-cand-001652,graphemic_component_candidate,corpus/003_graphemic-components/017_001601-001700_obs-comp-cand-bucket_component-candidates/1652_obs-comp-cand-001652_obimd-sub-ahpipvmufk_component-candidate,obimd-sub-ahpipvmufk,obimd-sub-ahpipvmufk;obimd-main-ahpipvmufk,src-obimd,licensed_for_repository,needs_human_component_review,2026-06-20
obs-comp-cand-001653,graphemic_component_candidate,corpus/003_graphemic-components/017_001601-001700_obs-comp-cand-bucket_component-candidates/1653_obs-comp-cand-001653_obimd-sub-ojtpg03v54_component-candidate,obimd-sub-ojtpg03v54,obimd-sub-ojtpg03v54;obimd-main-ojtpg03v54,src-obimd,licensed_for_repository,needs_human_component_review,2026-06-20
obs-comp-cand-001654,graphemic_component_candidate,corpus/003_graphemic-components/017_001601-001700_obs-comp-cand-bucket_component-candidates/1654_obs-comp-cand-001654_obimd-sub-xe5j0rm6ao_component-candidate,obimd-sub-xe5j0rm6ao,obimd-sub-xe5j0rm6ao;obimd-main-xe5j0rm6ao,src-obimd,licensed_for_repository,needs_human_component_review,2026-06-20
obs-comp-cand-001655,graphemic_component_candidate,corpus/003_graphemic-components/017_001601-001700_obs-comp-cand-bucket_component-candidates/1655_obs-comp-cand-001655_obimd-sub-kaphcsr49z_component-candidate,obimd-sub-kaphcsr49z,obimd-sub-kaphcsr49z;obimd-main-xe5j0rm6ao,src-obimd,licensed_for_repository,needs_human_component_review,2026-06-20
obs-comp-cand-001656,graphemic_component_candidate,corpus/003_graphemic-components/017_001601-001700_obs-comp-cand-bucket_component-candidates/1656_obs-comp-cand-001656_obimd-sub-r26j6lro1i_component-candidate,obimd-sub-r26j6lro1i,obimd-sub-r26j6lro1i;obimd-main-r26j6lro1i,src-obimd,licensed_for_repository,needs_human_component_review,2026-06-20
obs-comp-cand-001657,graphemic_component_candidate,corpus/003_graphemic-components/017_001601-001700_obs-comp-cand-bucket_component-candidates/1657_obs-comp-cand-001657_obimd-sub-d4shm13fe5_component-candidate,obimd-sub-d4shm13fe5,obimd-sub-d4shm13fe5;obimd-main-r26j6lro1i,src-obimd,licensed_for_repository,needs_human_component_review,2026-06-20
obs-comp-cand-001658,graphemic_component_candidate,corpus/003_graphemic-components/017_001601-001700_obs-comp-cand-bucket_component-candidates/1658_obs-comp-cand-001658_obimd-sub-vohpf8t78r_component-candidate,obimd-sub-vohpf8t78r,obimd-sub-vohpf8t78r;obimd-main-r26j6lro1i,src-obimd,licensed_for_repository,needs_human_component_review,2026-06-20
obs-comp-cand-001659,graphemic_component_candidate,corpus/003_graphemic-components/017_001601-001700_obs-comp-cand-bucket_component-candidates/1659_obs-comp-cand-001659_obimd-sub-81k3ssygt1_component-candidate,obimd-sub-81k3ssygt1,obimd-sub-81k3ssygt1;obimd-main-81k3ssygt1,src-obimd,licensed_for_repository,needs_human_component_review,2026-06-20
obs-comp-cand-001660,graphemic_component_candidate,corpus/003_graphemic-components/017_001601-001700_obs-comp-cand-bucket_component-candidates/1660_obs-comp-cand-001660_obimd-sub-b1ljeixboc_component-candidate,obimd-sub-b1ljeixboc,obimd-sub-b1ljeixboc;obimd-main-81k3ssygt1,src-obimd,licensed_for_repository,needs_human_component_review,2026-06-20
obs-comp-cand-001661,graphemic_component_candidate,corpus/003_graphemic-components/017_001601-001700_obs-comp-cand-bucket_component-candidates/1661_obs-comp-cand-001661_obimd-sub-g0o67a8jpy_component-candidate,obimd-sub-g0o67a8jpy,obimd-sub-g0o67a8jpy;obimd-main-g0o67a8jpy,src-obimd,licensed_for_repository,needs_human_component_review,2026-06-20
obs-comp-cand-001662,graphemic_component_candidate,corpus/003_graphemic-components/017_001601-001700_obs-comp-cand-bucket_component-candidates/1662_obs-comp-cand-001662_obimd-sub-xowmsv7xvp_component-candidate,obimd-sub-xowmsv7xvp,obimd-sub-xowmsv7xvp;obimd-main-xowmsv7xvp,src-obimd,licensed_for_repository,needs_human_component_review,2026-06-20
obs-comp-cand-001663,graphemic_component_candidate,corpus/003_graphemic-components/017_001601-001700_obs-comp-cand-bucket_component-candidates/1663_obs-comp-cand-001663_obimd-sub-1w98cgnanq_component-candidate,obimd-sub-1w98cgnanq,obimd-sub-1w98cgnanq;obimd-main-1w98cgnanq,src-obimd,licensed_for_repository,needs_human_component_review,2026-06-20
obs-comp-cand-001664,graphemic_component_candidate,corpus/003_graphemic-components/017_001601-001700_obs-comp-cand-bucket_component-candidates/1664_obs-comp-cand-001664_obimd-sub-ix033niy64_component-candidate,obimd-sub-ix033niy64,obimd-sub-ix033niy64;obimd-main-ix033niy64,src-obimd,licensed_for_repository,needs_human_component_review,2026-06-20
obs-comp-cand-001665,graphemic_component_candidate,corpus/003_graphemic-components/017_001601-001700_obs-comp-cand-bucket_component-candidates/1665_obs-comp-cand-001665_obimd-sub-efgs491edx_component-candidate,obimd-sub-efgs491edx,obimd-sub-efgs491edx;obimd-main-efgs491edx,src-obimd,licensed_for_repository,needs_human_component_review,2026-06-20
obs-comp-cand-001666,graphemic_component_candidate,corpus/003_graphemic-components/017_001601-001700_obs-comp-cand-bucket_component-candidates/1666_obs-comp-cand-001666_obimd-sub-k9ucte506p_component-candidate,obimd-sub-k9ucte506p,obimd-sub-k9ucte506p;obimd-main-efgs491edx,src-obimd,licensed_for_repository,needs_human_component_review,2026-06-20
obs-comp-cand-001667,graphemic_component_candidate,corpus/003_graphemic-components/017_001601-001700_obs-comp-cand-bucket_component-candidates/1667_obs-comp-cand-001667_obimd-sub-uhz6qrd2d9_component-candidate,obimd-sub-uhz6qrd2d9,obimd-sub-uhz6qrd2d9;obimd-main-uhz6qrd2d9,src-obimd,licensed_for_repository,needs_human_component_review,2026-06-20
obs-comp-cand-001668,graphemic_component_candidate,corpus/003_graphemic-components/017_001601-001700_obs-comp-cand-bucket_component-candidates/1668_obs-comp-cand-001668_obimd-sub-6m2fhuraxn_component-candidate,obimd-sub-6m2fhuraxn,obimd-sub-6m2fhuraxn;obimd-main-uhz6qrd2d9,src-obimd,licensed_for_repository,needs_human_component_review,2026-06-20
obs-comp-cand-001669,graphemic_component_candidate,corpus/003_graphemic-components/017_001601-001700_obs-comp-cand-bucket_component-candidates/1669_obs-comp-cand-001669_obimd-sub-cixqnyxp9v_component-candidate,obimd-sub-cixqnyxp9v,obimd-sub-cixqnyxp9v;obimd-main-cixqnyxp9v,src-obimd,licensed_for_repository,needs_human_component_review,2026-06-20
obs-comp-cand-001670,graphemic_component_candidate,corpus/003_graphemic-components/017_001601-001700_obs-comp-cand-bucket_component-candidates/1670_obs-comp-cand-001670_obimd-sub-ki5ox0jyx5_component-candidate,obimd-sub-ki5ox0jyx5,obimd-sub-ki5ox0jyx5;obimd-main-cixqnyxp9v,src-obimd,licensed_for_repository,needs_human_component_review,2026-06-20
obs-comp-cand-001671,graphemic_component_candidate,corpus/003_graphemic-components/017_001601-001700_obs-comp-cand-bucket_component-candidates/1671_obs-comp-cand-001671_obimd-sub-ww3br4ay1g_component-candidate,obimd-sub-ww3br4ay1g,obimd-sub-ww3br4ay1g;obimd-main-cixqnyxp9v,src-obimd,licensed_for_repository,needs_human_component_review,2026-06-20
obs-comp-cand-001672,graphemic_component_candidate,corpus/003_graphemic-components/017_001601-001700_obs-comp-cand-bucket_component-candidates/1672_obs-comp-cand-001672_obimd-sub-2oxz158at6_component-candidate,obimd-sub-2oxz158at6,obimd-sub-2oxz158at6;obimd-main-cixqnyxp9v,src-obimd,licensed_for_repository,needs_human_component_review,2026-06-20
obs-comp-cand-001673,graphemic_component_candidate,corpus/003_graphemic-components/017_001601-001700_obs-comp-cand-bucket_component-candidates/1673_obs-comp-cand-001673_obimd-sub-gzsa71t9n7_component-candidate,obimd-sub-gzsa71t9n7,obimd-sub-gzsa71t9n7;obimd-main-cixqnyxp9v,src-obimd,licensed_for_repository,needs_human_component_review,2026-06-20
obs-comp-cand-001674,graphemic_component_candidate,corpus/003_graphemic-components/017_001601-001700_obs-comp-cand-bucket_component-candidates/1674_obs-comp-cand-001674_obimd-sub-m36a7o6vyn_component-candidate,obimd-sub-m36a7o6vyn,obimd-sub-m36a7o6vyn;obimd-main-cixqnyxp9v,src-obimd,licensed_for_repository,needs_human_component_review,2026-06-20
obs-comp-cand-001675,graphemic_component_candidate,corpus/003_graphemic-components/017_001601-001700_obs-comp-cand-bucket_component-candidates/1675_obs-comp-cand-001675_obimd-sub-tx1j7svgq7_component-candidate,obimd-sub-tx1j7svgq7,obimd-sub-tx1j7svgq7;obimd-main-cixqnyxp9v,src-obimd,licensed_for_repository,needs_human_component_review,2026-06-20
obs-comp-cand-001676,graphemic_component_candidate,corpus/003_graphemic-components/017_001601-001700_obs-comp-cand-bucket_component-candidates/1676_obs-comp-cand-001676_obimd-sub-iq9fo1k5yh_component-candidate,obimd-sub-iq9fo1k5yh,obimd-sub-iq9fo1k5yh;obimd-main-cixqnyxp9v,src-obimd,licensed_for_repository,needs_human_component_review,2026-06-20
obs-comp-cand-001677,graphemic_component_candidate,corpus/003_graphemic-components/017_001601-001700_obs-comp-cand-bucket_component-candidates/1677_obs-comp-cand-001677_obimd-sub-q4lcq8nk8d_component-candidate,obimd-sub-q4lcq8nk8d,obimd-sub-q4lcq8nk8d;obimd-main-cixqnyxp9v,src-obimd,licensed_for_repository,needs_human_component_review,2026-06-20
obs-comp-cand-001678,graphemic_component_candidate,corpus/003_graphemic-components/017_001601-001700_obs-comp-cand-bucket_component-candidates/1678_obs-comp-cand-001678_obimd-sub-rieg6lacvu_component-candidate,obimd-sub-rieg6lacvu,obimd-sub-rieg6lacvu;obimd-main-a0xx5u34nm,src-obimd,licensed_for_repository,needs_human_component_review,2026-06-20
obs-comp-cand-001679,graphemic_component_candidate,corpus/003_graphemic-components/017_001601-001700_obs-comp-cand-bucket_component-candidates/1679_obs-comp-cand-001679_obimd-sub-4ajupa7tdw_component-candidate,obimd-sub-4ajupa7tdw,obimd-sub-4ajupa7tdw;obimd-main-a0xx5u34nm,src-obimd,licensed_for_repository,needs_human_component_review,2026-06-20
obs-comp-cand-001680,graphemic_component_candidate,corpus/003_graphemic-components/017_001601-001700_obs-comp-cand-bucket_component-candidates/1680_obs-comp-cand-001680_obimd-sub-gql2rt9shh_component-candidate,obimd-sub-gql2rt9shh,obimd-sub-gql2rt9shh;obimd-main-a0xx5u34nm,src-obimd,licensed_for_repository,needs_human_component_review,2026-06-20
obs-comp-cand-001681,graphemic_component_candidate,corpus/003_graphemic-components/017_001601-001700_obs-comp-cand-bucket_component-candidates/1681_obs-comp-cand-001681_obimd-sub-ca4qjwujep_component-candidate,obimd-sub-ca4qjwujep,obimd-sub-ca4qjwujep;obimd-main-a0xx5u34nm,src-obimd,licensed_for_repository,needs_human_component_review,2026-06-20
obs-comp-cand-001682,graphemic_component_candidate,corpus/003_graphemic-components/017_001601-001700_obs-comp-cand-bucket_component-candidates/1682_obs-comp-cand-001682_obimd-sub-dljr7e3ubv_component-candidate,obimd-sub-dljr7e3ubv,obimd-sub-dljr7e3ubv;obimd-main-dljr7e3ubv,src-obimd,licensed_for_repository,needs_human_component_review,2026-06-20
obs-comp-cand-001683,graphemic_component_candidate,corpus/003_graphemic-components/017_001601-001700_obs-comp-cand-bucket_component-candidates/1683_obs-comp-cand-001683_obimd-sub-o3bsvqjwn2_component-candidate,obimd-sub-o3bsvqjwn2,obimd-sub-o3bsvqjwn2;obimd-main-dljr7e3ubv,src-obimd,licensed_for_repository,needs_human_component_review,2026-06-20
obs-comp-cand-001684,graphemic_component_candidate,corpus/003_graphemic-components/017_001601-001700_obs-comp-cand-bucket_component-candidates/1684_obs-comp-cand-001684_obimd-sub-g8fzkhzlvg_component-candidate,obimd-sub-g8fzkhzlvg,obimd-sub-g8fzkhzlvg;obimd-main-g8fzkhzlvg,src-obimd,licensed_for_repository,needs_human_component_review,2026-06-20
obs-comp-cand-001685,graphemic_component_candidate,corpus/003_graphemic-components/017_001601-001700_obs-comp-cand-bucket_component-candidates/1685_obs-comp-cand-001685_obimd-sub-88n7gfxlqz_component-candidate,obimd-sub-88n7gfxlqz,obimd-sub-88n7gfxlqz;obimd-main-88n7gfxlqz,src-obimd,licensed_for_repository,needs_human_component_review,2026-06-20
obs-comp-cand-001686,graphemic_component_candidate,corpus/003_graphemic-components/017_001601-001700_obs-comp-cand-bucket_component-candidates/1686_obs-comp-cand-001686_obimd-sub-pzuji4u0at_component-candidate,obimd-sub-pzuji4u0at,obimd-sub-pzuji4u0at;obimd-main-pzuji4u0at,src-obimd,licensed_for_repository,needs_human_component_review,2026-06-20
obs-comp-cand-001687,graphemic_component_candidate,corpus/003_graphemic-components/017_001601-001700_obs-comp-cand-bucket_component-candidates/1687_obs-comp-cand-001687_obimd-sub-587vsj71cs_component-candidate,obimd-sub-587vsj71cs,obimd-sub-587vsj71cs;obimd-main-587vsj71cs,src-obimd,licensed_for_repository,needs_human_component_review,2026-06-20
obs-comp-cand-001688,graphemic_component_candidate,corpus/003_graphemic-components/017_001601-001700_obs-comp-cand-bucket_component-candidates/1688_obs-comp-cand-001688_obimd-sub-kk9zxal8u7_component-candidate,obimd-sub-kk9zxal8u7,obimd-sub-kk9zxal8u7;obimd-main-kk9zxal8u7,src-obimd,licensed_for_repository,needs_human_component_review,2026-06-20
obs-comp-cand-001689,graphemic_component_candidate,corpus/003_graphemic-components/017_001601-001700_obs-comp-cand-bucket_component-candidates/1689_obs-comp-cand-001689_obimd-sub-adxcinr4w0_component-candidate,obimd-sub-adxcinr4w0,obimd-sub-adxcinr4w0;obimd-main-kk9zxal8u7,src-obimd,licensed_for_repository,needs_human_component_review,2026-06-20
obs-comp-cand-001690,graphemic_component_candidate,corpus/003_graphemic-components/017_001601-001700_obs-comp-cand-bucket_component-candidates/1690_obs-comp-cand-001690_obimd-sub-w06mzbrv69_component-candidate,obimd-sub-w06mzbrv69,obimd-sub-w06mzbrv69;obimd-main-w06mzbrv69,src-obimd,licensed_for_repository,needs_human_component_review,2026-06-20
obs-comp-cand-001691,graphemic_component_candidate,corpus/003_graphemic-components/017_001601-001700_obs-comp-cand-bucket_component-candidates/1691_obs-comp-cand-001691_obimd-sub-q6k9ecqdyh_component-candidate,obimd-sub-q6k9ecqdyh,obimd-sub-q6k9ecqdyh;obimd-main-sawqk4xfna,src-obimd,licensed_for_repository,needs_human_component_review,2026-06-20
obs-comp-cand-001692,graphemic_component_candidate,corpus/003_graphemic-components/017_001601-001700_obs-comp-cand-bucket_component-candidates/1692_obs-comp-cand-001692_obimd-sub-3eorzalgl4_component-candidate,obimd-sub-3eorzalgl4,obimd-sub-3eorzalgl4;obimd-main-3eorzalgl4,src-obimd,licensed_for_repository,needs_human_component_review,2026-06-20
obs-comp-cand-001693,graphemic_component_candidate,corpus/003_graphemic-components/017_001601-001700_obs-comp-cand-bucket_component-candidates/1693_obs-comp-cand-001693_obimd-sub-hxnj2w7985_component-candidate,obimd-sub-hxnj2w7985,obimd-sub-hxnj2w7985;obimd-main-3eorzalgl4,src-obimd,licensed_for_repository,needs_human_component_review,2026-06-20
obs-comp-cand-001694,graphemic_component_candidate,corpus/003_graphemic-components/017_001601-001700_obs-comp-cand-bucket_component-candidates/1694_obs-comp-cand-001694_obimd-sub-gx8mkyjipz_component-candidate,obimd-sub-gx8mkyjipz,obimd-sub-gx8mkyjipz;obimd-main-3eorzalgl4,src-obimd,licensed_for_repository,needs_human_component_review,2026-06-20
obs-comp-cand-001695,graphemic_component_candidate,corpus/003_graphemic-components/017_001601-001700_obs-comp-cand-bucket_component-candidates/1695_obs-comp-cand-001695_obimd-sub-8f8jpuogyx_component-candidate,obimd-sub-8f8jpuogyx,obimd-sub-8f8jpuogyx;obimd-main-3eorzalgl4,src-obimd,licensed_for_repository,needs_human_component_review,2026-06-20
obs-comp-cand-001696,graphemic_component_candidate,corpus/003_graphemic-components/017_001601-001700_obs-comp-cand-bucket_component-candidates/1696_obs-comp-cand-001696_obimd-sub-tp35ajzbj3_component-candidate,obimd-sub-tp35ajzbj3,obimd-sub-tp35ajzbj3;obimd-main-3eorzalgl4,src-obimd,licensed_for_repository,needs_human_component_review,2026-06-20
obs-comp-cand-001697,graphemic_component_candidate,corpus/003_graphemic-components/017_001601-001700_obs-comp-cand-bucket_component-candidates/1697_obs-comp-cand-001697_obimd-sub-r90d2o0i9y_component-candidate,obimd-sub-r90d2o0i9y,obimd-sub-r90d2o0i9y;obimd-main-r90d2o0i9y,src-obimd,licensed_for_repository,needs_human_component_review,2026-06-20
obs-comp-cand-001698,graphemic_component_candidate,corpus/003_graphemic-components/017_001601-001700_obs-comp-cand-bucket_component-candidates/1698_obs-comp-cand-001698_obimd-sub-oqrg8z2b35_component-candidate,obimd-sub-oqrg8z2b35,obimd-sub-oqrg8z2b35;obimd-main-r90d2o0i9y,src-obimd,licensed_for_repository,needs_human_component_review,2026-06-20
obs-comp-cand-001699,graphemic_component_candidate,corpus/003_graphemic-components/017_001601-001700_obs-comp-cand-bucket_component-candidates/1699_obs-comp-cand-001699_obimd-sub-ks7w8e60q3_component-candidate,obimd-sub-ks7w8e60q3,obimd-sub-ks7w8e60q3;obimd-main-ks7w8e60q3,src-obimd,licensed_for_repository,needs_human_component_review,2026-06-20
obs-comp-cand-001700,graphemic_component_candidate,corpus/003_graphemic-components/017_001601-001700_obs-comp-cand-bucket_component-candidates/1700_obs-comp-cand-001700_obimd-sub-wi0uh5qcva_component-candidate,obimd-sub-wi0uh5qcva,obimd-sub-wi0uh5qcva;obimd-main-ks7w8e60q3,src-obimd,licensed_for_repository,needs_human_component_review,2026-06-20
obs-comp-cand-001701,graphemic_component_candidate,corpus/003_graphemic-components/018_001701-001800_obs-comp-cand-bucket_component-candidates/1701_obs-comp-cand-001701_obimd-sub-0vi83yha8h_component-candidate,obimd-sub-0vi83yha8h,obimd-sub-0vi83yha8h;obimd-main-0vi83yha8h,src-obimd,licensed_for_repository,needs_human_component_review,2026-06-20
obs-comp-cand-001702,graphemic_component_candidate,corpus/003_graphemic-components/018_001701-001800_obs-comp-cand-bucket_component-candidates/1702_obs-comp-cand-001702_obimd-sub-sxti3h7pb4_component-candidate,obimd-sub-sxti3h7pb4,obimd-sub-sxti3h7pb4;obimd-main-ebehpv21xt,src-obimd,licensed_for_repository,needs_human_component_review,2026-06-20
obs-comp-cand-001703,graphemic_component_candidate,corpus/003_graphemic-components/018_001701-001800_obs-comp-cand-bucket_component-candidates/1703_obs-comp-cand-001703_obimd-sub-i72bd4i3o5_component-candidate,obimd-sub-i72bd4i3o5,obimd-sub-i72bd4i3o5;obimd-main-i72bd4i3o5,src-obimd,licensed_for_repository,needs_human_component_review,2026-06-20
obs-comp-cand-001704,graphemic_component_candidate,corpus/003_graphemic-components/018_001701-001800_obs-comp-cand-bucket_component-candidates/1704_obs-comp-cand-001704_obimd-sub-w4mg32kjp4_component-candidate,obimd-sub-w4mg32kjp4,obimd-sub-w4mg32kjp4;obimd-main-w4mg32kjp4,src-obimd,licensed_for_repository,needs_human_component_review,2026-06-20
obs-comp-cand-001705,graphemic_component_candidate,corpus/003_graphemic-components/018_001701-001800_obs-comp-cand-bucket_component-candidates/1705_obs-comp-cand-001705_obimd-sub-zeepyl418j_component-candidate,obimd-sub-zeepyl418j,obimd-sub-zeepyl418j;obimd-main-w4mg32kjp4,src-obimd,licensed_for_repository,needs_human_component_review,2026-06-20
obs-comp-cand-001706,graphemic_component_candidate,corpus/003_graphemic-components/018_001701-001800_obs-comp-cand-bucket_component-candidates/1706_obs-comp-cand-001706_obimd-sub-ehm4tsgy3j_component-candidate,obimd-sub-ehm4tsgy3j,obimd-sub-ehm4tsgy3j;obimd-main-w4mg32kjp4,src-obimd,licensed_for_repository,needs_human_component_review,2026-06-20
obs-comp-cand-001707,graphemic_component_candidate,corpus/003_graphemic-components/018_001701-001800_obs-comp-cand-bucket_component-candidates/1707_obs-comp-cand-001707_obimd-sub-a8elhmm5hp_component-candidate,obimd-sub-a8elhmm5hp,obimd-sub-a8elhmm5hp;obimd-main-w4mg32kjp4,src-obimd,licensed_for_repository,needs_human_component_review,2026-06-20
obs-comp-cand-001708,graphemic_component_candidate,corpus/003_graphemic-components/018_001701-001800_obs-comp-cand-bucket_component-candidates/1708_obs-comp-cand-001708_obimd-sub-s1n3ksksbg_component-candidate,obimd-sub-s1n3ksksbg,obimd-sub-s1n3ksksbg;obimd-main-s1n3ksksbg,src-obimd,licensed_for_repository,needs_human_component_review,2026-06-20
obs-comp-cand-001709,graphemic_component_candidate,corpus/003_graphemic-components/018_001701-001800_obs-comp-cand-bucket_component-candidates/1709_obs-comp-cand-001709_obimd-sub-d7b90j3d04_component-candidate,obimd-sub-d7b90j3d04,obimd-sub-d7b90j3d04;obimd-main-d7b90j3d04,src-obimd,licensed_for_repository,needs_human_component_review,2026-06-20
obs-comp-cand-001710,graphemic_component_candidate,corpus/003_graphemic-components/018_001701-001800_obs-comp-cand-bucket_component-candidates/1710_obs-comp-cand-001710_obimd-sub-94cjz9jg9y_component-candidate,obimd-sub-94cjz9jg9y,obimd-sub-94cjz9jg9y;obimd-main-94cjz9jg9y,src-obimd,licensed_for_repository,needs_human_component_review,2026-06-20
obs-comp-cand-001711,graphemic_component_candidate,corpus/003_graphemic-components/018_001701-001800_obs-comp-cand-bucket_component-candidates/1711_obs-comp-cand-001711_obimd-sub-ny2e8bby33_component-candidate,obimd-sub-ny2e8bby33,obimd-sub-ny2e8bby33;obimd-main-ny2e8bby33,src-obimd,licensed_for_repository,needs_human_component_review,2026-06-20
obs-comp-cand-001712,graphemic_component_candidate,corpus/003_graphemic-components/018_001701-001800_obs-comp-cand-bucket_component-candidates/1712_obs-comp-cand-001712_obimd-sub-i4jbxr3gd4_component-candidate,obimd-sub-i4jbxr3gd4,obimd-sub-i4jbxr3gd4;obimd-main-i4jbxr3gd4,src-obimd,licensed_for_repository,needs_human_component_review,2026-06-20
obs-comp-cand-001713,graphemic_component_candidate,corpus/003_graphemic-components/018_001701-001800_obs-comp-cand-bucket_component-candidates/1713_obs-comp-cand-001713_obimd-sub-pmwfonj2ag_component-candidate,obimd-sub-pmwfonj2ag,obimd-sub-pmwfonj2ag;obimd-main-pmwfonj2ag,src-obimd,licensed_for_repository,needs_human_component_review,2026-06-20
obs-comp-cand-001714,graphemic_component_candidate,corpus/003_graphemic-components/018_001701-001800_obs-comp-cand-bucket_component-candidates/1714_obs-comp-cand-001714_obimd-sub-r7o3rpnkqu_component-candidate,obimd-sub-r7o3rpnkqu,obimd-sub-r7o3rpnkqu;obimd-main-pmwfonj2ag,src-obimd,licensed_for_repository,needs_human_component_review,2026-06-20
obs-comp-cand-001715,graphemic_component_candidate,corpus/003_graphemic-components/018_001701-001800_obs-comp-cand-bucket_component-candidates/1715_obs-comp-cand-001715_obimd-sub-0kzlglkv4r_component-candidate,obimd-sub-0kzlglkv4r,obimd-sub-0kzlglkv4r;obimd-main-pmwfonj2ag,src-obimd,licensed_for_repository,needs_human_component_review,2026-06-20
obs-comp-cand-001716,graphemic_component_candidate,corpus/003_graphemic-components/018_001701-001800_obs-comp-cand-bucket_component-candidates/1716_obs-comp-cand-001716_obimd-sub-vgdnx3zrkn_component-candidate,obimd-sub-vgdnx3zrkn,obimd-sub-vgdnx3zrkn;obimd-main-vgdnx3zrkn,src-obimd,licensed_for_repository,needs_human_component_review,2026-06-20
obs-comp-cand-001717,graphemic_component_candidate,corpus/003_graphemic-components/018_001701-001800_obs-comp-cand-bucket_component-candidates/1717_obs-comp-cand-001717_obimd-sub-szf4w093rk_component-candidate,obimd-sub-szf4w093rk,obimd-sub-szf4w093rk;obimd-main-vgdnx3zrkn,src-obimd,licensed_for_repository,needs_human_component_review,2026-06-20
obs-comp-cand-001718,graphemic_component_candidate,corpus/003_graphemic-components/018_001701-001800_obs-comp-cand-bucket_component-candidates/1718_obs-comp-cand-001718_obimd-sub-du93rs9pec_component-candidate,obimd-sub-du93rs9pec,obimd-sub-du93rs9pec;obimd-main-du93rs9pec,src-obimd,licensed_for_repository,needs_human_component_review,2026-06-20
obs-comp-cand-001719,graphemic_component_candidate,corpus/003_graphemic-components/018_001701-001800_obs-comp-cand-bucket_component-candidates/1719_obs-comp-cand-001719_obimd-sub-u2bx2sw1bv_component-candidate,obimd-sub-u2bx2sw1bv,obimd-sub-u2bx2sw1bv;obimd-main-u2bx2sw1bv,src-obimd,licensed_for_repository,needs_human_component_review,2026-06-20
obs-comp-cand-001720,graphemic_component_candidate,corpus/003_graphemic-components/018_001701-001800_obs-comp-cand-bucket_component-candidates/1720_obs-comp-cand-001720_obimd-sub-fyihpr2f02_component-candidate,obimd-sub-fyihpr2f02,obimd-sub-fyihpr2f02;obimd-main-fyihpr2f02,src-obimd,licensed_for_repository,needs_human_component_review,2026-06-20
obs-comp-cand-001721,graphemic_component_candidate,corpus/003_graphemic-components/018_001701-001800_obs-comp-cand-bucket_component-candidates/1721_obs-comp-cand-001721_obimd-sub-9mg6ifqmny_component-candidate,obimd-sub-9mg6ifqmny,obimd-sub-9mg6ifqmny;obimd-main-9mg6ifqmny,src-obimd,licensed_for_repository,needs_human_component_review,2026-06-20
obs-comp-cand-001722,graphemic_component_candidate,corpus/003_graphemic-components/018_001701-001800_obs-comp-cand-bucket_component-candidates/1722_obs-comp-cand-001722_obimd-sub-axo9rd3i0x_component-candidate,obimd-sub-axo9rd3i0x,obimd-sub-axo9rd3i0x;obimd-main-9mg6ifqmny,src-obimd,licensed_for_repository,needs_human_component_review,2026-06-20
obs-comp-cand-001723,graphemic_component_candidate,corpus/003_graphemic-components/018_001701-001800_obs-comp-cand-bucket_component-candidates/1723_obs-comp-cand-001723_obimd-sub-fppjmg7fhh_component-candidate,obimd-sub-fppjmg7fhh,obimd-sub-fppjmg7fhh;obimd-main-fppjmg7fhh,src-obimd,licensed_for_repository,needs_human_component_review,2026-06-20
obs-comp-cand-001724,graphemic_component_candidate,corpus/003_graphemic-components/018_001701-001800_obs-comp-cand-bucket_component-candidates/1724_obs-comp-cand-001724_obimd-sub-tnwvrq73qx_component-candidate,obimd-sub-tnwvrq73qx,obimd-sub-tnwvrq73qx;obimd-main-tnwvrq73qx,src-obimd,licensed_for_repository,needs_human_component_review,2026-06-20
obs-comp-cand-001725,graphemic_component_candidate,corpus/003_graphemic-components/018_001701-001800_obs-comp-cand-bucket_component-candidates/1725_obs-comp-cand-001725_obimd-sub-e1w7ehl6a8_component-candidate,obimd-sub-e1w7ehl6a8,obimd-sub-e1w7ehl6a8;obimd-main-tnwvrq73qx,src-obimd,licensed_for_repository,needs_human_component_review,2026-06-20
obs-comp-cand-001726,graphemic_component_candidate,corpus/003_graphemic-components/018_001701-001800_obs-comp-cand-bucket_component-candidates/1726_obs-comp-cand-001726_obimd-sub-kkt3pdctdg_component-candidate,obimd-sub-kkt3pdctdg,obimd-sub-kkt3pdctdg;obimd-main-kkt3pdctdg,src-obimd,licensed_for_repository,needs_human_component_review,2026-06-20
obs-comp-cand-001727,graphemic_component_candidate,corpus/003_graphemic-components/018_001701-001800_obs-comp-cand-bucket_component-candidates/1727_obs-comp-cand-001727_obimd-sub-2vsix7bgfw_component-candidate,obimd-sub-2vsix7bgfw,obimd-sub-2vsix7bgfw;obimd-main-kkt3pdctdg,src-obimd,licensed_for_repository,needs_human_component_review,2026-06-20
obs-comp-cand-001728,graphemic_component_candidate,corpus/003_graphemic-components/018_001701-001800_obs-comp-cand-bucket_component-candidates/1728_obs-comp-cand-001728_obimd-sub-xeawj1t30j_component-candidate,obimd-sub-xeawj1t30j,obimd-sub-xeawj1t30j;obimd-main-xeawj1t30j,src-obimd,licensed_for_repository,needs_human_component_review,2026-06-20
obs-comp-cand-001729,graphemic_component_candidate,corpus/003_graphemic-components/018_001701-001800_obs-comp-cand-bucket_component-candidates/1729_obs-comp-cand-001729_obimd-sub-vgeul8n9jc_component-candidate,obimd-sub-vgeul8n9jc,obimd-sub-vgeul8n9jc;obimd-main-xeawj1t30j,src-obimd,licensed_for_repository,needs_human_component_review,2026-06-20
obs-comp-cand-001730,graphemic_component_candidate,corpus/003_graphemic-components/018_001701-001800_obs-comp-cand-bucket_component-candidates/1730_obs-comp-cand-001730_obimd-sub-ltl9j03vly_component-candidate,obimd-sub-ltl9j03vly,obimd-sub-ltl9j03vly;obimd-main-xeawj1t30j,src-obimd,licensed_for_repository,needs_human_component_review,2026-06-20
obs-comp-cand-001731,graphemic_component_candidate,corpus/003_graphemic-components/018_001701-001800_obs-comp-cand-bucket_component-candidates/1731_obs-comp-cand-001731_obimd-sub-xwtgxmbl9x_component-candidate,obimd-sub-xwtgxmbl9x,obimd-sub-xwtgxmbl9x;obimd-main-xeawj1t30j,src-obimd,licensed_for_repository,needs_human_component_review,2026-06-20
obs-comp-cand-001732,graphemic_component_candidate,corpus/003_graphemic-components/018_001701-001800_obs-comp-cand-bucket_component-candidates/1732_obs-comp-cand-001732_obimd-sub-l7cyvm7kbt_component-candidate,obimd-sub-l7cyvm7kbt,obimd-sub-l7cyvm7kbt;obimd-main-l7cyvm7kbt,src-obimd,licensed_for_repository,needs_human_component_review,2026-06-20
obs-comp-cand-001733,graphemic_component_candidate,corpus/003_graphemic-components/018_001701-001800_obs-comp-cand-bucket_component-candidates/1733_obs-comp-cand-001733_obimd-sub-tb3c6sp0mr_component-candidate,obimd-sub-tb3c6sp0mr,obimd-sub-tb3c6sp0mr;obimd-main-l7cyvm7kbt,src-obimd,licensed_for_repository,needs_human_component_review,2026-06-20
obs-comp-cand-001734,graphemic_component_candidate,corpus/003_graphemic-components/018_001701-001800_obs-comp-cand-bucket_component-candidates/1734_obs-comp-cand-001734_obimd-sub-3girn45lu1_component-candidate,obimd-sub-3girn45lu1,obimd-sub-3girn45lu1;obimd-main-l7cyvm7kbt,src-obimd,licensed_for_repository,needs_human_component_review,2026-06-20
obs-comp-cand-001735,graphemic_component_candidate,corpus/003_graphemic-components/018_001701-001800_obs-comp-cand-bucket_component-candidates/1735_obs-comp-cand-001735_obimd-sub-34rqb26qct_component-candidate,obimd-sub-34rqb26qct,obimd-sub-34rqb26qct;obimd-main-l7cyvm7kbt,src-obimd,licensed_for_repository,needs_human_component_review,2026-06-20
obs-comp-cand-001736,graphemic_component_candidate,corpus/003_graphemic-components/018_001701-001800_obs-comp-cand-bucket_component-candidates/1736_obs-comp-cand-001736_obimd-sub-iuzkqe17tf_component-candidate,obimd-sub-iuzkqe17tf,obimd-sub-iuzkqe17tf;obimd-main-iuzkqe17tf,src-obimd,licensed_for_repository,needs_human_component_review,2026-06-20
obs-comp-cand-001737,graphemic_component_candidate,corpus/003_graphemic-components/018_001701-001800_obs-comp-cand-bucket_component-candidates/1737_obs-comp-cand-001737_obimd-sub-2dhfv1barj_component-candidate,obimd-sub-2dhfv1barj,obimd-sub-2dhfv1barj;obimd-main-iuzkqe17tf,src-obimd,licensed_for_repository,needs_human_component_review,2026-06-20
obs-comp-cand-001738,graphemic_component_candidate,corpus/003_graphemic-components/018_001701-001800_obs-comp-cand-bucket_component-candidates/1738_obs-comp-cand-001738_obimd-sub-5yjwtgz6qk_component-candidate,obimd-sub-5yjwtgz6qk,obimd-sub-5yjwtgz6qk;obimd-main-iuzkqe17tf,src-obimd,licensed_for_repository,needs_human_component_review,2026-06-20
obs-comp-cand-001739,graphemic_component_candidate,corpus/003_graphemic-components/018_001701-001800_obs-comp-cand-bucket_component-candidates/1739_obs-comp-cand-001739_obimd-sub-0dthnyg16w_component-candidate,obimd-sub-0dthnyg16w,obimd-sub-0dthnyg16w;obimd-main-iuzkqe17tf,src-obimd,licensed_for_repository,needs_human_component_review,2026-06-20
obs-comp-cand-001740,graphemic_component_candidate,corpus/003_graphemic-components/018_001701-001800_obs-comp-cand-bucket_component-candidates/1740_obs-comp-cand-001740_obimd-sub-r8bdvyqe56_component-candidate,obimd-sub-r8bdvyqe56,obimd-sub-r8bdvyqe56;obimd-main-iuzkqe17tf,src-obimd,licensed_for_repository,needs_human_component_review,2026-06-20
obs-comp-cand-001741,graphemic_component_candidate,corpus/003_graphemic-components/018_001701-001800_obs-comp-cand-bucket_component-candidates/1741_obs-comp-cand-001741_obimd-sub-h4cvei8pel_component-candidate,obimd-sub-h4cvei8pel,obimd-sub-h4cvei8pel;obimd-main-iuzkqe17tf,src-obimd,licensed_for_repository,needs_human_component_review,2026-06-20
obs-comp-cand-001742,graphemic_component_candidate,corpus/003_graphemic-components/018_001701-001800_obs-comp-cand-bucket_component-candidates/1742_obs-comp-cand-001742_obimd-sub-fybnj2savm_component-candidate,obimd-sub-fybnj2savm,obimd-sub-fybnj2savm;obimd-main-fybnj2savm,src-obimd,licensed_for_repository,needs_human_component_review,2026-06-20
obs-comp-cand-001743,graphemic_component_candidate,corpus/003_graphemic-components/018_001701-001800_obs-comp-cand-bucket_component-candidates/1743_obs-comp-cand-001743_obimd-sub-lvgrvm4vun_component-candidate,obimd-sub-lvgrvm4vun,obimd-sub-lvgrvm4vun;obimd-main-fybnj2savm,src-obimd,licensed_for_repository,needs_human_component_review,2026-06-20
obs-comp-cand-001744,graphemic_component_candidate,corpus/003_graphemic-components/018_001701-001800_obs-comp-cand-bucket_component-candidates/1744_obs-comp-cand-001744_obimd-sub-4yc0s8k6ou_component-candidate,obimd-sub-4yc0s8k6ou,obimd-sub-4yc0s8k6ou;obimd-main-alc6eyehym,src-obimd,licensed_for_repository,needs_human_component_review,2026-06-20
obs-comp-cand-001745,graphemic_component_candidate,corpus/003_graphemic-components/018_001701-001800_obs-comp-cand-bucket_component-candidates/1745_obs-comp-cand-001745_obimd-sub-9oqm32g594_component-candidate,obimd-sub-9oqm32g594,obimd-sub-9oqm32g594;obimd-main-9oqm32g594,src-obimd,licensed_for_repository,needs_human_component_review,2026-06-20
obs-comp-cand-001746,graphemic_component_candidate,corpus/003_graphemic-components/018_001701-001800_obs-comp-cand-bucket_component-candidates/1746_obs-comp-cand-001746_obimd-sub-57qxiq8tsb_component-candidate,obimd-sub-57qxiq8tsb,obimd-sub-57qxiq8tsb;obimd-main-57qxiq8tsb,src-obimd,licensed_for_repository,needs_human_component_review,2026-06-20
obs-comp-cand-001747,graphemic_component_candidate,corpus/003_graphemic-components/018_001701-001800_obs-comp-cand-bucket_component-candidates/1747_obs-comp-cand-001747_obimd-sub-9nd2ajl4nx_component-candidate,obimd-sub-9nd2ajl4nx,obimd-sub-9nd2ajl4nx;obimd-main-9nd2ajl4nx,src-obimd,licensed_for_repository,needs_human_component_review,2026-06-20
obs-comp-cand-001748,graphemic_component_candidate,corpus/003_graphemic-components/018_001701-001800_obs-comp-cand-bucket_component-candidates/1748_obs-comp-cand-001748_obimd-sub-7wp6czwrw0_component-candidate,obimd-sub-7wp6czwrw0,obimd-sub-7wp6czwrw0;obimd-main-7wp6czwrw0,src-obimd,licensed_for_repository,needs_human_component_review,2026-06-20
obs-comp-cand-001749,graphemic_component_candidate,corpus/003_graphemic-components/018_001701-001800_obs-comp-cand-bucket_component-candidates/1749_obs-comp-cand-001749_obimd-sub-h8b8jxgieq_component-candidate,obimd-sub-h8b8jxgieq,obimd-sub-h8b8jxgieq;obimd-main-7wp6czwrw0,src-obimd,licensed_for_repository,needs_human_component_review,2026-06-20
obs-comp-cand-001750,graphemic_component_candidate,corpus/003_graphemic-components/018_001701-001800_obs-comp-cand-bucket_component-candidates/1750_obs-comp-cand-001750_obimd-sub-8sxuwvgo44_component-candidate,obimd-sub-8sxuwvgo44,obimd-sub-8sxuwvgo44;obimd-main-8sxuwvgo44,src-obimd,licensed_for_repository,needs_human_component_review,2026-06-20
obs-comp-cand-001751,graphemic_component_candidate,corpus/003_graphemic-components/018_001701-001800_obs-comp-cand-bucket_component-candidates/1751_obs-comp-cand-001751_obimd-sub-2sxbksrwvb_component-candidate,obimd-sub-2sxbksrwvb,obimd-sub-2sxbksrwvb;obimd-main-2sxbksrwvb,src-obimd,licensed_for_repository,needs_human_component_review,2026-06-20
obs-comp-cand-001752,graphemic_component_candidate,corpus/003_graphemic-components/018_001701-001800_obs-comp-cand-bucket_component-candidates/1752_obs-comp-cand-001752_obimd-sub-ea22soll93_component-candidate,obimd-sub-ea22soll93,obimd-sub-ea22soll93;obimd-main-ea22soll93,src-obimd,licensed_for_repository,needs_human_component_review,2026-06-20
obs-comp-cand-001753,graphemic_component_candidate,corpus/003_graphemic-components/018_001701-001800_obs-comp-cand-bucket_component-candidates/1753_obs-comp-cand-001753_obimd-sub-0h1vf0twxr_component-candidate,obimd-sub-0h1vf0twxr,obimd-sub-0h1vf0twxr;obimd-main-0h1vf0twxr,src-obimd,licensed_for_repository,needs_human_component_review,2026-06-20
obs-comp-cand-001754,graphemic_component_candidate,corpus/003_graphemic-components/018_001701-001800_obs-comp-cand-bucket_component-candidates/1754_obs-comp-cand-001754_obimd-sub-3bbt8l4z88_component-candidate,obimd-sub-3bbt8l4z88,obimd-sub-3bbt8l4z88;obimd-main-0h1vf0twxr,src-obimd,licensed_for_repository,needs_human_component_review,2026-06-20
obs-comp-cand-001755,graphemic_component_candidate,corpus/003_graphemic-components/018_001701-001800_obs-comp-cand-bucket_component-candidates/1755_obs-comp-cand-001755_obimd-sub-qtih3ae3j0_component-candidate,obimd-sub-qtih3ae3j0,obimd-sub-qtih3ae3j0;obimd-main-qtih3ae3j0,src-obimd,licensed_for_repository,needs_human_component_review,2026-06-20
obs-comp-cand-001756,graphemic_component_candidate,corpus/003_graphemic-components/018_001701-001800_obs-comp-cand-bucket_component-candidates/1756_obs-comp-cand-001756_obimd-sub-94zt6dsmdc_component-candidate,obimd-sub-94zt6dsmdc,obimd-sub-94zt6dsmdc;obimd-main-94zt6dsmdc,src-obimd,licensed_for_repository,needs_human_component_review,2026-06-20
obs-comp-cand-001757,graphemic_component_candidate,corpus/003_graphemic-components/018_001701-001800_obs-comp-cand-bucket_component-candidates/1757_obs-comp-cand-001757_obimd-sub-n3yt7xt78d_component-candidate,obimd-sub-n3yt7xt78d,obimd-sub-n3yt7xt78d;obimd-main-n3yt7xt78d,src-obimd,licensed_for_repository,needs_human_component_review,2026-06-20
obs-comp-cand-001758,graphemic_component_candidate,corpus/003_graphemic-components/018_001701-001800_obs-comp-cand-bucket_component-candidates/1758_obs-comp-cand-001758_obimd-sub-hu47oaqoqg_component-candidate,obimd-sub-hu47oaqoqg,obimd-sub-hu47oaqoqg;obimd-main-hu47oaqoqg,src-obimd,licensed_for_repository,needs_human_component_review,2026-06-20
obs-comp-cand-001759,graphemic_component_candidate,corpus/003_graphemic-components/018_001701-001800_obs-comp-cand-bucket_component-candidates/1759_obs-comp-cand-001759_obimd-sub-k8y3tjhoo2_component-candidate,obimd-sub-k8y3tjhoo2,obimd-sub-k8y3tjhoo2;obimd-main-cr5nhxdhbt,src-obimd,licensed_for_repository,needs_human_component_review,2026-06-20
obs-comp-cand-001760,graphemic_component_candidate,corpus/003_graphemic-components/018_001701-001800_obs-comp-cand-bucket_component-candidates/1760_obs-comp-cand-001760_obimd-sub-3pxv9b9g5a_component-candidate,obimd-sub-3pxv9b9g5a,obimd-sub-3pxv9b9g5a;obimd-main-cr5nhxdhbt,src-obimd,licensed_for_repository,needs_human_component_review,2026-06-20
obs-comp-cand-001761,graphemic_component_candidate,corpus/003_graphemic-components/018_001701-001800_obs-comp-cand-bucket_component-candidates/1761_obs-comp-cand-001761_obimd-sub-oho66symg6_component-candidate,obimd-sub-oho66symg6,obimd-sub-oho66symg6;obimd-main-oho66symg6,src-obimd,licensed_for_repository,needs_human_component_review,2026-06-20
obs-comp-cand-001762,graphemic_component_candidate,corpus/003_graphemic-components/018_001701-001800_obs-comp-cand-bucket_component-candidates/1762_obs-comp-cand-001762_obimd-sub-dc91rn89ol_component-candidate,obimd-sub-dc91rn89ol,obimd-sub-dc91rn89ol;obimd-main-oho66symg6,src-obimd,licensed_for_repository,needs_human_component_review,2026-06-20
obs-comp-cand-001763,graphemic_component_candidate,corpus/003_graphemic-components/018_001701-001800_obs-comp-cand-bucket_component-candidates/1763_obs-comp-cand-001763_obimd-sub-xwmrgwb38v_component-candidate,obimd-sub-xwmrgwb38v,obimd-sub-xwmrgwb38v;obimd-main-xwmrgwb38v,src-obimd,licensed_for_repository,needs_human_component_review,2026-06-20
obs-comp-cand-001764,graphemic_component_candidate,corpus/003_graphemic-components/018_001701-001800_obs-comp-cand-bucket_component-candidates/1764_obs-comp-cand-001764_obimd-sub-gyrhryqj34_component-candidate,obimd-sub-gyrhryqj34,obimd-sub-gyrhryqj34;obimd-main-gyrhryqj34,src-obimd,licensed_for_repository,needs_human_component_review,2026-06-20
obs-comp-cand-001765,graphemic_component_candidate,corpus/003_graphemic-components/018_001701-001800_obs-comp-cand-bucket_component-candidates/1765_obs-comp-cand-001765_obimd-sub-4ekh2060rm_component-candidate,obimd-sub-4ekh2060rm,obimd-sub-4ekh2060rm;obimd-main-2e25hd29uu,src-obimd,licensed_for_repository,needs_human_component_review,2026-06-20
obs-comp-cand-001766,graphemic_component_candidate,corpus/003_graphemic-components/018_001701-001800_obs-comp-cand-bucket_component-candidates/1766_obs-comp-cand-001766_obimd-sub-ytvfk53ys4_component-candidate,obimd-sub-ytvfk53ys4,obimd-sub-ytvfk53ys4;obimd-main-ytvfk53ys4,src-obimd,licensed_for_repository,needs_human_component_review,2026-06-20
obs-comp-cand-001767,graphemic_component_candidate,corpus/003_graphemic-components/018_001701-001800_obs-comp-cand-bucket_component-candidates/1767_obs-comp-cand-001767_obimd-sub-04jb55nlsh_component-candidate,obimd-sub-04jb55nlsh,obimd-sub-04jb55nlsh;obimd-main-04jb55nlsh,src-obimd,licensed_for_repository,needs_human_component_review,2026-06-20
obs-comp-cand-001768,graphemic_component_candidate,corpus/003_graphemic-components/018_001701-001800_obs-comp-cand-bucket_component-candidates/1768_obs-comp-cand-001768_obimd-sub-fnjcb80c17_component-candidate,obimd-sub-fnjcb80c17,obimd-sub-fnjcb80c17;obimd-main-soaedltvjs,src-obimd,licensed_for_repository,needs_human_component_review,2026-06-20
obs-comp-cand-001769,graphemic_component_candidate,corpus/003_graphemic-components/018_001701-001800_obs-comp-cand-bucket_component-candidates/1769_obs-comp-cand-001769_obimd-sub-35tyctuyf3_component-candidate,obimd-sub-35tyctuyf3,obimd-sub-35tyctuyf3;obimd-main-soaedltvjs,src-obimd,licensed_for_repository,needs_human_component_review,2026-06-20
obs-comp-cand-001770,graphemic_component_candidate,corpus/003_graphemic-components/018_001701-001800_obs-comp-cand-bucket_component-candidates/1770_obs-comp-cand-001770_obimd-sub-rzx1xiky1p_component-candidate,obimd-sub-rzx1xiky1p,obimd-sub-rzx1xiky1p;obimd-main-soaedltvjs,src-obimd,licensed_for_repository,needs_human_component_review,2026-06-20
obs-comp-cand-001771,graphemic_component_candidate,corpus/003_graphemic-components/018_001701-001800_obs-comp-cand-bucket_component-candidates/1771_obs-comp-cand-001771_obimd-sub-lc7vvbxke9_component-candidate,obimd-sub-lc7vvbxke9,obimd-sub-lc7vvbxke9;obimd-main-soaedltvjs,src-obimd,licensed_for_repository,needs_human_component_review,2026-06-20
obs-comp-cand-001772,graphemic_component_candidate,corpus/003_graphemic-components/018_001701-001800_obs-comp-cand-bucket_component-candidates/1772_obs-comp-cand-001772_obimd-sub-8sbbzthl9w_component-candidate,obimd-sub-8sbbzthl9w,obimd-sub-8sbbzthl9w;obimd-main-8sbbzthl9w,src-obimd,licensed_for_repository,needs_human_component_review,2026-06-20
obs-comp-cand-001773,graphemic_component_candidate,corpus/003_graphemic-components/018_001701-001800_obs-comp-cand-bucket_component-candidates/1773_obs-comp-cand-001773_obimd-sub-3bsoz5nb14_component-candidate,obimd-sub-3bsoz5nb14,obimd-sub-3bsoz5nb14;obimd-main-8sbbzthl9w,src-obimd,licensed_for_repository,needs_human_component_review,2026-06-20
obs-comp-cand-001774,graphemic_component_candidate,corpus/003_graphemic-components/018_001701-001800_obs-comp-cand-bucket_component-candidates/1774_obs-comp-cand-001774_obimd-sub-1u9x8iwhk1_component-candidate,obimd-sub-1u9x8iwhk1,obimd-sub-1u9x8iwhk1;obimd-main-8sbbzthl9w,src-obimd,licensed_for_repository,needs_human_component_review,2026-06-20
obs-comp-cand-001775,graphemic_component_candidate,corpus/003_graphemic-components/018_001701-001800_obs-comp-cand-bucket_component-candidates/1775_obs-comp-cand-001775_obimd-sub-qxk4ynjzrh_component-candidate,obimd-sub-qxk4ynjzrh,obimd-sub-qxk4ynjzrh;obimd-main-8sbbzthl9w,src-obimd,licensed_for_repository,needs_human_component_review,2026-06-20
obs-comp-cand-001776,graphemic_component_candidate,corpus/003_graphemic-components/018_001701-001800_obs-comp-cand-bucket_component-candidates/1776_obs-comp-cand-001776_obimd-sub-27rbdclns4_component-candidate,obimd-sub-27rbdclns4,obimd-sub-27rbdclns4;obimd-main-8sbbzthl9w,src-obimd,licensed_for_repository,needs_human_component_review,2026-06-20
obs-comp-cand-001777,graphemic_component_candidate,corpus/003_graphemic-components/018_001701-001800_obs-comp-cand-bucket_component-candidates/1777_obs-comp-cand-001777_obimd-sub-hzqkqnkpuv_component-candidate,obimd-sub-hzqkqnkpuv,obimd-sub-hzqkqnkpuv;obimd-main-8sbbzthl9w,src-obimd,licensed_for_repository,needs_human_component_review,2026-06-20
obs-comp-cand-001778,graphemic_component_candidate,corpus/003_graphemic-components/018_001701-001800_obs-comp-cand-bucket_component-candidates/1778_obs-comp-cand-001778_obimd-sub-zxrxdzrytu_component-candidate,obimd-sub-zxrxdzrytu,obimd-sub-zxrxdzrytu;obimd-main-zxrxdzrytu,src-obimd,licensed_for_repository,needs_human_component_review,2026-06-20
obs-comp-cand-001779,graphemic_component_candidate,corpus/003_graphemic-components/018_001701-001800_obs-comp-cand-bucket_component-candidates/1779_obs-comp-cand-001779_obimd-sub-xwyc1vzwgg_component-candidate,obimd-sub-xwyc1vzwgg,obimd-sub-xwyc1vzwgg;obimd-main-zxrxdzrytu,src-obimd,licensed_for_repository,needs_human_component_review,2026-06-20
obs-comp-cand-001780,graphemic_component_candidate,corpus/003_graphemic-components/018_001701-001800_obs-comp-cand-bucket_component-candidates/1780_obs-comp-cand-001780_obimd-sub-unoyj37vpf_component-candidate,obimd-sub-unoyj37vpf,obimd-sub-unoyj37vpf;obimd-main-zxrxdzrytu,src-obimd,licensed_for_repository,needs_human_component_review,2026-06-20
obs-comp-cand-001781,graphemic_component_candidate,corpus/003_graphemic-components/018_001701-001800_obs-comp-cand-bucket_component-candidates/1781_obs-comp-cand-001781_obimd-sub-pzvzykmf5e_component-candidate,obimd-sub-pzvzykmf5e,obimd-sub-pzvzykmf5e;obimd-main-pzvzykmf5e,src-obimd,licensed_for_repository,needs_human_component_review,2026-06-20
obs-comp-cand-001782,graphemic_component_candidate,corpus/003_graphemic-components/018_001701-001800_obs-comp-cand-bucket_component-candidates/1782_obs-comp-cand-001782_obimd-sub-utzaaksrqa_component-candidate,obimd-sub-utzaaksrqa,obimd-sub-utzaaksrqa;obimd-main-pzvzykmf5e,src-obimd,licensed_for_repository,needs_human_component_review,2026-06-20
obs-comp-cand-001783,graphemic_component_candidate,corpus/003_graphemic-components/018_001701-001800_obs-comp-cand-bucket_component-candidates/1783_obs-comp-cand-001783_obimd-sub-upw1kn3nga_component-candidate,obimd-sub-upw1kn3nga,obimd-sub-upw1kn3nga;obimd-main-upw1kn3nga,src-obimd,licensed_for_repository,needs_human_component_review,2026-06-20
obs-comp-cand-001784,graphemic_component_candidate,corpus/003_graphemic-components/018_001701-001800_obs-comp-cand-bucket_component-candidates/1784_obs-comp-cand-001784_obimd-sub-1d6q9ds6rm_component-candidate,obimd-sub-1d6q9ds6rm,obimd-sub-1d6q9ds6rm;obimd-main-1d6q9ds6rm,src-obimd,licensed_for_repository,needs_human_component_review,2026-06-20
obs-comp-cand-001785,graphemic_component_candidate,corpus/003_graphemic-components/018_001701-001800_obs-comp-cand-bucket_component-candidates/1785_obs-comp-cand-001785_obimd-sub-7l5l1f4dh8_component-candidate,obimd-sub-7l5l1f4dh8,obimd-sub-7l5l1f4dh8;obimd-main-7l5l1f4dh8,src-obimd,licensed_for_repository,needs_human_component_review,2026-06-20
obs-comp-cand-001786,graphemic_component_candidate,corpus/003_graphemic-components/018_001701-001800_obs-comp-cand-bucket_component-candidates/1786_obs-comp-cand-001786_obimd-sub-86d04i30jc_component-candidate,obimd-sub-86d04i30jc,obimd-sub-86d04i30jc;obimd-main-86d04i30jc,src-obimd,licensed_for_repository,needs_human_component_review,2026-06-20
obs-comp-cand-001787,graphemic_component_candidate,corpus/003_graphemic-components/018_001701-001800_obs-comp-cand-bucket_component-candidates/1787_obs-comp-cand-001787_obimd-sub-h1yvqbcpot_component-candidate,obimd-sub-h1yvqbcpot,obimd-sub-h1yvqbcpot;obimd-main-h1yvqbcpot,src-obimd,licensed_for_repository,needs_human_component_review,2026-06-20
obs-comp-cand-001788,graphemic_component_candidate,corpus/003_graphemic-components/018_001701-001800_obs-comp-cand-bucket_component-candidates/1788_obs-comp-cand-001788_obimd-sub-wr10y1kgnc_component-candidate,obimd-sub-wr10y1kgnc,obimd-sub-wr10y1kgnc;obimd-main-h1yvqbcpot,src-obimd,licensed_for_repository,needs_human_component_review,2026-06-20
obs-comp-cand-001789,graphemic_component_candidate,corpus/003_graphemic-components/018_001701-001800_obs-comp-cand-bucket_component-candidates/1789_obs-comp-cand-001789_obimd-sub-qdft7im9cb_component-candidate,obimd-sub-qdft7im9cb,obimd-sub-qdft7im9cb;obimd-main-qdft7im9cb,src-obimd,licensed_for_repository,needs_human_component_review,2026-06-20
obs-comp-cand-001790,graphemic_component_candidate,corpus/003_graphemic-components/018_001701-001800_obs-comp-cand-bucket_component-candidates/1790_obs-comp-cand-001790_obimd-sub-fcooblbqyz_component-candidate,obimd-sub-fcooblbqyz,obimd-sub-fcooblbqyz;obimd-main-fcooblbqyz,src-obimd,licensed_for_repository,needs_human_component_review,2026-06-20
obs-comp-cand-001791,graphemic_component_candidate,corpus/003_graphemic-components/018_001701-001800_obs-comp-cand-bucket_component-candidates/1791_obs-comp-cand-001791_obimd-sub-quzfkax68u_component-candidate,obimd-sub-quzfkax68u,obimd-sub-quzfkax68u;obimd-main-fcooblbqyz,src-obimd,licensed_for_repository,needs_human_component_review,2026-06-20
obs-comp-cand-001792,graphemic_component_candidate,corpus/003_graphemic-components/018_001701-001800_obs-comp-cand-bucket_component-candidates/1792_obs-comp-cand-001792_obimd-sub-4m6gjw93cc_component-candidate,obimd-sub-4m6gjw93cc,obimd-sub-4m6gjw93cc;obimd-main-fcooblbqyz,src-obimd,licensed_for_repository,needs_human_component_review,2026-06-20
obs-comp-cand-001793,graphemic_component_candidate,corpus/003_graphemic-components/018_001701-001800_obs-comp-cand-bucket_component-candidates/1793_obs-comp-cand-001793_obimd-sub-yy1rgw2ihy_component-candidate,obimd-sub-yy1rgw2ihy,obimd-sub-yy1rgw2ihy;obimd-main-fcooblbqyz,src-obimd,licensed_for_repository,needs_human_component_review,2026-06-20
obs-comp-cand-001794,graphemic_component_candidate,corpus/003_graphemic-components/018_001701-001800_obs-comp-cand-bucket_component-candidates/1794_obs-comp-cand-001794_obimd-sub-zz9f01s39q_component-candidate,obimd-sub-zz9f01s39q,obimd-sub-zz9f01s39q;obimd-main-zz9f01s39q,src-obimd,licensed_for_repository,needs_human_component_review,2026-06-20
obs-comp-cand-001795,graphemic_component_candidate,corpus/003_graphemic-components/018_001701-001800_obs-comp-cand-bucket_component-candidates/1795_obs-comp-cand-001795_obimd-sub-5t9tgx32x2_component-candidate,obimd-sub-5t9tgx32x2,obimd-sub-5t9tgx32x2;obimd-main-5t9tgx32x2,src-obimd,licensed_for_repository,needs_human_component_review,2026-06-20
obs-comp-cand-001796,graphemic_component_candidate,corpus/003_graphemic-components/018_001701-001800_obs-comp-cand-bucket_component-candidates/1796_obs-comp-cand-001796_obimd-sub-n92bww8sym_component-candidate,obimd-sub-n92bww8sym,obimd-sub-n92bww8sym;obimd-main-n92bww8sym,src-obimd,licensed_for_repository,needs_human_component_review,2026-06-20
obs-comp-cand-001797,graphemic_component_candidate,corpus/003_graphemic-components/018_001701-001800_obs-comp-cand-bucket_component-candidates/1797_obs-comp-cand-001797_obimd-sub-hcj1lu3l9a_component-candidate,obimd-sub-hcj1lu3l9a,obimd-sub-hcj1lu3l9a;obimd-main-hcj1lu3l9a,src-obimd,licensed_for_repository,needs_human_component_review,2026-06-20
obs-comp-cand-001798,graphemic_component_candidate,corpus/003_graphemic-components/018_001701-001800_obs-comp-cand-bucket_component-candidates/1798_obs-comp-cand-001798_obimd-sub-5dncs39rhd_component-candidate,obimd-sub-5dncs39rhd,obimd-sub-5dncs39rhd;obimd-main-hcj1lu3l9a,src-obimd,licensed_for_repository,needs_human_component_review,2026-06-20
obs-comp-cand-001799,graphemic_component_candidate,corpus/003_graphemic-components/018_001701-001800_obs-comp-cand-bucket_component-candidates/1799_obs-comp-cand-001799_obimd-sub-s4351ux3hy_component-candidate,obimd-sub-s4351ux3hy,obimd-sub-s4351ux3hy;obimd-main-hcj1lu3l9a,src-obimd,licensed_for_repository,needs_human_component_review,2026-06-20
obs-comp-cand-001800,graphemic_component_candidate,corpus/003_graphemic-components/018_001701-001800_obs-comp-cand-bucket_component-candidates/1800_obs-comp-cand-001800_obimd-sub-yomncuf13y_component-candidate,obimd-sub-yomncuf13y,obimd-sub-yomncuf13y;obimd-main-yomncuf13y,src-obimd,licensed_for_repository,needs_human_component_review,2026-06-20
obs-comp-cand-001801,graphemic_component_candidate,corpus/003_graphemic-components/019_001801-001900_obs-comp-cand-bucket_component-candidates/1801_obs-comp-cand-001801_obimd-sub-ce7f3skve1_component-candidate,obimd-sub-ce7f3skve1,obimd-sub-ce7f3skve1;obimd-main-yomncuf13y,src-obimd,licensed_for_repository,needs_human_component_review,2026-06-20
obs-comp-cand-001802,graphemic_component_candidate,corpus/003_graphemic-components/019_001801-001900_obs-comp-cand-bucket_component-candidates/1802_obs-comp-cand-001802_obimd-sub-vf4c383b64_component-candidate,obimd-sub-vf4c383b64,obimd-sub-vf4c383b64;obimd-main-vf4c383b64,src-obimd,licensed_for_repository,needs_human_component_review,2026-06-20
obs-comp-cand-001803,graphemic_component_candidate,corpus/003_graphemic-components/019_001801-001900_obs-comp-cand-bucket_component-candidates/1803_obs-comp-cand-001803_obimd-sub-7nnyrveaif_component-candidate,obimd-sub-7nnyrveaif,obimd-sub-7nnyrveaif;obimd-main-7nnyrveaif,src-obimd,licensed_for_repository,needs_human_component_review,2026-06-20
obs-comp-cand-001804,graphemic_component_candidate,corpus/003_graphemic-components/019_001801-001900_obs-comp-cand-bucket_component-candidates/1804_obs-comp-cand-001804_obimd-sub-tvnicmgqzf_component-candidate,obimd-sub-tvnicmgqzf,obimd-sub-tvnicmgqzf;obimd-main-tvnicmgqzf,src-obimd,licensed_for_repository,needs_human_component_review,2026-06-20
obs-comp-cand-001805,graphemic_component_candidate,corpus/003_graphemic-components/019_001801-001900_obs-comp-cand-bucket_component-candidates/1805_obs-comp-cand-001805_obimd-sub-tmz01ykhsw_component-candidate,obimd-sub-tmz01ykhsw,obimd-sub-tmz01ykhsw;obimd-main-tvnicmgqzf,src-obimd,licensed_for_repository,needs_human_component_review,2026-06-20
obs-comp-cand-001806,graphemic_component_candidate,corpus/003_graphemic-components/019_001801-001900_obs-comp-cand-bucket_component-candidates/1806_obs-comp-cand-001806_obimd-sub-acmz4sm7sc_component-candidate,obimd-sub-acmz4sm7sc,obimd-sub-acmz4sm7sc;obimd-main-tvnicmgqzf,src-obimd,licensed_for_repository,needs_human_component_review,2026-06-20
obs-comp-cand-001807,graphemic_component_candidate,corpus/003_graphemic-components/019_001801-001900_obs-comp-cand-bucket_component-candidates/1807_obs-comp-cand-001807_obimd-sub-83rbcs41fn_component-candidate,obimd-sub-83rbcs41fn,obimd-sub-83rbcs41fn;obimd-main-83rbcs41fn,src-obimd,licensed_for_repository,needs_human_component_review,2026-06-20
obs-comp-cand-001808,graphemic_component_candidate,corpus/003_graphemic-components/019_001801-001900_obs-comp-cand-bucket_component-candidates/1808_obs-comp-cand-001808_obimd-sub-z78hrd26su_component-candidate,obimd-sub-z78hrd26su,obimd-sub-z78hrd26su;obimd-main-z78hrd26su,src-obimd,licensed_for_repository,needs_human_component_review,2026-06-20
obs-comp-cand-001809,graphemic_component_candidate,corpus/003_graphemic-components/019_001801-001900_obs-comp-cand-bucket_component-candidates/1809_obs-comp-cand-001809_obimd-sub-wxej0p8z4b_component-candidate,obimd-sub-wxej0p8z4b,obimd-sub-wxej0p8z4b;obimd-main-wxej0p8z4b,src-obimd,licensed_for_repository,needs_human_component_review,2026-06-20
obs-comp-cand-001810,graphemic_component_candidate,corpus/003_graphemic-components/019_001801-001900_obs-comp-cand-bucket_component-candidates/1810_obs-comp-cand-001810_obimd-sub-3cv4e1htww_component-candidate,obimd-sub-3cv4e1htww,obimd-sub-3cv4e1htww;obimd-main-3cv4e1htww,src-obimd,licensed_for_repository,needs_human_component_review,2026-06-20
obs-comp-cand-001811,graphemic_component_candidate,corpus/003_graphemic-components/019_001801-001900_obs-comp-cand-bucket_component-candidates/1811_obs-comp-cand-001811_obimd-sub-7w3mprfyzd_component-candidate,obimd-sub-7w3mprfyzd,obimd-sub-7w3mprfyzd;obimd-main-7w3mprfyzd,src-obimd,licensed_for_repository,needs_human_component_review,2026-06-20
obs-comp-cand-001812,graphemic_component_candidate,corpus/003_graphemic-components/019_001801-001900_obs-comp-cand-bucket_component-candidates/1812_obs-comp-cand-001812_obimd-sub-o7yl6ghqbl_component-candidate,obimd-sub-o7yl6ghqbl,obimd-sub-o7yl6ghqbl;obimd-main-fcmdhs3vae,src-obimd,licensed_for_repository,needs_human_component_review,2026-06-20
obs-comp-cand-001813,graphemic_component_candidate,corpus/003_graphemic-components/019_001801-001900_obs-comp-cand-bucket_component-candidates/1813_obs-comp-cand-001813_obimd-sub-9uixxn6prx_component-candidate,obimd-sub-9uixxn6prx,obimd-sub-9uixxn6prx;obimd-main-9uixxn6prx,src-obimd,licensed_for_repository,needs_human_component_review,2026-06-20
obs-comp-cand-001814,graphemic_component_candidate,corpus/003_graphemic-components/019_001801-001900_obs-comp-cand-bucket_component-candidates/1814_obs-comp-cand-001814_obimd-sub-srr795shtm_component-candidate,obimd-sub-srr795shtm,obimd-sub-srr795shtm;obimd-main-srr795shtm,src-obimd,licensed_for_repository,needs_human_component_review,2026-06-20
obs-comp-cand-001815,graphemic_component_candidate,corpus/003_graphemic-components/019_001801-001900_obs-comp-cand-bucket_component-candidates/1815_obs-comp-cand-001815_obimd-sub-6w6nubiwsc_component-candidate,obimd-sub-6w6nubiwsc,obimd-sub-6w6nubiwsc;obimd-main-6w6nubiwsc,src-obimd,licensed_for_repository,needs_human_component_review,2026-06-20
obs-comp-cand-001816,graphemic_component_candidate,corpus/003_graphemic-components/019_001801-001900_obs-comp-cand-bucket_component-candidates/1816_obs-comp-cand-001816_obimd-sub-m6guxwjazt_component-candidate,obimd-sub-m6guxwjazt,obimd-sub-m6guxwjazt;obimd-main-m6guxwjazt,src-obimd,licensed_for_repository,needs_human_component_review,2026-06-20
obs-comp-cand-001817,graphemic_component_candidate,corpus/003_graphemic-components/019_001801-001900_obs-comp-cand-bucket_component-candidates/1817_obs-comp-cand-001817_obimd-sub-8y678cda29_component-candidate,obimd-sub-8y678cda29,obimd-sub-8y678cda29;obimd-main-m6guxwjazt,src-obimd,licensed_for_repository,needs_human_component_review,2026-06-20
obs-comp-cand-001818,graphemic_component_candidate,corpus/003_graphemic-components/019_001801-001900_obs-comp-cand-bucket_component-candidates/1818_obs-comp-cand-001818_obimd-sub-qmspt85dhp_component-candidate,obimd-sub-qmspt85dhp,obimd-sub-qmspt85dhp;obimd-main-qmspt85dhp,src-obimd,licensed_for_repository,needs_human_component_review,2026-06-20
obs-comp-cand-001819,graphemic_component_candidate,corpus/003_graphemic-components/019_001801-001900_obs-comp-cand-bucket_component-candidates/1819_obs-comp-cand-001819_obimd-sub-sbasoh496d_component-candidate,obimd-sub-sbasoh496d,obimd-sub-sbasoh496d;obimd-main-qmspt85dhp,src-obimd,licensed_for_repository,needs_human_component_review,2026-06-20
obs-comp-cand-001820,graphemic_component_candidate,corpus/003_graphemic-components/019_001801-001900_obs-comp-cand-bucket_component-candidates/1820_obs-comp-cand-001820_obimd-sub-bzimognfvp_component-candidate,obimd-sub-bzimognfvp,obimd-sub-bzimognfvp;obimd-main-bzimognfvp,src-obimd,licensed_for_repository,needs_human_component_review,2026-06-20
obs-comp-cand-001821,graphemic_component_candidate,corpus/003_graphemic-components/019_001801-001900_obs-comp-cand-bucket_component-candidates/1821_obs-comp-cand-001821_obimd-sub-iekjroi3nu_component-candidate,obimd-sub-iekjroi3nu,obimd-sub-iekjroi3nu;obimd-main-j3rxkj56cs,src-obimd,licensed_for_repository,needs_human_component_review,2026-06-20
obs-comp-cand-001822,graphemic_component_candidate,corpus/003_graphemic-components/019_001801-001900_obs-comp-cand-bucket_component-candidates/1822_obs-comp-cand-001822_obimd-sub-7mtakgmbba_component-candidate,obimd-sub-7mtakgmbba,obimd-sub-7mtakgmbba;obimd-main-7mtakgmbba,src-obimd,licensed_for_repository,needs_human_component_review,2026-06-20
obs-comp-cand-001823,graphemic_component_candidate,corpus/003_graphemic-components/019_001801-001900_obs-comp-cand-bucket_component-candidates/1823_obs-comp-cand-001823_obimd-sub-sywfwn7sg1_component-candidate,obimd-sub-sywfwn7sg1,obimd-sub-sywfwn7sg1;obimd-main-sywfwn7sg1,src-obimd,licensed_for_repository,needs_human_component_review,2026-06-20
obs-comp-cand-001824,graphemic_component_candidate,corpus/003_graphemic-components/019_001801-001900_obs-comp-cand-bucket_component-candidates/1824_obs-comp-cand-001824_obimd-sub-4m1hs074te_component-candidate,obimd-sub-4m1hs074te,obimd-sub-4m1hs074te;obimd-main-sywfwn7sg1,src-obimd,licensed_for_repository,needs_human_component_review,2026-06-20
obs-comp-cand-001825,graphemic_component_candidate,corpus/003_graphemic-components/019_001801-001900_obs-comp-cand-bucket_component-candidates/1825_obs-comp-cand-001825_obimd-sub-2j01ng0nts_component-candidate,obimd-sub-2j01ng0nts,obimd-sub-2j01ng0nts;obimd-main-sywfwn7sg1,src-obimd,licensed_for_repository,needs_human_component_review,2026-06-20
obs-comp-cand-001826,graphemic_component_candidate,corpus/003_graphemic-components/019_001801-001900_obs-comp-cand-bucket_component-candidates/1826_obs-comp-cand-001826_obimd-sub-swg2dktf0d_component-candidate,obimd-sub-swg2dktf0d,obimd-sub-swg2dktf0d;obimd-main-sywfwn7sg1,src-obimd,licensed_for_repository,needs_human_component_review,2026-06-20
obs-comp-cand-001827,graphemic_component_candidate,corpus/003_graphemic-components/019_001801-001900_obs-comp-cand-bucket_component-candidates/1827_obs-comp-cand-001827_obimd-sub-81rib7z41o_component-candidate,obimd-sub-81rib7z41o,obimd-sub-81rib7z41o;obimd-main-sywfwn7sg1,src-obimd,licensed_for_repository,needs_human_component_review,2026-06-20
obs-comp-cand-001828,graphemic_component_candidate,corpus/003_graphemic-components/019_001801-001900_obs-comp-cand-bucket_component-candidates/1828_obs-comp-cand-001828_obimd-sub-a5cuzpn70r_component-candidate,obimd-sub-a5cuzpn70r,obimd-sub-a5cuzpn70r;obimd-main-sywfwn7sg1,src-obimd,licensed_for_repository,needs_human_component_review,2026-06-20
obs-comp-cand-001829,graphemic_component_candidate,corpus/003_graphemic-components/019_001801-001900_obs-comp-cand-bucket_component-candidates/1829_obs-comp-cand-001829_obimd-sub-7h3wu2xyyf_component-candidate,obimd-sub-7h3wu2xyyf,obimd-sub-7h3wu2xyyf;obimd-main-7h3wu2xyyf,src-obimd,licensed_for_repository,needs_human_component_review,2026-06-20
obs-comp-cand-001830,graphemic_component_candidate,corpus/003_graphemic-components/019_001801-001900_obs-comp-cand-bucket_component-candidates/1830_obs-comp-cand-001830_obimd-sub-vn2dp9qjuy_component-candidate,obimd-sub-vn2dp9qjuy,obimd-sub-vn2dp9qjuy;obimd-main-7h3wu2xyyf,src-obimd,licensed_for_repository,needs_human_component_review,2026-06-20
obs-comp-cand-001831,graphemic_component_candidate,corpus/003_graphemic-components/019_001801-001900_obs-comp-cand-bucket_component-candidates/1831_obs-comp-cand-001831_obimd-sub-qxjdk9mdgp_component-candidate,obimd-sub-qxjdk9mdgp,obimd-sub-qxjdk9mdgp;obimd-main-7h3wu2xyyf,src-obimd,licensed_for_repository,needs_human_component_review,2026-06-20
obs-comp-cand-001832,graphemic_component_candidate,corpus/003_graphemic-components/019_001801-001900_obs-comp-cand-bucket_component-candidates/1832_obs-comp-cand-001832_obimd-sub-udd6e3iul3_component-candidate,obimd-sub-udd6e3iul3,obimd-sub-udd6e3iul3;obimd-main-7h3wu2xyyf,src-obimd,licensed_for_repository,needs_human_component_review,2026-06-20
obs-comp-cand-001833,graphemic_component_candidate,corpus/003_graphemic-components/019_001801-001900_obs-comp-cand-bucket_component-candidates/1833_obs-comp-cand-001833_obimd-sub-9edy7nf7k9_component-candidate,obimd-sub-9edy7nf7k9,obimd-sub-9edy7nf7k9;obimd-main-7h3wu2xyyf,src-obimd,licensed_for_repository,needs_human_component_review,2026-06-20
obs-comp-cand-001834,graphemic_component_candidate,corpus/003_graphemic-components/019_001801-001900_obs-comp-cand-bucket_component-candidates/1834_obs-comp-cand-001834_obimd-sub-0g9f2s2g2f_component-candidate,obimd-sub-0g9f2s2g2f,obimd-sub-0g9f2s2g2f;obimd-main-7h3wu2xyyf,src-obimd,licensed_for_repository,needs_human_component_review,2026-06-20
obs-comp-cand-001835,graphemic_component_candidate,corpus/003_graphemic-components/019_001801-001900_obs-comp-cand-bucket_component-candidates/1835_obs-comp-cand-001835_obimd-sub-6ceuhy4fvr_component-candidate,obimd-sub-6ceuhy4fvr,obimd-sub-6ceuhy4fvr;obimd-main-6ceuhy4fvr,src-obimd,licensed_for_repository,needs_human_component_review,2026-06-20
obs-comp-cand-001836,graphemic_component_candidate,corpus/003_graphemic-components/019_001801-001900_obs-comp-cand-bucket_component-candidates/1836_obs-comp-cand-001836_obimd-sub-twk4rdk9gc_component-candidate,obimd-sub-twk4rdk9gc,obimd-sub-twk4rdk9gc;obimd-main-twk4rdk9gc,src-obimd,licensed_for_repository,needs_human_component_review,2026-06-20
obs-comp-cand-001837,graphemic_component_candidate,corpus/003_graphemic-components/019_001801-001900_obs-comp-cand-bucket_component-candidates/1837_obs-comp-cand-001837_obimd-sub-lp8x647qo2_component-candidate,obimd-sub-lp8x647qo2,obimd-sub-lp8x647qo2;obimd-main-lp8x647qo2,src-obimd,licensed_for_repository,needs_human_component_review,2026-06-20
obs-comp-cand-001838,graphemic_component_candidate,corpus/003_graphemic-components/019_001801-001900_obs-comp-cand-bucket_component-candidates/1838_obs-comp-cand-001838_obimd-sub-c0faqbhtbr_component-candidate,obimd-sub-c0faqbhtbr,obimd-sub-c0faqbhtbr;obimd-main-lp8x647qo2,src-obimd,licensed_for_repository,needs_human_component_review,2026-06-20
obs-comp-cand-001839,graphemic_component_candidate,corpus/003_graphemic-components/019_001801-001900_obs-comp-cand-bucket_component-candidates/1839_obs-comp-cand-001839_obimd-sub-gx21ndp7yy_component-candidate,obimd-sub-gx21ndp7yy,obimd-sub-gx21ndp7yy;obimd-main-gx21ndp7yy,src-obimd,licensed_for_repository,needs_human_component_review,2026-06-20
obs-comp-cand-001840,graphemic_component_candidate,corpus/003_graphemic-components/019_001801-001900_obs-comp-cand-bucket_component-candidates/1840_obs-comp-cand-001840_obimd-sub-g8o0a8q9ag_component-candidate,obimd-sub-g8o0a8q9ag,obimd-sub-g8o0a8q9ag;obimd-main-gx21ndp7yy,src-obimd,licensed_for_repository,needs_human_component_review,2026-06-20
obs-comp-cand-001841,graphemic_component_candidate,corpus/003_graphemic-components/019_001801-001900_obs-comp-cand-bucket_component-candidates/1841_obs-comp-cand-001841_obimd-sub-avm1k8vp5w_component-candidate,obimd-sub-avm1k8vp5w,obimd-sub-avm1k8vp5w;obimd-main-gx21ndp7yy,src-obimd,licensed_for_repository,needs_human_component_review,2026-06-20
obs-comp-cand-001842,graphemic_component_candidate,corpus/003_graphemic-components/019_001801-001900_obs-comp-cand-bucket_component-candidates/1842_obs-comp-cand-001842_obimd-sub-r03zb70e9r_component-candidate,obimd-sub-r03zb70e9r,obimd-sub-r03zb70e9r;obimd-main-r03zb70e9r,src-obimd,licensed_for_repository,needs_human_component_review,2026-06-20
obs-comp-cand-001843,graphemic_component_candidate,corpus/003_graphemic-components/019_001801-001900_obs-comp-cand-bucket_component-candidates/1843_obs-comp-cand-001843_obimd-sub-xye509wfck_component-candidate,obimd-sub-xye509wfck,obimd-sub-xye509wfck;obimd-main-mnuob0fm04,src-obimd,licensed_for_repository,needs_human_component_review,2026-06-20
obs-comp-cand-001844,graphemic_component_candidate,corpus/003_graphemic-components/019_001801-001900_obs-comp-cand-bucket_component-candidates/1844_obs-comp-cand-001844_obimd-sub-zn65ejrc8f_component-candidate,obimd-sub-zn65ejrc8f,obimd-sub-zn65ejrc8f;obimd-main-zn65ejrc8f,src-obimd,licensed_for_repository,needs_human_component_review,2026-06-20
obs-comp-cand-001845,graphemic_component_candidate,corpus/003_graphemic-components/019_001801-001900_obs-comp-cand-bucket_component-candidates/1845_obs-comp-cand-001845_obimd-sub-rwa19b0e5y_component-candidate,obimd-sub-rwa19b0e5y,obimd-sub-rwa19b0e5y;obimd-main-0n73hvtfpr,src-obimd,licensed_for_repository,needs_human_component_review,2026-06-20
obs-comp-cand-001846,graphemic_component_candidate,corpus/003_graphemic-components/019_001801-001900_obs-comp-cand-bucket_component-candidates/1846_obs-comp-cand-001846_obimd-sub-f0w8n06ako_component-candidate,obimd-sub-f0w8n06ako,obimd-sub-f0w8n06ako;obimd-main-eq335my2ai,src-obimd,licensed_for_repository,needs_human_component_review,2026-06-20
obs-comp-cand-001847,graphemic_component_candidate,corpus/003_graphemic-components/019_001801-001900_obs-comp-cand-bucket_component-candidates/1847_obs-comp-cand-001847_obimd-sub-7ls5j1vbpq_component-candidate,obimd-sub-7ls5j1vbpq,obimd-sub-7ls5j1vbpq;obimd-main-7ls5j1vbpq,src-obimd,licensed_for_repository,needs_human_component_review,2026-06-20
obs-comp-cand-001848,graphemic_component_candidate,corpus/003_graphemic-components/019_001801-001900_obs-comp-cand-bucket_component-candidates/1848_obs-comp-cand-001848_obimd-sub-mgs4xhu5g3_component-candidate,obimd-sub-mgs4xhu5g3,obimd-sub-mgs4xhu5g3;obimd-main-mgs4xhu5g3,src-obimd,licensed_for_repository,needs_human_component_review,2026-06-20
obs-comp-cand-001849,graphemic_component_candidate,corpus/003_graphemic-components/019_001801-001900_obs-comp-cand-bucket_component-candidates/1849_obs-comp-cand-001849_obimd-sub-7rrg9g19pp_component-candidate,obimd-sub-7rrg9g19pp,obimd-sub-7rrg9g19pp;obimd-main-mgs4xhu5g3,src-obimd,licensed_for_repository,needs_human_component_review,2026-06-20
obs-comp-cand-001850,graphemic_component_candidate,corpus/003_graphemic-components/019_001801-001900_obs-comp-cand-bucket_component-candidates/1850_obs-comp-cand-001850_obimd-sub-mbh2ez0d6d_component-candidate,obimd-sub-mbh2ez0d6d,obimd-sub-mbh2ez0d6d;obimd-main-mgs4xhu5g3,src-obimd,licensed_for_repository,needs_human_component_review,2026-06-20
obs-comp-cand-001851,graphemic_component_candidate,corpus/003_graphemic-components/019_001801-001900_obs-comp-cand-bucket_component-candidates/1851_obs-comp-cand-001851_obimd-sub-w2c6ufsar5_component-candidate,obimd-sub-w2c6ufsar5,obimd-sub-w2c6ufsar5;obimd-main-mgs4xhu5g3,src-obimd,licensed_for_repository,needs_human_component_review,2026-06-20
obs-comp-cand-001852,graphemic_component_candidate,corpus/003_graphemic-components/019_001801-001900_obs-comp-cand-bucket_component-candidates/1852_obs-comp-cand-001852_obimd-sub-spuy28vjb7_component-candidate,obimd-sub-spuy28vjb7,obimd-sub-spuy28vjb7;obimd-main-mgs4xhu5g3,src-obimd,licensed_for_repository,needs_human_component_review,2026-06-20
obs-comp-cand-001853,graphemic_component_candidate,corpus/003_graphemic-components/019_001801-001900_obs-comp-cand-bucket_component-candidates/1853_obs-comp-cand-001853_obimd-sub-fq8fcv4l07_component-candidate,obimd-sub-fq8fcv4l07,obimd-sub-fq8fcv4l07;obimd-main-mgs4xhu5g3,src-obimd,licensed_for_repository,needs_human_component_review,2026-06-20
obs-comp-cand-001854,graphemic_component_candidate,corpus/003_graphemic-components/019_001801-001900_obs-comp-cand-bucket_component-candidates/1854_obs-comp-cand-001854_obimd-sub-33r901db0e_component-candidate,obimd-sub-33r901db0e,obimd-sub-33r901db0e;obimd-main-33r901db0e,src-obimd,licensed_for_repository,needs_human_component_review,2026-06-20
obs-comp-cand-001855,graphemic_component_candidate,corpus/003_graphemic-components/019_001801-001900_obs-comp-cand-bucket_component-candidates/1855_obs-comp-cand-001855_obimd-sub-4zvr1p08sq_component-candidate,obimd-sub-4zvr1p08sq,obimd-sub-4zvr1p08sq;obimd-main-33r901db0e,src-obimd,licensed_for_repository,needs_human_component_review,2026-06-20
obs-comp-cand-001856,graphemic_component_candidate,corpus/003_graphemic-components/019_001801-001900_obs-comp-cand-bucket_component-candidates/1856_obs-comp-cand-001856_obimd-sub-reqn09rgft_component-candidate,obimd-sub-reqn09rgft,obimd-sub-reqn09rgft;obimd-main-reqn09rgft,src-obimd,licensed_for_repository,needs_human_component_review,2026-06-20
obs-comp-cand-001857,graphemic_component_candidate,corpus/003_graphemic-components/019_001801-001900_obs-comp-cand-bucket_component-candidates/1857_obs-comp-cand-001857_obimd-sub-nmwnjd5u4n_component-candidate,obimd-sub-nmwnjd5u4n,obimd-sub-nmwnjd5u4n;obimd-main-nmwnjd5u4n,src-obimd,licensed_for_repository,needs_human_component_review,2026-06-20
obs-comp-cand-001858,graphemic_component_candidate,corpus/003_graphemic-components/019_001801-001900_obs-comp-cand-bucket_component-candidates/1858_obs-comp-cand-001858_obimd-sub-bfwtwd92m1_component-candidate,obimd-sub-bfwtwd92m1,obimd-sub-bfwtwd92m1;obimd-main-bfwtwd92m1,src-obimd,licensed_for_repository,needs_human_component_review,2026-06-20
obs-comp-cand-001859,graphemic_component_candidate,corpus/003_graphemic-components/019_001801-001900_obs-comp-cand-bucket_component-candidates/1859_obs-comp-cand-001859_obimd-sub-4a48e8qf41_component-candidate,obimd-sub-4a48e8qf41,obimd-sub-4a48e8qf41;obimd-main-bfwtwd92m1,src-obimd,licensed_for_repository,needs_human_component_review,2026-06-20
obs-comp-cand-001860,graphemic_component_candidate,corpus/003_graphemic-components/019_001801-001900_obs-comp-cand-bucket_component-candidates/1860_obs-comp-cand-001860_obimd-sub-qqjk5scfjm_component-candidate,obimd-sub-qqjk5scfjm,obimd-sub-qqjk5scfjm;obimd-main-bfwtwd92m1,src-obimd,licensed_for_repository,needs_human_component_review,2026-06-20
obs-comp-cand-001861,graphemic_component_candidate,corpus/003_graphemic-components/019_001801-001900_obs-comp-cand-bucket_component-candidates/1861_obs-comp-cand-001861_obimd-sub-pja3fe6fvc_component-candidate,obimd-sub-pja3fe6fvc,obimd-sub-pja3fe6fvc;obimd-main-bfwtwd92m1,src-obimd,licensed_for_repository,needs_human_component_review,2026-06-20
obs-comp-cand-001862,graphemic_component_candidate,corpus/003_graphemic-components/019_001801-001900_obs-comp-cand-bucket_component-candidates/1862_obs-comp-cand-001862_obimd-sub-7es6m890l4_component-candidate,obimd-sub-7es6m890l4,obimd-sub-7es6m890l4;obimd-main-7es6m890l4,src-obimd,licensed_for_repository,needs_human_component_review,2026-06-20
obs-comp-cand-001863,graphemic_component_candidate,corpus/003_graphemic-components/019_001801-001900_obs-comp-cand-bucket_component-candidates/1863_obs-comp-cand-001863_obimd-sub-akwyl4gzy2_component-candidate,obimd-sub-akwyl4gzy2,obimd-sub-akwyl4gzy2;obimd-main-akwyl4gzy2,src-obimd,licensed_for_repository,needs_human_component_review,2026-06-20
obs-comp-cand-001864,graphemic_component_candidate,corpus/003_graphemic-components/019_001801-001900_obs-comp-cand-bucket_component-candidates/1864_obs-comp-cand-001864_obimd-sub-6v2cp9c21c_component-candidate,obimd-sub-6v2cp9c21c,obimd-sub-6v2cp9c21c;obimd-main-akwyl4gzy2,src-obimd,licensed_for_repository,needs_human_component_review,2026-06-20
obs-comp-cand-001865,graphemic_component_candidate,corpus/003_graphemic-components/019_001801-001900_obs-comp-cand-bucket_component-candidates/1865_obs-comp-cand-001865_obimd-sub-dzmx7rkopl_component-candidate,obimd-sub-dzmx7rkopl,obimd-sub-dzmx7rkopl;obimd-main-akwyl4gzy2,src-obimd,licensed_for_repository,needs_human_component_review,2026-06-20
obs-comp-cand-001866,graphemic_component_candidate,corpus/003_graphemic-components/019_001801-001900_obs-comp-cand-bucket_component-candidates/1866_obs-comp-cand-001866_obimd-sub-dciu80t6yw_component-candidate,obimd-sub-dciu80t6yw,obimd-sub-dciu80t6yw;obimd-main-dciu80t6yw,src-obimd,licensed_for_repository,needs_human_component_review,2026-06-20
obs-comp-cand-001867,graphemic_component_candidate,corpus/003_graphemic-components/019_001801-001900_obs-comp-cand-bucket_component-candidates/1867_obs-comp-cand-001867_obimd-sub-znikm1880t_component-candidate,obimd-sub-znikm1880t,obimd-sub-znikm1880t;obimd-main-znikm1880t,src-obimd,licensed_for_repository,needs_human_component_review,2026-06-20
obs-comp-cand-001868,graphemic_component_candidate,corpus/003_graphemic-components/019_001801-001900_obs-comp-cand-bucket_component-candidates/1868_obs-comp-cand-001868_obimd-sub-qzrm2tw3q7_component-candidate,obimd-sub-qzrm2tw3q7,obimd-sub-qzrm2tw3q7;obimd-main-znikm1880t,src-obimd,licensed_for_repository,needs_human_component_review,2026-06-20
obs-comp-cand-001869,graphemic_component_candidate,corpus/003_graphemic-components/019_001801-001900_obs-comp-cand-bucket_component-candidates/1869_obs-comp-cand-001869_obimd-sub-9073q5undl_component-candidate,obimd-sub-9073q5undl,obimd-sub-9073q5undl;obimd-main-giz4x476ug,src-obimd,licensed_for_repository,needs_human_component_review,2026-06-20
obs-comp-cand-001870,graphemic_component_candidate,corpus/003_graphemic-components/019_001801-001900_obs-comp-cand-bucket_component-candidates/1870_obs-comp-cand-001870_obimd-sub-7q3ryyen2t_component-candidate,obimd-sub-7q3ryyen2t,obimd-sub-7q3ryyen2t;obimd-main-7q3ryyen2t,src-obimd,licensed_for_repository,needs_human_component_review,2026-06-20
obs-comp-cand-001871,graphemic_component_candidate,corpus/003_graphemic-components/019_001801-001900_obs-comp-cand-bucket_component-candidates/1871_obs-comp-cand-001871_obimd-sub-wffqg3bra1_component-candidate,obimd-sub-wffqg3bra1,obimd-sub-wffqg3bra1;obimd-main-7q3ryyen2t,src-obimd,licensed_for_repository,needs_human_component_review,2026-06-20
obs-comp-cand-001872,graphemic_component_candidate,corpus/003_graphemic-components/019_001801-001900_obs-comp-cand-bucket_component-candidates/1872_obs-comp-cand-001872_obimd-sub-lfox6x1ojm_component-candidate,obimd-sub-lfox6x1ojm,obimd-sub-lfox6x1ojm;obimd-main-lfox6x1ojm,src-obimd,licensed_for_repository,needs_human_component_review,2026-06-20
obs-comp-cand-001873,graphemic_component_candidate,corpus/003_graphemic-components/019_001801-001900_obs-comp-cand-bucket_component-candidates/1873_obs-comp-cand-001873_obimd-sub-uqs2fdx4y0_component-candidate,obimd-sub-uqs2fdx4y0,obimd-sub-uqs2fdx4y0;obimd-main-lfox6x1ojm,src-obimd,licensed_for_repository,needs_human_component_review,2026-06-20
obs-comp-cand-001874,graphemic_component_candidate,corpus/003_graphemic-components/019_001801-001900_obs-comp-cand-bucket_component-candidates/1874_obs-comp-cand-001874_obimd-sub-70z2ecqnoc_component-candidate,obimd-sub-70z2ecqnoc,obimd-sub-70z2ecqnoc;obimd-main-lfox6x1ojm,src-obimd,licensed_for_repository,needs_human_component_review,2026-06-20
obs-comp-cand-001875,graphemic_component_candidate,corpus/003_graphemic-components/019_001801-001900_obs-comp-cand-bucket_component-candidates/1875_obs-comp-cand-001875_obimd-sub-q17942dhhq_component-candidate,obimd-sub-q17942dhhq,obimd-sub-q17942dhhq;obimd-main-lfox6x1ojm,src-obimd,licensed_for_repository,needs_human_component_review,2026-06-20
obs-comp-cand-001876,graphemic_component_candidate,corpus/003_graphemic-components/019_001801-001900_obs-comp-cand-bucket_component-candidates/1876_obs-comp-cand-001876_obimd-sub-pmjqw82db0_component-candidate,obimd-sub-pmjqw82db0,obimd-sub-pmjqw82db0;obimd-main-pmjqw82db0,src-obimd,licensed_for_repository,needs_human_component_review,2026-06-20
obs-comp-cand-001877,graphemic_component_candidate,corpus/003_graphemic-components/019_001801-001900_obs-comp-cand-bucket_component-candidates/1877_obs-comp-cand-001877_obimd-sub-mhpbr7aqcp_component-candidate,obimd-sub-mhpbr7aqcp,obimd-sub-mhpbr7aqcp;obimd-main-pmjqw82db0,src-obimd,licensed_for_repository,needs_human_component_review,2026-06-20
obs-comp-cand-001878,graphemic_component_candidate,corpus/003_graphemic-components/019_001801-001900_obs-comp-cand-bucket_component-candidates/1878_obs-comp-cand-001878_obimd-sub-mjcddztx5s_component-candidate,obimd-sub-mjcddztx5s,obimd-sub-mjcddztx5s;obimd-main-2ao64scs41,src-obimd,licensed_for_repository,needs_human_component_review,2026-06-20
obs-comp-cand-001879,graphemic_component_candidate,corpus/003_graphemic-components/019_001801-001900_obs-comp-cand-bucket_component-candidates/1879_obs-comp-cand-001879_obimd-sub-nf3yu2ct27_component-candidate,obimd-sub-nf3yu2ct27,obimd-sub-nf3yu2ct27;obimd-main-nf3yu2ct27,src-obimd,licensed_for_repository,needs_human_component_review,2026-06-20
obs-comp-cand-001880,graphemic_component_candidate,corpus/003_graphemic-components/019_001801-001900_obs-comp-cand-bucket_component-candidates/1880_obs-comp-cand-001880_obimd-sub-4v8y7s1xrc_component-candidate,obimd-sub-4v8y7s1xrc,obimd-sub-4v8y7s1xrc;obimd-main-nf3yu2ct27,src-obimd,licensed_for_repository,needs_human_component_review,2026-06-20
obs-comp-cand-001881,graphemic_component_candidate,corpus/003_graphemic-components/019_001801-001900_obs-comp-cand-bucket_component-candidates/1881_obs-comp-cand-001881_obimd-sub-d0mw2u39lg_component-candidate,obimd-sub-d0mw2u39lg,obimd-sub-d0mw2u39lg;obimd-main-d0mw2u39lg,src-obimd,licensed_for_repository,needs_human_component_review,2026-06-20
obs-comp-cand-001882,graphemic_component_candidate,corpus/003_graphemic-components/019_001801-001900_obs-comp-cand-bucket_component-candidates/1882_obs-comp-cand-001882_obimd-sub-wfyy86f1n0_component-candidate,obimd-sub-wfyy86f1n0,obimd-sub-wfyy86f1n0;obimd-main-wfyy86f1n0,src-obimd,licensed_for_repository,needs_human_component_review,2026-06-20
obs-comp-cand-001883,graphemic_component_candidate,corpus/003_graphemic-components/019_001801-001900_obs-comp-cand-bucket_component-candidates/1883_obs-comp-cand-001883_obimd-sub-1orvjqlxo2_component-candidate,obimd-sub-1orvjqlxo2,obimd-sub-1orvjqlxo2;obimd-main-wfyy86f1n0,src-obimd,licensed_for_repository,needs_human_component_review,2026-06-20
obs-comp-cand-001884,graphemic_component_candidate,corpus/003_graphemic-components/019_001801-001900_obs-comp-cand-bucket_component-candidates/1884_obs-comp-cand-001884_obimd-sub-160jtnpxbb_component-candidate,obimd-sub-160jtnpxbb,obimd-sub-160jtnpxbb;obimd-main-wfyy86f1n0,src-obimd,licensed_for_repository,needs_human_component_review,2026-06-20
obs-comp-cand-001885,graphemic_component_candidate,corpus/003_graphemic-components/019_001801-001900_obs-comp-cand-bucket_component-candidates/1885_obs-comp-cand-001885_obimd-sub-21aayb2r8a_component-candidate,obimd-sub-21aayb2r8a,obimd-sub-21aayb2r8a;obimd-main-wfyy86f1n0,src-obimd,licensed_for_repository,needs_human_component_review,2026-06-20
obs-comp-cand-001886,graphemic_component_candidate,corpus/003_graphemic-components/019_001801-001900_obs-comp-cand-bucket_component-candidates/1886_obs-comp-cand-001886_obimd-sub-dj34rk4o3g_component-candidate,obimd-sub-dj34rk4o3g,obimd-sub-dj34rk4o3g;obimd-main-wfyy86f1n0,src-obimd,licensed_for_repository,needs_human_component_review,2026-06-20
obs-comp-cand-001887,graphemic_component_candidate,corpus/003_graphemic-components/019_001801-001900_obs-comp-cand-bucket_component-candidates/1887_obs-comp-cand-001887_obimd-sub-jfkbry7mqz_component-candidate,obimd-sub-jfkbry7mqz,obimd-sub-jfkbry7mqz;obimd-main-wfyy86f1n0,src-obimd,licensed_for_repository,needs_human_component_review,2026-06-20
obs-comp-cand-001888,graphemic_component_candidate,corpus/003_graphemic-components/019_001801-001900_obs-comp-cand-bucket_component-candidates/1888_obs-comp-cand-001888_obimd-sub-xclyxu4uku_component-candidate,obimd-sub-xclyxu4uku,obimd-sub-xclyxu4uku;obimd-main-xclyxu4uku,src-obimd,licensed_for_repository,needs_human_component_review,2026-06-20
obs-comp-cand-001889,graphemic_component_candidate,corpus/003_graphemic-components/019_001801-001900_obs-comp-cand-bucket_component-candidates/1889_obs-comp-cand-001889_obimd-sub-25kcf9kzds_component-candidate,obimd-sub-25kcf9kzds,obimd-sub-25kcf9kzds;obimd-main-xclyxu4uku,src-obimd,licensed_for_repository,needs_human_component_review,2026-06-20
obs-comp-cand-001890,graphemic_component_candidate,corpus/003_graphemic-components/019_001801-001900_obs-comp-cand-bucket_component-candidates/1890_obs-comp-cand-001890_obimd-sub-0e1y2arrug_component-candidate,obimd-sub-0e1y2arrug,obimd-sub-0e1y2arrug;obimd-main-xclyxu4uku,src-obimd,licensed_for_repository,needs_human_component_review,2026-06-20
obs-comp-cand-001891,graphemic_component_candidate,corpus/003_graphemic-components/019_001801-001900_obs-comp-cand-bucket_component-candidates/1891_obs-comp-cand-001891_obimd-sub-28yjralexi_component-candidate,obimd-sub-28yjralexi,obimd-sub-28yjralexi;obimd-main-28yjralexi,src-obimd,licensed_for_repository,needs_human_component_review,2026-06-20
obs-comp-cand-001892,graphemic_component_candidate,corpus/003_graphemic-components/019_001801-001900_obs-comp-cand-bucket_component-candidates/1892_obs-comp-cand-001892_obimd-sub-cvd6s2s17g_component-candidate,obimd-sub-cvd6s2s17g,obimd-sub-cvd6s2s17g;obimd-main-cvd6s2s17g,src-obimd,licensed_for_repository,needs_human_component_review,2026-06-20
obs-comp-cand-001893,graphemic_component_candidate,corpus/003_graphemic-components/019_001801-001900_obs-comp-cand-bucket_component-candidates/1893_obs-comp-cand-001893_obimd-sub-7f1o1pqd9w_component-candidate,obimd-sub-7f1o1pqd9w,obimd-sub-7f1o1pqd9w;obimd-main-7f1o1pqd9w,src-obimd,licensed_for_repository,needs_human_component_review,2026-06-20
obs-comp-cand-001894,graphemic_component_candidate,corpus/003_graphemic-components/019_001801-001900_obs-comp-cand-bucket_component-candidates/1894_obs-comp-cand-001894_obimd-sub-pupkl4x8x3_component-candidate,obimd-sub-pupkl4x8x3,obimd-sub-pupkl4x8x3;obimd-main-pupkl4x8x3,src-obimd,licensed_for_repository,needs_human_component_review,2026-06-20
obs-comp-cand-001895,graphemic_component_candidate,corpus/003_graphemic-components/019_001801-001900_obs-comp-cand-bucket_component-candidates/1895_obs-comp-cand-001895_obimd-sub-zog7b0d83z_component-candidate,obimd-sub-zog7b0d83z,obimd-sub-zog7b0d83z;obimd-main-zog7b0d83z,src-obimd,licensed_for_repository,needs_human_component_review,2026-06-20
obs-comp-cand-001896,graphemic_component_candidate,corpus/003_graphemic-components/019_001801-001900_obs-comp-cand-bucket_component-candidates/1896_obs-comp-cand-001896_obimd-sub-78lh2orrwp_component-candidate,obimd-sub-78lh2orrwp,obimd-sub-78lh2orrwp;obimd-main-zog7b0d83z,src-obimd,licensed_for_repository,needs_human_component_review,2026-06-20
obs-comp-cand-001897,graphemic_component_candidate,corpus/003_graphemic-components/019_001801-001900_obs-comp-cand-bucket_component-candidates/1897_obs-comp-cand-001897_obimd-sub-wc3sg7am3y_component-candidate,obimd-sub-wc3sg7am3y,obimd-sub-wc3sg7am3y;obimd-main-bcu00f5y6s,src-obimd,licensed_for_repository,needs_human_component_review,2026-06-20
obs-comp-cand-001898,graphemic_component_candidate,corpus/003_graphemic-components/019_001801-001900_obs-comp-cand-bucket_component-candidates/1898_obs-comp-cand-001898_obimd-sub-5diuh9hkw7_component-candidate,obimd-sub-5diuh9hkw7,obimd-sub-5diuh9hkw7;obimd-main-5diuh9hkw7,src-obimd,licensed_for_repository,needs_human_component_review,2026-06-20
obs-comp-cand-001899,graphemic_component_candidate,corpus/003_graphemic-components/019_001801-001900_obs-comp-cand-bucket_component-candidates/1899_obs-comp-cand-001899_obimd-sub-5wa7dg1020_component-candidate,obimd-sub-5wa7dg1020,obimd-sub-5wa7dg1020;obimd-main-5wa7dg1020,src-obimd,licensed_for_repository,needs_human_component_review,2026-06-20
obs-comp-cand-001900,graphemic_component_candidate,corpus/003_graphemic-components/019_001801-001900_obs-comp-cand-bucket_component-candidates/1900_obs-comp-cand-001900_obimd-sub-c771nmkmb8_component-candidate,obimd-sub-c771nmkmb8,obimd-sub-c771nmkmb8;obimd-main-c771nmkmb8,src-obimd,licensed_for_repository,needs_human_component_review,2026-06-20
obs-comp-cand-001901,graphemic_component_candidate,corpus/003_graphemic-components/020_001901-002000_obs-comp-cand-bucket_component-candidates/1901_obs-comp-cand-001901_obimd-sub-8qswlt24wh_component-candidate,obimd-sub-8qswlt24wh,obimd-sub-8qswlt24wh;obimd-main-c771nmkmb8,src-obimd,licensed_for_repository,needs_human_component_review,2026-06-20
obs-comp-cand-001902,graphemic_component_candidate,corpus/003_graphemic-components/020_001901-002000_obs-comp-cand-bucket_component-candidates/1902_obs-comp-cand-001902_obimd-sub-dc1wt3fwrg_component-candidate,obimd-sub-dc1wt3fwrg,obimd-sub-dc1wt3fwrg;obimd-main-dc1wt3fwrg,src-obimd,licensed_for_repository,needs_human_component_review,2026-06-20
obs-comp-cand-001903,graphemic_component_candidate,corpus/003_graphemic-components/020_001901-002000_obs-comp-cand-bucket_component-candidates/1903_obs-comp-cand-001903_obimd-sub-h16yr7furr_component-candidate,obimd-sub-h16yr7furr,obimd-sub-h16yr7furr;obimd-main-h16yr7furr,src-obimd,licensed_for_repository,needs_human_component_review,2026-06-20
obs-comp-cand-001904,graphemic_component_candidate,corpus/003_graphemic-components/020_001901-002000_obs-comp-cand-bucket_component-candidates/1904_obs-comp-cand-001904_obimd-sub-rawz6rhrtd_component-candidate,obimd-sub-rawz6rhrtd,obimd-sub-rawz6rhrtd;obimd-main-h16yr7furr,src-obimd,licensed_for_repository,needs_human_component_review,2026-06-20
obs-comp-cand-001905,graphemic_component_candidate,corpus/003_graphemic-components/020_001901-002000_obs-comp-cand-bucket_component-candidates/1905_obs-comp-cand-001905_obimd-sub-hepub2s5by_component-candidate,obimd-sub-hepub2s5by,obimd-sub-hepub2s5by;obimd-main-h16yr7furr,src-obimd,licensed_for_repository,needs_human_component_review,2026-06-20
obs-comp-cand-001906,graphemic_component_candidate,corpus/003_graphemic-components/020_001901-002000_obs-comp-cand-bucket_component-candidates/1906_obs-comp-cand-001906_obimd-sub-vha0ssegay_component-candidate,obimd-sub-vha0ssegay,obimd-sub-vha0ssegay;obimd-main-vha0ssegay,src-obimd,licensed_for_repository,needs_human_component_review,2026-06-20
obs-comp-cand-001907,graphemic_component_candidate,corpus/003_graphemic-components/020_001901-002000_obs-comp-cand-bucket_component-candidates/1907_obs-comp-cand-001907_obimd-sub-cnp7rbxnb0_component-candidate,obimd-sub-cnp7rbxnb0,obimd-sub-cnp7rbxnb0;obimd-main-vha0ssegay,src-obimd,licensed_for_repository,needs_human_component_review,2026-06-20
obs-comp-cand-001908,graphemic_component_candidate,corpus/003_graphemic-components/020_001901-002000_obs-comp-cand-bucket_component-candidates/1908_obs-comp-cand-001908_obimd-sub-upwujhrby2_component-candidate,obimd-sub-upwujhrby2,obimd-sub-upwujhrby2;obimd-main-upwujhrby2,src-obimd,licensed_for_repository,needs_human_component_review,2026-06-20
obs-comp-cand-001909,graphemic_component_candidate,corpus/003_graphemic-components/020_001901-002000_obs-comp-cand-bucket_component-candidates/1909_obs-comp-cand-001909_obimd-sub-umabbd0jwi_component-candidate,obimd-sub-umabbd0jwi,obimd-sub-umabbd0jwi;obimd-main-umabbd0jwi,src-obimd,licensed_for_repository,needs_human_component_review,2026-06-20
obs-comp-cand-001910,graphemic_component_candidate,corpus/003_graphemic-components/020_001901-002000_obs-comp-cand-bucket_component-candidates/1910_obs-comp-cand-001910_obimd-sub-oav68vru6u_component-candidate,obimd-sub-oav68vru6u,obimd-sub-oav68vru6u;obimd-main-oav68vru6u,src-obimd,licensed_for_repository,needs_human_component_review,2026-06-20
obs-comp-cand-001911,graphemic_component_candidate,corpus/003_graphemic-components/020_001901-002000_obs-comp-cand-bucket_component-candidates/1911_obs-comp-cand-001911_obimd-sub-0bwtsvgzvy_component-candidate,obimd-sub-0bwtsvgzvy,obimd-sub-0bwtsvgzvy;obimd-main-0bwtsvgzvy,src-obimd,licensed_for_repository,needs_human_component_review,2026-06-20
obs-comp-cand-001912,graphemic_component_candidate,corpus/003_graphemic-components/020_001901-002000_obs-comp-cand-bucket_component-candidates/1912_obs-comp-cand-001912_obimd-sub-wf3aejbrt3_component-candidate,obimd-sub-wf3aejbrt3,obimd-sub-wf3aejbrt3;obimd-main-wf3aejbrt3,src-obimd,licensed_for_repository,needs_human_component_review,2026-06-20
obs-comp-cand-001913,graphemic_component_candidate,corpus/003_graphemic-components/020_001901-002000_obs-comp-cand-bucket_component-candidates/1913_obs-comp-cand-001913_obimd-sub-2ucenh7n1c_component-candidate,obimd-sub-2ucenh7n1c,obimd-sub-2ucenh7n1c;obimd-main-wf3aejbrt3,src-obimd,licensed_for_repository,needs_human_component_review,2026-06-20
obs-comp-cand-001914,graphemic_component_candidate,corpus/003_graphemic-components/020_001901-002000_obs-comp-cand-bucket_component-candidates/1914_obs-comp-cand-001914_obimd-sub-3hoqdlgyx9_component-candidate,obimd-sub-3hoqdlgyx9,obimd-sub-3hoqdlgyx9;obimd-main-wf3aejbrt3,src-obimd,licensed_for_repository,needs_human_component_review,2026-06-20
obs-comp-cand-001915,graphemic_component_candidate,corpus/003_graphemic-components/020_001901-002000_obs-comp-cand-bucket_component-candidates/1915_obs-comp-cand-001915_obimd-sub-drf1i3fmxo_component-candidate,obimd-sub-drf1i3fmxo,obimd-sub-drf1i3fmxo;obimd-main-drf1i3fmxo,src-obimd,licensed_for_repository,needs_human_component_review,2026-06-20
obs-comp-cand-001916,graphemic_component_candidate,corpus/003_graphemic-components/020_001901-002000_obs-comp-cand-bucket_component-candidates/1916_obs-comp-cand-001916_obimd-sub-r47d5160c7_component-candidate,obimd-sub-r47d5160c7,obimd-sub-r47d5160c7;obimd-main-r47d5160c7,src-obimd,licensed_for_repository,needs_human_component_review,2026-06-20
obs-comp-cand-001917,graphemic_component_candidate,corpus/003_graphemic-components/020_001901-002000_obs-comp-cand-bucket_component-candidates/1917_obs-comp-cand-001917_obimd-sub-136xnn9igk_component-candidate,obimd-sub-136xnn9igk,obimd-sub-136xnn9igk;obimd-main-oxa0ylq9ay,src-obimd,licensed_for_repository,needs_human_component_review,2026-06-20
obs-comp-cand-001918,graphemic_component_candidate,corpus/003_graphemic-components/020_001901-002000_obs-comp-cand-bucket_component-candidates/1918_obs-comp-cand-001918_obimd-sub-duv08l81ng_component-candidate,obimd-sub-duv08l81ng,obimd-sub-duv08l81ng;obimd-main-oxa0ylq9ay,src-obimd,licensed_for_repository,needs_human_component_review,2026-06-20
obs-comp-cand-001919,graphemic_component_candidate,corpus/003_graphemic-components/020_001901-002000_obs-comp-cand-bucket_component-candidates/1919_obs-comp-cand-001919_obimd-sub-v0nelp3q1u_component-candidate,obimd-sub-v0nelp3q1u,obimd-sub-v0nelp3q1u;obimd-main-oxa0ylq9ay,src-obimd,licensed_for_repository,needs_human_component_review,2026-06-20
obs-comp-cand-001920,graphemic_component_candidate,corpus/003_graphemic-components/020_001901-002000_obs-comp-cand-bucket_component-candidates/1920_obs-comp-cand-001920_obimd-sub-af435iu76k_component-candidate,obimd-sub-af435iu76k,obimd-sub-af435iu76k;obimd-main-af435iu76k,src-obimd,licensed_for_repository,needs_human_component_review,2026-06-20
obs-comp-cand-001921,graphemic_component_candidate,corpus/003_graphemic-components/020_001901-002000_obs-comp-cand-bucket_component-candidates/1921_obs-comp-cand-001921_obimd-sub-swkogajfub_component-candidate,obimd-sub-swkogajfub,obimd-sub-swkogajfub;obimd-main-swkogajfub,src-obimd,licensed_for_repository,needs_human_component_review,2026-06-20
obs-comp-cand-001922,graphemic_component_candidate,corpus/003_graphemic-components/020_001901-002000_obs-comp-cand-bucket_component-candidates/1922_obs-comp-cand-001922_obimd-sub-c1qqrcek58_component-candidate,obimd-sub-c1qqrcek58,obimd-sub-c1qqrcek58;obimd-main-47v5slu9p5,src-obimd,licensed_for_repository,needs_human_component_review,2026-06-20
obs-comp-cand-001923,graphemic_component_candidate,corpus/003_graphemic-components/020_001901-002000_obs-comp-cand-bucket_component-candidates/1923_obs-comp-cand-001923_obimd-sub-mywhauy2tm_component-candidate,obimd-sub-mywhauy2tm,obimd-sub-mywhauy2tm;obimd-main-mywhauy2tm,src-obimd,licensed_for_repository,needs_human_component_review,2026-06-20
obs-comp-cand-001924,graphemic_component_candidate,corpus/003_graphemic-components/020_001901-002000_obs-comp-cand-bucket_component-candidates/1924_obs-comp-cand-001924_obimd-sub-mc2tdm102y_component-candidate,obimd-sub-mc2tdm102y,obimd-sub-mc2tdm102y;obimd-main-mc2tdm102y,src-obimd,licensed_for_repository,needs_human_component_review,2026-06-20
obs-comp-cand-001925,graphemic_component_candidate,corpus/003_graphemic-components/020_001901-002000_obs-comp-cand-bucket_component-candidates/1925_obs-comp-cand-001925_obimd-sub-9w7u4m625q_component-candidate,obimd-sub-9w7u4m625q,obimd-sub-9w7u4m625q;obimd-main-9w7u4m625q,src-obimd,licensed_for_repository,needs_human_component_review,2026-06-20
obs-comp-cand-001926,graphemic_component_candidate,corpus/003_graphemic-components/020_001901-002000_obs-comp-cand-bucket_component-candidates/1926_obs-comp-cand-001926_obimd-sub-dvfc5aavmn_component-candidate,obimd-sub-dvfc5aavmn,obimd-sub-dvfc5aavmn;obimd-main-9w7u4m625q,src-obimd,licensed_for_repository,needs_human_component_review,2026-06-20
obs-comp-cand-001927,graphemic_component_candidate,corpus/003_graphemic-components/020_001901-002000_obs-comp-cand-bucket_component-candidates/1927_obs-comp-cand-001927_obimd-sub-6k62imdisa_component-candidate,obimd-sub-6k62imdisa,obimd-sub-6k62imdisa;obimd-main-6k62imdisa,src-obimd,licensed_for_repository,needs_human_component_review,2026-06-20
obs-comp-cand-001928,graphemic_component_candidate,corpus/003_graphemic-components/020_001901-002000_obs-comp-cand-bucket_component-candidates/1928_obs-comp-cand-001928_obimd-sub-wi4lnk5exm_component-candidate,obimd-sub-wi4lnk5exm,obimd-sub-wi4lnk5exm;obimd-main-6k62imdisa,src-obimd,licensed_for_repository,needs_human_component_review,2026-06-20
obs-comp-cand-001929,graphemic_component_candidate,corpus/003_graphemic-components/020_001901-002000_obs-comp-cand-bucket_component-candidates/1929_obs-comp-cand-001929_obimd-sub-52a130pcmy_component-candidate,obimd-sub-52a130pcmy,obimd-sub-52a130pcmy;obimd-main-52a130pcmy,src-obimd,licensed_for_repository,needs_human_component_review,2026-06-20
obs-comp-cand-001930,graphemic_component_candidate,corpus/003_graphemic-components/020_001901-002000_obs-comp-cand-bucket_component-candidates/1930_obs-comp-cand-001930_obimd-sub-yahekbl5l9_component-candidate,obimd-sub-yahekbl5l9,obimd-sub-yahekbl5l9;obimd-main-52a130pcmy,src-obimd,licensed_for_repository,needs_human_component_review,2026-06-20
obs-comp-cand-001931,graphemic_component_candidate,corpus/003_graphemic-components/020_001901-002000_obs-comp-cand-bucket_component-candidates/1931_obs-comp-cand-001931_obimd-sub-2az1z0p9qf_component-candidate,obimd-sub-2az1z0p9qf,obimd-sub-2az1z0p9qf;obimd-main-52a130pcmy,src-obimd,licensed_for_repository,needs_human_component_review,2026-06-20
obs-comp-cand-001932,graphemic_component_candidate,corpus/003_graphemic-components/020_001901-002000_obs-comp-cand-bucket_component-candidates/1932_obs-comp-cand-001932_obimd-sub-un7wnrhutk_component-candidate,obimd-sub-un7wnrhutk,obimd-sub-un7wnrhutk;obimd-main-un7wnrhutk,src-obimd,licensed_for_repository,needs_human_component_review,2026-06-20
obs-comp-cand-001933,graphemic_component_candidate,corpus/003_graphemic-components/020_001901-002000_obs-comp-cand-bucket_component-candidates/1933_obs-comp-cand-001933_obimd-sub-m4dq2q9jiv_component-candidate,obimd-sub-m4dq2q9jiv,obimd-sub-m4dq2q9jiv;obimd-main-m4dq2q9jiv,src-obimd,licensed_for_repository,needs_human_component_review,2026-06-20
obs-comp-cand-001934,graphemic_component_candidate,corpus/003_graphemic-components/020_001901-002000_obs-comp-cand-bucket_component-candidates/1934_obs-comp-cand-001934_obimd-sub-zb8v6bi9ju_component-candidate,obimd-sub-zb8v6bi9ju,obimd-sub-zb8v6bi9ju;obimd-main-m4dq2q9jiv,src-obimd,licensed_for_repository,needs_human_component_review,2026-06-20
obs-comp-cand-001935,graphemic_component_candidate,corpus/003_graphemic-components/020_001901-002000_obs-comp-cand-bucket_component-candidates/1935_obs-comp-cand-001935_obimd-sub-ietqanns8m_component-candidate,obimd-sub-ietqanns8m,obimd-sub-ietqanns8m;obimd-main-m4dq2q9jiv,src-obimd,licensed_for_repository,needs_human_component_review,2026-06-20
obs-comp-cand-001936,graphemic_component_candidate,corpus/003_graphemic-components/020_001901-002000_obs-comp-cand-bucket_component-candidates/1936_obs-comp-cand-001936_obimd-sub-mm49eilaqb_component-candidate,obimd-sub-mm49eilaqb,obimd-sub-mm49eilaqb;obimd-main-mm49eilaqb,src-obimd,licensed_for_repository,needs_human_component_review,2026-06-20
obs-comp-cand-001937,graphemic_component_candidate,corpus/003_graphemic-components/020_001901-002000_obs-comp-cand-bucket_component-candidates/1937_obs-comp-cand-001937_obimd-sub-j1sekhafab_component-candidate,obimd-sub-j1sekhafab,obimd-sub-j1sekhafab;obimd-main-mm49eilaqb,src-obimd,licensed_for_repository,needs_human_component_review,2026-06-20
obs-comp-cand-001938,graphemic_component_candidate,corpus/003_graphemic-components/020_001901-002000_obs-comp-cand-bucket_component-candidates/1938_obs-comp-cand-001938_obimd-sub-giysoy67zo_component-candidate,obimd-sub-giysoy67zo,obimd-sub-giysoy67zo;obimd-main-giysoy67zo,src-obimd,licensed_for_repository,needs_human_component_review,2026-06-20
obs-comp-cand-001939,graphemic_component_candidate,corpus/003_graphemic-components/020_001901-002000_obs-comp-cand-bucket_component-candidates/1939_obs-comp-cand-001939_obimd-sub-oqgvu8863v_component-candidate,obimd-sub-oqgvu8863v,obimd-sub-oqgvu8863v;obimd-main-giysoy67zo,src-obimd,licensed_for_repository,needs_human_component_review,2026-06-20
obs-comp-cand-001940,graphemic_component_candidate,corpus/003_graphemic-components/020_001901-002000_obs-comp-cand-bucket_component-candidates/1940_obs-comp-cand-001940_obimd-sub-hku4d0ck4n_component-candidate,obimd-sub-hku4d0ck4n,obimd-sub-hku4d0ck4n;obimd-main-hku4d0ck4n,src-obimd,licensed_for_repository,needs_human_component_review,2026-06-20
obs-comp-cand-001941,graphemic_component_candidate,corpus/003_graphemic-components/020_001901-002000_obs-comp-cand-bucket_component-candidates/1941_obs-comp-cand-001941_obimd-sub-41cgu5ewmd_component-candidate,obimd-sub-41cgu5ewmd,obimd-sub-41cgu5ewmd;obimd-main-41cgu5ewmd,src-obimd,licensed_for_repository,needs_human_component_review,2026-06-20
obs-comp-cand-001942,graphemic_component_candidate,corpus/003_graphemic-components/020_001901-002000_obs-comp-cand-bucket_component-candidates/1942_obs-comp-cand-001942_obimd-sub-g6g2sgdmcc_component-candidate,obimd-sub-g6g2sgdmcc,obimd-sub-g6g2sgdmcc;obimd-main-41cgu5ewmd,src-obimd,licensed_for_repository,needs_human_component_review,2026-06-20
obs-comp-cand-001943,graphemic_component_candidate,corpus/003_graphemic-components/020_001901-002000_obs-comp-cand-bucket_component-candidates/1943_obs-comp-cand-001943_obimd-sub-8tzz4u3uwl_component-candidate,obimd-sub-8tzz4u3uwl,obimd-sub-8tzz4u3uwl;obimd-main-41cgu5ewmd,src-obimd,licensed_for_repository,needs_human_component_review,2026-06-20
obs-comp-cand-001944,graphemic_component_candidate,corpus/003_graphemic-components/020_001901-002000_obs-comp-cand-bucket_component-candidates/1944_obs-comp-cand-001944_obimd-sub-49xqdx7w56_component-candidate,obimd-sub-49xqdx7w56,obimd-sub-49xqdx7w56;obimd-main-49xqdx7w56,src-obimd,licensed_for_repository,needs_human_component_review,2026-06-20
obs-comp-cand-001945,graphemic_component_candidate,corpus/003_graphemic-components/020_001901-002000_obs-comp-cand-bucket_component-candidates/1945_obs-comp-cand-001945_obimd-sub-ncgekxox1o_component-candidate,obimd-sub-ncgekxox1o,obimd-sub-ncgekxox1o;obimd-main-ncgekxox1o,src-obimd,licensed_for_repository,needs_human_component_review,2026-06-20
obs-comp-cand-001946,graphemic_component_candidate,corpus/003_graphemic-components/020_001901-002000_obs-comp-cand-bucket_component-candidates/1946_obs-comp-cand-001946_obimd-sub-2bcwadfq0r_component-candidate,obimd-sub-2bcwadfq0r,obimd-sub-2bcwadfq0r;obimd-main-2bcwadfq0r,src-obimd,licensed_for_repository,needs_human_component_review,2026-06-20
obs-comp-cand-001947,graphemic_component_candidate,corpus/003_graphemic-components/020_001901-002000_obs-comp-cand-bucket_component-candidates/1947_obs-comp-cand-001947_obimd-sub-dxasp1shh1_component-candidate,obimd-sub-dxasp1shh1,obimd-sub-dxasp1shh1;obimd-main-dxasp1shh1,src-obimd,licensed_for_repository,needs_human_component_review,2026-06-20
obs-comp-cand-001948,graphemic_component_candidate,corpus/003_graphemic-components/020_001901-002000_obs-comp-cand-bucket_component-candidates/1948_obs-comp-cand-001948_obimd-sub-jyskjcj861_component-candidate,obimd-sub-jyskjcj861,obimd-sub-jyskjcj861;obimd-main-jyskjcj861,src-obimd,licensed_for_repository,needs_human_component_review,2026-06-20
obs-comp-cand-001949,graphemic_component_candidate,corpus/003_graphemic-components/020_001901-002000_obs-comp-cand-bucket_component-candidates/1949_obs-comp-cand-001949_obimd-sub-ws27aseb05_component-candidate,obimd-sub-ws27aseb05,obimd-sub-ws27aseb05;obimd-main-jyskjcj861,src-obimd,licensed_for_repository,needs_human_component_review,2026-06-20
obs-comp-cand-001950,graphemic_component_candidate,corpus/003_graphemic-components/020_001901-002000_obs-comp-cand-bucket_component-candidates/1950_obs-comp-cand-001950_obimd-sub-lsttuodyjv_component-candidate,obimd-sub-lsttuodyjv,obimd-sub-lsttuodyjv;obimd-main-jyskjcj861,src-obimd,licensed_for_repository,needs_human_component_review,2026-06-20
obs-comp-cand-001951,graphemic_component_candidate,corpus/003_graphemic-components/020_001901-002000_obs-comp-cand-bucket_component-candidates/1951_obs-comp-cand-001951_obimd-sub-ostv9ndlbf_component-candidate,obimd-sub-ostv9ndlbf,obimd-sub-ostv9ndlbf;obimd-main-jyskjcj861,src-obimd,licensed_for_repository,needs_human_component_review,2026-06-20
obs-comp-cand-001952,graphemic_component_candidate,corpus/003_graphemic-components/020_001901-002000_obs-comp-cand-bucket_component-candidates/1952_obs-comp-cand-001952_obimd-sub-a4weam3zks_component-candidate,obimd-sub-a4weam3zks,obimd-sub-a4weam3zks;obimd-main-a4weam3zks,src-obimd,licensed_for_repository,needs_human_component_review,2026-06-20
obs-comp-cand-001953,graphemic_component_candidate,corpus/003_graphemic-components/020_001901-002000_obs-comp-cand-bucket_component-candidates/1953_obs-comp-cand-001953_obimd-sub-nuj3f1ea1d_component-candidate,obimd-sub-nuj3f1ea1d,obimd-sub-nuj3f1ea1d;obimd-main-nuj3f1ea1d,src-obimd,licensed_for_repository,needs_human_component_review,2026-06-20
obs-comp-cand-001954,graphemic_component_candidate,corpus/003_graphemic-components/020_001901-002000_obs-comp-cand-bucket_component-candidates/1954_obs-comp-cand-001954_obimd-sub-r1qimk9d4z_component-candidate,obimd-sub-r1qimk9d4z,obimd-sub-r1qimk9d4z;obimd-main-r1qimk9d4z,src-obimd,licensed_for_repository,needs_human_component_review,2026-06-20
obs-comp-cand-001955,graphemic_component_candidate,corpus/003_graphemic-components/020_001901-002000_obs-comp-cand-bucket_component-candidates/1955_obs-comp-cand-001955_obimd-sub-3ade45dwte_component-candidate,obimd-sub-3ade45dwte,obimd-sub-3ade45dwte;obimd-main-3ade45dwte,src-obimd,licensed_for_repository,needs_human_component_review,2026-06-20
obs-comp-cand-001956,graphemic_component_candidate,corpus/003_graphemic-components/020_001901-002000_obs-comp-cand-bucket_component-candidates/1956_obs-comp-cand-001956_obimd-sub-knps4jrxz3_component-candidate,obimd-sub-knps4jrxz3,obimd-sub-knps4jrxz3;obimd-main-knps4jrxz3,src-obimd,licensed_for_repository,needs_human_component_review,2026-06-20
obs-comp-cand-001957,graphemic_component_candidate,corpus/003_graphemic-components/020_001901-002000_obs-comp-cand-bucket_component-candidates/1957_obs-comp-cand-001957_obimd-sub-kv2x09xzue_component-candidate,obimd-sub-kv2x09xzue,obimd-sub-kv2x09xzue;obimd-main-knps4jrxz3,src-obimd,licensed_for_repository,needs_human_component_review,2026-06-20
obs-comp-cand-001958,graphemic_component_candidate,corpus/003_graphemic-components/020_001901-002000_obs-comp-cand-bucket_component-candidates/1958_obs-comp-cand-001958_obimd-sub-5d0rxu2cn6_component-candidate,obimd-sub-5d0rxu2cn6,obimd-sub-5d0rxu2cn6;obimd-main-knps4jrxz3,src-obimd,licensed_for_repository,needs_human_component_review,2026-06-20
obs-comp-cand-001959,graphemic_component_candidate,corpus/003_graphemic-components/020_001901-002000_obs-comp-cand-bucket_component-candidates/1959_obs-comp-cand-001959_obimd-sub-kn4j7es3oc_component-candidate,obimd-sub-kn4j7es3oc,obimd-sub-kn4j7es3oc;obimd-main-knps4jrxz3,src-obimd,licensed_for_repository,needs_human_component_review,2026-06-20
obs-comp-cand-001960,graphemic_component_candidate,corpus/003_graphemic-components/020_001901-002000_obs-comp-cand-bucket_component-candidates/1960_obs-comp-cand-001960_obimd-sub-h66teayqgd_component-candidate,obimd-sub-h66teayqgd,obimd-sub-h66teayqgd;obimd-main-knps4jrxz3,src-obimd,licensed_for_repository,needs_human_component_review,2026-06-20
obs-comp-cand-001961,graphemic_component_candidate,corpus/003_graphemic-components/020_001901-002000_obs-comp-cand-bucket_component-candidates/1961_obs-comp-cand-001961_obimd-sub-eq0zcoihok_component-candidate,obimd-sub-eq0zcoihok,obimd-sub-eq0zcoihok;obimd-main-eq0zcoihok,src-obimd,licensed_for_repository,needs_human_component_review,2026-06-20
obs-comp-cand-001962,graphemic_component_candidate,corpus/003_graphemic-components/020_001901-002000_obs-comp-cand-bucket_component-candidates/1962_obs-comp-cand-001962_obimd-sub-9vw70byryn_component-candidate,obimd-sub-9vw70byryn,obimd-sub-9vw70byryn;obimd-main-9vw70byryn,src-obimd,licensed_for_repository,needs_human_component_review,2026-06-20
obs-comp-cand-001963,graphemic_component_candidate,corpus/003_graphemic-components/020_001901-002000_obs-comp-cand-bucket_component-candidates/1963_obs-comp-cand-001963_obimd-sub-h3nw474wwr_component-candidate,obimd-sub-h3nw474wwr,obimd-sub-h3nw474wwr;obimd-main-h3nw474wwr,src-obimd,licensed_for_repository,needs_human_component_review,2026-06-20
obs-comp-cand-001964,graphemic_component_candidate,corpus/003_graphemic-components/020_001901-002000_obs-comp-cand-bucket_component-candidates/1964_obs-comp-cand-001964_obimd-sub-zfhqq2e4uc_component-candidate,obimd-sub-zfhqq2e4uc,obimd-sub-zfhqq2e4uc;obimd-main-h3nw474wwr,src-obimd,licensed_for_repository,needs_human_component_review,2026-06-20
obs-comp-cand-001965,graphemic_component_candidate,corpus/003_graphemic-components/020_001901-002000_obs-comp-cand-bucket_component-candidates/1965_obs-comp-cand-001965_obimd-sub-kf0yhslq5t_component-candidate,obimd-sub-kf0yhslq5t,obimd-sub-kf0yhslq5t;obimd-main-h3nw474wwr,src-obimd,licensed_for_repository,needs_human_component_review,2026-06-20
obs-comp-cand-001966,graphemic_component_candidate,corpus/003_graphemic-components/020_001901-002000_obs-comp-cand-bucket_component-candidates/1966_obs-comp-cand-001966_obimd-sub-fjmpc6xw5o_component-candidate,obimd-sub-fjmpc6xw5o,obimd-sub-fjmpc6xw5o;obimd-main-h3nw474wwr,src-obimd,licensed_for_repository,needs_human_component_review,2026-06-20
obs-comp-cand-001967,graphemic_component_candidate,corpus/003_graphemic-components/020_001901-002000_obs-comp-cand-bucket_component-candidates/1967_obs-comp-cand-001967_obimd-sub-81cqeht6m8_component-candidate,obimd-sub-81cqeht6m8,obimd-sub-81cqeht6m8;obimd-main-81cqeht6m8,src-obimd,licensed_for_repository,needs_human_component_review,2026-06-20
obs-comp-cand-001968,graphemic_component_candidate,corpus/003_graphemic-components/020_001901-002000_obs-comp-cand-bucket_component-candidates/1968_obs-comp-cand-001968_obimd-sub-h82z1bo3i3_component-candidate,obimd-sub-h82z1bo3i3,obimd-sub-h82z1bo3i3;obimd-main-h82z1bo3i3,src-obimd,licensed_for_repository,needs_human_component_review,2026-06-20
obs-comp-cand-001969,graphemic_component_candidate,corpus/003_graphemic-components/020_001901-002000_obs-comp-cand-bucket_component-candidates/1969_obs-comp-cand-001969_obimd-sub-vdh8n3qwp9_component-candidate,obimd-sub-vdh8n3qwp9,obimd-sub-vdh8n3qwp9;obimd-main-h82z1bo3i3,src-obimd,licensed_for_repository,needs_human_component_review,2026-06-20
obs-comp-cand-001970,graphemic_component_candidate,corpus/003_graphemic-components/020_001901-002000_obs-comp-cand-bucket_component-candidates/1970_obs-comp-cand-001970_obimd-sub-aotzf9i4t4_component-candidate,obimd-sub-aotzf9i4t4,obimd-sub-aotzf9i4t4;obimd-main-aotzf9i4t4,src-obimd,licensed_for_repository,needs_human_component_review,2026-06-20
obs-comp-cand-001971,graphemic_component_candidate,corpus/003_graphemic-components/020_001901-002000_obs-comp-cand-bucket_component-candidates/1971_obs-comp-cand-001971_obimd-sub-1vataolxj9_component-candidate,obimd-sub-1vataolxj9,obimd-sub-1vataolxj9;obimd-main-1vataolxj9,src-obimd,licensed_for_repository,needs_human_component_review,2026-06-20
obs-comp-cand-001972,graphemic_component_candidate,corpus/003_graphemic-components/020_001901-002000_obs-comp-cand-bucket_component-candidates/1972_obs-comp-cand-001972_obimd-sub-62sfn582l8_component-candidate,obimd-sub-62sfn582l8,obimd-sub-62sfn582l8;obimd-main-1vataolxj9,src-obimd,licensed_for_repository,needs_human_component_review,2026-06-20
obs-comp-cand-001973,graphemic_component_candidate,corpus/003_graphemic-components/020_001901-002000_obs-comp-cand-bucket_component-candidates/1973_obs-comp-cand-001973_obimd-sub-32g5flgua0_component-candidate,obimd-sub-32g5flgua0,obimd-sub-32g5flgua0;obimd-main-32g5flgua0,src-obimd,licensed_for_repository,needs_human_component_review,2026-06-20
obs-comp-cand-001974,graphemic_component_candidate,corpus/003_graphemic-components/020_001901-002000_obs-comp-cand-bucket_component-candidates/1974_obs-comp-cand-001974_obimd-sub-k0355vw0w2_component-candidate,obimd-sub-k0355vw0w2,obimd-sub-k0355vw0w2;obimd-main-32g5flgua0,src-obimd,licensed_for_repository,needs_human_component_review,2026-06-20
obs-comp-cand-001975,graphemic_component_candidate,corpus/003_graphemic-components/020_001901-002000_obs-comp-cand-bucket_component-candidates/1975_obs-comp-cand-001975_obimd-sub-p38gsi9k3l_component-candidate,obimd-sub-p38gsi9k3l,obimd-sub-p38gsi9k3l;obimd-main-32g5flgua0,src-obimd,licensed_for_repository,needs_human_component_review,2026-06-20
obs-comp-cand-001976,graphemic_component_candidate,corpus/003_graphemic-components/020_001901-002000_obs-comp-cand-bucket_component-candidates/1976_obs-comp-cand-001976_obimd-sub-wg598fdf4n_component-candidate,obimd-sub-wg598fdf4n,obimd-sub-wg598fdf4n;obimd-main-wg598fdf4n,src-obimd,licensed_for_repository,needs_human_component_review,2026-06-20
obs-comp-cand-001977,graphemic_component_candidate,corpus/003_graphemic-components/020_001901-002000_obs-comp-cand-bucket_component-candidates/1977_obs-comp-cand-001977_obimd-sub-dhqar7cnn9_component-candidate,obimd-sub-dhqar7cnn9,obimd-sub-dhqar7cnn9;obimd-main-dhqar7cnn9,src-obimd,licensed_for_repository,needs_human_component_review,2026-06-20
obs-comp-cand-001978,graphemic_component_candidate,corpus/003_graphemic-components/020_001901-002000_obs-comp-cand-bucket_component-candidates/1978_obs-comp-cand-001978_obimd-sub-hmne5uy3qt_component-candidate,obimd-sub-hmne5uy3qt,obimd-sub-hmne5uy3qt;obimd-main-hmne5uy3qt,src-obimd,licensed_for_repository,needs_human_component_review,2026-06-20
obs-comp-cand-001979,graphemic_component_candidate,corpus/003_graphemic-components/020_001901-002000_obs-comp-cand-bucket_component-candidates/1979_obs-comp-cand-001979_obimd-sub-bgjasewncw_component-candidate,obimd-sub-bgjasewncw,obimd-sub-bgjasewncw;obimd-main-hmne5uy3qt,src-obimd,licensed_for_repository,needs_human_component_review,2026-06-20
obs-comp-cand-001980,graphemic_component_candidate,corpus/003_graphemic-components/020_001901-002000_obs-comp-cand-bucket_component-candidates/1980_obs-comp-cand-001980_obimd-sub-0nvyme4csq_component-candidate,obimd-sub-0nvyme4csq,obimd-sub-0nvyme4csq;obimd-main-hmne5uy3qt,src-obimd,licensed_for_repository,needs_human_component_review,2026-06-20
obs-comp-cand-001981,graphemic_component_candidate,corpus/003_graphemic-components/020_001901-002000_obs-comp-cand-bucket_component-candidates/1981_obs-comp-cand-001981_obimd-sub-yd0p39g0ly_component-candidate,obimd-sub-yd0p39g0ly,obimd-sub-yd0p39g0ly;obimd-main-yd0p39g0ly,src-obimd,licensed_for_repository,needs_human_component_review,2026-06-20
obs-comp-cand-001982,graphemic_component_candidate,corpus/003_graphemic-components/020_001901-002000_obs-comp-cand-bucket_component-candidates/1982_obs-comp-cand-001982_obimd-sub-uhk4plz1rm_component-candidate,obimd-sub-uhk4plz1rm,obimd-sub-uhk4plz1rm;obimd-main-uhk4plz1rm,src-obimd,licensed_for_repository,needs_human_component_review,2026-06-20
obs-comp-cand-001983,graphemic_component_candidate,corpus/003_graphemic-components/020_001901-002000_obs-comp-cand-bucket_component-candidates/1983_obs-comp-cand-001983_obimd-sub-brlxfsqi3r_component-candidate,obimd-sub-brlxfsqi3r,obimd-sub-brlxfsqi3r;obimd-main-brlxfsqi3r,src-obimd,licensed_for_repository,needs_human_component_review,2026-06-20
obs-comp-cand-001984,graphemic_component_candidate,corpus/003_graphemic-components/020_001901-002000_obs-comp-cand-bucket_component-candidates/1984_obs-comp-cand-001984_obimd-sub-qe26dg343r_component-candidate,obimd-sub-qe26dg343r,obimd-sub-qe26dg343r;obimd-main-qe26dg343r,src-obimd,licensed_for_repository,needs_human_component_review,2026-06-20
obs-comp-cand-001985,graphemic_component_candidate,corpus/003_graphemic-components/020_001901-002000_obs-comp-cand-bucket_component-candidates/1985_obs-comp-cand-001985_obimd-sub-i6zf7aufya_component-candidate,obimd-sub-i6zf7aufya,obimd-sub-i6zf7aufya;obimd-main-qe26dg343r,src-obimd,licensed_for_repository,needs_human_component_review,2026-06-20
obs-comp-cand-001986,graphemic_component_candidate,corpus/003_graphemic-components/020_001901-002000_obs-comp-cand-bucket_component-candidates/1986_obs-comp-cand-001986_obimd-sub-vhb5syd72w_component-candidate,obimd-sub-vhb5syd72w,obimd-sub-vhb5syd72w;obimd-main-qe26dg343r,src-obimd,licensed_for_repository,needs_human_component_review,2026-06-20
obs-comp-cand-001987,graphemic_component_candidate,corpus/003_graphemic-components/020_001901-002000_obs-comp-cand-bucket_component-candidates/1987_obs-comp-cand-001987_obimd-sub-wi3c9lqt0h_component-candidate,obimd-sub-wi3c9lqt0h,obimd-sub-wi3c9lqt0h;obimd-main-qe26dg343r,src-obimd,licensed_for_repository,needs_human_component_review,2026-06-20
obs-comp-cand-001988,graphemic_component_candidate,corpus/003_graphemic-components/020_001901-002000_obs-comp-cand-bucket_component-candidates/1988_obs-comp-cand-001988_obimd-sub-p4v6ym9k8v_component-candidate,obimd-sub-p4v6ym9k8v,obimd-sub-p4v6ym9k8v;obimd-main-qe26dg343r,src-obimd,licensed_for_repository,needs_human_component_review,2026-06-20
obs-comp-cand-001989,graphemic_component_candidate,corpus/003_graphemic-components/020_001901-002000_obs-comp-cand-bucket_component-candidates/1989_obs-comp-cand-001989_obimd-sub-kfb7sj7i0h_component-candidate,obimd-sub-kfb7sj7i0h,obimd-sub-kfb7sj7i0h;obimd-main-kfb7sj7i0h,src-obimd,licensed_for_repository,needs_human_component_review,2026-06-20
obs-comp-cand-001990,graphemic_component_candidate,corpus/003_graphemic-components/020_001901-002000_obs-comp-cand-bucket_component-candidates/1990_obs-comp-cand-001990_obimd-sub-l9s5pvc4ia_component-candidate,obimd-sub-l9s5pvc4ia,obimd-sub-l9s5pvc4ia;obimd-main-l9s5pvc4ia,src-obimd,licensed_for_repository,needs_human_component_review,2026-06-20
obs-comp-cand-001991,graphemic_component_candidate,corpus/003_graphemic-components/020_001901-002000_obs-comp-cand-bucket_component-candidates/1991_obs-comp-cand-001991_obimd-sub-lyq3tnc036_component-candidate,obimd-sub-lyq3tnc036,obimd-sub-lyq3tnc036;obimd-main-lyq3tnc036,src-obimd,licensed_for_repository,needs_human_component_review,2026-06-20
obs-comp-cand-001992,graphemic_component_candidate,corpus/003_graphemic-components/020_001901-002000_obs-comp-cand-bucket_component-candidates/1992_obs-comp-cand-001992_obimd-sub-otex91csw9_component-candidate,obimd-sub-otex91csw9,obimd-sub-otex91csw9;obimd-main-lyq3tnc036,src-obimd,licensed_for_repository,needs_human_component_review,2026-06-20
obs-comp-cand-001993,graphemic_component_candidate,corpus/003_graphemic-components/020_001901-002000_obs-comp-cand-bucket_component-candidates/1993_obs-comp-cand-001993_obimd-sub-93czw10e5v_component-candidate,obimd-sub-93czw10e5v,obimd-sub-93czw10e5v;obimd-main-w49pivmpx3,src-obimd,licensed_for_repository,needs_human_component_review,2026-06-20
obs-comp-cand-001994,graphemic_component_candidate,corpus/003_graphemic-components/020_001901-002000_obs-comp-cand-bucket_component-candidates/1994_obs-comp-cand-001994_obimd-sub-des9ohoyn2_component-candidate,obimd-sub-des9ohoyn2,obimd-sub-des9ohoyn2;obimd-main-w49pivmpx3,src-obimd,licensed_for_repository,needs_human_component_review,2026-06-20
obs-comp-cand-001995,graphemic_component_candidate,corpus/003_graphemic-components/020_001901-002000_obs-comp-cand-bucket_component-candidates/1995_obs-comp-cand-001995_obimd-sub-qtpfktwrdi_component-candidate,obimd-sub-qtpfktwrdi,obimd-sub-qtpfktwrdi;obimd-main-qtpfktwrdi,src-obimd,licensed_for_repository,needs_human_component_review,2026-06-20
obs-comp-cand-001996,graphemic_component_candidate,corpus/003_graphemic-components/020_001901-002000_obs-comp-cand-bucket_component-candidates/1996_obs-comp-cand-001996_obimd-sub-b58l8d93ax_component-candidate,obimd-sub-b58l8d93ax,obimd-sub-b58l8d93ax;obimd-main-qtpfktwrdi,src-obimd,licensed_for_repository,needs_human_component_review,2026-06-20
obs-comp-cand-001997,graphemic_component_candidate,corpus/003_graphemic-components/020_001901-002000_obs-comp-cand-bucket_component-candidates/1997_obs-comp-cand-001997_obimd-sub-xbypbgiy9z_component-candidate,obimd-sub-xbypbgiy9z,obimd-sub-xbypbgiy9z;obimd-main-xbypbgiy9z,src-obimd,licensed_for_repository,needs_human_component_review,2026-06-20
obs-comp-cand-001998,graphemic_component_candidate,corpus/003_graphemic-components/020_001901-002000_obs-comp-cand-bucket_component-candidates/1998_obs-comp-cand-001998_obimd-sub-qmvfvw99v9_component-candidate,obimd-sub-qmvfvw99v9,obimd-sub-qmvfvw99v9;obimd-main-qmvfvw99v9,src-obimd,licensed_for_repository,needs_human_component_review,2026-06-20
obs-comp-cand-001999,graphemic_component_candidate,corpus/003_graphemic-components/020_001901-002000_obs-comp-cand-bucket_component-candidates/1999_obs-comp-cand-001999_obimd-sub-2r7lrqai1j_component-candidate,obimd-sub-2r7lrqai1j,obimd-sub-2r7lrqai1j;obimd-main-qmvfvw99v9,src-obimd,licensed_for_repository,needs_human_component_review,2026-06-20
obs-comp-cand-002000,graphemic_component_candidate,corpus/003_graphemic-components/020_001901-002000_obs-comp-cand-bucket_component-candidates/2000_obs-comp-cand-002000_obimd-sub-xllb905eed_component-candidate,obimd-sub-xllb905eed,obimd-sub-xllb905eed;obimd-main-xllb905eed,src-obimd,licensed_for_repository,needs_human_component_review,2026-06-20
obs-comp-cand-002001,graphemic_component_candidate,corpus/003_graphemic-components/021_002001-002100_obs-comp-cand-bucket_component-candidates/2001_obs-comp-cand-002001_obimd-sub-relqgnqija_component-candidate,obimd-sub-relqgnqija,obimd-sub-relqgnqija;obimd-main-relqgnqija,src-obimd,licensed_for_repository,needs_human_component_review,2026-06-20
obs-comp-cand-002002,graphemic_component_candidate,corpus/003_graphemic-components/021_002001-002100_obs-comp-cand-bucket_component-candidates/2002_obs-comp-cand-002002_obimd-sub-hmxcbd3z22_component-candidate,obimd-sub-hmxcbd3z22,obimd-sub-hmxcbd3z22;obimd-main-hmxcbd3z22,src-obimd,licensed_for_repository,needs_human_component_review,2026-06-20
obs-comp-cand-002003,graphemic_component_candidate,corpus/003_graphemic-components/021_002001-002100_obs-comp-cand-bucket_component-candidates/2003_obs-comp-cand-002003_obimd-sub-xh73qi524y_component-candidate,obimd-sub-xh73qi524y,obimd-sub-xh73qi524y;obimd-main-xh73qi524y,src-obimd,licensed_for_repository,needs_human_component_review,2026-06-20
obs-comp-cand-002004,graphemic_component_candidate,corpus/003_graphemic-components/021_002001-002100_obs-comp-cand-bucket_component-candidates/2004_obs-comp-cand-002004_obimd-sub-67yxx2eqp0_component-candidate,obimd-sub-67yxx2eqp0,obimd-sub-67yxx2eqp0;obimd-main-67yxx2eqp0,src-obimd,licensed_for_repository,needs_human_component_review,2026-06-20
obs-comp-cand-002005,graphemic_component_candidate,corpus/003_graphemic-components/021_002001-002100_obs-comp-cand-bucket_component-candidates/2005_obs-comp-cand-002005_obimd-sub-p5kb2560ap_component-candidate,obimd-sub-p5kb2560ap,obimd-sub-p5kb2560ap;obimd-main-67yxx2eqp0,src-obimd,licensed_for_repository,needs_human_component_review,2026-06-20
obs-comp-cand-002006,graphemic_component_candidate,corpus/003_graphemic-components/021_002001-002100_obs-comp-cand-bucket_component-candidates/2006_obs-comp-cand-002006_obimd-sub-84k3ytxe3j_component-candidate,obimd-sub-84k3ytxe3j,obimd-sub-84k3ytxe3j;obimd-main-67yxx2eqp0,src-obimd,licensed_for_repository,needs_human_component_review,2026-06-20
obs-comp-cand-002007,graphemic_component_candidate,corpus/003_graphemic-components/021_002001-002100_obs-comp-cand-bucket_component-candidates/2007_obs-comp-cand-002007_obimd-sub-l4lq5esn5g_component-candidate,obimd-sub-l4lq5esn5g,obimd-sub-l4lq5esn5g;obimd-main-l4lq5esn5g,src-obimd,licensed_for_repository,needs_human_component_review,2026-06-20
obs-comp-cand-002008,graphemic_component_candidate,corpus/003_graphemic-components/021_002001-002100_obs-comp-cand-bucket_component-candidates/2008_obs-comp-cand-002008_obimd-sub-9v5awgfjs8_component-candidate,obimd-sub-9v5awgfjs8,obimd-sub-9v5awgfjs8;obimd-main-l4lq5esn5g,src-obimd,licensed_for_repository,needs_human_component_review,2026-06-20
obs-comp-cand-002009,graphemic_component_candidate,corpus/003_graphemic-components/021_002001-002100_obs-comp-cand-bucket_component-candidates/2009_obs-comp-cand-002009_obimd-sub-ih9q27svl3_component-candidate,obimd-sub-ih9q27svl3,obimd-sub-ih9q27svl3;obimd-main-l4lq5esn5g,src-obimd,licensed_for_repository,needs_human_component_review,2026-06-20
obs-comp-cand-002010,graphemic_component_candidate,corpus/003_graphemic-components/021_002001-002100_obs-comp-cand-bucket_component-candidates/2010_obs-comp-cand-002010_obimd-sub-9k2v5ankcl_component-candidate,obimd-sub-9k2v5ankcl,obimd-sub-9k2v5ankcl;obimd-main-l4lq5esn5g,src-obimd,licensed_for_repository,needs_human_component_review,2026-06-20
obs-comp-cand-002011,graphemic_component_candidate,corpus/003_graphemic-components/021_002001-002100_obs-comp-cand-bucket_component-candidates/2011_obs-comp-cand-002011_obimd-sub-zk0j4pcnzj_component-candidate,obimd-sub-zk0j4pcnzj,obimd-sub-zk0j4pcnzj;obimd-main-zk0j4pcnzj,src-obimd,licensed_for_repository,needs_human_component_review,2026-06-20
obs-comp-cand-002012,graphemic_component_candidate,corpus/003_graphemic-components/021_002001-002100_obs-comp-cand-bucket_component-candidates/2012_obs-comp-cand-002012_obimd-sub-gs24si06qj_component-candidate,obimd-sub-gs24si06qj,obimd-sub-gs24si06qj;obimd-main-gs24si06qj,src-obimd,licensed_for_repository,needs_human_component_review,2026-06-20
obs-comp-cand-002013,graphemic_component_candidate,corpus/003_graphemic-components/021_002001-002100_obs-comp-cand-bucket_component-candidates/2013_obs-comp-cand-002013_obimd-sub-8f4p8labox_component-candidate,obimd-sub-8f4p8labox,obimd-sub-8f4p8labox;obimd-main-gs24si06qj,src-obimd,licensed_for_repository,needs_human_component_review,2026-06-20
obs-comp-cand-002014,graphemic_component_candidate,corpus/003_graphemic-components/021_002001-002100_obs-comp-cand-bucket_component-candidates/2014_obs-comp-cand-002014_obimd-sub-3x31l3cpax_component-candidate,obimd-sub-3x31l3cpax,obimd-sub-3x31l3cpax;obimd-main-7hsrnqwx2f,src-obimd,licensed_for_repository,needs_human_component_review,2026-06-20
obs-comp-cand-002015,graphemic_component_candidate,corpus/003_graphemic-components/021_002001-002100_obs-comp-cand-bucket_component-candidates/2015_obs-comp-cand-002015_obimd-sub-tbecf7rhkr_component-candidate,obimd-sub-tbecf7rhkr,obimd-sub-tbecf7rhkr;obimd-main-tbecf7rhkr,src-obimd,licensed_for_repository,needs_human_component_review,2026-06-20
obs-comp-cand-002016,graphemic_component_candidate,corpus/003_graphemic-components/021_002001-002100_obs-comp-cand-bucket_component-candidates/2016_obs-comp-cand-002016_obimd-sub-konn8hbw1c_component-candidate,obimd-sub-konn8hbw1c,obimd-sub-konn8hbw1c;obimd-main-tbecf7rhkr,src-obimd,licensed_for_repository,needs_human_component_review,2026-06-20
obs-comp-cand-002017,graphemic_component_candidate,corpus/003_graphemic-components/021_002001-002100_obs-comp-cand-bucket_component-candidates/2017_obs-comp-cand-002017_obimd-sub-3clrcpn9fw_component-candidate,obimd-sub-3clrcpn9fw,obimd-sub-3clrcpn9fw;obimd-main-tbecf7rhkr,src-obimd,licensed_for_repository,needs_human_component_review,2026-06-20
obs-comp-cand-002018,graphemic_component_candidate,corpus/003_graphemic-components/021_002001-002100_obs-comp-cand-bucket_component-candidates/2018_obs-comp-cand-002018_obimd-sub-iwct7l5l2h_component-candidate,obimd-sub-iwct7l5l2h,obimd-sub-iwct7l5l2h;obimd-main-tbecf7rhkr,src-obimd,licensed_for_repository,needs_human_component_review,2026-06-20
obs-comp-cand-002019,graphemic_component_candidate,corpus/003_graphemic-components/021_002001-002100_obs-comp-cand-bucket_component-candidates/2019_obs-comp-cand-002019_obimd-sub-t4ht5564u7_component-candidate,obimd-sub-t4ht5564u7,obimd-sub-t4ht5564u7;obimd-main-tbecf7rhkr,src-obimd,licensed_for_repository,needs_human_component_review,2026-06-20
obs-comp-cand-002020,graphemic_component_candidate,corpus/003_graphemic-components/021_002001-002100_obs-comp-cand-bucket_component-candidates/2020_obs-comp-cand-002020_obimd-sub-0mddg7btht_component-candidate,obimd-sub-0mddg7btht,obimd-sub-0mddg7btht;obimd-main-tbecf7rhkr,src-obimd,licensed_for_repository,needs_human_component_review,2026-06-20
obs-comp-cand-002021,graphemic_component_candidate,corpus/003_graphemic-components/021_002001-002100_obs-comp-cand-bucket_component-candidates/2021_obs-comp-cand-002021_obimd-sub-9ypw4dceci_component-candidate,obimd-sub-9ypw4dceci,obimd-sub-9ypw4dceci;obimd-main-9ypw4dceci,src-obimd,licensed_for_repository,needs_human_component_review,2026-06-20
obs-comp-cand-002022,graphemic_component_candidate,corpus/003_graphemic-components/021_002001-002100_obs-comp-cand-bucket_component-candidates/2022_obs-comp-cand-002022_obimd-sub-c4hg9ilvpd_component-candidate,obimd-sub-c4hg9ilvpd,obimd-sub-c4hg9ilvpd;obimd-main-9ypw4dceci,src-obimd,licensed_for_repository,needs_human_component_review,2026-06-20
obs-comp-cand-002023,graphemic_component_candidate,corpus/003_graphemic-components/021_002001-002100_obs-comp-cand-bucket_component-candidates/2023_obs-comp-cand-002023_obimd-sub-9dqx5hc8om_component-candidate,obimd-sub-9dqx5hc8om,obimd-sub-9dqx5hc8om;obimd-main-9ypw4dceci,src-obimd,licensed_for_repository,needs_human_component_review,2026-06-20
obs-comp-cand-002024,graphemic_component_candidate,corpus/003_graphemic-components/021_002001-002100_obs-comp-cand-bucket_component-candidates/2024_obs-comp-cand-002024_obimd-sub-y1u4nexjl4_component-candidate,obimd-sub-y1u4nexjl4,obimd-sub-y1u4nexjl4;obimd-main-y1u4nexjl4,src-obimd,licensed_for_repository,needs_human_component_review,2026-06-20
obs-comp-cand-002025,graphemic_component_candidate,corpus/003_graphemic-components/021_002001-002100_obs-comp-cand-bucket_component-candidates/2025_obs-comp-cand-002025_obimd-sub-63lntwlvle_component-candidate,obimd-sub-63lntwlvle,obimd-sub-63lntwlvle;obimd-main-y1u4nexjl4,src-obimd,licensed_for_repository,needs_human_component_review,2026-06-20
obs-comp-cand-002026,graphemic_component_candidate,corpus/003_graphemic-components/021_002001-002100_obs-comp-cand-bucket_component-candidates/2026_obs-comp-cand-002026_obimd-sub-o8877rkdzj_component-candidate,obimd-sub-o8877rkdzj,obimd-sub-o8877rkdzj;obimd-main-y1u4nexjl4,src-obimd,licensed_for_repository,needs_human_component_review,2026-06-20
obs-comp-cand-002027,graphemic_component_candidate,corpus/003_graphemic-components/021_002001-002100_obs-comp-cand-bucket_component-candidates/2027_obs-comp-cand-002027_obimd-sub-wexkkj22qu_component-candidate,obimd-sub-wexkkj22qu,obimd-sub-wexkkj22qu;obimd-main-wexkkj22qu,src-obimd,licensed_for_repository,needs_human_component_review,2026-06-20
obs-comp-cand-002028,graphemic_component_candidate,corpus/003_graphemic-components/021_002001-002100_obs-comp-cand-bucket_component-candidates/2028_obs-comp-cand-002028_obimd-sub-mqs7u6rngr_component-candidate,obimd-sub-mqs7u6rngr,obimd-sub-mqs7u6rngr;obimd-main-mqs7u6rngr,src-obimd,licensed_for_repository,needs_human_component_review,2026-06-20
obs-comp-cand-002029,graphemic_component_candidate,corpus/003_graphemic-components/021_002001-002100_obs-comp-cand-bucket_component-candidates/2029_obs-comp-cand-002029_obimd-sub-qyg9g9hii5_component-candidate,obimd-sub-qyg9g9hii5,obimd-sub-qyg9g9hii5;obimd-main-qyg9g9hii5,src-obimd,licensed_for_repository,needs_human_component_review,2026-06-20
obs-comp-cand-002030,graphemic_component_candidate,corpus/003_graphemic-components/021_002001-002100_obs-comp-cand-bucket_component-candidates/2030_obs-comp-cand-002030_obimd-sub-90zmojjf7j_component-candidate,obimd-sub-90zmojjf7j,obimd-sub-90zmojjf7j;obimd-main-90zmojjf7j,src-obimd,licensed_for_repository,needs_human_component_review,2026-06-20
obs-comp-cand-002031,graphemic_component_candidate,corpus/003_graphemic-components/021_002001-002100_obs-comp-cand-bucket_component-candidates/2031_obs-comp-cand-002031_obimd-sub-hljv4pjamg_component-candidate,obimd-sub-hljv4pjamg,obimd-sub-hljv4pjamg;obimd-main-90zmojjf7j,src-obimd,licensed_for_repository,needs_human_component_review,2026-06-20
obs-comp-cand-002032,graphemic_component_candidate,corpus/003_graphemic-components/021_002001-002100_obs-comp-cand-bucket_component-candidates/2032_obs-comp-cand-002032_obimd-sub-4s3tpt5d8v_component-candidate,obimd-sub-4s3tpt5d8v,obimd-sub-4s3tpt5d8v;obimd-main-4s3tpt5d8v,src-obimd,licensed_for_repository,needs_human_component_review,2026-06-20
obs-comp-cand-002033,graphemic_component_candidate,corpus/003_graphemic-components/021_002001-002100_obs-comp-cand-bucket_component-candidates/2033_obs-comp-cand-002033_obimd-sub-xeyf2mkerf_component-candidate,obimd-sub-xeyf2mkerf,obimd-sub-xeyf2mkerf;obimd-main-xeyf2mkerf,src-obimd,licensed_for_repository,needs_human_component_review,2026-06-20
obs-comp-cand-002034,graphemic_component_candidate,corpus/003_graphemic-components/021_002001-002100_obs-comp-cand-bucket_component-candidates/2034_obs-comp-cand-002034_obimd-sub-pp2w04l9tf_component-candidate,obimd-sub-pp2w04l9tf,obimd-sub-pp2w04l9tf;obimd-main-pp2w04l9tf,src-obimd,licensed_for_repository,needs_human_component_review,2026-06-20
obs-comp-cand-002035,graphemic_component_candidate,corpus/003_graphemic-components/021_002001-002100_obs-comp-cand-bucket_component-candidates/2035_obs-comp-cand-002035_obimd-sub-wz87zhsubl_component-candidate,obimd-sub-wz87zhsubl,obimd-sub-wz87zhsubl;obimd-main-sqh9trpulp,src-obimd,licensed_for_repository,needs_human_component_review,2026-06-20
obs-comp-cand-002036,graphemic_component_candidate,corpus/003_graphemic-components/021_002001-002100_obs-comp-cand-bucket_component-candidates/2036_obs-comp-cand-002036_obimd-sub-4noufqnl4f_component-candidate,obimd-sub-4noufqnl4f,obimd-sub-4noufqnl4f;obimd-main-4noufqnl4f,src-obimd,licensed_for_repository,needs_human_component_review,2026-06-20
obs-comp-cand-002037,graphemic_component_candidate,corpus/003_graphemic-components/021_002001-002100_obs-comp-cand-bucket_component-candidates/2037_obs-comp-cand-002037_obimd-sub-8u3wkmkj7h_component-candidate,obimd-sub-8u3wkmkj7h,obimd-sub-8u3wkmkj7h;obimd-main-4noufqnl4f,src-obimd,licensed_for_repository,needs_human_component_review,2026-06-20
obs-comp-cand-002038,graphemic_component_candidate,corpus/003_graphemic-components/021_002001-002100_obs-comp-cand-bucket_component-candidates/2038_obs-comp-cand-002038_obimd-sub-wn1shjuwz7_component-candidate,obimd-sub-wn1shjuwz7,obimd-sub-wn1shjuwz7;obimd-main-4noufqnl4f,src-obimd,licensed_for_repository,needs_human_component_review,2026-06-20
obs-comp-cand-002039,graphemic_component_candidate,corpus/003_graphemic-components/021_002001-002100_obs-comp-cand-bucket_component-candidates/2039_obs-comp-cand-002039_obimd-sub-4fmbo8y6en_component-candidate,obimd-sub-4fmbo8y6en,obimd-sub-4fmbo8y6en;obimd-main-4noufqnl4f,src-obimd,licensed_for_repository,needs_human_component_review,2026-06-20
obs-comp-cand-002040,graphemic_component_candidate,corpus/003_graphemic-components/021_002001-002100_obs-comp-cand-bucket_component-candidates/2040_obs-comp-cand-002040_obimd-sub-xcwma5914e_component-candidate,obimd-sub-xcwma5914e,obimd-sub-xcwma5914e;obimd-main-xcwma5914e,src-obimd,licensed_for_repository,needs_human_component_review,2026-06-20
obs-comp-cand-002041,graphemic_component_candidate,corpus/003_graphemic-components/021_002001-002100_obs-comp-cand-bucket_component-candidates/2041_obs-comp-cand-002041_obimd-sub-v7v6ucaw72_component-candidate,obimd-sub-v7v6ucaw72,obimd-sub-v7v6ucaw72;obimd-main-v7v6ucaw72,src-obimd,licensed_for_repository,needs_human_component_review,2026-06-20
obs-comp-cand-002042,graphemic_component_candidate,corpus/003_graphemic-components/021_002001-002100_obs-comp-cand-bucket_component-candidates/2042_obs-comp-cand-002042_obimd-sub-hhhqdevt02_component-candidate,obimd-sub-hhhqdevt02,obimd-sub-hhhqdevt02;obimd-main-v7v6ucaw72,src-obimd,licensed_for_repository,needs_human_component_review,2026-06-20
obs-comp-cand-002043,graphemic_component_candidate,corpus/003_graphemic-components/021_002001-002100_obs-comp-cand-bucket_component-candidates/2043_obs-comp-cand-002043_obimd-sub-sj4e2q73so_component-candidate,obimd-sub-sj4e2q73so,obimd-sub-sj4e2q73so;obimd-main-sj4e2q73so,src-obimd,licensed_for_repository,needs_human_component_review,2026-06-20
obs-comp-cand-002044,graphemic_component_candidate,corpus/003_graphemic-components/021_002001-002100_obs-comp-cand-bucket_component-candidates/2044_obs-comp-cand-002044_obimd-sub-gylityx9if_component-candidate,obimd-sub-gylityx9if,obimd-sub-gylityx9if;obimd-main-sj4e2q73so,src-obimd,licensed_for_repository,needs_human_component_review,2026-06-20
obs-comp-cand-002045,graphemic_component_candidate,corpus/003_graphemic-components/021_002001-002100_obs-comp-cand-bucket_component-candidates/2045_obs-comp-cand-002045_obimd-sub-cwpk7ek70h_component-candidate,obimd-sub-cwpk7ek70h,obimd-sub-cwpk7ek70h;obimd-main-sj4e2q73so,src-obimd,licensed_for_repository,needs_human_component_review,2026-06-20
obs-comp-cand-002046,graphemic_component_candidate,corpus/003_graphemic-components/021_002001-002100_obs-comp-cand-bucket_component-candidates/2046_obs-comp-cand-002046_obimd-sub-yunhitgxgx_component-candidate,obimd-sub-yunhitgxgx,obimd-sub-yunhitgxgx;obimd-main-yunhitgxgx,src-obimd,licensed_for_repository,needs_human_component_review,2026-06-20
obs-comp-cand-002047,graphemic_component_candidate,corpus/003_graphemic-components/021_002001-002100_obs-comp-cand-bucket_component-candidates/2047_obs-comp-cand-002047_obimd-sub-4nm99xtfab_component-candidate,obimd-sub-4nm99xtfab,obimd-sub-4nm99xtfab;obimd-main-4nm99xtfab,src-obimd,licensed_for_repository,needs_human_component_review,2026-06-20
obs-comp-cand-002048,graphemic_component_candidate,corpus/003_graphemic-components/021_002001-002100_obs-comp-cand-bucket_component-candidates/2048_obs-comp-cand-002048_obimd-sub-ed569uzmdd_component-candidate,obimd-sub-ed569uzmdd,obimd-sub-ed569uzmdd;obimd-main-4nm99xtfab,src-obimd,licensed_for_repository,needs_human_component_review,2026-06-20
obs-comp-cand-002049,graphemic_component_candidate,corpus/003_graphemic-components/021_002001-002100_obs-comp-cand-bucket_component-candidates/2049_obs-comp-cand-002049_obimd-sub-wukl0rcgaw_component-candidate,obimd-sub-wukl0rcgaw,obimd-sub-wukl0rcgaw;obimd-main-4nm99xtfab,src-obimd,licensed_for_repository,needs_human_component_review,2026-06-20
obs-comp-cand-002050,graphemic_component_candidate,corpus/003_graphemic-components/021_002001-002100_obs-comp-cand-bucket_component-candidates/2050_obs-comp-cand-002050_obimd-sub-gek2hvsfx5_component-candidate,obimd-sub-gek2hvsfx5,obimd-sub-gek2hvsfx5;obimd-main-4nm99xtfab,src-obimd,licensed_for_repository,needs_human_component_review,2026-06-20
obs-comp-cand-002051,graphemic_component_candidate,corpus/003_graphemic-components/021_002001-002100_obs-comp-cand-bucket_component-candidates/2051_obs-comp-cand-002051_obimd-sub-v5pc6weeyk_component-candidate,obimd-sub-v5pc6weeyk,obimd-sub-v5pc6weeyk;obimd-main-4nm99xtfab,src-obimd,licensed_for_repository,needs_human_component_review,2026-06-20
obs-comp-cand-002052,graphemic_component_candidate,corpus/003_graphemic-components/021_002001-002100_obs-comp-cand-bucket_component-candidates/2052_obs-comp-cand-002052_obimd-sub-alszzt5rpj_component-candidate,obimd-sub-alszzt5rpj,obimd-sub-alszzt5rpj;obimd-main-4nm99xtfab,src-obimd,licensed_for_repository,needs_human_component_review,2026-06-20
obs-comp-cand-002053,graphemic_component_candidate,corpus/003_graphemic-components/021_002001-002100_obs-comp-cand-bucket_component-candidates/2053_obs-comp-cand-002053_obimd-sub-iuouekyjwj_component-candidate,obimd-sub-iuouekyjwj,obimd-sub-iuouekyjwj;obimd-main-iuouekyjwj,src-obimd,licensed_for_repository,needs_human_component_review,2026-06-20
obs-comp-cand-002054,graphemic_component_candidate,corpus/003_graphemic-components/021_002001-002100_obs-comp-cand-bucket_component-candidates/2054_obs-comp-cand-002054_obimd-sub-6opihkre3r_component-candidate,obimd-sub-6opihkre3r,obimd-sub-6opihkre3r;obimd-main-iuouekyjwj,src-obimd,licensed_for_repository,needs_human_component_review,2026-06-20
obs-comp-cand-002055,graphemic_component_candidate,corpus/003_graphemic-components/021_002001-002100_obs-comp-cand-bucket_component-candidates/2055_obs-comp-cand-002055_obimd-sub-nswfo4zc63_component-candidate,obimd-sub-nswfo4zc63,obimd-sub-nswfo4zc63;obimd-main-iuouekyjwj,src-obimd,licensed_for_repository,needs_human_component_review,2026-06-20
obs-comp-cand-002056,graphemic_component_candidate,corpus/003_graphemic-components/021_002001-002100_obs-comp-cand-bucket_component-candidates/2056_obs-comp-cand-002056_obimd-sub-a2wp9gn5sp_component-candidate,obimd-sub-a2wp9gn5sp,obimd-sub-a2wp9gn5sp;obimd-main-iuouekyjwj,src-obimd,licensed_for_repository,needs_human_component_review,2026-06-20
obs-comp-cand-002057,graphemic_component_candidate,corpus/003_graphemic-components/021_002001-002100_obs-comp-cand-bucket_component-candidates/2057_obs-comp-cand-002057_obimd-sub-36ya7wovk2_component-candidate,obimd-sub-36ya7wovk2,obimd-sub-36ya7wovk2;obimd-main-iuouekyjwj,src-obimd,licensed_for_repository,needs_human_component_review,2026-06-20
obs-comp-cand-002058,graphemic_component_candidate,corpus/003_graphemic-components/021_002001-002100_obs-comp-cand-bucket_component-candidates/2058_obs-comp-cand-002058_obimd-sub-ls6kprxw1j_component-candidate,obimd-sub-ls6kprxw1j,obimd-sub-ls6kprxw1j;obimd-main-ls6kprxw1j,src-obimd,licensed_for_repository,needs_human_component_review,2026-06-20
obs-comp-cand-002059,graphemic_component_candidate,corpus/003_graphemic-components/021_002001-002100_obs-comp-cand-bucket_component-candidates/2059_obs-comp-cand-002059_obimd-sub-sk58zihemp_component-candidate,obimd-sub-sk58zihemp,obimd-sub-sk58zihemp;obimd-main-ls6kprxw1j,src-obimd,licensed_for_repository,needs_human_component_review,2026-06-20
obs-comp-cand-002060,graphemic_component_candidate,corpus/003_graphemic-components/021_002001-002100_obs-comp-cand-bucket_component-candidates/2060_obs-comp-cand-002060_obimd-sub-eqj67fc64m_component-candidate,obimd-sub-eqj67fc64m,obimd-sub-eqj67fc64m;obimd-main-f31a6zuqwf,src-obimd,licensed_for_repository,needs_human_component_review,2026-06-20
obs-comp-cand-002061,graphemic_component_candidate,corpus/003_graphemic-components/021_002001-002100_obs-comp-cand-bucket_component-candidates/2061_obs-comp-cand-002061_obimd-sub-zr3h63w2fy_component-candidate,obimd-sub-zr3h63w2fy,obimd-sub-zr3h63w2fy;obimd-main-zr3h63w2fy,src-obimd,licensed_for_repository,needs_human_component_review,2026-06-20
obs-comp-cand-002062,graphemic_component_candidate,corpus/003_graphemic-components/021_002001-002100_obs-comp-cand-bucket_component-candidates/2062_obs-comp-cand-002062_obimd-sub-v75deir6t6_component-candidate,obimd-sub-v75deir6t6,obimd-sub-v75deir6t6;obimd-main-zr3h63w2fy,src-obimd,licensed_for_repository,needs_human_component_review,2026-06-20
obs-comp-cand-002063,graphemic_component_candidate,corpus/003_graphemic-components/021_002001-002100_obs-comp-cand-bucket_component-candidates/2063_obs-comp-cand-002063_obimd-sub-hp6hvvlzmr_component-candidate,obimd-sub-hp6hvvlzmr,obimd-sub-hp6hvvlzmr;obimd-main-zr3h63w2fy,src-obimd,licensed_for_repository,needs_human_component_review,2026-06-20
obs-comp-cand-002064,graphemic_component_candidate,corpus/003_graphemic-components/021_002001-002100_obs-comp-cand-bucket_component-candidates/2064_obs-comp-cand-002064_obimd-sub-nclwec7ns3_component-candidate,obimd-sub-nclwec7ns3,obimd-sub-nclwec7ns3;obimd-main-nclwec7ns3,src-obimd,licensed_for_repository,needs_human_component_review,2026-06-20
obs-comp-cand-002065,graphemic_component_candidate,corpus/003_graphemic-components/021_002001-002100_obs-comp-cand-bucket_component-candidates/2065_obs-comp-cand-002065_obimd-sub-2g4s7ymmp2_component-candidate,obimd-sub-2g4s7ymmp2,obimd-sub-2g4s7ymmp2;obimd-main-nclwec7ns3,src-obimd,licensed_for_repository,needs_human_component_review,2026-06-20
obs-comp-cand-002066,graphemic_component_candidate,corpus/003_graphemic-components/021_002001-002100_obs-comp-cand-bucket_component-candidates/2066_obs-comp-cand-002066_obimd-sub-jszwtrqlai_component-candidate,obimd-sub-jszwtrqlai,obimd-sub-jszwtrqlai;obimd-main-jszwtrqlai,src-obimd,licensed_for_repository,needs_human_component_review,2026-06-20
obs-comp-cand-002067,graphemic_component_candidate,corpus/003_graphemic-components/021_002001-002100_obs-comp-cand-bucket_component-candidates/2067_obs-comp-cand-002067_obimd-sub-0tk0pmitom_component-candidate,obimd-sub-0tk0pmitom,obimd-sub-0tk0pmitom;obimd-main-0tk0pmitom,src-obimd,licensed_for_repository,needs_human_component_review,2026-06-20
obs-comp-cand-002068,graphemic_component_candidate,corpus/003_graphemic-components/021_002001-002100_obs-comp-cand-bucket_component-candidates/2068_obs-comp-cand-002068_obimd-sub-g7v3hhnics_component-candidate,obimd-sub-g7v3hhnics,obimd-sub-g7v3hhnics;obimd-main-0tk0pmitom,src-obimd,licensed_for_repository,needs_human_component_review,2026-06-20
obs-comp-cand-002069,graphemic_component_candidate,corpus/003_graphemic-components/021_002001-002100_obs-comp-cand-bucket_component-candidates/2069_obs-comp-cand-002069_obimd-sub-zzqayhu5yh_component-candidate,obimd-sub-zzqayhu5yh,obimd-sub-zzqayhu5yh;obimd-main-0tk0pmitom,src-obimd,licensed_for_repository,needs_human_component_review,2026-06-20
obs-comp-cand-002070,graphemic_component_candidate,corpus/003_graphemic-components/021_002001-002100_obs-comp-cand-bucket_component-candidates/2070_obs-comp-cand-002070_obimd-sub-yaysiuwhi0_component-candidate,obimd-sub-yaysiuwhi0,obimd-sub-yaysiuwhi0;obimd-main-0tk0pmitom,src-obimd,licensed_for_repository,needs_human_component_review,2026-06-20
obs-comp-cand-002071,graphemic_component_candidate,corpus/003_graphemic-components/021_002001-002100_obs-comp-cand-bucket_component-candidates/2071_obs-comp-cand-002071_obimd-sub-pmx01iziy9_component-candidate,obimd-sub-pmx01iziy9,obimd-sub-pmx01iziy9;obimd-main-pmx01iziy9,src-obimd,licensed_for_repository,needs_human_component_review,2026-06-20
obs-comp-cand-002072,graphemic_component_candidate,corpus/003_graphemic-components/021_002001-002100_obs-comp-cand-bucket_component-candidates/2072_obs-comp-cand-002072_obimd-sub-p6gn06lpie_component-candidate,obimd-sub-p6gn06lpie,obimd-sub-p6gn06lpie;obimd-main-p6gn06lpie,src-obimd,licensed_for_repository,needs_human_component_review,2026-06-20
obs-comp-cand-002073,graphemic_component_candidate,corpus/003_graphemic-components/021_002001-002100_obs-comp-cand-bucket_component-candidates/2073_obs-comp-cand-002073_obimd-sub-ce6gcjhck6_component-candidate,obimd-sub-ce6gcjhck6,obimd-sub-ce6gcjhck6;obimd-main-p6gn06lpie,src-obimd,licensed_for_repository,needs_human_component_review,2026-06-20
obs-comp-cand-002074,graphemic_component_candidate,corpus/003_graphemic-components/021_002001-002100_obs-comp-cand-bucket_component-candidates/2074_obs-comp-cand-002074_obimd-sub-xcx3ssjcfz_component-candidate,obimd-sub-xcx3ssjcfz,obimd-sub-xcx3ssjcfz;obimd-main-p6gn06lpie,src-obimd,licensed_for_repository,needs_human_component_review,2026-06-20
obs-comp-cand-002075,graphemic_component_candidate,corpus/003_graphemic-components/021_002001-002100_obs-comp-cand-bucket_component-candidates/2075_obs-comp-cand-002075_obimd-sub-2p7v2fpe0b_component-candidate,obimd-sub-2p7v2fpe0b,obimd-sub-2p7v2fpe0b;obimd-main-2p7v2fpe0b,src-obimd,licensed_for_repository,needs_human_component_review,2026-06-20
obs-comp-cand-002076,graphemic_component_candidate,corpus/003_graphemic-components/021_002001-002100_obs-comp-cand-bucket_component-candidates/2076_obs-comp-cand-002076_obimd-sub-egf0h3s4xh_component-candidate,obimd-sub-egf0h3s4xh,obimd-sub-egf0h3s4xh;obimd-main-egf0h3s4xh,src-obimd,licensed_for_repository,needs_human_component_review,2026-06-20
obs-comp-cand-002077,graphemic_component_candidate,corpus/003_graphemic-components/021_002001-002100_obs-comp-cand-bucket_component-candidates/2077_obs-comp-cand-002077_obimd-sub-10m9zzopes_component-candidate,obimd-sub-10m9zzopes,obimd-sub-10m9zzopes;obimd-main-egf0h3s4xh,src-obimd,licensed_for_repository,needs_human_component_review,2026-06-20
obs-comp-cand-002078,graphemic_component_candidate,corpus/003_graphemic-components/021_002001-002100_obs-comp-cand-bucket_component-candidates/2078_obs-comp-cand-002078_obimd-sub-wkfunlsri6_component-candidate,obimd-sub-wkfunlsri6,obimd-sub-wkfunlsri6;obimd-main-egf0h3s4xh,src-obimd,licensed_for_repository,needs_human_component_review,2026-06-20
obs-comp-cand-002079,graphemic_component_candidate,corpus/003_graphemic-components/021_002001-002100_obs-comp-cand-bucket_component-candidates/2079_obs-comp-cand-002079_obimd-sub-b78dbi4vrz_component-candidate,obimd-sub-b78dbi4vrz,obimd-sub-b78dbi4vrz;obimd-main-egf0h3s4xh,src-obimd,licensed_for_repository,needs_human_component_review,2026-06-20
obs-comp-cand-002080,graphemic_component_candidate,corpus/003_graphemic-components/021_002001-002100_obs-comp-cand-bucket_component-candidates/2080_obs-comp-cand-002080_obimd-sub-s4dnc91sl4_component-candidate,obimd-sub-s4dnc91sl4,obimd-sub-s4dnc91sl4;obimd-main-s4dnc91sl4,src-obimd,licensed_for_repository,needs_human_component_review,2026-06-20
obs-comp-cand-002081,graphemic_component_candidate,corpus/003_graphemic-components/021_002001-002100_obs-comp-cand-bucket_component-candidates/2081_obs-comp-cand-002081_obimd-sub-5sgode9pne_component-candidate,obimd-sub-5sgode9pne,obimd-sub-5sgode9pne;obimd-main-5sgode9pne,src-obimd,licensed_for_repository,needs_human_component_review,2026-06-20
obs-comp-cand-002082,graphemic_component_candidate,corpus/003_graphemic-components/021_002001-002100_obs-comp-cand-bucket_component-candidates/2082_obs-comp-cand-002082_obimd-sub-f7hr5ku09c_component-candidate,obimd-sub-f7hr5ku09c,obimd-sub-f7hr5ku09c;obimd-main-f7hr5ku09c,src-obimd,licensed_for_repository,needs_human_component_review,2026-06-20
obs-comp-cand-002083,graphemic_component_candidate,corpus/003_graphemic-components/021_002001-002100_obs-comp-cand-bucket_component-candidates/2083_obs-comp-cand-002083_obimd-sub-foufn9pt88_component-candidate,obimd-sub-foufn9pt88,obimd-sub-foufn9pt88;obimd-main-foufn9pt88,src-obimd,licensed_for_repository,needs_human_component_review,2026-06-20
obs-comp-cand-002084,graphemic_component_candidate,corpus/003_graphemic-components/021_002001-002100_obs-comp-cand-bucket_component-candidates/2084_obs-comp-cand-002084_obimd-sub-65l1kwga5y_component-candidate,obimd-sub-65l1kwga5y,obimd-sub-65l1kwga5y;obimd-main-65l1kwga5y,src-obimd,licensed_for_repository,needs_human_component_review,2026-06-20
obs-comp-cand-002085,graphemic_component_candidate,corpus/003_graphemic-components/021_002001-002100_obs-comp-cand-bucket_component-candidates/2085_obs-comp-cand-002085_obimd-sub-u7v6rlhp81_component-candidate,obimd-sub-u7v6rlhp81,obimd-sub-u7v6rlhp81;obimd-main-u7v6rlhp81,src-obimd,licensed_for_repository,needs_human_component_review,2026-06-20
obs-comp-cand-002086,graphemic_component_candidate,corpus/003_graphemic-components/021_002001-002100_obs-comp-cand-bucket_component-candidates/2086_obs-comp-cand-002086_obimd-sub-xzku05tqy7_component-candidate,obimd-sub-xzku05tqy7,obimd-sub-xzku05tqy7;obimd-main-u7v6rlhp81,src-obimd,licensed_for_repository,needs_human_component_review,2026-06-20
obs-comp-cand-002087,graphemic_component_candidate,corpus/003_graphemic-components/021_002001-002100_obs-comp-cand-bucket_component-candidates/2087_obs-comp-cand-002087_obimd-sub-f0wbv5ozyy_component-candidate,obimd-sub-f0wbv5ozyy,obimd-sub-f0wbv5ozyy;obimd-main-u7v6rlhp81,src-obimd,licensed_for_repository,needs_human_component_review,2026-06-20
obs-comp-cand-002088,graphemic_component_candidate,corpus/003_graphemic-components/021_002001-002100_obs-comp-cand-bucket_component-candidates/2088_obs-comp-cand-002088_obimd-sub-o2b6st4497_component-candidate,obimd-sub-o2b6st4497,obimd-sub-o2b6st4497;obimd-main-u7v6rlhp81,src-obimd,licensed_for_repository,needs_human_component_review,2026-06-20
obs-comp-cand-002089,graphemic_component_candidate,corpus/003_graphemic-components/021_002001-002100_obs-comp-cand-bucket_component-candidates/2089_obs-comp-cand-002089_obimd-sub-bs962k3l0i_component-candidate,obimd-sub-bs962k3l0i,obimd-sub-bs962k3l0i;obimd-main-bs962k3l0i,src-obimd,licensed_for_repository,needs_human_component_review,2026-06-20
obs-comp-cand-002090,graphemic_component_candidate,corpus/003_graphemic-components/021_002001-002100_obs-comp-cand-bucket_component-candidates/2090_obs-comp-cand-002090_obimd-sub-cffpoun53u_component-candidate,obimd-sub-cffpoun53u,obimd-sub-cffpoun53u;obimd-main-cffpoun53u,src-obimd,licensed_for_repository,needs_human_component_review,2026-06-20
obs-comp-cand-002091,graphemic_component_candidate,corpus/003_graphemic-components/021_002001-002100_obs-comp-cand-bucket_component-candidates/2091_obs-comp-cand-002091_obimd-sub-wuqq17zjcd_component-candidate,obimd-sub-wuqq17zjcd,obimd-sub-wuqq17zjcd;obimd-main-wuqq17zjcd,src-obimd,licensed_for_repository,needs_human_component_review,2026-06-20
obs-comp-cand-002092,graphemic_component_candidate,corpus/003_graphemic-components/021_002001-002100_obs-comp-cand-bucket_component-candidates/2092_obs-comp-cand-002092_obimd-sub-1tvpevfzmn_component-candidate,obimd-sub-1tvpevfzmn,obimd-sub-1tvpevfzmn;obimd-main-1tvpevfzmn,src-obimd,licensed_for_repository,needs_human_component_review,2026-06-20
obs-comp-cand-002093,graphemic_component_candidate,corpus/003_graphemic-components/021_002001-002100_obs-comp-cand-bucket_component-candidates/2093_obs-comp-cand-002093_obimd-sub-ktmu5fowob_component-candidate,obimd-sub-ktmu5fowob,obimd-sub-ktmu5fowob;obimd-main-ktmu5fowob,src-obimd,licensed_for_repository,needs_human_component_review,2026-06-20
obs-comp-cand-002094,graphemic_component_candidate,corpus/003_graphemic-components/021_002001-002100_obs-comp-cand-bucket_component-candidates/2094_obs-comp-cand-002094_obimd-sub-03w9kgybpz_component-candidate,obimd-sub-03w9kgybpz,obimd-sub-03w9kgybpz;obimd-main-03w9kgybpz,src-obimd,licensed_for_repository,needs_human_component_review,2026-06-20
obs-comp-cand-002095,graphemic_component_candidate,corpus/003_graphemic-components/021_002001-002100_obs-comp-cand-bucket_component-candidates/2095_obs-comp-cand-002095_obimd-sub-0lplfrdm68_component-candidate,obimd-sub-0lplfrdm68,obimd-sub-0lplfrdm68;obimd-main-0lplfrdm68,src-obimd,licensed_for_repository,needs_human_component_review,2026-06-20
obs-comp-cand-002096,graphemic_component_candidate,corpus/003_graphemic-components/021_002001-002100_obs-comp-cand-bucket_component-candidates/2096_obs-comp-cand-002096_obimd-sub-yi7vhns7j8_component-candidate,obimd-sub-yi7vhns7j8,obimd-sub-yi7vhns7j8;obimd-main-yi7vhns7j8,src-obimd,licensed_for_repository,needs_human_component_review,2026-06-20
obs-comp-cand-002097,graphemic_component_candidate,corpus/003_graphemic-components/021_002001-002100_obs-comp-cand-bucket_component-candidates/2097_obs-comp-cand-002097_obimd-sub-t997jxohr3_component-candidate,obimd-sub-t997jxohr3,obimd-sub-t997jxohr3;obimd-main-t997jxohr3,src-obimd,licensed_for_repository,needs_human_component_review,2026-06-20
obs-comp-cand-002098,graphemic_component_candidate,corpus/003_graphemic-components/021_002001-002100_obs-comp-cand-bucket_component-candidates/2098_obs-comp-cand-002098_obimd-sub-ghln7uplih_component-candidate,obimd-sub-ghln7uplih,obimd-sub-ghln7uplih;obimd-main-ghln7uplih,src-obimd,licensed_for_repository,needs_human_component_review,2026-06-20
obs-comp-cand-002099,graphemic_component_candidate,corpus/003_graphemic-components/021_002001-002100_obs-comp-cand-bucket_component-candidates/2099_obs-comp-cand-002099_obimd-sub-3v7krj0xtj_component-candidate,obimd-sub-3v7krj0xtj,obimd-sub-3v7krj0xtj;obimd-main-ghln7uplih,src-obimd,licensed_for_repository,needs_human_component_review,2026-06-20
obs-comp-cand-002100,graphemic_component_candidate,corpus/003_graphemic-components/021_002001-002100_obs-comp-cand-bucket_component-candidates/2100_obs-comp-cand-002100_obimd-sub-n1l9ttl9ei_component-candidate,obimd-sub-n1l9ttl9ei,obimd-sub-n1l9ttl9ei;obimd-main-n1l9ttl9ei,src-obimd,licensed_for_repository,needs_human_component_review,2026-06-20
obs-comp-cand-002101,graphemic_component_candidate,corpus/003_graphemic-components/022_002101-002200_obs-comp-cand-bucket_component-candidates/2101_obs-comp-cand-002101_obimd-sub-7cerpwngv3_component-candidate,obimd-sub-7cerpwngv3,obimd-sub-7cerpwngv3;obimd-main-7cerpwngv3,src-obimd,licensed_for_repository,needs_human_component_review,2026-06-20
obs-comp-cand-002102,graphemic_component_candidate,corpus/003_graphemic-components/022_002101-002200_obs-comp-cand-bucket_component-candidates/2102_obs-comp-cand-002102_obimd-sub-w7adb17snu_component-candidate,obimd-sub-w7adb17snu,obimd-sub-w7adb17snu;obimd-main-w7adb17snu,src-obimd,licensed_for_repository,needs_human_component_review,2026-06-20
obs-comp-cand-002103,graphemic_component_candidate,corpus/003_graphemic-components/022_002101-002200_obs-comp-cand-bucket_component-candidates/2103_obs-comp-cand-002103_obimd-sub-ify8wp45mz_component-candidate,obimd-sub-ify8wp45mz,obimd-sub-ify8wp45mz;obimd-main-ify8wp45mz,src-obimd,licensed_for_repository,needs_human_component_review,2026-06-20
obs-comp-cand-002104,graphemic_component_candidate,corpus/003_graphemic-components/022_002101-002200_obs-comp-cand-bucket_component-candidates/2104_obs-comp-cand-002104_obimd-sub-f1vyjgg9t6_component-candidate,obimd-sub-f1vyjgg9t6,obimd-sub-f1vyjgg9t6;obimd-main-f1vyjgg9t6,src-obimd,licensed_for_repository,needs_human_component_review,2026-06-20
obs-comp-cand-002105,graphemic_component_candidate,corpus/003_graphemic-components/022_002101-002200_obs-comp-cand-bucket_component-candidates/2105_obs-comp-cand-002105_obimd-sub-7buo5g46sq_component-candidate,obimd-sub-7buo5g46sq,obimd-sub-7buo5g46sq;obimd-main-jxtkszwkrq,src-obimd,licensed_for_repository,needs_human_component_review,2026-06-20
obs-comp-cand-002106,graphemic_component_candidate,corpus/003_graphemic-components/022_002101-002200_obs-comp-cand-bucket_component-candidates/2106_obs-comp-cand-002106_obimd-sub-srhk7ugxm8_component-candidate,obimd-sub-srhk7ugxm8,obimd-sub-srhk7ugxm8;obimd-main-srhk7ugxm8,src-obimd,licensed_for_repository,needs_human_component_review,2026-06-20
obs-comp-cand-002107,graphemic_component_candidate,corpus/003_graphemic-components/022_002101-002200_obs-comp-cand-bucket_component-candidates/2107_obs-comp-cand-002107_obimd-sub-8e5crldjex_component-candidate,obimd-sub-8e5crldjex,obimd-sub-8e5crldjex;obimd-main-srhk7ugxm8,src-obimd,licensed_for_repository,needs_human_component_review,2026-06-20
obs-comp-cand-002108,graphemic_component_candidate,corpus/003_graphemic-components/022_002101-002200_obs-comp-cand-bucket_component-candidates/2108_obs-comp-cand-002108_obimd-sub-0gb8tth8uf_component-candidate,obimd-sub-0gb8tth8uf,obimd-sub-0gb8tth8uf;obimd-main-srhk7ugxm8,src-obimd,licensed_for_repository,needs_human_component_review,2026-06-20
obs-comp-cand-002109,graphemic_component_candidate,corpus/003_graphemic-components/022_002101-002200_obs-comp-cand-bucket_component-candidates/2109_obs-comp-cand-002109_obimd-sub-rts98igyn3_component-candidate,obimd-sub-rts98igyn3,obimd-sub-rts98igyn3;obimd-main-srhk7ugxm8,src-obimd,licensed_for_repository,needs_human_component_review,2026-06-20
obs-comp-cand-002110,graphemic_component_candidate,corpus/003_graphemic-components/022_002101-002200_obs-comp-cand-bucket_component-candidates/2110_obs-comp-cand-002110_obimd-sub-201eza988b_component-candidate,obimd-sub-201eza988b,obimd-sub-201eza988b;obimd-main-srhk7ugxm8,src-obimd,licensed_for_repository,needs_human_component_review,2026-06-20
obs-comp-cand-002111,graphemic_component_candidate,corpus/003_graphemic-components/022_002101-002200_obs-comp-cand-bucket_component-candidates/2111_obs-comp-cand-002111_obimd-sub-hftl4m18q0_component-candidate,obimd-sub-hftl4m18q0,obimd-sub-hftl4m18q0;obimd-main-hftl4m18q0,src-obimd,licensed_for_repository,needs_human_component_review,2026-06-20
obs-comp-cand-002112,graphemic_component_candidate,corpus/003_graphemic-components/022_002101-002200_obs-comp-cand-bucket_component-candidates/2112_obs-comp-cand-002112_obimd-sub-pieez9craa_component-candidate,obimd-sub-pieez9craa,obimd-sub-pieez9craa;obimd-main-hftl4m18q0,src-obimd,licensed_for_repository,needs_human_component_review,2026-06-20
obs-comp-cand-002113,graphemic_component_candidate,corpus/003_graphemic-components/022_002101-002200_obs-comp-cand-bucket_component-candidates/2113_obs-comp-cand-002113_obimd-sub-mbvaikkj2d_component-candidate,obimd-sub-mbvaikkj2d,obimd-sub-mbvaikkj2d;obimd-main-hftl4m18q0,src-obimd,licensed_for_repository,needs_human_component_review,2026-06-20
obs-comp-cand-002114,graphemic_component_candidate,corpus/003_graphemic-components/022_002101-002200_obs-comp-cand-bucket_component-candidates/2114_obs-comp-cand-002114_obimd-sub-2i2w6jwn4x_component-candidate,obimd-sub-2i2w6jwn4x,obimd-sub-2i2w6jwn4x;obimd-main-hftl4m18q0,src-obimd,licensed_for_repository,needs_human_component_review,2026-06-20
obs-comp-cand-002115,graphemic_component_candidate,corpus/003_graphemic-components/022_002101-002200_obs-comp-cand-bucket_component-candidates/2115_obs-comp-cand-002115_obimd-sub-1hok4mj28l_component-candidate,obimd-sub-1hok4mj28l,obimd-sub-1hok4mj28l;obimd-main-hftl4m18q0,src-obimd,licensed_for_repository,needs_human_component_review,2026-06-20
obs-comp-cand-002116,graphemic_component_candidate,corpus/003_graphemic-components/022_002101-002200_obs-comp-cand-bucket_component-candidates/2116_obs-comp-cand-002116_obimd-sub-kton3e1j8n_component-candidate,obimd-sub-kton3e1j8n,obimd-sub-kton3e1j8n;obimd-main-hftl4m18q0,src-obimd,licensed_for_repository,needs_human_component_review,2026-06-20
obs-comp-cand-002117,graphemic_component_candidate,corpus/003_graphemic-components/022_002101-002200_obs-comp-cand-bucket_component-candidates/2117_obs-comp-cand-002117_obimd-sub-7gvythc7mi_component-candidate,obimd-sub-7gvythc7mi,obimd-sub-7gvythc7mi;obimd-main-7gvythc7mi,src-obimd,licensed_for_repository,needs_human_component_review,2026-06-20
obs-comp-cand-002118,graphemic_component_candidate,corpus/003_graphemic-components/022_002101-002200_obs-comp-cand-bucket_component-candidates/2118_obs-comp-cand-002118_obimd-sub-k2a31gmtdk_component-candidate,obimd-sub-k2a31gmtdk,obimd-sub-k2a31gmtdk;obimd-main-7gvythc7mi,src-obimd,licensed_for_repository,needs_human_component_review,2026-06-20
obs-comp-cand-002119,graphemic_component_candidate,corpus/003_graphemic-components/022_002101-002200_obs-comp-cand-bucket_component-candidates/2119_obs-comp-cand-002119_obimd-sub-4iyooyk1dn_component-candidate,obimd-sub-4iyooyk1dn,obimd-sub-4iyooyk1dn;obimd-main-7gvythc7mi,src-obimd,licensed_for_repository,needs_human_component_review,2026-06-20
obs-comp-cand-002120,graphemic_component_candidate,corpus/003_graphemic-components/022_002101-002200_obs-comp-cand-bucket_component-candidates/2120_obs-comp-cand-002120_obimd-sub-yuucprnzb5_component-candidate,obimd-sub-yuucprnzb5,obimd-sub-yuucprnzb5;obimd-main-yuucprnzb5,src-obimd,licensed_for_repository,needs_human_component_review,2026-06-20
obs-comp-cand-002121,graphemic_component_candidate,corpus/003_graphemic-components/022_002101-002200_obs-comp-cand-bucket_component-candidates/2121_obs-comp-cand-002121_obimd-sub-cg4js9hmt2_component-candidate,obimd-sub-cg4js9hmt2,obimd-sub-cg4js9hmt2;obimd-main-yuucprnzb5,src-obimd,licensed_for_repository,needs_human_component_review,2026-06-20
obs-comp-cand-002122,graphemic_component_candidate,corpus/003_graphemic-components/022_002101-002200_obs-comp-cand-bucket_component-candidates/2122_obs-comp-cand-002122_obimd-sub-mqfyrz6sen_component-candidate,obimd-sub-mqfyrz6sen,obimd-sub-mqfyrz6sen;obimd-main-mqfyrz6sen,src-obimd,licensed_for_repository,needs_human_component_review,2026-06-20
obs-comp-cand-002123,graphemic_component_candidate,corpus/003_graphemic-components/022_002101-002200_obs-comp-cand-bucket_component-candidates/2123_obs-comp-cand-002123_obimd-sub-dlza5ir0k7_component-candidate,obimd-sub-dlza5ir0k7,obimd-sub-dlza5ir0k7;obimd-main-dlza5ir0k7,src-obimd,licensed_for_repository,needs_human_component_review,2026-06-20
obs-comp-cand-002124,graphemic_component_candidate,corpus/003_graphemic-components/022_002101-002200_obs-comp-cand-bucket_component-candidates/2124_obs-comp-cand-002124_obimd-sub-0nzv41j799_component-candidate,obimd-sub-0nzv41j799,obimd-sub-0nzv41j799;obimd-main-dlza5ir0k7,src-obimd,licensed_for_repository,needs_human_component_review,2026-06-20
obs-comp-cand-002125,graphemic_component_candidate,corpus/003_graphemic-components/022_002101-002200_obs-comp-cand-bucket_component-candidates/2125_obs-comp-cand-002125_obimd-sub-o7eb365hnf_component-candidate,obimd-sub-o7eb365hnf,obimd-sub-o7eb365hnf;obimd-main-o7eb365hnf,src-obimd,licensed_for_repository,needs_human_component_review,2026-06-20
obs-comp-cand-002126,graphemic_component_candidate,corpus/003_graphemic-components/022_002101-002200_obs-comp-cand-bucket_component-candidates/2126_obs-comp-cand-002126_obimd-sub-hpi3zqxc2v_component-candidate,obimd-sub-hpi3zqxc2v,obimd-sub-hpi3zqxc2v;obimd-main-o7eb365hnf,src-obimd,licensed_for_repository,needs_human_component_review,2026-06-20
obs-comp-cand-002127,graphemic_component_candidate,corpus/003_graphemic-components/022_002101-002200_obs-comp-cand-bucket_component-candidates/2127_obs-comp-cand-002127_obimd-sub-1rzrhj2j4j_component-candidate,obimd-sub-1rzrhj2j4j,obimd-sub-1rzrhj2j4j;obimd-main-1rzrhj2j4j,src-obimd,licensed_for_repository,needs_human_component_review,2026-06-20
obs-comp-cand-002128,graphemic_component_candidate,corpus/003_graphemic-components/022_002101-002200_obs-comp-cand-bucket_component-candidates/2128_obs-comp-cand-002128_obimd-sub-o15myhlbku_component-candidate,obimd-sub-o15myhlbku,obimd-sub-o15myhlbku;obimd-main-1rzrhj2j4j,src-obimd,licensed_for_repository,needs_human_component_review,2026-06-20
obs-comp-cand-002129,graphemic_component_candidate,corpus/003_graphemic-components/022_002101-002200_obs-comp-cand-bucket_component-candidates/2129_obs-comp-cand-002129_obimd-sub-yszlaw22lm_component-candidate,obimd-sub-yszlaw22lm,obimd-sub-yszlaw22lm;obimd-main-yszlaw22lm,src-obimd,licensed_for_repository,needs_human_component_review,2026-06-20
obs-comp-cand-002130,graphemic_component_candidate,corpus/003_graphemic-components/022_002101-002200_obs-comp-cand-bucket_component-candidates/2130_obs-comp-cand-002130_obimd-sub-umntls2dlq_component-candidate,obimd-sub-umntls2dlq,obimd-sub-umntls2dlq;obimd-main-umntls2dlq,src-obimd,licensed_for_repository,needs_human_component_review,2026-06-20
obs-comp-cand-002131,graphemic_component_candidate,corpus/003_graphemic-components/022_002101-002200_obs-comp-cand-bucket_component-candidates/2131_obs-comp-cand-002131_obimd-sub-l93tak6vzx_component-candidate,obimd-sub-l93tak6vzx,obimd-sub-l93tak6vzx;obimd-main-l93tak6vzx,src-obimd,licensed_for_repository,needs_human_component_review,2026-06-20
obs-comp-cand-002132,graphemic_component_candidate,corpus/003_graphemic-components/022_002101-002200_obs-comp-cand-bucket_component-candidates/2132_obs-comp-cand-002132_obimd-sub-6fnrc025mn_component-candidate,obimd-sub-6fnrc025mn,obimd-sub-6fnrc025mn;obimd-main-6fnrc025mn,src-obimd,licensed_for_repository,needs_human_component_review,2026-06-20
obs-comp-cand-002133,graphemic_component_candidate,corpus/003_graphemic-components/022_002101-002200_obs-comp-cand-bucket_component-candidates/2133_obs-comp-cand-002133_obimd-sub-rfhhuaqrts_component-candidate,obimd-sub-rfhhuaqrts,obimd-sub-rfhhuaqrts;obimd-main-rfhhuaqrts,src-obimd,licensed_for_repository,needs_human_component_review,2026-06-20
obs-comp-cand-002134,graphemic_component_candidate,corpus/003_graphemic-components/022_002101-002200_obs-comp-cand-bucket_component-candidates/2134_obs-comp-cand-002134_obimd-sub-c3ebatw1vp_component-candidate,obimd-sub-c3ebatw1vp,obimd-sub-c3ebatw1vp;obimd-main-rfhhuaqrts,src-obimd,licensed_for_repository,needs_human_component_review,2026-06-20
obs-comp-cand-002135,graphemic_component_candidate,corpus/003_graphemic-components/022_002101-002200_obs-comp-cand-bucket_component-candidates/2135_obs-comp-cand-002135_obimd-sub-3drbkkpjwi_component-candidate,obimd-sub-3drbkkpjwi,obimd-sub-3drbkkpjwi;obimd-main-3drbkkpjwi,src-obimd,licensed_for_repository,needs_human_component_review,2026-06-20
obs-comp-cand-002136,graphemic_component_candidate,corpus/003_graphemic-components/022_002101-002200_obs-comp-cand-bucket_component-candidates/2136_obs-comp-cand-002136_obimd-sub-7jroaqd3q5_component-candidate,obimd-sub-7jroaqd3q5,obimd-sub-7jroaqd3q5;obimd-main-3drbkkpjwi,src-obimd,licensed_for_repository,needs_human_component_review,2026-06-20
obs-comp-cand-002137,graphemic_component_candidate,corpus/003_graphemic-components/022_002101-002200_obs-comp-cand-bucket_component-candidates/2137_obs-comp-cand-002137_obimd-sub-l33jtkzvfq_component-candidate,obimd-sub-l33jtkzvfq,obimd-sub-l33jtkzvfq;obimd-main-3drbkkpjwi,src-obimd,licensed_for_repository,needs_human_component_review,2026-06-20
obs-comp-cand-002138,graphemic_component_candidate,corpus/003_graphemic-components/022_002101-002200_obs-comp-cand-bucket_component-candidates/2138_obs-comp-cand-002138_obimd-sub-gtjlzc5fyr_component-candidate,obimd-sub-gtjlzc5fyr,obimd-sub-gtjlzc5fyr;obimd-main-gtjlzc5fyr,src-obimd,licensed_for_repository,needs_human_component_review,2026-06-20
obs-comp-cand-002139,graphemic_component_candidate,corpus/003_graphemic-components/022_002101-002200_obs-comp-cand-bucket_component-candidates/2139_obs-comp-cand-002139_obimd-sub-6ewkk2w7r1_component-candidate,obimd-sub-6ewkk2w7r1,obimd-sub-6ewkk2w7r1;obimd-main-6ewkk2w7r1,src-obimd,licensed_for_repository,needs_human_component_review,2026-06-20
obs-comp-cand-002140,graphemic_component_candidate,corpus/003_graphemic-components/022_002101-002200_obs-comp-cand-bucket_component-candidates/2140_obs-comp-cand-002140_obimd-sub-g0d7o4sskd_component-candidate,obimd-sub-g0d7o4sskd,obimd-sub-g0d7o4sskd;obimd-main-6ewkk2w7r1,src-obimd,licensed_for_repository,needs_human_component_review,2026-06-20
obs-comp-cand-002141,graphemic_component_candidate,corpus/003_graphemic-components/022_002101-002200_obs-comp-cand-bucket_component-candidates/2141_obs-comp-cand-002141_obimd-sub-ggx4xm03nr_component-candidate,obimd-sub-ggx4xm03nr,obimd-sub-ggx4xm03nr;obimd-main-6ewkk2w7r1,src-obimd,licensed_for_repository,needs_human_component_review,2026-06-20
obs-comp-cand-002142,graphemic_component_candidate,corpus/003_graphemic-components/022_002101-002200_obs-comp-cand-bucket_component-candidates/2142_obs-comp-cand-002142_obimd-sub-x87fwn0rnj_component-candidate,obimd-sub-x87fwn0rnj,obimd-sub-x87fwn0rnj;obimd-main-6ewkk2w7r1,src-obimd,licensed_for_repository,needs_human_component_review,2026-06-20
obs-comp-cand-002143,graphemic_component_candidate,corpus/003_graphemic-components/022_002101-002200_obs-comp-cand-bucket_component-candidates/2143_obs-comp-cand-002143_obimd-sub-vv49yzcfqq_component-candidate,obimd-sub-vv49yzcfqq,obimd-sub-vv49yzcfqq;obimd-main-6x8v1c8903,src-obimd,licensed_for_repository,needs_human_component_review,2026-06-20
obs-comp-cand-002144,graphemic_component_candidate,corpus/003_graphemic-components/022_002101-002200_obs-comp-cand-bucket_component-candidates/2144_obs-comp-cand-002144_obimd-sub-dxxcv6sxkr_component-candidate,obimd-sub-dxxcv6sxkr,obimd-sub-dxxcv6sxkr;obimd-main-6x8v1c8903,src-obimd,licensed_for_repository,needs_human_component_review,2026-06-20
obs-comp-cand-002145,graphemic_component_candidate,corpus/003_graphemic-components/022_002101-002200_obs-comp-cand-bucket_component-candidates/2145_obs-comp-cand-002145_obimd-sub-m8oinptiwo_component-candidate,obimd-sub-m8oinptiwo,obimd-sub-m8oinptiwo;obimd-main-6x8v1c8903,src-obimd,licensed_for_repository,needs_human_component_review,2026-06-20
obs-comp-cand-002146,graphemic_component_candidate,corpus/003_graphemic-components/022_002101-002200_obs-comp-cand-bucket_component-candidates/2146_obs-comp-cand-002146_obimd-sub-etr3e3mvde_component-candidate,obimd-sub-etr3e3mvde,obimd-sub-etr3e3mvde;obimd-main-6x8v1c8903,src-obimd,licensed_for_repository,needs_human_component_review,2026-06-20
obs-comp-cand-002147,graphemic_component_candidate,corpus/003_graphemic-components/022_002101-002200_obs-comp-cand-bucket_component-candidates/2147_obs-comp-cand-002147_obimd-sub-3nx6ei89pt_component-candidate,obimd-sub-3nx6ei89pt,obimd-sub-3nx6ei89pt;obimd-main-6x8v1c8903,src-obimd,licensed_for_repository,needs_human_component_review,2026-06-20
obs-comp-cand-002148,graphemic_component_candidate,corpus/003_graphemic-components/022_002101-002200_obs-comp-cand-bucket_component-candidates/2148_obs-comp-cand-002148_obimd-sub-k0pxsd02si_component-candidate,obimd-sub-k0pxsd02si,obimd-sub-k0pxsd02si;obimd-main-k0pxsd02si,src-obimd,licensed_for_repository,needs_human_component_review,2026-06-20
obs-comp-cand-002149,graphemic_component_candidate,corpus/003_graphemic-components/022_002101-002200_obs-comp-cand-bucket_component-candidates/2149_obs-comp-cand-002149_obimd-sub-u0lilfr8as_component-candidate,obimd-sub-u0lilfr8as,obimd-sub-u0lilfr8as;obimd-main-k0pxsd02si,src-obimd,licensed_for_repository,needs_human_component_review,2026-06-20
obs-comp-cand-002150,graphemic_component_candidate,corpus/003_graphemic-components/022_002101-002200_obs-comp-cand-bucket_component-candidates/2150_obs-comp-cand-002150_obimd-sub-xb9vrr8bx6_component-candidate,obimd-sub-xb9vrr8bx6,obimd-sub-xb9vrr8bx6;obimd-main-k0pxsd02si,src-obimd,licensed_for_repository,needs_human_component_review,2026-06-20
obs-comp-cand-002151,graphemic_component_candidate,corpus/003_graphemic-components/022_002101-002200_obs-comp-cand-bucket_component-candidates/2151_obs-comp-cand-002151_obimd-sub-na8kqoctw0_component-candidate,obimd-sub-na8kqoctw0,obimd-sub-na8kqoctw0;obimd-main-k0pxsd02si,src-obimd,licensed_for_repository,needs_human_component_review,2026-06-20
obs-comp-cand-002152,graphemic_component_candidate,corpus/003_graphemic-components/022_002101-002200_obs-comp-cand-bucket_component-candidates/2152_obs-comp-cand-002152_obimd-sub-wgdnu7e9t3_component-candidate,obimd-sub-wgdnu7e9t3,obimd-sub-wgdnu7e9t3;obimd-main-k0pxsd02si,src-obimd,licensed_for_repository,needs_human_component_review,2026-06-20
obs-comp-cand-002153,graphemic_component_candidate,corpus/003_graphemic-components/022_002101-002200_obs-comp-cand-bucket_component-candidates/2153_obs-comp-cand-002153_obimd-sub-c4uzt5w1qm_component-candidate,obimd-sub-c4uzt5w1qm,obimd-sub-c4uzt5w1qm;obimd-main-c4uzt5w1qm,src-obimd,licensed_for_repository,needs_human_component_review,2026-06-20
obs-comp-cand-002154,graphemic_component_candidate,corpus/003_graphemic-components/022_002101-002200_obs-comp-cand-bucket_component-candidates/2154_obs-comp-cand-002154_obimd-sub-cv483h1fw2_component-candidate,obimd-sub-cv483h1fw2,obimd-sub-cv483h1fw2;obimd-main-cv483h1fw2,src-obimd,licensed_for_repository,needs_human_component_review,2026-06-20
obs-comp-cand-002155,graphemic_component_candidate,corpus/003_graphemic-components/022_002101-002200_obs-comp-cand-bucket_component-candidates/2155_obs-comp-cand-002155_obimd-sub-dhb68q1261_component-candidate,obimd-sub-dhb68q1261,obimd-sub-dhb68q1261;obimd-main-cv483h1fw2,src-obimd,licensed_for_repository,needs_human_component_review,2026-06-20
obs-comp-cand-002156,graphemic_component_candidate,corpus/003_graphemic-components/022_002101-002200_obs-comp-cand-bucket_component-candidates/2156_obs-comp-cand-002156_obimd-sub-1lodpasprk_component-candidate,obimd-sub-1lodpasprk,obimd-sub-1lodpasprk;obimd-main-cv483h1fw2,src-obimd,licensed_for_repository,needs_human_component_review,2026-06-20
obs-comp-cand-002157,graphemic_component_candidate,corpus/003_graphemic-components/022_002101-002200_obs-comp-cand-bucket_component-candidates/2157_obs-comp-cand-002157_obimd-sub-de9iazj9i1_component-candidate,obimd-sub-de9iazj9i1,obimd-sub-de9iazj9i1;obimd-main-cv483h1fw2,src-obimd,licensed_for_repository,needs_human_component_review,2026-06-20
obs-comp-cand-002158,graphemic_component_candidate,corpus/003_graphemic-components/022_002101-002200_obs-comp-cand-bucket_component-candidates/2158_obs-comp-cand-002158_obimd-sub-c3d4dbun3t_component-candidate,obimd-sub-c3d4dbun3t,obimd-sub-c3d4dbun3t;obimd-main-c3d4dbun3t,src-obimd,licensed_for_repository,needs_human_component_review,2026-06-20
obs-comp-cand-002159,graphemic_component_candidate,corpus/003_graphemic-components/022_002101-002200_obs-comp-cand-bucket_component-candidates/2159_obs-comp-cand-002159_obimd-sub-u3lh7tekno_component-candidate,obimd-sub-u3lh7tekno,obimd-sub-u3lh7tekno;obimd-main-u3lh7tekno,src-obimd,licensed_for_repository,needs_human_component_review,2026-06-20
obs-comp-cand-002160,graphemic_component_candidate,corpus/003_graphemic-components/022_002101-002200_obs-comp-cand-bucket_component-candidates/2160_obs-comp-cand-002160_obimd-sub-cm8n3wqu36_component-candidate,obimd-sub-cm8n3wqu36,obimd-sub-cm8n3wqu36;obimd-main-u3lh7tekno,src-obimd,licensed_for_repository,needs_human_component_review,2026-06-20
obs-comp-cand-002161,graphemic_component_candidate,corpus/003_graphemic-components/022_002101-002200_obs-comp-cand-bucket_component-candidates/2161_obs-comp-cand-002161_obimd-sub-dm48ktdqz2_component-candidate,obimd-sub-dm48ktdqz2,obimd-sub-dm48ktdqz2;obimd-main-u3lh7tekno,src-obimd,licensed_for_repository,needs_human_component_review,2026-06-20
obs-comp-cand-002162,graphemic_component_candidate,corpus/003_graphemic-components/022_002101-002200_obs-comp-cand-bucket_component-candidates/2162_obs-comp-cand-002162_obimd-sub-nmao0adfh6_component-candidate,obimd-sub-nmao0adfh6,obimd-sub-nmao0adfh6;obimd-main-u3lh7tekno,src-obimd,licensed_for_repository,needs_human_component_review,2026-06-20
obs-comp-cand-002163,graphemic_component_candidate,corpus/003_graphemic-components/022_002101-002200_obs-comp-cand-bucket_component-candidates/2163_obs-comp-cand-002163_obimd-sub-xdlbiybjcx_component-candidate,obimd-sub-xdlbiybjcx,obimd-sub-xdlbiybjcx;obimd-main-u3lh7tekno,src-obimd,licensed_for_repository,needs_human_component_review,2026-06-20
obs-comp-cand-002164,graphemic_component_candidate,corpus/003_graphemic-components/022_002101-002200_obs-comp-cand-bucket_component-candidates/2164_obs-comp-cand-002164_obimd-sub-i46xe6wczx_component-candidate,obimd-sub-i46xe6wczx,obimd-sub-i46xe6wczx;obimd-main-u3lh7tekno,src-obimd,licensed_for_repository,needs_human_component_review,2026-06-20
obs-comp-cand-002165,graphemic_component_candidate,corpus/003_graphemic-components/022_002101-002200_obs-comp-cand-bucket_component-candidates/2165_obs-comp-cand-002165_obimd-sub-e9oeuucmcw_component-candidate,obimd-sub-e9oeuucmcw,obimd-sub-e9oeuucmcw;obimd-main-u3lh7tekno,src-obimd,licensed_for_repository,needs_human_component_review,2026-06-20
obs-comp-cand-002166,graphemic_component_candidate,corpus/003_graphemic-components/022_002101-002200_obs-comp-cand-bucket_component-candidates/2166_obs-comp-cand-002166_obimd-sub-5umlb94gjl_component-candidate,obimd-sub-5umlb94gjl,obimd-sub-5umlb94gjl;obimd-main-u3lh7tekno,src-obimd,licensed_for_repository,needs_human_component_review,2026-06-20
obs-comp-cand-002167,graphemic_component_candidate,corpus/003_graphemic-components/022_002101-002200_obs-comp-cand-bucket_component-candidates/2167_obs-comp-cand-002167_obimd-sub-medazzhc49_component-candidate,obimd-sub-medazzhc49,obimd-sub-medazzhc49;obimd-main-medazzhc49,src-obimd,licensed_for_repository,needs_human_component_review,2026-06-20
obs-comp-cand-002168,graphemic_component_candidate,corpus/003_graphemic-components/022_002101-002200_obs-comp-cand-bucket_component-candidates/2168_obs-comp-cand-002168_obimd-sub-ako68bftz7_component-candidate,obimd-sub-ako68bftz7,obimd-sub-ako68bftz7;obimd-main-medazzhc49,src-obimd,licensed_for_repository,needs_human_component_review,2026-06-20
obs-comp-cand-002169,graphemic_component_candidate,corpus/003_graphemic-components/022_002101-002200_obs-comp-cand-bucket_component-candidates/2169_obs-comp-cand-002169_obimd-sub-e6gqo8efnz_component-candidate,obimd-sub-e6gqo8efnz,obimd-sub-e6gqo8efnz;obimd-main-medazzhc49,src-obimd,licensed_for_repository,needs_human_component_review,2026-06-20
obs-comp-cand-002170,graphemic_component_candidate,corpus/003_graphemic-components/022_002101-002200_obs-comp-cand-bucket_component-candidates/2170_obs-comp-cand-002170_obimd-sub-q4rk3syf2x_component-candidate,obimd-sub-q4rk3syf2x,obimd-sub-q4rk3syf2x;obimd-main-q4rk3syf2x,src-obimd,licensed_for_repository,needs_human_component_review,2026-06-20
obs-comp-cand-002171,graphemic_component_candidate,corpus/003_graphemic-components/022_002101-002200_obs-comp-cand-bucket_component-candidates/2171_obs-comp-cand-002171_obimd-sub-anvw4a6lqc_component-candidate,obimd-sub-anvw4a6lqc,obimd-sub-anvw4a6lqc;obimd-main-q4rk3syf2x,src-obimd,licensed_for_repository,needs_human_component_review,2026-06-20
obs-comp-cand-002172,graphemic_component_candidate,corpus/003_graphemic-components/022_002101-002200_obs-comp-cand-bucket_component-candidates/2172_obs-comp-cand-002172_obimd-sub-72mwfaddd3_component-candidate,obimd-sub-72mwfaddd3,obimd-sub-72mwfaddd3;obimd-main-q4rk3syf2x,src-obimd,licensed_for_repository,needs_human_component_review,2026-06-20
obs-comp-cand-002173,graphemic_component_candidate,corpus/003_graphemic-components/022_002101-002200_obs-comp-cand-bucket_component-candidates/2173_obs-comp-cand-002173_obimd-sub-7echcotpha_component-candidate,obimd-sub-7echcotpha,obimd-sub-7echcotpha;obimd-main-q4rk3syf2x,src-obimd,licensed_for_repository,needs_human_component_review,2026-06-20
obs-comp-cand-002174,graphemic_component_candidate,corpus/003_graphemic-components/022_002101-002200_obs-comp-cand-bucket_component-candidates/2174_obs-comp-cand-002174_obimd-sub-0aysjz0vm0_component-candidate,obimd-sub-0aysjz0vm0,obimd-sub-0aysjz0vm0;obimd-main-q4rk3syf2x,src-obimd,licensed_for_repository,needs_human_component_review,2026-06-20
obs-comp-cand-002175,graphemic_component_candidate,corpus/003_graphemic-components/022_002101-002200_obs-comp-cand-bucket_component-candidates/2175_obs-comp-cand-002175_obimd-sub-7ezpstbc1y_component-candidate,obimd-sub-7ezpstbc1y,obimd-sub-7ezpstbc1y;obimd-main-7ezpstbc1y,src-obimd,licensed_for_repository,needs_human_component_review,2026-06-20
obs-comp-cand-002176,graphemic_component_candidate,corpus/003_graphemic-components/022_002101-002200_obs-comp-cand-bucket_component-candidates/2176_obs-comp-cand-002176_obimd-sub-9xco9z4c3z_component-candidate,obimd-sub-9xco9z4c3z,obimd-sub-9xco9z4c3z;obimd-main-9xco9z4c3z,src-obimd,licensed_for_repository,needs_human_component_review,2026-06-20
obs-comp-cand-002177,graphemic_component_candidate,corpus/003_graphemic-components/022_002101-002200_obs-comp-cand-bucket_component-candidates/2177_obs-comp-cand-002177_obimd-sub-e8qibnliym_component-candidate,obimd-sub-e8qibnliym,obimd-sub-e8qibnliym;obimd-main-e8qibnliym,src-obimd,licensed_for_repository,needs_human_component_review,2026-06-20
obs-comp-cand-002178,graphemic_component_candidate,corpus/003_graphemic-components/022_002101-002200_obs-comp-cand-bucket_component-candidates/2178_obs-comp-cand-002178_obimd-sub-02vgag02gp_component-candidate,obimd-sub-02vgag02gp,obimd-sub-02vgag02gp;obimd-main-e8qibnliym,src-obimd,licensed_for_repository,needs_human_component_review,2026-06-20
obs-comp-cand-002179,graphemic_component_candidate,corpus/003_graphemic-components/022_002101-002200_obs-comp-cand-bucket_component-candidates/2179_obs-comp-cand-002179_obimd-sub-hk9f0607uj_component-candidate,obimd-sub-hk9f0607uj,obimd-sub-hk9f0607uj;obimd-main-hk9f0607uj,src-obimd,licensed_for_repository,needs_human_component_review,2026-06-20
obs-comp-cand-002180,graphemic_component_candidate,corpus/003_graphemic-components/022_002101-002200_obs-comp-cand-bucket_component-candidates/2180_obs-comp-cand-002180_obimd-sub-x8ua1k0l45_component-candidate,obimd-sub-x8ua1k0l45,obimd-sub-x8ua1k0l45;obimd-main-hk9f0607uj,src-obimd,licensed_for_repository,needs_human_component_review,2026-06-20
obs-comp-cand-002181,graphemic_component_candidate,corpus/003_graphemic-components/022_002101-002200_obs-comp-cand-bucket_component-candidates/2181_obs-comp-cand-002181_obimd-sub-udp7306t31_component-candidate,obimd-sub-udp7306t31,obimd-sub-udp7306t31;obimd-main-hk9f0607uj,src-obimd,licensed_for_repository,needs_human_component_review,2026-06-20
obs-comp-cand-002182,graphemic_component_candidate,corpus/003_graphemic-components/022_002101-002200_obs-comp-cand-bucket_component-candidates/2182_obs-comp-cand-002182_obimd-sub-4zccann7z6_component-candidate,obimd-sub-4zccann7z6,obimd-sub-4zccann7z6;obimd-main-hk9f0607uj,src-obimd,licensed_for_repository,needs_human_component_review,2026-06-20
obs-comp-cand-002183,graphemic_component_candidate,corpus/003_graphemic-components/022_002101-002200_obs-comp-cand-bucket_component-candidates/2183_obs-comp-cand-002183_obimd-sub-a5yunoxatt_component-candidate,obimd-sub-a5yunoxatt,obimd-sub-a5yunoxatt;obimd-main-a5yunoxatt,src-obimd,licensed_for_repository,needs_human_component_review,2026-06-20
obs-comp-cand-002184,graphemic_component_candidate,corpus/003_graphemic-components/022_002101-002200_obs-comp-cand-bucket_component-candidates/2184_obs-comp-cand-002184_obimd-sub-p4a5rqs03k_component-candidate,obimd-sub-p4a5rqs03k,obimd-sub-p4a5rqs03k;obimd-main-p4a5rqs03k,src-obimd,licensed_for_repository,needs_human_component_review,2026-06-20
obs-comp-cand-002185,graphemic_component_candidate,corpus/003_graphemic-components/022_002101-002200_obs-comp-cand-bucket_component-candidates/2185_obs-comp-cand-002185_obimd-sub-kyjr61sdkq_component-candidate,obimd-sub-kyjr61sdkq,obimd-sub-kyjr61sdkq;obimd-main-kyjr61sdkq,src-obimd,licensed_for_repository,needs_human_component_review,2026-06-20
obs-comp-cand-002186,graphemic_component_candidate,corpus/003_graphemic-components/022_002101-002200_obs-comp-cand-bucket_component-candidates/2186_obs-comp-cand-002186_obimd-sub-hfjykh97w0_component-candidate,obimd-sub-hfjykh97w0,obimd-sub-hfjykh97w0;obimd-main-kyjr61sdkq,src-obimd,licensed_for_repository,needs_human_component_review,2026-06-20
obs-comp-cand-002187,graphemic_component_candidate,corpus/003_graphemic-components/022_002101-002200_obs-comp-cand-bucket_component-candidates/2187_obs-comp-cand-002187_obimd-sub-vm64inyv8p_component-candidate,obimd-sub-vm64inyv8p,obimd-sub-vm64inyv8p;obimd-main-kyjr61sdkq,src-obimd,licensed_for_repository,needs_human_component_review,2026-06-20
obs-comp-cand-002188,graphemic_component_candidate,corpus/003_graphemic-components/022_002101-002200_obs-comp-cand-bucket_component-candidates/2188_obs-comp-cand-002188_obimd-sub-tyipd0bhec_component-candidate,obimd-sub-tyipd0bhec,obimd-sub-tyipd0bhec;obimd-main-kyjr61sdkq,src-obimd,licensed_for_repository,needs_human_component_review,2026-06-20
obs-comp-cand-002189,graphemic_component_candidate,corpus/003_graphemic-components/022_002101-002200_obs-comp-cand-bucket_component-candidates/2189_obs-comp-cand-002189_obimd-sub-tbh9vqe3ev_component-candidate,obimd-sub-tbh9vqe3ev,obimd-sub-tbh9vqe3ev;obimd-main-tbh9vqe3ev,src-obimd,licensed_for_repository,needs_human_component_review,2026-06-20
obs-comp-cand-002190,graphemic_component_candidate,corpus/003_graphemic-components/022_002101-002200_obs-comp-cand-bucket_component-candidates/2190_obs-comp-cand-002190_obimd-sub-tbsnqajxuq_component-candidate,obimd-sub-tbsnqajxuq,obimd-sub-tbsnqajxuq;obimd-main-tbh9vqe3ev,src-obimd,licensed_for_repository,needs_human_component_review,2026-06-20
obs-comp-cand-002191,graphemic_component_candidate,corpus/003_graphemic-components/022_002101-002200_obs-comp-cand-bucket_component-candidates/2191_obs-comp-cand-002191_obimd-sub-j0vnggwxua_component-candidate,obimd-sub-j0vnggwxua,obimd-sub-j0vnggwxua;obimd-main-tbh9vqe3ev,src-obimd,licensed_for_repository,needs_human_component_review,2026-06-20
obs-comp-cand-002192,graphemic_component_candidate,corpus/003_graphemic-components/022_002101-002200_obs-comp-cand-bucket_component-candidates/2192_obs-comp-cand-002192_obimd-sub-40g1faed45_component-candidate,obimd-sub-40g1faed45,obimd-sub-40g1faed45;obimd-main-40g1faed45,src-obimd,licensed_for_repository,needs_human_component_review,2026-06-20
obs-comp-cand-002193,graphemic_component_candidate,corpus/003_graphemic-components/022_002101-002200_obs-comp-cand-bucket_component-candidates/2193_obs-comp-cand-002193_obimd-sub-n3oe6amcoo_component-candidate,obimd-sub-n3oe6amcoo,obimd-sub-n3oe6amcoo;obimd-main-n3oe6amcoo,src-obimd,licensed_for_repository,needs_human_component_review,2026-06-20
obs-comp-cand-002194,graphemic_component_candidate,corpus/003_graphemic-components/022_002101-002200_obs-comp-cand-bucket_component-candidates/2194_obs-comp-cand-002194_obimd-sub-nuhuytxqfn_component-candidate,obimd-sub-nuhuytxqfn,obimd-sub-nuhuytxqfn;obimd-main-a7mak4wuom,src-obimd,licensed_for_repository,needs_human_component_review,2026-06-20
obs-comp-cand-002195,graphemic_component_candidate,corpus/003_graphemic-components/022_002101-002200_obs-comp-cand-bucket_component-candidates/2195_obs-comp-cand-002195_obimd-sub-n4tua57hu9_component-candidate,obimd-sub-n4tua57hu9,obimd-sub-n4tua57hu9;obimd-main-n4tua57hu9,src-obimd,licensed_for_repository,needs_human_component_review,2026-06-20
obs-comp-cand-002196,graphemic_component_candidate,corpus/003_graphemic-components/022_002101-002200_obs-comp-cand-bucket_component-candidates/2196_obs-comp-cand-002196_obimd-sub-8p0clmx851_component-candidate,obimd-sub-8p0clmx851,obimd-sub-8p0clmx851;obimd-main-8p0clmx851,src-obimd,licensed_for_repository,needs_human_component_review,2026-06-20
obs-comp-cand-002197,graphemic_component_candidate,corpus/003_graphemic-components/022_002101-002200_obs-comp-cand-bucket_component-candidates/2197_obs-comp-cand-002197_obimd-sub-wt5bp4oddj_component-candidate,obimd-sub-wt5bp4oddj,obimd-sub-wt5bp4oddj;obimd-main-phxqocglhv,src-obimd,licensed_for_repository,needs_human_component_review,2026-06-20
obs-comp-cand-002198,graphemic_component_candidate,corpus/003_graphemic-components/022_002101-002200_obs-comp-cand-bucket_component-candidates/2198_obs-comp-cand-002198_obimd-sub-anku02zxgu_component-candidate,obimd-sub-anku02zxgu,obimd-sub-anku02zxgu;obimd-main-anku02zxgu,src-obimd,licensed_for_repository,needs_human_component_review,2026-06-20
obs-comp-cand-002199,graphemic_component_candidate,corpus/003_graphemic-components/022_002101-002200_obs-comp-cand-bucket_component-candidates/2199_obs-comp-cand-002199_obimd-sub-fxgbagkc2t_component-candidate,obimd-sub-fxgbagkc2t,obimd-sub-fxgbagkc2t;obimd-main-fxgbagkc2t,src-obimd,licensed_for_repository,needs_human_component_review,2026-06-20
obs-comp-cand-002200,graphemic_component_candidate,corpus/003_graphemic-components/022_002101-002200_obs-comp-cand-bucket_component-candidates/2200_obs-comp-cand-002200_obimd-sub-vpcd7inkf9_component-candidate,obimd-sub-vpcd7inkf9,obimd-sub-vpcd7inkf9;obimd-main-vpcd7inkf9,src-obimd,licensed_for_repository,needs_human_component_review,2026-06-20
obs-comp-cand-002201,graphemic_component_candidate,corpus/003_graphemic-components/023_002201-002300_obs-comp-cand-bucket_component-candidates/2201_obs-comp-cand-002201_obimd-sub-cvxsbiqy4g_component-candidate,obimd-sub-cvxsbiqy4g,obimd-sub-cvxsbiqy4g;obimd-main-cvxsbiqy4g,src-obimd,licensed_for_repository,needs_human_component_review,2026-06-20
obs-comp-cand-002202,graphemic_component_candidate,corpus/003_graphemic-components/023_002201-002300_obs-comp-cand-bucket_component-candidates/2202_obs-comp-cand-002202_obimd-sub-xin5jvdb5a_component-candidate,obimd-sub-xin5jvdb5a,obimd-sub-xin5jvdb5a;obimd-main-cvxsbiqy4g,src-obimd,licensed_for_repository,needs_human_component_review,2026-06-20
obs-comp-cand-002203,graphemic_component_candidate,corpus/003_graphemic-components/023_002201-002300_obs-comp-cand-bucket_component-candidates/2203_obs-comp-cand-002203_obimd-sub-55qv0winah_component-candidate,obimd-sub-55qv0winah,obimd-sub-55qv0winah;obimd-main-55qv0winah,src-obimd,licensed_for_repository,needs_human_component_review,2026-06-20
obs-comp-cand-002204,graphemic_component_candidate,corpus/003_graphemic-components/023_002201-002300_obs-comp-cand-bucket_component-candidates/2204_obs-comp-cand-002204_obimd-sub-ie9st141fk_component-candidate,obimd-sub-ie9st141fk,obimd-sub-ie9st141fk;obimd-main-55qv0winah,src-obimd,licensed_for_repository,needs_human_component_review,2026-06-20
obs-comp-cand-002205,graphemic_component_candidate,corpus/003_graphemic-components/023_002201-002300_obs-comp-cand-bucket_component-candidates/2205_obs-comp-cand-002205_obimd-sub-71tuhk6cfy_component-candidate,obimd-sub-71tuhk6cfy,obimd-sub-71tuhk6cfy;obimd-main-55qv0winah,src-obimd,licensed_for_repository,needs_human_component_review,2026-06-20
obs-comp-cand-002206,graphemic_component_candidate,corpus/003_graphemic-components/023_002201-002300_obs-comp-cand-bucket_component-candidates/2206_obs-comp-cand-002206_obimd-sub-tq26tb9tj9_component-candidate,obimd-sub-tq26tb9tj9,obimd-sub-tq26tb9tj9;obimd-main-tq26tb9tj9,src-obimd,licensed_for_repository,needs_human_component_review,2026-06-20
obs-comp-cand-002207,graphemic_component_candidate,corpus/003_graphemic-components/023_002201-002300_obs-comp-cand-bucket_component-candidates/2207_obs-comp-cand-002207_obimd-sub-omp94c0zaz_component-candidate,obimd-sub-omp94c0zaz,obimd-sub-omp94c0zaz;obimd-main-tq26tb9tj9,src-obimd,licensed_for_repository,needs_human_component_review,2026-06-20
obs-comp-cand-002208,graphemic_component_candidate,corpus/003_graphemic-components/023_002201-002300_obs-comp-cand-bucket_component-candidates/2208_obs-comp-cand-002208_obimd-sub-dc2yeai9wr_component-candidate,obimd-sub-dc2yeai9wr,obimd-sub-dc2yeai9wr;obimd-main-dc2yeai9wr,src-obimd,licensed_for_repository,needs_human_component_review,2026-06-20
obs-comp-cand-002209,graphemic_component_candidate,corpus/003_graphemic-components/023_002201-002300_obs-comp-cand-bucket_component-candidates/2209_obs-comp-cand-002209_obimd-sub-2hdoxmv8n8_component-candidate,obimd-sub-2hdoxmv8n8,obimd-sub-2hdoxmv8n8;obimd-main-2hdoxmv8n8,src-obimd,licensed_for_repository,needs_human_component_review,2026-06-20
obs-comp-cand-002210,graphemic_component_candidate,corpus/003_graphemic-components/023_002201-002300_obs-comp-cand-bucket_component-candidates/2210_obs-comp-cand-002210_obimd-sub-tralay3z26_component-candidate,obimd-sub-tralay3z26,obimd-sub-tralay3z26;obimd-main-tralay3z26,src-obimd,licensed_for_repository,needs_human_component_review,2026-06-20
obs-comp-cand-002211,graphemic_component_candidate,corpus/003_graphemic-components/023_002201-002300_obs-comp-cand-bucket_component-candidates/2211_obs-comp-cand-002211_obimd-sub-puh9mctza1_component-candidate,obimd-sub-puh9mctza1,obimd-sub-puh9mctza1;obimd-main-puh9mctza1,src-obimd,licensed_for_repository,needs_human_component_review,2026-06-20
obs-comp-cand-002212,graphemic_component_candidate,corpus/003_graphemic-components/023_002201-002300_obs-comp-cand-bucket_component-candidates/2212_obs-comp-cand-002212_obimd-sub-emizdscukm_component-candidate,obimd-sub-emizdscukm,obimd-sub-emizdscukm;obimd-main-emizdscukm,src-obimd,licensed_for_repository,needs_human_component_review,2026-06-20
obs-comp-cand-002213,graphemic_component_candidate,corpus/003_graphemic-components/023_002201-002300_obs-comp-cand-bucket_component-candidates/2213_obs-comp-cand-002213_obimd-sub-txqs43zo24_component-candidate,obimd-sub-txqs43zo24,obimd-sub-txqs43zo24;obimd-main-txqs43zo24,src-obimd,licensed_for_repository,needs_human_component_review,2026-06-20
obs-comp-cand-002214,graphemic_component_candidate,corpus/003_graphemic-components/023_002201-002300_obs-comp-cand-bucket_component-candidates/2214_obs-comp-cand-002214_obimd-sub-tjbyfvpm84_component-candidate,obimd-sub-tjbyfvpm84,obimd-sub-tjbyfvpm84;obimd-main-tjbyfvpm84,src-obimd,licensed_for_repository,needs_human_component_review,2026-06-20
obs-comp-cand-002215,graphemic_component_candidate,corpus/003_graphemic-components/023_002201-002300_obs-comp-cand-bucket_component-candidates/2215_obs-comp-cand-002215_obimd-sub-7eni93zlhs_component-candidate,obimd-sub-7eni93zlhs,obimd-sub-7eni93zlhs;obimd-main-7eni93zlhs,src-obimd,licensed_for_repository,needs_human_component_review,2026-06-20
obs-comp-cand-002216,graphemic_component_candidate,corpus/003_graphemic-components/023_002201-002300_obs-comp-cand-bucket_component-candidates/2216_obs-comp-cand-002216_obimd-sub-30u8rx4qre_component-candidate,obimd-sub-30u8rx4qre,obimd-sub-30u8rx4qre;obimd-main-30u8rx4qre,src-obimd,licensed_for_repository,needs_human_component_review,2026-06-20
obs-comp-cand-002217,graphemic_component_candidate,corpus/003_graphemic-components/023_002201-002300_obs-comp-cand-bucket_component-candidates/2217_obs-comp-cand-002217_obimd-sub-gc9i9qy9cc_component-candidate,obimd-sub-gc9i9qy9cc,obimd-sub-gc9i9qy9cc;obimd-main-gc9i9qy9cc,src-obimd,licensed_for_repository,needs_human_component_review,2026-06-20
obs-comp-cand-002218,graphemic_component_candidate,corpus/003_graphemic-components/023_002201-002300_obs-comp-cand-bucket_component-candidates/2218_obs-comp-cand-002218_obimd-sub-h32m5ulkit_component-candidate,obimd-sub-h32m5ulkit,obimd-sub-h32m5ulkit;obimd-main-h32m5ulkit,src-obimd,licensed_for_repository,needs_human_component_review,2026-06-20
obs-comp-cand-002219,graphemic_component_candidate,corpus/003_graphemic-components/023_002201-002300_obs-comp-cand-bucket_component-candidates/2219_obs-comp-cand-002219_obimd-sub-8g9ki1uxwq_component-candidate,obimd-sub-8g9ki1uxwq,obimd-sub-8g9ki1uxwq;obimd-main-h32m5ulkit,src-obimd,licensed_for_repository,needs_human_component_review,2026-06-20
obs-comp-cand-002220,graphemic_component_candidate,corpus/003_graphemic-components/023_002201-002300_obs-comp-cand-bucket_component-candidates/2220_obs-comp-cand-002220_obimd-sub-cygkqzq93v_component-candidate,obimd-sub-cygkqzq93v,obimd-sub-cygkqzq93v;obimd-main-h32m5ulkit,src-obimd,licensed_for_repository,needs_human_component_review,2026-06-20
obs-comp-cand-002221,graphemic_component_candidate,corpus/003_graphemic-components/023_002201-002300_obs-comp-cand-bucket_component-candidates/2221_obs-comp-cand-002221_obimd-sub-atf68cawqe_component-candidate,obimd-sub-atf68cawqe,obimd-sub-atf68cawqe;obimd-main-atf68cawqe,src-obimd,licensed_for_repository,needs_human_component_review,2026-06-20
obs-comp-cand-002222,graphemic_component_candidate,corpus/003_graphemic-components/023_002201-002300_obs-comp-cand-bucket_component-candidates/2222_obs-comp-cand-002222_obimd-sub-m74006xplh_component-candidate,obimd-sub-m74006xplh,obimd-sub-m74006xplh;obimd-main-m74006xplh,src-obimd,licensed_for_repository,needs_human_component_review,2026-06-20
obs-comp-cand-002223,graphemic_component_candidate,corpus/003_graphemic-components/023_002201-002300_obs-comp-cand-bucket_component-candidates/2223_obs-comp-cand-002223_obimd-sub-2icngw3r1v_component-candidate,obimd-sub-2icngw3r1v,obimd-sub-2icngw3r1v;obimd-main-m74006xplh,src-obimd,licensed_for_repository,needs_human_component_review,2026-06-20
obs-comp-cand-002224,graphemic_component_candidate,corpus/003_graphemic-components/023_002201-002300_obs-comp-cand-bucket_component-candidates/2224_obs-comp-cand-002224_obimd-sub-70fzsr64fv_component-candidate,obimd-sub-70fzsr64fv,obimd-sub-70fzsr64fv;obimd-main-m74006xplh,src-obimd,licensed_for_repository,needs_human_component_review,2026-06-20
obs-comp-cand-002225,graphemic_component_candidate,corpus/003_graphemic-components/023_002201-002300_obs-comp-cand-bucket_component-candidates/2225_obs-comp-cand-002225_obimd-sub-did7ayzh7z_component-candidate,obimd-sub-did7ayzh7z,obimd-sub-did7ayzh7z;obimd-main-did7ayzh7z,src-obimd,licensed_for_repository,needs_human_component_review,2026-06-20
obs-comp-cand-002226,graphemic_component_candidate,corpus/003_graphemic-components/023_002201-002300_obs-comp-cand-bucket_component-candidates/2226_obs-comp-cand-002226_obimd-sub-kh67ey65hl_component-candidate,obimd-sub-kh67ey65hl,obimd-sub-kh67ey65hl;obimd-main-kh67ey65hl,src-obimd,licensed_for_repository,needs_human_component_review,2026-06-20
obs-comp-cand-002227,graphemic_component_candidate,corpus/003_graphemic-components/023_002201-002300_obs-comp-cand-bucket_component-candidates/2227_obs-comp-cand-002227_obimd-sub-bru91s7d68_component-candidate,obimd-sub-bru91s7d68,obimd-sub-bru91s7d68;obimd-main-bru91s7d68,src-obimd,licensed_for_repository,needs_human_component_review,2026-06-20
obs-comp-cand-002228,graphemic_component_candidate,corpus/003_graphemic-components/023_002201-002300_obs-comp-cand-bucket_component-candidates/2228_obs-comp-cand-002228_obimd-sub-xooru90akr_component-candidate,obimd-sub-xooru90akr,obimd-sub-xooru90akr;obimd-main-bru91s7d68,src-obimd,licensed_for_repository,needs_human_component_review,2026-06-20
obs-comp-cand-002229,graphemic_component_candidate,corpus/003_graphemic-components/023_002201-002300_obs-comp-cand-bucket_component-candidates/2229_obs-comp-cand-002229_obimd-sub-ve0ebxq620_component-candidate,obimd-sub-ve0ebxq620,obimd-sub-ve0ebxq620;obimd-main-ve0ebxq620,src-obimd,licensed_for_repository,needs_human_component_review,2026-06-20
obs-comp-cand-002230,graphemic_component_candidate,corpus/003_graphemic-components/023_002201-002300_obs-comp-cand-bucket_component-candidates/2230_obs-comp-cand-002230_obimd-sub-m20yteyiwt_component-candidate,obimd-sub-m20yteyiwt,obimd-sub-m20yteyiwt;obimd-main-ve0ebxq620,src-obimd,licensed_for_repository,needs_human_component_review,2026-06-20
obs-comp-cand-002231,graphemic_component_candidate,corpus/003_graphemic-components/023_002201-002300_obs-comp-cand-bucket_component-candidates/2231_obs-comp-cand-002231_obimd-sub-irhl4zo3lu_component-candidate,obimd-sub-irhl4zo3lu,obimd-sub-irhl4zo3lu;obimd-main-irhl4zo3lu,src-obimd,licensed_for_repository,needs_human_component_review,2026-06-20
obs-comp-cand-002232,graphemic_component_candidate,corpus/003_graphemic-components/023_002201-002300_obs-comp-cand-bucket_component-candidates/2232_obs-comp-cand-002232_obimd-sub-p5sbqkf6wn_component-candidate,obimd-sub-p5sbqkf6wn,obimd-sub-p5sbqkf6wn;obimd-main-irhl4zo3lu,src-obimd,licensed_for_repository,needs_human_component_review,2026-06-20
obs-comp-cand-002233,graphemic_component_candidate,corpus/003_graphemic-components/023_002201-002300_obs-comp-cand-bucket_component-candidates/2233_obs-comp-cand-002233_obimd-sub-yo32drds2u_component-candidate,obimd-sub-yo32drds2u,obimd-sub-yo32drds2u;obimd-main-yo32drds2u,src-obimd,licensed_for_repository,needs_human_component_review,2026-06-20
obs-comp-cand-002234,graphemic_component_candidate,corpus/003_graphemic-components/023_002201-002300_obs-comp-cand-bucket_component-candidates/2234_obs-comp-cand-002234_obimd-sub-ffv6ygenkg_component-candidate,obimd-sub-ffv6ygenkg,obimd-sub-ffv6ygenkg;obimd-main-ffv6ygenkg,src-obimd,licensed_for_repository,needs_human_component_review,2026-06-20
obs-comp-cand-002235,graphemic_component_candidate,corpus/003_graphemic-components/023_002201-002300_obs-comp-cand-bucket_component-candidates/2235_obs-comp-cand-002235_obimd-sub-x370zr0v88_component-candidate,obimd-sub-x370zr0v88,obimd-sub-x370zr0v88;obimd-main-x370zr0v88,src-obimd,licensed_for_repository,needs_human_component_review,2026-06-20
obs-comp-cand-002236,graphemic_component_candidate,corpus/003_graphemic-components/023_002201-002300_obs-comp-cand-bucket_component-candidates/2236_obs-comp-cand-002236_obimd-sub-d31znlyylh_component-candidate,obimd-sub-d31znlyylh,obimd-sub-d31znlyylh;obimd-main-d31znlyylh,src-obimd,licensed_for_repository,needs_human_component_review,2026-06-20
obs-comp-cand-002237,graphemic_component_candidate,corpus/003_graphemic-components/023_002201-002300_obs-comp-cand-bucket_component-candidates/2237_obs-comp-cand-002237_obimd-sub-85y9jx9o86_component-candidate,obimd-sub-85y9jx9o86,obimd-sub-85y9jx9o86;obimd-main-85y9jx9o86,src-obimd,licensed_for_repository,needs_human_component_review,2026-06-20
obs-comp-cand-002238,graphemic_component_candidate,corpus/003_graphemic-components/023_002201-002300_obs-comp-cand-bucket_component-candidates/2238_obs-comp-cand-002238_obimd-sub-2dvxzc8jrd_component-candidate,obimd-sub-2dvxzc8jrd,obimd-sub-2dvxzc8jrd;obimd-main-2dvxzc8jrd,src-obimd,licensed_for_repository,needs_human_component_review,2026-06-20
obs-comp-cand-002239,graphemic_component_candidate,corpus/003_graphemic-components/023_002201-002300_obs-comp-cand-bucket_component-candidates/2239_obs-comp-cand-002239_obimd-sub-7tn35swync_component-candidate,obimd-sub-7tn35swync,obimd-sub-7tn35swync;obimd-main-7tn35swync,src-obimd,licensed_for_repository,needs_human_component_review,2026-06-20
obs-comp-cand-002240,graphemic_component_candidate,corpus/003_graphemic-components/023_002201-002300_obs-comp-cand-bucket_component-candidates/2240_obs-comp-cand-002240_obimd-sub-piajc9ws3q_component-candidate,obimd-sub-piajc9ws3q,obimd-sub-piajc9ws3q;obimd-main-piajc9ws3q,src-obimd,licensed_for_repository,needs_human_component_review,2026-06-20
obs-comp-cand-002241,graphemic_component_candidate,corpus/003_graphemic-components/023_002201-002300_obs-comp-cand-bucket_component-candidates/2241_obs-comp-cand-002241_obimd-sub-qkx8c2u400_component-candidate,obimd-sub-qkx8c2u400,obimd-sub-qkx8c2u400;obimd-main-piajc9ws3q,src-obimd,licensed_for_repository,needs_human_component_review,2026-06-20
obs-comp-cand-002242,graphemic_component_candidate,corpus/003_graphemic-components/023_002201-002300_obs-comp-cand-bucket_component-candidates/2242_obs-comp-cand-002242_obimd-sub-eq1z7hu7k3_component-candidate,obimd-sub-eq1z7hu7k3,obimd-sub-eq1z7hu7k3;obimd-main-eq1z7hu7k3,src-obimd,licensed_for_repository,needs_human_component_review,2026-06-20
obs-comp-cand-002243,graphemic_component_candidate,corpus/003_graphemic-components/023_002201-002300_obs-comp-cand-bucket_component-candidates/2243_obs-comp-cand-002243_obimd-sub-1fjsmv778r_component-candidate,obimd-sub-1fjsmv778r,obimd-sub-1fjsmv778r;obimd-main-1fjsmv778r,src-obimd,licensed_for_repository,needs_human_component_review,2026-06-20
obs-comp-cand-002244,graphemic_component_candidate,corpus/003_graphemic-components/023_002201-002300_obs-comp-cand-bucket_component-candidates/2244_obs-comp-cand-002244_obimd-sub-5obxbuubdk_component-candidate,obimd-sub-5obxbuubdk,obimd-sub-5obxbuubdk;obimd-main-5obxbuubdk,src-obimd,licensed_for_repository,needs_human_component_review,2026-06-20
obs-comp-cand-002245,graphemic_component_candidate,corpus/003_graphemic-components/023_002201-002300_obs-comp-cand-bucket_component-candidates/2245_obs-comp-cand-002245_obimd-sub-8wzlxmpbz0_component-candidate,obimd-sub-8wzlxmpbz0,obimd-sub-8wzlxmpbz0;obimd-main-8wzlxmpbz0,src-obimd,licensed_for_repository,needs_human_component_review,2026-06-20
obs-comp-cand-002246,graphemic_component_candidate,corpus/003_graphemic-components/023_002201-002300_obs-comp-cand-bucket_component-candidates/2246_obs-comp-cand-002246_obimd-sub-06sdi34nnm_component-candidate,obimd-sub-06sdi34nnm,obimd-sub-06sdi34nnm;obimd-main-06sdi34nnm,src-obimd,licensed_for_repository,needs_human_component_review,2026-06-20
obs-comp-cand-002247,graphemic_component_candidate,corpus/003_graphemic-components/023_002201-002300_obs-comp-cand-bucket_component-candidates/2247_obs-comp-cand-002247_obimd-sub-65i2zmqjqy_component-candidate,obimd-sub-65i2zmqjqy,obimd-sub-65i2zmqjqy;obimd-main-65i2zmqjqy,src-obimd,licensed_for_repository,needs_human_component_review,2026-06-20
obs-comp-cand-002248,graphemic_component_candidate,corpus/003_graphemic-components/023_002201-002300_obs-comp-cand-bucket_component-candidates/2248_obs-comp-cand-002248_obimd-sub-6nz70067cj_component-candidate,obimd-sub-6nz70067cj,obimd-sub-6nz70067cj;obimd-main-65i2zmqjqy,src-obimd,licensed_for_repository,needs_human_component_review,2026-06-20
obs-comp-cand-002249,graphemic_component_candidate,corpus/003_graphemic-components/023_002201-002300_obs-comp-cand-bucket_component-candidates/2249_obs-comp-cand-002249_obimd-sub-e2y9bmndf5_component-candidate,obimd-sub-e2y9bmndf5,obimd-sub-e2y9bmndf5;obimd-main-ha65d656ik,src-obimd,licensed_for_repository,needs_human_component_review,2026-06-20
obs-comp-cand-002250,graphemic_component_candidate,corpus/003_graphemic-components/023_002201-002300_obs-comp-cand-bucket_component-candidates/2250_obs-comp-cand-002250_obimd-sub-nl01qlwuoi_component-candidate,obimd-sub-nl01qlwuoi,obimd-sub-nl01qlwuoi;obimd-main-ha65d656ik,src-obimd,licensed_for_repository,needs_human_component_review,2026-06-20
obs-comp-cand-002251,graphemic_component_candidate,corpus/003_graphemic-components/023_002201-002300_obs-comp-cand-bucket_component-candidates/2251_obs-comp-cand-002251_obimd-sub-rxvuw8ydol_component-candidate,obimd-sub-rxvuw8ydol,obimd-sub-rxvuw8ydol;obimd-main-ha65d656ik,src-obimd,licensed_for_repository,needs_human_component_review,2026-06-20
obs-comp-cand-002252,graphemic_component_candidate,corpus/003_graphemic-components/023_002201-002300_obs-comp-cand-bucket_component-candidates/2252_obs-comp-cand-002252_obimd-sub-rbq68qstjy_component-candidate,obimd-sub-rbq68qstjy,obimd-sub-rbq68qstjy;obimd-main-rbq68qstjy,src-obimd,licensed_for_repository,needs_human_component_review,2026-06-20
obs-comp-cand-002253,graphemic_component_candidate,corpus/003_graphemic-components/023_002201-002300_obs-comp-cand-bucket_component-candidates/2253_obs-comp-cand-002253_obimd-sub-6cad2189e6_component-candidate,obimd-sub-6cad2189e6,obimd-sub-6cad2189e6;obimd-main-rbq68qstjy,src-obimd,licensed_for_repository,needs_human_component_review,2026-06-20
obs-comp-cand-002254,graphemic_component_candidate,corpus/003_graphemic-components/023_002201-002300_obs-comp-cand-bucket_component-candidates/2254_obs-comp-cand-002254_obimd-sub-k75xse3bqs_component-candidate,obimd-sub-k75xse3bqs,obimd-sub-k75xse3bqs;obimd-main-rbq68qstjy,src-obimd,licensed_for_repository,needs_human_component_review,2026-06-20
obs-comp-cand-002255,graphemic_component_candidate,corpus/003_graphemic-components/023_002201-002300_obs-comp-cand-bucket_component-candidates/2255_obs-comp-cand-002255_obimd-sub-fs9zc0rvz6_component-candidate,obimd-sub-fs9zc0rvz6,obimd-sub-fs9zc0rvz6;obimd-main-rbq68qstjy,src-obimd,licensed_for_repository,needs_human_component_review,2026-06-20
obs-comp-cand-002256,graphemic_component_candidate,corpus/003_graphemic-components/023_002201-002300_obs-comp-cand-bucket_component-candidates/2256_obs-comp-cand-002256_obimd-sub-0yj8abtf8t_component-candidate,obimd-sub-0yj8abtf8t,obimd-sub-0yj8abtf8t;obimd-main-0yj8abtf8t,src-obimd,licensed_for_repository,needs_human_component_review,2026-06-20
obs-comp-cand-002257,graphemic_component_candidate,corpus/003_graphemic-components/023_002201-002300_obs-comp-cand-bucket_component-candidates/2257_obs-comp-cand-002257_obimd-sub-cs9rp8mhp1_component-candidate,obimd-sub-cs9rp8mhp1,obimd-sub-cs9rp8mhp1;obimd-main-0yj8abtf8t,src-obimd,licensed_for_repository,needs_human_component_review,2026-06-20
obs-comp-cand-002258,graphemic_component_candidate,corpus/003_graphemic-components/023_002201-002300_obs-comp-cand-bucket_component-candidates/2258_obs-comp-cand-002258_obimd-sub-qchobets7o_component-candidate,obimd-sub-qchobets7o,obimd-sub-qchobets7o;obimd-main-0yj8abtf8t,src-obimd,licensed_for_repository,needs_human_component_review,2026-06-20
obs-comp-cand-002259,graphemic_component_candidate,corpus/003_graphemic-components/023_002201-002300_obs-comp-cand-bucket_component-candidates/2259_obs-comp-cand-002259_obimd-sub-dcn46ntz0p_component-candidate,obimd-sub-dcn46ntz0p,obimd-sub-dcn46ntz0p;obimd-main-dcn46ntz0p,src-obimd,licensed_for_repository,needs_human_component_review,2026-06-20
obs-comp-cand-002260,graphemic_component_candidate,corpus/003_graphemic-components/023_002201-002300_obs-comp-cand-bucket_component-candidates/2260_obs-comp-cand-002260_obimd-sub-lm69wxg57a_component-candidate,obimd-sub-lm69wxg57a,obimd-sub-lm69wxg57a;obimd-main-dcn46ntz0p,src-obimd,licensed_for_repository,needs_human_component_review,2026-06-20
obs-comp-cand-002261,graphemic_component_candidate,corpus/003_graphemic-components/023_002201-002300_obs-comp-cand-bucket_component-candidates/2261_obs-comp-cand-002261_obimd-sub-z501bkm67b_component-candidate,obimd-sub-z501bkm67b,obimd-sub-z501bkm67b;obimd-main-z501bkm67b,src-obimd,licensed_for_repository,needs_human_component_review,2026-06-20
obs-comp-cand-002262,graphemic_component_candidate,corpus/003_graphemic-components/023_002201-002300_obs-comp-cand-bucket_component-candidates/2262_obs-comp-cand-002262_obimd-sub-lxm12x4qq9_component-candidate,obimd-sub-lxm12x4qq9,obimd-sub-lxm12x4qq9;obimd-main-z501bkm67b,src-obimd,licensed_for_repository,needs_human_component_review,2026-06-20
obs-comp-cand-002263,graphemic_component_candidate,corpus/003_graphemic-components/023_002201-002300_obs-comp-cand-bucket_component-candidates/2263_obs-comp-cand-002263_obimd-sub-se47rgbsyd_component-candidate,obimd-sub-se47rgbsyd,obimd-sub-se47rgbsyd;obimd-main-se47rgbsyd,src-obimd,licensed_for_repository,needs_human_component_review,2026-06-20
obs-comp-cand-002264,graphemic_component_candidate,corpus/003_graphemic-components/023_002201-002300_obs-comp-cand-bucket_component-candidates/2264_obs-comp-cand-002264_obimd-sub-m2w1k92a5a_component-candidate,obimd-sub-m2w1k92a5a,obimd-sub-m2w1k92a5a;obimd-main-m2w1k92a5a,src-obimd,licensed_for_repository,needs_human_component_review,2026-06-20
obs-comp-cand-002265,graphemic_component_candidate,corpus/003_graphemic-components/023_002201-002300_obs-comp-cand-bucket_component-candidates/2265_obs-comp-cand-002265_obimd-sub-0arw3hwi55_component-candidate,obimd-sub-0arw3hwi55,obimd-sub-0arw3hwi55;obimd-main-m2w1k92a5a,src-obimd,licensed_for_repository,needs_human_component_review,2026-06-20
obs-comp-cand-002266,graphemic_component_candidate,corpus/003_graphemic-components/023_002201-002300_obs-comp-cand-bucket_component-candidates/2266_obs-comp-cand-002266_obimd-sub-cb9eugktzu_component-candidate,obimd-sub-cb9eugktzu,obimd-sub-cb9eugktzu;obimd-main-cb9eugktzu,src-obimd,licensed_for_repository,needs_human_component_review,2026-06-20
obs-comp-cand-002267,graphemic_component_candidate,corpus/003_graphemic-components/023_002201-002300_obs-comp-cand-bucket_component-candidates/2267_obs-comp-cand-002267_obimd-sub-7lwmw91h7l_component-candidate,obimd-sub-7lwmw91h7l,obimd-sub-7lwmw91h7l;obimd-main-cb9eugktzu,src-obimd,licensed_for_repository,needs_human_component_review,2026-06-20
obs-comp-cand-002268,graphemic_component_candidate,corpus/003_graphemic-components/023_002201-002300_obs-comp-cand-bucket_component-candidates/2268_obs-comp-cand-002268_obimd-sub-8598d9qdhc_component-candidate,obimd-sub-8598d9qdhc,obimd-sub-8598d9qdhc;obimd-main-cb9eugktzu,src-obimd,licensed_for_repository,needs_human_component_review,2026-06-20
obs-comp-cand-002269,graphemic_component_candidate,corpus/003_graphemic-components/023_002201-002300_obs-comp-cand-bucket_component-candidates/2269_obs-comp-cand-002269_obimd-sub-mvfn7g0qwu_component-candidate,obimd-sub-mvfn7g0qwu,obimd-sub-mvfn7g0qwu;obimd-main-mvfn7g0qwu,src-obimd,licensed_for_repository,needs_human_component_review,2026-06-20
obs-comp-cand-002270,graphemic_component_candidate,corpus/003_graphemic-components/023_002201-002300_obs-comp-cand-bucket_component-candidates/2270_obs-comp-cand-002270_obimd-sub-do3ymz05gs_component-candidate,obimd-sub-do3ymz05gs,obimd-sub-do3ymz05gs;obimd-main-do3ymz05gs,src-obimd,licensed_for_repository,needs_human_component_review,2026-06-20
obs-comp-cand-002271,graphemic_component_candidate,corpus/003_graphemic-components/023_002201-002300_obs-comp-cand-bucket_component-candidates/2271_obs-comp-cand-002271_obimd-sub-b9u9sk93vy_component-candidate,obimd-sub-b9u9sk93vy,obimd-sub-b9u9sk93vy;obimd-main-b9u9sk93vy,src-obimd,licensed_for_repository,needs_human_component_review,2026-06-20
obs-comp-cand-002272,graphemic_component_candidate,corpus/003_graphemic-components/023_002201-002300_obs-comp-cand-bucket_component-candidates/2272_obs-comp-cand-002272_obimd-sub-xel4l5p8v6_component-candidate,obimd-sub-xel4l5p8v6,obimd-sub-xel4l5p8v6;obimd-main-xel4l5p8v6,src-obimd,licensed_for_repository,needs_human_component_review,2026-06-20
obs-comp-cand-002273,graphemic_component_candidate,corpus/003_graphemic-components/023_002201-002300_obs-comp-cand-bucket_component-candidates/2273_obs-comp-cand-002273_obimd-sub-tffxprqn1o_component-candidate,obimd-sub-tffxprqn1o,obimd-sub-tffxprqn1o;obimd-main-tffxprqn1o,src-obimd,licensed_for_repository,needs_human_component_review,2026-06-20
obs-comp-cand-002274,graphemic_component_candidate,corpus/003_graphemic-components/023_002201-002300_obs-comp-cand-bucket_component-candidates/2274_obs-comp-cand-002274_obimd-sub-x48fzxqgqn_component-candidate,obimd-sub-x48fzxqgqn,obimd-sub-x48fzxqgqn;obimd-main-x48fzxqgqn,src-obimd,licensed_for_repository,needs_human_component_review,2026-06-20
obs-comp-cand-002275,graphemic_component_candidate,corpus/003_graphemic-components/023_002201-002300_obs-comp-cand-bucket_component-candidates/2275_obs-comp-cand-002275_obimd-sub-4sax924k4m_component-candidate,obimd-sub-4sax924k4m,obimd-sub-4sax924k4m;obimd-main-x48fzxqgqn,src-obimd,licensed_for_repository,needs_human_component_review,2026-06-20
obs-comp-cand-002276,graphemic_component_candidate,corpus/003_graphemic-components/023_002201-002300_obs-comp-cand-bucket_component-candidates/2276_obs-comp-cand-002276_obimd-sub-bke9bjpf9r_component-candidate,obimd-sub-bke9bjpf9r,obimd-sub-bke9bjpf9r;obimd-main-bke9bjpf9r,src-obimd,licensed_for_repository,needs_human_component_review,2026-06-20
obs-comp-cand-002277,graphemic_component_candidate,corpus/003_graphemic-components/023_002201-002300_obs-comp-cand-bucket_component-candidates/2277_obs-comp-cand-002277_obimd-sub-0armdskpvq_component-candidate,obimd-sub-0armdskpvq,obimd-sub-0armdskpvq;obimd-main-bke9bjpf9r,src-obimd,licensed_for_repository,needs_human_component_review,2026-06-20
obs-comp-cand-002278,graphemic_component_candidate,corpus/003_graphemic-components/023_002201-002300_obs-comp-cand-bucket_component-candidates/2278_obs-comp-cand-002278_obimd-sub-kng5xn50kh_component-candidate,obimd-sub-kng5xn50kh,obimd-sub-kng5xn50kh;obimd-main-bke9bjpf9r,src-obimd,licensed_for_repository,needs_human_component_review,2026-06-20
obs-comp-cand-002279,graphemic_component_candidate,corpus/003_graphemic-components/023_002201-002300_obs-comp-cand-bucket_component-candidates/2279_obs-comp-cand-002279_obimd-sub-l72ae71syd_component-candidate,obimd-sub-l72ae71syd,obimd-sub-l72ae71syd;obimd-main-l72ae71syd,src-obimd,licensed_for_repository,needs_human_component_review,2026-06-20
obs-comp-cand-002280,graphemic_component_candidate,corpus/003_graphemic-components/023_002201-002300_obs-comp-cand-bucket_component-candidates/2280_obs-comp-cand-002280_obimd-sub-phm2kaakcg_component-candidate,obimd-sub-phm2kaakcg,obimd-sub-phm2kaakcg;obimd-main-l72ae71syd,src-obimd,licensed_for_repository,needs_human_component_review,2026-06-20
obs-comp-cand-002281,graphemic_component_candidate,corpus/003_graphemic-components/023_002201-002300_obs-comp-cand-bucket_component-candidates/2281_obs-comp-cand-002281_obimd-sub-aamr2zeydd_component-candidate,obimd-sub-aamr2zeydd,obimd-sub-aamr2zeydd;obimd-main-aamr2zeydd,src-obimd,licensed_for_repository,needs_human_component_review,2026-06-20
obs-comp-cand-002282,graphemic_component_candidate,corpus/003_graphemic-components/023_002201-002300_obs-comp-cand-bucket_component-candidates/2282_obs-comp-cand-002282_obimd-sub-z8f2ejslwi_component-candidate,obimd-sub-z8f2ejslwi,obimd-sub-z8f2ejslwi;obimd-main-z8f2ejslwi,src-obimd,licensed_for_repository,needs_human_component_review,2026-06-20
obs-comp-cand-002283,graphemic_component_candidate,corpus/003_graphemic-components/023_002201-002300_obs-comp-cand-bucket_component-candidates/2283_obs-comp-cand-002283_obimd-sub-9fv82qyced_component-candidate,obimd-sub-9fv82qyced,obimd-sub-9fv82qyced;obimd-main-9fv82qyced,src-obimd,licensed_for_repository,needs_human_component_review,2026-06-20
obs-comp-cand-002284,graphemic_component_candidate,corpus/003_graphemic-components/023_002201-002300_obs-comp-cand-bucket_component-candidates/2284_obs-comp-cand-002284_obimd-sub-uc9n9xrv1e_component-candidate,obimd-sub-uc9n9xrv1e,obimd-sub-uc9n9xrv1e;obimd-main-uc9n9xrv1e,src-obimd,licensed_for_repository,needs_human_component_review,2026-06-20
obs-comp-cand-002285,graphemic_component_candidate,corpus/003_graphemic-components/023_002201-002300_obs-comp-cand-bucket_component-candidates/2285_obs-comp-cand-002285_obimd-sub-alc6p2yimn_component-candidate,obimd-sub-alc6p2yimn,obimd-sub-alc6p2yimn;obimd-main-alc6p2yimn,src-obimd,licensed_for_repository,needs_human_component_review,2026-06-20
obs-comp-cand-002286,graphemic_component_candidate,corpus/003_graphemic-components/023_002201-002300_obs-comp-cand-bucket_component-candidates/2286_obs-comp-cand-002286_obimd-sub-5jcghtltbx_component-candidate,obimd-sub-5jcghtltbx,obimd-sub-5jcghtltbx;obimd-main-5jcghtltbx,src-obimd,licensed_for_repository,needs_human_component_review,2026-06-20
obs-comp-cand-002287,graphemic_component_candidate,corpus/003_graphemic-components/023_002201-002300_obs-comp-cand-bucket_component-candidates/2287_obs-comp-cand-002287_obimd-sub-x27edpncke_component-candidate,obimd-sub-x27edpncke,obimd-sub-x27edpncke;obimd-main-5jcghtltbx,src-obimd,licensed_for_repository,needs_human_component_review,2026-06-20
obs-comp-cand-002288,graphemic_component_candidate,corpus/003_graphemic-components/023_002201-002300_obs-comp-cand-bucket_component-candidates/2288_obs-comp-cand-002288_obimd-sub-4lgdy5a4ta_component-candidate,obimd-sub-4lgdy5a4ta,obimd-sub-4lgdy5a4ta;obimd-main-4lgdy5a4ta,src-obimd,licensed_for_repository,needs_human_component_review,2026-06-20
obs-comp-cand-002289,graphemic_component_candidate,corpus/003_graphemic-components/023_002201-002300_obs-comp-cand-bucket_component-candidates/2289_obs-comp-cand-002289_obimd-sub-l0eocin0je_component-candidate,obimd-sub-l0eocin0je,obimd-sub-l0eocin0je;obimd-main-4lgdy5a4ta,src-obimd,licensed_for_repository,needs_human_component_review,2026-06-20
obs-comp-cand-002290,graphemic_component_candidate,corpus/003_graphemic-components/023_002201-002300_obs-comp-cand-bucket_component-candidates/2290_obs-comp-cand-002290_obimd-sub-ftf9nvfej5_component-candidate,obimd-sub-ftf9nvfej5,obimd-sub-ftf9nvfej5;obimd-main-ftf9nvfej5,src-obimd,licensed_for_repository,needs_human_component_review,2026-06-20
obs-comp-cand-002291,graphemic_component_candidate,corpus/003_graphemic-components/023_002201-002300_obs-comp-cand-bucket_component-candidates/2291_obs-comp-cand-002291_obimd-sub-eoaer82enz_component-candidate,obimd-sub-eoaer82enz,obimd-sub-eoaer82enz;obimd-main-eoaer82enz,src-obimd,licensed_for_repository,needs_human_component_review,2026-06-20
obs-comp-cand-002292,graphemic_component_candidate,corpus/003_graphemic-components/023_002201-002300_obs-comp-cand-bucket_component-candidates/2292_obs-comp-cand-002292_obimd-sub-y8lurw2s08_component-candidate,obimd-sub-y8lurw2s08,obimd-sub-y8lurw2s08;obimd-main-y8lurw2s08,src-obimd,licensed_for_repository,needs_human_component_review,2026-06-20
obs-comp-cand-002293,graphemic_component_candidate,corpus/003_graphemic-components/023_002201-002300_obs-comp-cand-bucket_component-candidates/2293_obs-comp-cand-002293_obimd-sub-dody7z00ta_component-candidate,obimd-sub-dody7z00ta,obimd-sub-dody7z00ta;obimd-main-dody7z00ta,src-obimd,licensed_for_repository,needs_human_component_review,2026-06-20
obs-comp-cand-002294,graphemic_component_candidate,corpus/003_graphemic-components/023_002201-002300_obs-comp-cand-bucket_component-candidates/2294_obs-comp-cand-002294_obimd-sub-89m3dkhxyy_component-candidate,obimd-sub-89m3dkhxyy,obimd-sub-89m3dkhxyy;obimd-main-89m3dkhxyy,src-obimd,licensed_for_repository,needs_human_component_review,2026-06-20
obs-comp-cand-002295,graphemic_component_candidate,corpus/003_graphemic-components/023_002201-002300_obs-comp-cand-bucket_component-candidates/2295_obs-comp-cand-002295_obimd-sub-nmtqajqy7n_component-candidate,obimd-sub-nmtqajqy7n,obimd-sub-nmtqajqy7n;obimd-main-89m3dkhxyy,src-obimd,licensed_for_repository,needs_human_component_review,2026-06-20
obs-comp-cand-002296,graphemic_component_candidate,corpus/003_graphemic-components/023_002201-002300_obs-comp-cand-bucket_component-candidates/2296_obs-comp-cand-002296_obimd-sub-0qrnb6jbz5_component-candidate,obimd-sub-0qrnb6jbz5,obimd-sub-0qrnb6jbz5;obimd-main-89m3dkhxyy,src-obimd,licensed_for_repository,needs_human_component_review,2026-06-20
obs-comp-cand-002297,graphemic_component_candidate,corpus/003_graphemic-components/023_002201-002300_obs-comp-cand-bucket_component-candidates/2297_obs-comp-cand-002297_obimd-sub-jgofpoxdpd_component-candidate,obimd-sub-jgofpoxdpd,obimd-sub-jgofpoxdpd;obimd-main-jgofpoxdpd,src-obimd,licensed_for_repository,needs_human_component_review,2026-06-20
obs-comp-cand-002298,graphemic_component_candidate,corpus/003_graphemic-components/023_002201-002300_obs-comp-cand-bucket_component-candidates/2298_obs-comp-cand-002298_obimd-sub-umgr5o95w2_component-candidate,obimd-sub-umgr5o95w2,obimd-sub-umgr5o95w2;obimd-main-jgofpoxdpd,src-obimd,licensed_for_repository,needs_human_component_review,2026-06-20
obs-comp-cand-002299,graphemic_component_candidate,corpus/003_graphemic-components/023_002201-002300_obs-comp-cand-bucket_component-candidates/2299_obs-comp-cand-002299_obimd-sub-w56izt36gs_component-candidate,obimd-sub-w56izt36gs,obimd-sub-w56izt36gs;obimd-main-w56izt36gs,src-obimd,licensed_for_repository,needs_human_component_review,2026-06-20
obs-comp-cand-002300,graphemic_component_candidate,corpus/003_graphemic-components/023_002201-002300_obs-comp-cand-bucket_component-candidates/2300_obs-comp-cand-002300_obimd-sub-v7crlf8b5i_component-candidate,obimd-sub-v7crlf8b5i,obimd-sub-v7crlf8b5i;obimd-main-w56izt36gs,src-obimd,licensed_for_repository,needs_human_component_review,2026-06-20
obs-comp-cand-002301,graphemic_component_candidate,corpus/003_graphemic-components/024_002301-002400_obs-comp-cand-bucket_component-candidates/2301_obs-comp-cand-002301_obimd-sub-huoz3b61jz_component-candidate,obimd-sub-huoz3b61jz,obimd-sub-huoz3b61jz;obimd-main-huoz3b61jz,src-obimd,licensed_for_repository,needs_human_component_review,2026-06-20
obs-comp-cand-002302,graphemic_component_candidate,corpus/003_graphemic-components/024_002301-002400_obs-comp-cand-bucket_component-candidates/2302_obs-comp-cand-002302_obimd-sub-ipk3zzo75v_component-candidate,obimd-sub-ipk3zzo75v,obimd-sub-ipk3zzo75v;obimd-main-ipk3zzo75v,src-obimd,licensed_for_repository,needs_human_component_review,2026-06-20
obs-comp-cand-002303,graphemic_component_candidate,corpus/003_graphemic-components/024_002301-002400_obs-comp-cand-bucket_component-candidates/2303_obs-comp-cand-002303_obimd-sub-z7utqlcs8m_component-candidate,obimd-sub-z7utqlcs8m,obimd-sub-z7utqlcs8m;obimd-main-z7utqlcs8m,src-obimd,licensed_for_repository,needs_human_component_review,2026-06-20
obs-comp-cand-002304,graphemic_component_candidate,corpus/003_graphemic-components/024_002301-002400_obs-comp-cand-bucket_component-candidates/2304_obs-comp-cand-002304_obimd-sub-s65fsavh28_component-candidate,obimd-sub-s65fsavh28,obimd-sub-s65fsavh28;obimd-main-s65fsavh28,src-obimd,licensed_for_repository,needs_human_component_review,2026-06-20
obs-comp-cand-002305,graphemic_component_candidate,corpus/003_graphemic-components/024_002301-002400_obs-comp-cand-bucket_component-candidates/2305_obs-comp-cand-002305_obimd-sub-qyblw0490q_component-candidate,obimd-sub-qyblw0490q,obimd-sub-qyblw0490q;obimd-main-s65fsavh28,src-obimd,licensed_for_repository,needs_human_component_review,2026-06-20
obs-comp-cand-002306,graphemic_component_candidate,corpus/003_graphemic-components/024_002301-002400_obs-comp-cand-bucket_component-candidates/2306_obs-comp-cand-002306_obimd-sub-4kwdakepca_component-candidate,obimd-sub-4kwdakepca,obimd-sub-4kwdakepca;obimd-main-s65fsavh28,src-obimd,licensed_for_repository,needs_human_component_review,2026-06-20
obs-comp-cand-002307,graphemic_component_candidate,corpus/003_graphemic-components/024_002301-002400_obs-comp-cand-bucket_component-candidates/2307_obs-comp-cand-002307_obimd-sub-r5e4quq50o_component-candidate,obimd-sub-r5e4quq50o,obimd-sub-r5e4quq50o;obimd-main-s65fsavh28,src-obimd,licensed_for_repository,needs_human_component_review,2026-06-20
obs-comp-cand-002308,graphemic_component_candidate,corpus/003_graphemic-components/024_002301-002400_obs-comp-cand-bucket_component-candidates/2308_obs-comp-cand-002308_obimd-sub-jkefo9se8x_component-candidate,obimd-sub-jkefo9se8x,obimd-sub-jkefo9se8x;obimd-main-s65fsavh28,src-obimd,licensed_for_repository,needs_human_component_review,2026-06-20
obs-comp-cand-002309,graphemic_component_candidate,corpus/003_graphemic-components/024_002301-002400_obs-comp-cand-bucket_component-candidates/2309_obs-comp-cand-002309_obimd-sub-o1lvnxtsk5_component-candidate,obimd-sub-o1lvnxtsk5,obimd-sub-o1lvnxtsk5;obimd-main-s65fsavh28,src-obimd,licensed_for_repository,needs_human_component_review,2026-06-20
obs-comp-cand-002310,graphemic_component_candidate,corpus/003_graphemic-components/024_002301-002400_obs-comp-cand-bucket_component-candidates/2310_obs-comp-cand-002310_obimd-sub-0s9rpkf53u_component-candidate,obimd-sub-0s9rpkf53u,obimd-sub-0s9rpkf53u;obimd-main-0s9rpkf53u,src-obimd,licensed_for_repository,needs_human_component_review,2026-06-20
obs-comp-cand-002311,graphemic_component_candidate,corpus/003_graphemic-components/024_002301-002400_obs-comp-cand-bucket_component-candidates/2311_obs-comp-cand-002311_obimd-sub-lv89oi2z7y_component-candidate,obimd-sub-lv89oi2z7y,obimd-sub-lv89oi2z7y;obimd-main-0s9rpkf53u,src-obimd,licensed_for_repository,needs_human_component_review,2026-06-20
obs-comp-cand-002312,graphemic_component_candidate,corpus/003_graphemic-components/024_002301-002400_obs-comp-cand-bucket_component-candidates/2312_obs-comp-cand-002312_obimd-sub-lxb45u800b_component-candidate,obimd-sub-lxb45u800b,obimd-sub-lxb45u800b;obimd-main-0s9rpkf53u,src-obimd,licensed_for_repository,needs_human_component_review,2026-06-20
obs-comp-cand-002313,graphemic_component_candidate,corpus/003_graphemic-components/024_002301-002400_obs-comp-cand-bucket_component-candidates/2313_obs-comp-cand-002313_obimd-sub-vhcc0q30j6_component-candidate,obimd-sub-vhcc0q30j6,obimd-sub-vhcc0q30j6;obimd-main-gy2dprpjxa,src-obimd,licensed_for_repository,needs_human_component_review,2026-06-20
obs-comp-cand-002314,graphemic_component_candidate,corpus/003_graphemic-components/024_002301-002400_obs-comp-cand-bucket_component-candidates/2314_obs-comp-cand-002314_obimd-sub-dnqkkwgd05_component-candidate,obimd-sub-dnqkkwgd05,obimd-sub-dnqkkwgd05;obimd-main-dnqkkwgd05,src-obimd,licensed_for_repository,needs_human_component_review,2026-06-20
obs-comp-cand-002315,graphemic_component_candidate,corpus/003_graphemic-components/024_002301-002400_obs-comp-cand-bucket_component-candidates/2315_obs-comp-cand-002315_obimd-sub-n6f21m5o6y_component-candidate,obimd-sub-n6f21m5o6y,obimd-sub-n6f21m5o6y;obimd-main-dnqkkwgd05,src-obimd,licensed_for_repository,needs_human_component_review,2026-06-20
obs-comp-cand-002316,graphemic_component_candidate,corpus/003_graphemic-components/024_002301-002400_obs-comp-cand-bucket_component-candidates/2316_obs-comp-cand-002316_obimd-sub-pdeu3hzht6_component-candidate,obimd-sub-pdeu3hzht6,obimd-sub-pdeu3hzht6;obimd-main-dnqkkwgd05,src-obimd,licensed_for_repository,needs_human_component_review,2026-06-20
obs-comp-cand-002317,graphemic_component_candidate,corpus/003_graphemic-components/024_002301-002400_obs-comp-cand-bucket_component-candidates/2317_obs-comp-cand-002317_obimd-sub-3jzeliplnn_component-candidate,obimd-sub-3jzeliplnn,obimd-sub-3jzeliplnn;obimd-main-3jzeliplnn,src-obimd,licensed_for_repository,needs_human_component_review,2026-06-20
obs-comp-cand-002318,graphemic_component_candidate,corpus/003_graphemic-components/024_002301-002400_obs-comp-cand-bucket_component-candidates/2318_obs-comp-cand-002318_obimd-sub-pyrvvfnduf_component-candidate,obimd-sub-pyrvvfnduf,obimd-sub-pyrvvfnduf;obimd-main-3jzeliplnn,src-obimd,licensed_for_repository,needs_human_component_review,2026-06-20
obs-comp-cand-002319,graphemic_component_candidate,corpus/003_graphemic-components/024_002301-002400_obs-comp-cand-bucket_component-candidates/2319_obs-comp-cand-002319_obimd-sub-q66wswcsev_component-candidate,obimd-sub-q66wswcsev,obimd-sub-q66wswcsev;obimd-main-q66wswcsev,src-obimd,licensed_for_repository,needs_human_component_review,2026-06-20
obs-comp-cand-002320,graphemic_component_candidate,corpus/003_graphemic-components/024_002301-002400_obs-comp-cand-bucket_component-candidates/2320_obs-comp-cand-002320_obimd-sub-3ux82tu34t_component-candidate,obimd-sub-3ux82tu34t,obimd-sub-3ux82tu34t;obimd-main-3ux82tu34t,src-obimd,licensed_for_repository,needs_human_component_review,2026-06-20
obs-comp-cand-002321,graphemic_component_candidate,corpus/003_graphemic-components/024_002301-002400_obs-comp-cand-bucket_component-candidates/2321_obs-comp-cand-002321_obimd-sub-3iy8d4dyxq_component-candidate,obimd-sub-3iy8d4dyxq,obimd-sub-3iy8d4dyxq;obimd-main-3iy8d4dyxq,src-obimd,licensed_for_repository,needs_human_component_review,2026-06-20
obs-comp-cand-002322,graphemic_component_candidate,corpus/003_graphemic-components/024_002301-002400_obs-comp-cand-bucket_component-candidates/2322_obs-comp-cand-002322_obimd-sub-wil5zsif77_component-candidate,obimd-sub-wil5zsif77,obimd-sub-wil5zsif77;obimd-main-wil5zsif77,src-obimd,licensed_for_repository,needs_human_component_review,2026-06-20
obs-comp-cand-002323,graphemic_component_candidate,corpus/003_graphemic-components/024_002301-002400_obs-comp-cand-bucket_component-candidates/2323_obs-comp-cand-002323_obimd-sub-dhowrnua7b_component-candidate,obimd-sub-dhowrnua7b,obimd-sub-dhowrnua7b;obimd-main-wil5zsif77,src-obimd,licensed_for_repository,needs_human_component_review,2026-06-20
obs-comp-cand-002324,graphemic_component_candidate,corpus/003_graphemic-components/024_002301-002400_obs-comp-cand-bucket_component-candidates/2324_obs-comp-cand-002324_obimd-sub-eeo4tcr3f6_component-candidate,obimd-sub-eeo4tcr3f6,obimd-sub-eeo4tcr3f6;obimd-main-wil5zsif77,src-obimd,licensed_for_repository,needs_human_component_review,2026-06-20
obs-comp-cand-002325,graphemic_component_candidate,corpus/003_graphemic-components/024_002301-002400_obs-comp-cand-bucket_component-candidates/2325_obs-comp-cand-002325_obimd-sub-dmwg0bdq3q_component-candidate,obimd-sub-dmwg0bdq3q,obimd-sub-dmwg0bdq3q;obimd-main-wil5zsif77,src-obimd,licensed_for_repository,needs_human_component_review,2026-06-20
obs-comp-cand-002326,graphemic_component_candidate,corpus/003_graphemic-components/024_002301-002400_obs-comp-cand-bucket_component-candidates/2326_obs-comp-cand-002326_obimd-sub-r7n676rlfv_component-candidate,obimd-sub-r7n676rlfv,obimd-sub-r7n676rlfv;obimd-main-wil5zsif77,src-obimd,licensed_for_repository,needs_human_component_review,2026-06-20
obs-comp-cand-002327,graphemic_component_candidate,corpus/003_graphemic-components/024_002301-002400_obs-comp-cand-bucket_component-candidates/2327_obs-comp-cand-002327_obimd-sub-e95rv48otc_component-candidate,obimd-sub-e95rv48otc,obimd-sub-e95rv48otc;obimd-main-e95rv48otc,src-obimd,licensed_for_repository,needs_human_component_review,2026-06-20
obs-comp-cand-002328,graphemic_component_candidate,corpus/003_graphemic-components/024_002301-002400_obs-comp-cand-bucket_component-candidates/2328_obs-comp-cand-002328_obimd-sub-kggb6goupa_component-candidate,obimd-sub-kggb6goupa,obimd-sub-kggb6goupa;obimd-main-kggb6goupa,src-obimd,licensed_for_repository,needs_human_component_review,2026-06-20
obs-comp-cand-002329,graphemic_component_candidate,corpus/003_graphemic-components/024_002301-002400_obs-comp-cand-bucket_component-candidates/2329_obs-comp-cand-002329_obimd-sub-affozm12oy_component-candidate,obimd-sub-affozm12oy,obimd-sub-affozm12oy;obimd-main-kggb6goupa,src-obimd,licensed_for_repository,needs_human_component_review,2026-06-20
obs-comp-cand-002330,graphemic_component_candidate,corpus/003_graphemic-components/024_002301-002400_obs-comp-cand-bucket_component-candidates/2330_obs-comp-cand-002330_obimd-sub-2p40zfuzsl_component-candidate,obimd-sub-2p40zfuzsl,obimd-sub-2p40zfuzsl;obimd-main-2p40zfuzsl,src-obimd,licensed_for_repository,needs_human_component_review,2026-06-20
obs-comp-cand-002331,graphemic_component_candidate,corpus/003_graphemic-components/024_002301-002400_obs-comp-cand-bucket_component-candidates/2331_obs-comp-cand-002331_obimd-sub-8l2orhbsvl_component-candidate,obimd-sub-8l2orhbsvl,obimd-sub-8l2orhbsvl;obimd-main-8l2orhbsvl,src-obimd,licensed_for_repository,needs_human_component_review,2026-06-20
obs-comp-cand-002332,graphemic_component_candidate,corpus/003_graphemic-components/024_002301-002400_obs-comp-cand-bucket_component-candidates/2332_obs-comp-cand-002332_obimd-sub-lv9elwagak_component-candidate,obimd-sub-lv9elwagak,obimd-sub-lv9elwagak;obimd-main-8l2orhbsvl,src-obimd,licensed_for_repository,needs_human_component_review,2026-06-20
obs-comp-cand-002333,graphemic_component_candidate,corpus/003_graphemic-components/024_002301-002400_obs-comp-cand-bucket_component-candidates/2333_obs-comp-cand-002333_obimd-sub-u70ceo95is_component-candidate,obimd-sub-u70ceo95is,obimd-sub-u70ceo95is;obimd-main-8l2orhbsvl,src-obimd,licensed_for_repository,needs_human_component_review,2026-06-20
obs-comp-cand-002334,graphemic_component_candidate,corpus/003_graphemic-components/024_002301-002400_obs-comp-cand-bucket_component-candidates/2334_obs-comp-cand-002334_obimd-sub-s9pcborf7y_component-candidate,obimd-sub-s9pcborf7y,obimd-sub-s9pcborf7y;obimd-main-s9pcborf7y,src-obimd,licensed_for_repository,needs_human_component_review,2026-06-20
obs-comp-cand-002335,graphemic_component_candidate,corpus/003_graphemic-components/024_002301-002400_obs-comp-cand-bucket_component-candidates/2335_obs-comp-cand-002335_obimd-sub-wq82qwsrm8_component-candidate,obimd-sub-wq82qwsrm8,obimd-sub-wq82qwsrm8;obimd-main-wq82qwsrm8,src-obimd,licensed_for_repository,needs_human_component_review,2026-06-20
obs-comp-cand-002336,graphemic_component_candidate,corpus/003_graphemic-components/024_002301-002400_obs-comp-cand-bucket_component-candidates/2336_obs-comp-cand-002336_obimd-sub-gs6ng54l0l_component-candidate,obimd-sub-gs6ng54l0l,obimd-sub-gs6ng54l0l;obimd-main-gs6ng54l0l,src-obimd,licensed_for_repository,needs_human_component_review,2026-06-20
obs-comp-cand-002337,graphemic_component_candidate,corpus/003_graphemic-components/024_002301-002400_obs-comp-cand-bucket_component-candidates/2337_obs-comp-cand-002337_obimd-sub-crck62eltz_component-candidate,obimd-sub-crck62eltz,obimd-sub-crck62eltz;obimd-main-crck62eltz,src-obimd,licensed_for_repository,needs_human_component_review,2026-06-20
obs-comp-cand-002338,graphemic_component_candidate,corpus/003_graphemic-components/024_002301-002400_obs-comp-cand-bucket_component-candidates/2338_obs-comp-cand-002338_obimd-sub-p4b65ldclf_component-candidate,obimd-sub-p4b65ldclf,obimd-sub-p4b65ldclf;obimd-main-crck62eltz,src-obimd,licensed_for_repository,needs_human_component_review,2026-06-20
obs-comp-cand-002339,graphemic_component_candidate,corpus/003_graphemic-components/024_002301-002400_obs-comp-cand-bucket_component-candidates/2339_obs-comp-cand-002339_obimd-sub-e097ctjxvg_component-candidate,obimd-sub-e097ctjxvg,obimd-sub-e097ctjxvg;obimd-main-e097ctjxvg,src-obimd,licensed_for_repository,needs_human_component_review,2026-06-20
obs-comp-cand-002340,graphemic_component_candidate,corpus/003_graphemic-components/024_002301-002400_obs-comp-cand-bucket_component-candidates/2340_obs-comp-cand-002340_obimd-sub-mdwfmpr3c8_component-candidate,obimd-sub-mdwfmpr3c8,obimd-sub-mdwfmpr3c8;obimd-main-mdwfmpr3c8,src-obimd,licensed_for_repository,needs_human_component_review,2026-06-20
obs-comp-cand-002341,graphemic_component_candidate,corpus/003_graphemic-components/024_002301-002400_obs-comp-cand-bucket_component-candidates/2341_obs-comp-cand-002341_obimd-sub-4jn67lbqhb_component-candidate,obimd-sub-4jn67lbqhb,obimd-sub-4jn67lbqhb;obimd-main-4jn67lbqhb,src-obimd,licensed_for_repository,needs_human_component_review,2026-06-20
obs-comp-cand-002342,graphemic_component_candidate,corpus/003_graphemic-components/024_002301-002400_obs-comp-cand-bucket_component-candidates/2342_obs-comp-cand-002342_obimd-sub-74v4uajp21_component-candidate,obimd-sub-74v4uajp21,obimd-sub-74v4uajp21;obimd-main-4jn67lbqhb,src-obimd,licensed_for_repository,needs_human_component_review,2026-06-20
obs-comp-cand-002343,graphemic_component_candidate,corpus/003_graphemic-components/024_002301-002400_obs-comp-cand-bucket_component-candidates/2343_obs-comp-cand-002343_obimd-sub-28p358130o_component-candidate,obimd-sub-28p358130o,obimd-sub-28p358130o;obimd-main-28p358130o,src-obimd,licensed_for_repository,needs_human_component_review,2026-06-20
obs-comp-cand-002344,graphemic_component_candidate,corpus/003_graphemic-components/024_002301-002400_obs-comp-cand-bucket_component-candidates/2344_obs-comp-cand-002344_obimd-sub-46ud7n5zy7_component-candidate,obimd-sub-46ud7n5zy7,obimd-sub-46ud7n5zy7;obimd-main-28p358130o,src-obimd,licensed_for_repository,needs_human_component_review,2026-06-20
obs-comp-cand-002345,graphemic_component_candidate,corpus/003_graphemic-components/024_002301-002400_obs-comp-cand-bucket_component-candidates/2345_obs-comp-cand-002345_obimd-sub-hhs8xx201x_component-candidate,obimd-sub-hhs8xx201x,obimd-sub-hhs8xx201x;obimd-main-hhs8xx201x,src-obimd,licensed_for_repository,needs_human_component_review,2026-06-20
obs-comp-cand-002346,graphemic_component_candidate,corpus/003_graphemic-components/024_002301-002400_obs-comp-cand-bucket_component-candidates/2346_obs-comp-cand-002346_obimd-sub-n7v6g34e0m_component-candidate,obimd-sub-n7v6g34e0m,obimd-sub-n7v6g34e0m;obimd-main-n7v6g34e0m,src-obimd,licensed_for_repository,needs_human_component_review,2026-06-20
obs-comp-cand-002347,graphemic_component_candidate,corpus/003_graphemic-components/024_002301-002400_obs-comp-cand-bucket_component-candidates/2347_obs-comp-cand-002347_obimd-sub-ens49x42bu_component-candidate,obimd-sub-ens49x42bu,obimd-sub-ens49x42bu;obimd-main-sz4ikuqw2e,src-obimd,licensed_for_repository,needs_human_component_review,2026-06-20
obs-comp-cand-002348,graphemic_component_candidate,corpus/003_graphemic-components/024_002301-002400_obs-comp-cand-bucket_component-candidates/2348_obs-comp-cand-002348_obimd-sub-l84nu2wco6_component-candidate,obimd-sub-l84nu2wco6,obimd-sub-l84nu2wco6;obimd-main-sz4ikuqw2e,src-obimd,licensed_for_repository,needs_human_component_review,2026-06-20
obs-comp-cand-002349,graphemic_component_candidate,corpus/003_graphemic-components/024_002301-002400_obs-comp-cand-bucket_component-candidates/2349_obs-comp-cand-002349_obimd-sub-zbg97me31s_component-candidate,obimd-sub-zbg97me31s,obimd-sub-zbg97me31s;obimd-main-zbg97me31s,src-obimd,licensed_for_repository,needs_human_component_review,2026-06-20
obs-comp-cand-002350,graphemic_component_candidate,corpus/003_graphemic-components/024_002301-002400_obs-comp-cand-bucket_component-candidates/2350_obs-comp-cand-002350_obimd-sub-cod914fnx4_component-candidate,obimd-sub-cod914fnx4,obimd-sub-cod914fnx4;obimd-main-cod914fnx4,src-obimd,licensed_for_repository,needs_human_component_review,2026-06-20
obs-comp-cand-002351,graphemic_component_candidate,corpus/003_graphemic-components/024_002301-002400_obs-comp-cand-bucket_component-candidates/2351_obs-comp-cand-002351_obimd-sub-4xjqeyfys5_component-candidate,obimd-sub-4xjqeyfys5,obimd-sub-4xjqeyfys5;obimd-main-6x2xfo2ygq,src-obimd,licensed_for_repository,needs_human_component_review,2026-06-20
obs-comp-cand-002352,graphemic_component_candidate,corpus/003_graphemic-components/024_002301-002400_obs-comp-cand-bucket_component-candidates/2352_obs-comp-cand-002352_obimd-sub-3c5c90zv36_component-candidate,obimd-sub-3c5c90zv36,obimd-sub-3c5c90zv36;obimd-main-3c5c90zv36,src-obimd,licensed_for_repository,needs_human_component_review,2026-06-20
obs-comp-cand-002353,graphemic_component_candidate,corpus/003_graphemic-components/024_002301-002400_obs-comp-cand-bucket_component-candidates/2353_obs-comp-cand-002353_obimd-sub-5fclpu79ur_component-candidate,obimd-sub-5fclpu79ur,obimd-sub-5fclpu79ur;obimd-main-3c5c90zv36,src-obimd,licensed_for_repository,needs_human_component_review,2026-06-20
obs-comp-cand-002354,graphemic_component_candidate,corpus/003_graphemic-components/024_002301-002400_obs-comp-cand-bucket_component-candidates/2354_obs-comp-cand-002354_obimd-sub-w0qm9q3ey5_component-candidate,obimd-sub-w0qm9q3ey5,obimd-sub-w0qm9q3ey5;obimd-main-w0qm9q3ey5,src-obimd,licensed_for_repository,needs_human_component_review,2026-06-20
obs-comp-cand-002355,graphemic_component_candidate,corpus/003_graphemic-components/024_002301-002400_obs-comp-cand-bucket_component-candidates/2355_obs-comp-cand-002355_obimd-sub-f7q42uyo0n_component-candidate,obimd-sub-f7q42uyo0n,obimd-sub-f7q42uyo0n;obimd-main-w0qm9q3ey5,src-obimd,licensed_for_repository,needs_human_component_review,2026-06-20
obs-comp-cand-002356,graphemic_component_candidate,corpus/003_graphemic-components/024_002301-002400_obs-comp-cand-bucket_component-candidates/2356_obs-comp-cand-002356_obimd-sub-o75vmzxbse_component-candidate,obimd-sub-o75vmzxbse,obimd-sub-o75vmzxbse;obimd-main-o75vmzxbse,src-obimd,licensed_for_repository,needs_human_component_review,2026-06-20
obs-comp-cand-002357,graphemic_component_candidate,corpus/003_graphemic-components/024_002301-002400_obs-comp-cand-bucket_component-candidates/2357_obs-comp-cand-002357_obimd-sub-rp1zjtuksu_component-candidate,obimd-sub-rp1zjtuksu,obimd-sub-rp1zjtuksu;obimd-main-rp1zjtuksu,src-obimd,licensed_for_repository,needs_human_component_review,2026-06-20
obs-comp-cand-002358,graphemic_component_candidate,corpus/003_graphemic-components/024_002301-002400_obs-comp-cand-bucket_component-candidates/2358_obs-comp-cand-002358_obimd-sub-sf14kqk41w_component-candidate,obimd-sub-sf14kqk41w,obimd-sub-sf14kqk41w;obimd-main-rp1zjtuksu,src-obimd,licensed_for_repository,needs_human_component_review,2026-06-20
obs-comp-cand-002359,graphemic_component_candidate,corpus/003_graphemic-components/024_002301-002400_obs-comp-cand-bucket_component-candidates/2359_obs-comp-cand-002359_obimd-sub-aocab505o2_component-candidate,obimd-sub-aocab505o2,obimd-sub-aocab505o2;obimd-main-rp1zjtuksu,src-obimd,licensed_for_repository,needs_human_component_review,2026-06-20
obs-comp-cand-002360,graphemic_component_candidate,corpus/003_graphemic-components/024_002301-002400_obs-comp-cand-bucket_component-candidates/2360_obs-comp-cand-002360_obimd-sub-tnn49fvk1p_component-candidate,obimd-sub-tnn49fvk1p,obimd-sub-tnn49fvk1p;obimd-main-tnn49fvk1p,src-obimd,licensed_for_repository,needs_human_component_review,2026-06-20
obs-comp-cand-002361,graphemic_component_candidate,corpus/003_graphemic-components/024_002301-002400_obs-comp-cand-bucket_component-candidates/2361_obs-comp-cand-002361_obimd-sub-wpbo51inbu_component-candidate,obimd-sub-wpbo51inbu,obimd-sub-wpbo51inbu;obimd-main-wpbo51inbu,src-obimd,licensed_for_repository,needs_human_component_review,2026-06-20
obs-comp-cand-002362,graphemic_component_candidate,corpus/003_graphemic-components/024_002301-002400_obs-comp-cand-bucket_component-candidates/2362_obs-comp-cand-002362_obimd-sub-j0cf8hrkjw_component-candidate,obimd-sub-j0cf8hrkjw,obimd-sub-j0cf8hrkjw;obimd-main-j0cf8hrkjw,src-obimd,licensed_for_repository,needs_human_component_review,2026-06-20
obs-comp-cand-002363,graphemic_component_candidate,corpus/003_graphemic-components/024_002301-002400_obs-comp-cand-bucket_component-candidates/2363_obs-comp-cand-002363_obimd-sub-w2nmq54ds4_component-candidate,obimd-sub-w2nmq54ds4,obimd-sub-w2nmq54ds4;obimd-main-j0cf8hrkjw,src-obimd,licensed_for_repository,needs_human_component_review,2026-06-20
obs-comp-cand-002364,graphemic_component_candidate,corpus/003_graphemic-components/024_002301-002400_obs-comp-cand-bucket_component-candidates/2364_obs-comp-cand-002364_obimd-sub-9x6rmfgsol_component-candidate,obimd-sub-9x6rmfgsol,obimd-sub-9x6rmfgsol;obimd-main-j0cf8hrkjw,src-obimd,licensed_for_repository,needs_human_component_review,2026-06-20
obs-comp-cand-002365,graphemic_component_candidate,corpus/003_graphemic-components/024_002301-002400_obs-comp-cand-bucket_component-candidates/2365_obs-comp-cand-002365_obimd-sub-mnw7zjieww_component-candidate,obimd-sub-mnw7zjieww,obimd-sub-mnw7zjieww;obimd-main-mnw7zjieww,src-obimd,licensed_for_repository,needs_human_component_review,2026-06-20
obs-comp-cand-002366,graphemic_component_candidate,corpus/003_graphemic-components/024_002301-002400_obs-comp-cand-bucket_component-candidates/2366_obs-comp-cand-002366_obimd-sub-qbdhhbbxzc_component-candidate,obimd-sub-qbdhhbbxzc,obimd-sub-qbdhhbbxzc;obimd-main-mnw7zjieww,src-obimd,licensed_for_repository,needs_human_component_review,2026-06-20
obs-comp-cand-002367,graphemic_component_candidate,corpus/003_graphemic-components/024_002301-002400_obs-comp-cand-bucket_component-candidates/2367_obs-comp-cand-002367_obimd-sub-na5avo27k2_component-candidate,obimd-sub-na5avo27k2,obimd-sub-na5avo27k2;obimd-main-mnw7zjieww,src-obimd,licensed_for_repository,needs_human_component_review,2026-06-20
obs-comp-cand-002368,graphemic_component_candidate,corpus/003_graphemic-components/024_002301-002400_obs-comp-cand-bucket_component-candidates/2368_obs-comp-cand-002368_obimd-sub-7grlc2aopw_component-candidate,obimd-sub-7grlc2aopw,obimd-sub-7grlc2aopw;obimd-main-7grlc2aopw,src-obimd,licensed_for_repository,needs_human_component_review,2026-06-20
obs-comp-cand-002369,graphemic_component_candidate,corpus/003_graphemic-components/024_002301-002400_obs-comp-cand-bucket_component-candidates/2369_obs-comp-cand-002369_obimd-sub-so837cowpk_component-candidate,obimd-sub-so837cowpk,obimd-sub-so837cowpk;obimd-main-7grlc2aopw,src-obimd,licensed_for_repository,needs_human_component_review,2026-06-20
obs-comp-cand-002370,graphemic_component_candidate,corpus/003_graphemic-components/024_002301-002400_obs-comp-cand-bucket_component-candidates/2370_obs-comp-cand-002370_obimd-sub-fr8d5xn4ih_component-candidate,obimd-sub-fr8d5xn4ih,obimd-sub-fr8d5xn4ih;obimd-main-fr8d5xn4ih,src-obimd,licensed_for_repository,needs_human_component_review,2026-06-20
obs-comp-cand-002371,graphemic_component_candidate,corpus/003_graphemic-components/024_002301-002400_obs-comp-cand-bucket_component-candidates/2371_obs-comp-cand-002371_obimd-sub-6oowl8nf3m_component-candidate,obimd-sub-6oowl8nf3m,obimd-sub-6oowl8nf3m;obimd-main-fr8d5xn4ih,src-obimd,licensed_for_repository,needs_human_component_review,2026-06-20
obs-comp-cand-002372,graphemic_component_candidate,corpus/003_graphemic-components/024_002301-002400_obs-comp-cand-bucket_component-candidates/2372_obs-comp-cand-002372_obimd-sub-bluyc51w9k_component-candidate,obimd-sub-bluyc51w9k,obimd-sub-bluyc51w9k;obimd-main-bluyc51w9k,src-obimd,licensed_for_repository,needs_human_component_review,2026-06-20
obs-comp-cand-002373,graphemic_component_candidate,corpus/003_graphemic-components/024_002301-002400_obs-comp-cand-bucket_component-candidates/2373_obs-comp-cand-002373_obimd-sub-fyq2cthfqw_component-candidate,obimd-sub-fyq2cthfqw,obimd-sub-fyq2cthfqw;obimd-main-bluyc51w9k,src-obimd,licensed_for_repository,needs_human_component_review,2026-06-20
obs-comp-cand-002374,graphemic_component_candidate,corpus/003_graphemic-components/024_002301-002400_obs-comp-cand-bucket_component-candidates/2374_obs-comp-cand-002374_obimd-sub-s1pxf3rg0q_component-candidate,obimd-sub-s1pxf3rg0q,obimd-sub-s1pxf3rg0q;obimd-main-s1pxf3rg0q,src-obimd,licensed_for_repository,needs_human_component_review,2026-06-20
obs-comp-cand-002375,graphemic_component_candidate,corpus/003_graphemic-components/024_002301-002400_obs-comp-cand-bucket_component-candidates/2375_obs-comp-cand-002375_obimd-sub-ubq4rpw1wu_component-candidate,obimd-sub-ubq4rpw1wu,obimd-sub-ubq4rpw1wu;obimd-main-ubq4rpw1wu,src-obimd,licensed_for_repository,needs_human_component_review,2026-06-20
obs-comp-cand-002376,graphemic_component_candidate,corpus/003_graphemic-components/024_002301-002400_obs-comp-cand-bucket_component-candidates/2376_obs-comp-cand-002376_obimd-sub-3ubvf83eab_component-candidate,obimd-sub-3ubvf83eab,obimd-sub-3ubvf83eab;obimd-main-ubq4rpw1wu,src-obimd,licensed_for_repository,needs_human_component_review,2026-06-20
obs-comp-cand-002377,graphemic_component_candidate,corpus/003_graphemic-components/024_002301-002400_obs-comp-cand-bucket_component-candidates/2377_obs-comp-cand-002377_obimd-sub-wq0qysgfqi_component-candidate,obimd-sub-wq0qysgfqi,obimd-sub-wq0qysgfqi;obimd-main-ubq4rpw1wu,src-obimd,licensed_for_repository,needs_human_component_review,2026-06-20
obs-comp-cand-002378,graphemic_component_candidate,corpus/003_graphemic-components/024_002301-002400_obs-comp-cand-bucket_component-candidates/2378_obs-comp-cand-002378_obimd-sub-3lxxctblxe_component-candidate,obimd-sub-3lxxctblxe,obimd-sub-3lxxctblxe;obimd-main-3lxxctblxe,src-obimd,licensed_for_repository,needs_human_component_review,2026-06-20
obs-comp-cand-002379,graphemic_component_candidate,corpus/003_graphemic-components/024_002301-002400_obs-comp-cand-bucket_component-candidates/2379_obs-comp-cand-002379_obimd-sub-8o18t9gzok_component-candidate,obimd-sub-8o18t9gzok,obimd-sub-8o18t9gzok;obimd-main-3lxxctblxe,src-obimd,licensed_for_repository,needs_human_component_review,2026-06-20
obs-comp-cand-002380,graphemic_component_candidate,corpus/003_graphemic-components/024_002301-002400_obs-comp-cand-bucket_component-candidates/2380_obs-comp-cand-002380_obimd-sub-u7vprt88m4_component-candidate,obimd-sub-u7vprt88m4,obimd-sub-u7vprt88m4;obimd-main-3lxxctblxe,src-obimd,licensed_for_repository,needs_human_component_review,2026-06-20
obs-comp-cand-002381,graphemic_component_candidate,corpus/003_graphemic-components/024_002301-002400_obs-comp-cand-bucket_component-candidates/2381_obs-comp-cand-002381_obimd-sub-cga954mhca_component-candidate,obimd-sub-cga954mhca,obimd-sub-cga954mhca;obimd-main-3lxxctblxe,src-obimd,licensed_for_repository,needs_human_component_review,2026-06-20
obs-comp-cand-002382,graphemic_component_candidate,corpus/003_graphemic-components/024_002301-002400_obs-comp-cand-bucket_component-candidates/2382_obs-comp-cand-002382_obimd-sub-0uwtmkfamk_component-candidate,obimd-sub-0uwtmkfamk,obimd-sub-0uwtmkfamk;obimd-main-3lxxctblxe,src-obimd,licensed_for_repository,needs_human_component_review,2026-06-20
obs-comp-cand-002383,graphemic_component_candidate,corpus/003_graphemic-components/024_002301-002400_obs-comp-cand-bucket_component-candidates/2383_obs-comp-cand-002383_obimd-sub-0kg5dhdk4s_component-candidate,obimd-sub-0kg5dhdk4s,obimd-sub-0kg5dhdk4s;obimd-main-0kg5dhdk4s,src-obimd,licensed_for_repository,needs_human_component_review,2026-06-20
obs-comp-cand-002384,graphemic_component_candidate,corpus/003_graphemic-components/024_002301-002400_obs-comp-cand-bucket_component-candidates/2384_obs-comp-cand-002384_obimd-sub-d2bjb8l93k_component-candidate,obimd-sub-d2bjb8l93k,obimd-sub-d2bjb8l93k;obimd-main-d2bjb8l93k,src-obimd,licensed_for_repository,needs_human_component_review,2026-06-20
obs-comp-cand-002385,graphemic_component_candidate,corpus/003_graphemic-components/024_002301-002400_obs-comp-cand-bucket_component-candidates/2385_obs-comp-cand-002385_obimd-sub-t2lqza150m_component-candidate,obimd-sub-t2lqza150m,obimd-sub-t2lqza150m;obimd-main-ptserhps1f,src-obimd,licensed_for_repository,needs_human_component_review,2026-06-20
obs-comp-cand-002386,graphemic_component_candidate,corpus/003_graphemic-components/024_002301-002400_obs-comp-cand-bucket_component-candidates/2386_obs-comp-cand-002386_obimd-sub-y4ha3liwwc_component-candidate,obimd-sub-y4ha3liwwc,obimd-sub-y4ha3liwwc;obimd-main-y4ha3liwwc,src-obimd,licensed_for_repository,needs_human_component_review,2026-06-20
obs-comp-cand-002387,graphemic_component_candidate,corpus/003_graphemic-components/024_002301-002400_obs-comp-cand-bucket_component-candidates/2387_obs-comp-cand-002387_obimd-sub-wcl42s7y1r_component-candidate,obimd-sub-wcl42s7y1r,obimd-sub-wcl42s7y1r;obimd-main-wcl42s7y1r,src-obimd,licensed_for_repository,needs_human_component_review,2026-06-20
obs-comp-cand-002388,graphemic_component_candidate,corpus/003_graphemic-components/024_002301-002400_obs-comp-cand-bucket_component-candidates/2388_obs-comp-cand-002388_obimd-sub-uafxee1kjk_component-candidate,obimd-sub-uafxee1kjk,obimd-sub-uafxee1kjk;obimd-main-uafxee1kjk,src-obimd,licensed_for_repository,needs_human_component_review,2026-06-20
obs-comp-cand-002389,graphemic_component_candidate,corpus/003_graphemic-components/024_002301-002400_obs-comp-cand-bucket_component-candidates/2389_obs-comp-cand-002389_obimd-sub-ju8og5msxm_component-candidate,obimd-sub-ju8og5msxm,obimd-sub-ju8og5msxm;obimd-main-ju8og5msxm,src-obimd,licensed_for_repository,needs_human_component_review,2026-06-20
obs-comp-cand-002390,graphemic_component_candidate,corpus/003_graphemic-components/024_002301-002400_obs-comp-cand-bucket_component-candidates/2390_obs-comp-cand-002390_obimd-sub-kbaaq0n44y_component-candidate,obimd-sub-kbaaq0n44y,obimd-sub-kbaaq0n44y;obimd-main-kbaaq0n44y,src-obimd,licensed_for_repository,needs_human_component_review,2026-06-20
obs-comp-cand-002391,graphemic_component_candidate,corpus/003_graphemic-components/024_002301-002400_obs-comp-cand-bucket_component-candidates/2391_obs-comp-cand-002391_obimd-sub-z4n66lll14_component-candidate,obimd-sub-z4n66lll14,obimd-sub-z4n66lll14;obimd-main-kbaaq0n44y,src-obimd,licensed_for_repository,needs_human_component_review,2026-06-20
obs-comp-cand-002392,graphemic_component_candidate,corpus/003_graphemic-components/024_002301-002400_obs-comp-cand-bucket_component-candidates/2392_obs-comp-cand-002392_obimd-sub-qbf67i5b2z_component-candidate,obimd-sub-qbf67i5b2z,obimd-sub-qbf67i5b2z;obimd-main-kbaaq0n44y,src-obimd,licensed_for_repository,needs_human_component_review,2026-06-20
obs-comp-cand-002393,graphemic_component_candidate,corpus/003_graphemic-components/024_002301-002400_obs-comp-cand-bucket_component-candidates/2393_obs-comp-cand-002393_obimd-sub-2tucld0qzi_component-candidate,obimd-sub-2tucld0qzi,obimd-sub-2tucld0qzi;obimd-main-kbaaq0n44y,src-obimd,licensed_for_repository,needs_human_component_review,2026-06-20
obs-comp-cand-002394,graphemic_component_candidate,corpus/003_graphemic-components/024_002301-002400_obs-comp-cand-bucket_component-candidates/2394_obs-comp-cand-002394_obimd-sub-tyqo1wtoe5_component-candidate,obimd-sub-tyqo1wtoe5,obimd-sub-tyqo1wtoe5;obimd-main-kbaaq0n44y,src-obimd,licensed_for_repository,needs_human_component_review,2026-06-20
obs-comp-cand-002395,graphemic_component_candidate,corpus/003_graphemic-components/024_002301-002400_obs-comp-cand-bucket_component-candidates/2395_obs-comp-cand-002395_obimd-sub-ascjpxq201_component-candidate,obimd-sub-ascjpxq201,obimd-sub-ascjpxq201;obimd-main-ebp3zxjwi7,src-obimd,licensed_for_repository,needs_human_component_review,2026-06-20
obs-comp-cand-002396,graphemic_component_candidate,corpus/003_graphemic-components/024_002301-002400_obs-comp-cand-bucket_component-candidates/2396_obs-comp-cand-002396_obimd-sub-851hgfii12_component-candidate,obimd-sub-851hgfii12,obimd-sub-851hgfii12;obimd-main-ebp3zxjwi7,src-obimd,licensed_for_repository,needs_human_component_review,2026-06-20
obs-comp-cand-002397,graphemic_component_candidate,corpus/003_graphemic-components/024_002301-002400_obs-comp-cand-bucket_component-candidates/2397_obs-comp-cand-002397_obimd-sub-qhs9mv4e8n_component-candidate,obimd-sub-qhs9mv4e8n,obimd-sub-qhs9mv4e8n;obimd-main-ebp3zxjwi7,src-obimd,licensed_for_repository,needs_human_component_review,2026-06-20
obs-comp-cand-002398,graphemic_component_candidate,corpus/003_graphemic-components/024_002301-002400_obs-comp-cand-bucket_component-candidates/2398_obs-comp-cand-002398_obimd-sub-u50t291yp7_component-candidate,obimd-sub-u50t291yp7,obimd-sub-u50t291yp7;obimd-main-6p9l9b6dwr,src-obimd,licensed_for_repository,needs_human_component_review,2026-06-20
obs-comp-cand-002399,graphemic_component_candidate,corpus/003_graphemic-components/024_002301-002400_obs-comp-cand-bucket_component-candidates/2399_obs-comp-cand-002399_obimd-sub-pqtlskkq5f_component-candidate,obimd-sub-pqtlskkq5f,obimd-sub-pqtlskkq5f;obimd-main-pqtlskkq5f,src-obimd,licensed_for_repository,needs_human_component_review,2026-06-20
obs-comp-cand-002400,graphemic_component_candidate,corpus/003_graphemic-components/024_002301-002400_obs-comp-cand-bucket_component-candidates/2400_obs-comp-cand-002400_obimd-sub-ydl731l9fb_component-candidate,obimd-sub-ydl731l9fb,obimd-sub-ydl731l9fb;obimd-main-pqtlskkq5f,src-obimd,licensed_for_repository,needs_human_component_review,2026-06-20
obs-comp-cand-002401,graphemic_component_candidate,corpus/003_graphemic-components/025_002401-002500_obs-comp-cand-bucket_component-candidates/2401_obs-comp-cand-002401_obimd-sub-gkr9p9i0d9_component-candidate,obimd-sub-gkr9p9i0d9,obimd-sub-gkr9p9i0d9;obimd-main-gkr9p9i0d9,src-obimd,licensed_for_repository,needs_human_component_review,2026-06-20
obs-comp-cand-002402,graphemic_component_candidate,corpus/003_graphemic-components/025_002401-002500_obs-comp-cand-bucket_component-candidates/2402_obs-comp-cand-002402_obimd-sub-h3c5drx2ki_component-candidate,obimd-sub-h3c5drx2ki,obimd-sub-h3c5drx2ki;obimd-main-h3c5drx2ki,src-obimd,licensed_for_repository,needs_human_component_review,2026-06-20
obs-comp-cand-002403,graphemic_component_candidate,corpus/003_graphemic-components/025_002401-002500_obs-comp-cand-bucket_component-candidates/2403_obs-comp-cand-002403_obimd-sub-npykxas4c8_component-candidate,obimd-sub-npykxas4c8,obimd-sub-npykxas4c8;obimd-main-npykxas4c8,src-obimd,licensed_for_repository,needs_human_component_review,2026-06-20
obs-comp-cand-002404,graphemic_component_candidate,corpus/003_graphemic-components/025_002401-002500_obs-comp-cand-bucket_component-candidates/2404_obs-comp-cand-002404_obimd-sub-wmv0mbl8bj_component-candidate,obimd-sub-wmv0mbl8bj,obimd-sub-wmv0mbl8bj;obimd-main-npykxas4c8,src-obimd,licensed_for_repository,needs_human_component_review,2026-06-20
obs-comp-cand-002405,graphemic_component_candidate,corpus/003_graphemic-components/025_002401-002500_obs-comp-cand-bucket_component-candidates/2405_obs-comp-cand-002405_obimd-sub-bnrp9l1361_component-candidate,obimd-sub-bnrp9l1361,obimd-sub-bnrp9l1361;obimd-main-npykxas4c8,src-obimd,licensed_for_repository,needs_human_component_review,2026-06-20
obs-comp-cand-002406,graphemic_component_candidate,corpus/003_graphemic-components/025_002401-002500_obs-comp-cand-bucket_component-candidates/2406_obs-comp-cand-002406_obimd-sub-b92fu80uys_component-candidate,obimd-sub-b92fu80uys,obimd-sub-b92fu80uys;obimd-main-b92fu80uys,src-obimd,licensed_for_repository,needs_human_component_review,2026-06-20
obs-comp-cand-002407,graphemic_component_candidate,corpus/003_graphemic-components/025_002401-002500_obs-comp-cand-bucket_component-candidates/2407_obs-comp-cand-002407_obimd-sub-wvxqqsz1w8_component-candidate,obimd-sub-wvxqqsz1w8,obimd-sub-wvxqqsz1w8;obimd-main-wvxqqsz1w8,src-obimd,licensed_for_repository,needs_human_component_review,2026-06-20
obs-comp-cand-002408,graphemic_component_candidate,corpus/003_graphemic-components/025_002401-002500_obs-comp-cand-bucket_component-candidates/2408_obs-comp-cand-002408_obimd-sub-1lrheop77q_component-candidate,obimd-sub-1lrheop77q,obimd-sub-1lrheop77q;obimd-main-wvxqqsz1w8,src-obimd,licensed_for_repository,needs_human_component_review,2026-06-20
obs-comp-cand-002409,graphemic_component_candidate,corpus/003_graphemic-components/025_002401-002500_obs-comp-cand-bucket_component-candidates/2409_obs-comp-cand-002409_obimd-sub-df1fjpfewv_component-candidate,obimd-sub-df1fjpfewv,obimd-sub-df1fjpfewv;obimd-main-df1fjpfewv,src-obimd,licensed_for_repository,needs_human_component_review,2026-06-20
obs-comp-cand-002410,graphemic_component_candidate,corpus/003_graphemic-components/025_002401-002500_obs-comp-cand-bucket_component-candidates/2410_obs-comp-cand-002410_obimd-sub-8lxqk97zyh_component-candidate,obimd-sub-8lxqk97zyh,obimd-sub-8lxqk97zyh;obimd-main-8lxqk97zyh,src-obimd,licensed_for_repository,needs_human_component_review,2026-06-20
obs-comp-cand-002411,graphemic_component_candidate,corpus/003_graphemic-components/025_002401-002500_obs-comp-cand-bucket_component-candidates/2411_obs-comp-cand-002411_obimd-sub-r7ydtzrhw9_component-candidate,obimd-sub-r7ydtzrhw9,obimd-sub-r7ydtzrhw9;obimd-main-8lxqk97zyh,src-obimd,licensed_for_repository,needs_human_component_review,2026-06-20
obs-comp-cand-002412,graphemic_component_candidate,corpus/003_graphemic-components/025_002401-002500_obs-comp-cand-bucket_component-candidates/2412_obs-comp-cand-002412_obimd-sub-n8a03276h0_component-candidate,obimd-sub-n8a03276h0,obimd-sub-n8a03276h0;obimd-main-wxl14n9fo3,src-obimd,licensed_for_repository,needs_human_component_review,2026-06-20
obs-comp-cand-002413,graphemic_component_candidate,corpus/003_graphemic-components/025_002401-002500_obs-comp-cand-bucket_component-candidates/2413_obs-comp-cand-002413_obimd-sub-2s666tklgo_component-candidate,obimd-sub-2s666tklgo,obimd-sub-2s666tklgo;obimd-main-2s666tklgo,src-obimd,licensed_for_repository,needs_human_component_review,2026-06-20
obs-comp-cand-002414,graphemic_component_candidate,corpus/003_graphemic-components/025_002401-002500_obs-comp-cand-bucket_component-candidates/2414_obs-comp-cand-002414_obimd-sub-kjv0lvcezv_component-candidate,obimd-sub-kjv0lvcezv,obimd-sub-kjv0lvcezv;obimd-main-kjv0lvcezv,src-obimd,licensed_for_repository,needs_human_component_review,2026-06-20
obs-comp-cand-002415,graphemic_component_candidate,corpus/003_graphemic-components/025_002401-002500_obs-comp-cand-bucket_component-candidates/2415_obs-comp-cand-002415_obimd-sub-s2ud9qxguj_component-candidate,obimd-sub-s2ud9qxguj,obimd-sub-s2ud9qxguj;obimd-main-kjv0lvcezv,src-obimd,licensed_for_repository,needs_human_component_review,2026-06-20
obs-comp-cand-002416,graphemic_component_candidate,corpus/003_graphemic-components/025_002401-002500_obs-comp-cand-bucket_component-candidates/2416_obs-comp-cand-002416_obimd-sub-9s8i2290qg_component-candidate,obimd-sub-9s8i2290qg,obimd-sub-9s8i2290qg;obimd-main-9s8i2290qg,src-obimd,licensed_for_repository,needs_human_component_review,2026-06-20
obs-comp-cand-002417,graphemic_component_candidate,corpus/003_graphemic-components/025_002401-002500_obs-comp-cand-bucket_component-candidates/2417_obs-comp-cand-002417_obimd-sub-4a15wb9p9n_component-candidate,obimd-sub-4a15wb9p9n,obimd-sub-4a15wb9p9n;obimd-main-9s8i2290qg,src-obimd,licensed_for_repository,needs_human_component_review,2026-06-20
obs-comp-cand-002418,graphemic_component_candidate,corpus/003_graphemic-components/025_002401-002500_obs-comp-cand-bucket_component-candidates/2418_obs-comp-cand-002418_obimd-sub-fzdfz5gkld_component-candidate,obimd-sub-fzdfz5gkld,obimd-sub-fzdfz5gkld;obimd-main-fzdfz5gkld,src-obimd,licensed_for_repository,needs_human_component_review,2026-06-20
obs-comp-cand-002419,graphemic_component_candidate,corpus/003_graphemic-components/025_002401-002500_obs-comp-cand-bucket_component-candidates/2419_obs-comp-cand-002419_obimd-sub-6csrigfo3r_component-candidate,obimd-sub-6csrigfo3r,obimd-sub-6csrigfo3r;obimd-main-6csrigfo3r,src-obimd,licensed_for_repository,needs_human_component_review,2026-06-20
obs-comp-cand-002420,graphemic_component_candidate,corpus/003_graphemic-components/025_002401-002500_obs-comp-cand-bucket_component-candidates/2420_obs-comp-cand-002420_obimd-sub-8q6evmyn2i_component-candidate,obimd-sub-8q6evmyn2i,obimd-sub-8q6evmyn2i;obimd-main-8q6evmyn2i,src-obimd,licensed_for_repository,needs_human_component_review,2026-06-20
obs-comp-cand-002421,graphemic_component_candidate,corpus/003_graphemic-components/025_002401-002500_obs-comp-cand-bucket_component-candidates/2421_obs-comp-cand-002421_obimd-sub-jpxofd3gmu_component-candidate,obimd-sub-jpxofd3gmu,obimd-sub-jpxofd3gmu;obimd-main-jpxofd3gmu,src-obimd,licensed_for_repository,needs_human_component_review,2026-06-20
obs-comp-cand-002422,graphemic_component_candidate,corpus/003_graphemic-components/025_002401-002500_obs-comp-cand-bucket_component-candidates/2422_obs-comp-cand-002422_obimd-sub-qb74qii1xw_component-candidate,obimd-sub-qb74qii1xw,obimd-sub-qb74qii1xw;obimd-main-jpxofd3gmu,src-obimd,licensed_for_repository,needs_human_component_review,2026-06-20
obs-comp-cand-002423,graphemic_component_candidate,corpus/003_graphemic-components/025_002401-002500_obs-comp-cand-bucket_component-candidates/2423_obs-comp-cand-002423_obimd-sub-3vj9o4oida_component-candidate,obimd-sub-3vj9o4oida,obimd-sub-3vj9o4oida;obimd-main-jpxofd3gmu,src-obimd,licensed_for_repository,needs_human_component_review,2026-06-20
obs-comp-cand-002424,graphemic_component_candidate,corpus/003_graphemic-components/025_002401-002500_obs-comp-cand-bucket_component-candidates/2424_obs-comp-cand-002424_obimd-sub-njhj6kig4b_component-candidate,obimd-sub-njhj6kig4b,obimd-sub-njhj6kig4b;obimd-main-jpxofd3gmu,src-obimd,licensed_for_repository,needs_human_component_review,2026-06-20
obs-comp-cand-002425,graphemic_component_candidate,corpus/003_graphemic-components/025_002401-002500_obs-comp-cand-bucket_component-candidates/2425_obs-comp-cand-002425_obimd-sub-aw9c0zoz5a_component-candidate,obimd-sub-aw9c0zoz5a,obimd-sub-aw9c0zoz5a;obimd-main-jpxofd3gmu,src-obimd,licensed_for_repository,needs_human_component_review,2026-06-20
obs-comp-cand-002426,graphemic_component_candidate,corpus/003_graphemic-components/025_002401-002500_obs-comp-cand-bucket_component-candidates/2426_obs-comp-cand-002426_obimd-sub-f21ak2i89u_component-candidate,obimd-sub-f21ak2i89u,obimd-sub-f21ak2i89u;obimd-main-jpxofd3gmu,src-obimd,licensed_for_repository,needs_human_component_review,2026-06-20
obs-comp-cand-002427,graphemic_component_candidate,corpus/003_graphemic-components/025_002401-002500_obs-comp-cand-bucket_component-candidates/2427_obs-comp-cand-002427_obimd-sub-ml37ma287p_component-candidate,obimd-sub-ml37ma287p,obimd-sub-ml37ma287p;obimd-main-jpxofd3gmu,src-obimd,licensed_for_repository,needs_human_component_review,2026-06-20
obs-comp-cand-002428,graphemic_component_candidate,corpus/003_graphemic-components/025_002401-002500_obs-comp-cand-bucket_component-candidates/2428_obs-comp-cand-002428_obimd-sub-7sys4laq6v_component-candidate,obimd-sub-7sys4laq6v,obimd-sub-7sys4laq6v;obimd-main-7sys4laq6v,src-obimd,licensed_for_repository,needs_human_component_review,2026-06-20
obs-comp-cand-002429,graphemic_component_candidate,corpus/003_graphemic-components/025_002401-002500_obs-comp-cand-bucket_component-candidates/2429_obs-comp-cand-002429_obimd-sub-s1jcilzc8h_component-candidate,obimd-sub-s1jcilzc8h,obimd-sub-s1jcilzc8h;obimd-main-7sys4laq6v,src-obimd,licensed_for_repository,needs_human_component_review,2026-06-20
obs-comp-cand-002430,graphemic_component_candidate,corpus/003_graphemic-components/025_002401-002500_obs-comp-cand-bucket_component-candidates/2430_obs-comp-cand-002430_obimd-sub-5p369je4ms_component-candidate,obimd-sub-5p369je4ms,obimd-sub-5p369je4ms;obimd-main-7sys4laq6v,src-obimd,licensed_for_repository,needs_human_component_review,2026-06-20
obs-comp-cand-002431,graphemic_component_candidate,corpus/003_graphemic-components/025_002401-002500_obs-comp-cand-bucket_component-candidates/2431_obs-comp-cand-002431_obimd-sub-sxj3j42ygo_component-candidate,obimd-sub-sxj3j42ygo,obimd-sub-sxj3j42ygo;obimd-main-sxj3j42ygo,src-obimd,licensed_for_repository,needs_human_component_review,2026-06-20
obs-comp-cand-002432,graphemic_component_candidate,corpus/003_graphemic-components/025_002401-002500_obs-comp-cand-bucket_component-candidates/2432_obs-comp-cand-002432_obimd-sub-o3z5h92c54_component-candidate,obimd-sub-o3z5h92c54,obimd-sub-o3z5h92c54;obimd-main-sxj3j42ygo,src-obimd,licensed_for_repository,needs_human_component_review,2026-06-20
obs-comp-cand-002433,graphemic_component_candidate,corpus/003_graphemic-components/025_002401-002500_obs-comp-cand-bucket_component-candidates/2433_obs-comp-cand-002433_obimd-sub-unan8n2rta_component-candidate,obimd-sub-unan8n2rta,obimd-sub-unan8n2rta;obimd-main-unan8n2rta,src-obimd,licensed_for_repository,needs_human_component_review,2026-06-20
obs-comp-cand-002434,graphemic_component_candidate,corpus/003_graphemic-components/025_002401-002500_obs-comp-cand-bucket_component-candidates/2434_obs-comp-cand-002434_obimd-sub-ap74o1i50d_component-candidate,obimd-sub-ap74o1i50d,obimd-sub-ap74o1i50d;obimd-main-ap74o1i50d,src-obimd,licensed_for_repository,needs_human_component_review,2026-06-20
obs-comp-cand-002435,graphemic_component_candidate,corpus/003_graphemic-components/025_002401-002500_obs-comp-cand-bucket_component-candidates/2435_obs-comp-cand-002435_obimd-sub-at0f17pekv_component-candidate,obimd-sub-at0f17pekv,obimd-sub-at0f17pekv;obimd-main-at0f17pekv,src-obimd,licensed_for_repository,needs_human_component_review,2026-06-20
obs-comp-cand-002436,graphemic_component_candidate,corpus/003_graphemic-components/025_002401-002500_obs-comp-cand-bucket_component-candidates/2436_obs-comp-cand-002436_obimd-sub-4cylbd0s3d_component-candidate,obimd-sub-4cylbd0s3d,obimd-sub-4cylbd0s3d;obimd-main-4cylbd0s3d,src-obimd,licensed_for_repository,needs_human_component_review,2026-06-20
obs-comp-cand-002437,graphemic_component_candidate,corpus/003_graphemic-components/025_002401-002500_obs-comp-cand-bucket_component-candidates/2437_obs-comp-cand-002437_obimd-sub-b3fudy3nhc_component-candidate,obimd-sub-b3fudy3nhc,obimd-sub-b3fudy3nhc;obimd-main-b3fudy3nhc,src-obimd,licensed_for_repository,needs_human_component_review,2026-06-20
obs-comp-cand-002438,graphemic_component_candidate,corpus/003_graphemic-components/025_002401-002500_obs-comp-cand-bucket_component-candidates/2438_obs-comp-cand-002438_obimd-sub-kam577w6oq_component-candidate,obimd-sub-kam577w6oq,obimd-sub-kam577w6oq;obimd-main-kam577w6oq,src-obimd,licensed_for_repository,needs_human_component_review,2026-06-20
obs-comp-cand-002439,graphemic_component_candidate,corpus/003_graphemic-components/025_002401-002500_obs-comp-cand-bucket_component-candidates/2439_obs-comp-cand-002439_obimd-sub-mjk09t20k5_component-candidate,obimd-sub-mjk09t20k5,obimd-sub-mjk09t20k5;obimd-main-kam577w6oq,src-obimd,licensed_for_repository,needs_human_component_review,2026-06-20
obs-comp-cand-002440,graphemic_component_candidate,corpus/003_graphemic-components/025_002401-002500_obs-comp-cand-bucket_component-candidates/2440_obs-comp-cand-002440_obimd-sub-goxg9wwonn_component-candidate,obimd-sub-goxg9wwonn,obimd-sub-goxg9wwonn;obimd-main-goxg9wwonn,src-obimd,licensed_for_repository,needs_human_component_review,2026-06-20
obs-comp-cand-002441,graphemic_component_candidate,corpus/003_graphemic-components/025_002401-002500_obs-comp-cand-bucket_component-candidates/2441_obs-comp-cand-002441_obimd-sub-x78fx9gvsv_component-candidate,obimd-sub-x78fx9gvsv,obimd-sub-x78fx9gvsv;obimd-main-goxg9wwonn,src-obimd,licensed_for_repository,needs_human_component_review,2026-06-20
obs-comp-cand-002442,graphemic_component_candidate,corpus/003_graphemic-components/025_002401-002500_obs-comp-cand-bucket_component-candidates/2442_obs-comp-cand-002442_obimd-sub-trwck67730_component-candidate,obimd-sub-trwck67730,obimd-sub-trwck67730;obimd-main-trwck67730,src-obimd,licensed_for_repository,needs_human_component_review,2026-06-20
obs-comp-cand-002443,graphemic_component_candidate,corpus/003_graphemic-components/025_002401-002500_obs-comp-cand-bucket_component-candidates/2443_obs-comp-cand-002443_obimd-sub-8om7bxkb13_component-candidate,obimd-sub-8om7bxkb13,obimd-sub-8om7bxkb13;obimd-main-8om7bxkb13,src-obimd,licensed_for_repository,needs_human_component_review,2026-06-20
obs-comp-cand-002444,graphemic_component_candidate,corpus/003_graphemic-components/025_002401-002500_obs-comp-cand-bucket_component-candidates/2444_obs-comp-cand-002444_obimd-sub-bp9xhteuj9_component-candidate,obimd-sub-bp9xhteuj9,obimd-sub-bp9xhteuj9;obimd-main-bp9xhteuj9,src-obimd,licensed_for_repository,needs_human_component_review,2026-06-20
obs-comp-cand-002445,graphemic_component_candidate,corpus/003_graphemic-components/025_002401-002500_obs-comp-cand-bucket_component-candidates/2445_obs-comp-cand-002445_obimd-sub-sinjn961eq_component-candidate,obimd-sub-sinjn961eq,obimd-sub-sinjn961eq;obimd-main-sinjn961eq,src-obimd,licensed_for_repository,needs_human_component_review,2026-06-20
obs-comp-cand-002446,graphemic_component_candidate,corpus/003_graphemic-components/025_002401-002500_obs-comp-cand-bucket_component-candidates/2446_obs-comp-cand-002446_obimd-sub-sx32yikwvc_component-candidate,obimd-sub-sx32yikwvc,obimd-sub-sx32yikwvc;obimd-main-sinjn961eq,src-obimd,licensed_for_repository,needs_human_component_review,2026-06-20
obs-comp-cand-002447,graphemic_component_candidate,corpus/003_graphemic-components/025_002401-002500_obs-comp-cand-bucket_component-candidates/2447_obs-comp-cand-002447_obimd-sub-aa0ntl5xki_component-candidate,obimd-sub-aa0ntl5xki,obimd-sub-aa0ntl5xki;obimd-main-i1xcccg4ok,src-obimd,licensed_for_repository,needs_human_component_review,2026-06-20
obs-comp-cand-002448,graphemic_component_candidate,corpus/003_graphemic-components/025_002401-002500_obs-comp-cand-bucket_component-candidates/2448_obs-comp-cand-002448_obimd-sub-mf2902f6ro_component-candidate,obimd-sub-mf2902f6ro,obimd-sub-mf2902f6ro;obimd-main-mf2902f6ro,src-obimd,licensed_for_repository,needs_human_component_review,2026-06-20
obs-comp-cand-002449,graphemic_component_candidate,corpus/003_graphemic-components/025_002401-002500_obs-comp-cand-bucket_component-candidates/2449_obs-comp-cand-002449_obimd-sub-7qrer294i2_component-candidate,obimd-sub-7qrer294i2,obimd-sub-7qrer294i2;obimd-main-7qrer294i2,src-obimd,licensed_for_repository,needs_human_component_review,2026-06-20
obs-comp-cand-002450,graphemic_component_candidate,corpus/003_graphemic-components/025_002401-002500_obs-comp-cand-bucket_component-candidates/2450_obs-comp-cand-002450_obimd-sub-fom5bv844r_component-candidate,obimd-sub-fom5bv844r,obimd-sub-fom5bv844r;obimd-main-fom5bv844r,src-obimd,licensed_for_repository,needs_human_component_review,2026-06-20
obs-comp-cand-002451,graphemic_component_candidate,corpus/003_graphemic-components/025_002401-002500_obs-comp-cand-bucket_component-candidates/2451_obs-comp-cand-002451_obimd-sub-zbgopnrtd2_component-candidate,obimd-sub-zbgopnrtd2,obimd-sub-zbgopnrtd2;obimd-main-fom5bv844r,src-obimd,licensed_for_repository,needs_human_component_review,2026-06-20
obs-comp-cand-002452,graphemic_component_candidate,corpus/003_graphemic-components/025_002401-002500_obs-comp-cand-bucket_component-candidates/2452_obs-comp-cand-002452_obimd-sub-evqnjxdvgj_component-candidate,obimd-sub-evqnjxdvgj,obimd-sub-evqnjxdvgj;obimd-main-fom5bv844r,src-obimd,licensed_for_repository,needs_human_component_review,2026-06-20
obs-comp-cand-002453,graphemic_component_candidate,corpus/003_graphemic-components/025_002401-002500_obs-comp-cand-bucket_component-candidates/2453_obs-comp-cand-002453_obimd-sub-mcspcoq0v9_component-candidate,obimd-sub-mcspcoq0v9,obimd-sub-mcspcoq0v9;obimd-main-fom5bv844r,src-obimd,licensed_for_repository,needs_human_component_review,2026-06-20
obs-comp-cand-002454,graphemic_component_candidate,corpus/003_graphemic-components/025_002401-002500_obs-comp-cand-bucket_component-candidates/2454_obs-comp-cand-002454_obimd-sub-tuva72ozck_component-candidate,obimd-sub-tuva72ozck,obimd-sub-tuva72ozck;obimd-main-fom5bv844r,src-obimd,licensed_for_repository,needs_human_component_review,2026-06-20
obs-comp-cand-002455,graphemic_component_candidate,corpus/003_graphemic-components/025_002401-002500_obs-comp-cand-bucket_component-candidates/2455_obs-comp-cand-002455_obimd-sub-voijxc93c5_component-candidate,obimd-sub-voijxc93c5,obimd-sub-voijxc93c5;obimd-main-voijxc93c5,src-obimd,licensed_for_repository,needs_human_component_review,2026-06-20
obs-comp-cand-002456,graphemic_component_candidate,corpus/003_graphemic-components/025_002401-002500_obs-comp-cand-bucket_component-candidates/2456_obs-comp-cand-002456_obimd-sub-zyzqoa0xlj_component-candidate,obimd-sub-zyzqoa0xlj,obimd-sub-zyzqoa0xlj;obimd-main-zyzqoa0xlj,src-obimd,licensed_for_repository,needs_human_component_review,2026-06-20
obs-comp-cand-002457,graphemic_component_candidate,corpus/003_graphemic-components/025_002401-002500_obs-comp-cand-bucket_component-candidates/2457_obs-comp-cand-002457_obimd-sub-xg6ol5cndh_component-candidate,obimd-sub-xg6ol5cndh,obimd-sub-xg6ol5cndh;obimd-main-zyzqoa0xlj,src-obimd,licensed_for_repository,needs_human_component_review,2026-06-20
obs-comp-cand-002458,graphemic_component_candidate,corpus/003_graphemic-components/025_002401-002500_obs-comp-cand-bucket_component-candidates/2458_obs-comp-cand-002458_obimd-sub-5ynz2mpk3e_component-candidate,obimd-sub-5ynz2mpk3e,obimd-sub-5ynz2mpk3e;obimd-main-zyzqoa0xlj,src-obimd,licensed_for_repository,needs_human_component_review,2026-06-20
obs-comp-cand-002459,graphemic_component_candidate,corpus/003_graphemic-components/025_002401-002500_obs-comp-cand-bucket_component-candidates/2459_obs-comp-cand-002459_obimd-sub-ntqfnxd2d0_component-candidate,obimd-sub-ntqfnxd2d0,obimd-sub-ntqfnxd2d0;obimd-main-zyzqoa0xlj,src-obimd,licensed_for_repository,needs_human_component_review,2026-06-20
obs-comp-cand-002460,graphemic_component_candidate,corpus/003_graphemic-components/025_002401-002500_obs-comp-cand-bucket_component-candidates/2460_obs-comp-cand-002460_obimd-sub-tyazlz2ugv_component-candidate,obimd-sub-tyazlz2ugv,obimd-sub-tyazlz2ugv;obimd-main-tyazlz2ugv,src-obimd,licensed_for_repository,needs_human_component_review,2026-06-20
obs-comp-cand-002461,graphemic_component_candidate,corpus/003_graphemic-components/025_002401-002500_obs-comp-cand-bucket_component-candidates/2461_obs-comp-cand-002461_obimd-sub-yggas4mxn4_component-candidate,obimd-sub-yggas4mxn4,obimd-sub-yggas4mxn4;obimd-main-tyazlz2ugv,src-obimd,licensed_for_repository,needs_human_component_review,2026-06-20
obs-comp-cand-002462,graphemic_component_candidate,corpus/003_graphemic-components/025_002401-002500_obs-comp-cand-bucket_component-candidates/2462_obs-comp-cand-002462_obimd-sub-ff27qp08fr_component-candidate,obimd-sub-ff27qp08fr,obimd-sub-ff27qp08fr;obimd-main-tyazlz2ugv,src-obimd,licensed_for_repository,needs_human_component_review,2026-06-20
obs-comp-cand-002463,graphemic_component_candidate,corpus/003_graphemic-components/025_002401-002500_obs-comp-cand-bucket_component-candidates/2463_obs-comp-cand-002463_obimd-sub-qw5vx1k0rw_component-candidate,obimd-sub-qw5vx1k0rw,obimd-sub-qw5vx1k0rw;obimd-main-qw5vx1k0rw,src-obimd,licensed_for_repository,needs_human_component_review,2026-06-20
obs-comp-cand-002464,graphemic_component_candidate,corpus/003_graphemic-components/025_002401-002500_obs-comp-cand-bucket_component-candidates/2464_obs-comp-cand-002464_obimd-sub-wuta1w8vjd_component-candidate,obimd-sub-wuta1w8vjd,obimd-sub-wuta1w8vjd;obimd-main-qw5vx1k0rw,src-obimd,licensed_for_repository,needs_human_component_review,2026-06-20
obs-comp-cand-002465,graphemic_component_candidate,corpus/003_graphemic-components/025_002401-002500_obs-comp-cand-bucket_component-candidates/2465_obs-comp-cand-002465_obimd-sub-zl2m7lhd7o_component-candidate,obimd-sub-zl2m7lhd7o,obimd-sub-zl2m7lhd7o;obimd-main-qw5vx1k0rw,src-obimd,licensed_for_repository,needs_human_component_review,2026-06-20
obs-comp-cand-002466,graphemic_component_candidate,corpus/003_graphemic-components/025_002401-002500_obs-comp-cand-bucket_component-candidates/2466_obs-comp-cand-002466_obimd-sub-j540tejlka_component-candidate,obimd-sub-j540tejlka,obimd-sub-j540tejlka;obimd-main-j540tejlka,src-obimd,licensed_for_repository,needs_human_component_review,2026-06-20
obs-comp-cand-002467,graphemic_component_candidate,corpus/003_graphemic-components/025_002401-002500_obs-comp-cand-bucket_component-candidates/2467_obs-comp-cand-002467_obimd-sub-3rz2x6oyoh_component-candidate,obimd-sub-3rz2x6oyoh,obimd-sub-3rz2x6oyoh;obimd-main-1yynvi0pfn,src-obimd,licensed_for_repository,needs_human_component_review,2026-06-20
obs-comp-cand-002468,graphemic_component_candidate,corpus/003_graphemic-components/025_002401-002500_obs-comp-cand-bucket_component-candidates/2468_obs-comp-cand-002468_obimd-sub-v7qghw0r67_component-candidate,obimd-sub-v7qghw0r67,obimd-sub-v7qghw0r67;obimd-main-v7qghw0r67,src-obimd,licensed_for_repository,needs_human_component_review,2026-06-20
obs-comp-cand-002469,graphemic_component_candidate,corpus/003_graphemic-components/025_002401-002500_obs-comp-cand-bucket_component-candidates/2469_obs-comp-cand-002469_obimd-sub-gwuro48zlp_component-candidate,obimd-sub-gwuro48zlp,obimd-sub-gwuro48zlp;obimd-main-v7qghw0r67,src-obimd,licensed_for_repository,needs_human_component_review,2026-06-20
obs-comp-cand-002470,graphemic_component_candidate,corpus/003_graphemic-components/025_002401-002500_obs-comp-cand-bucket_component-candidates/2470_obs-comp-cand-002470_obimd-sub-1lpopr124c_component-candidate,obimd-sub-1lpopr124c,obimd-sub-1lpopr124c;obimd-main-v7qghw0r67,src-obimd,licensed_for_repository,needs_human_component_review,2026-06-20
obs-comp-cand-002471,graphemic_component_candidate,corpus/003_graphemic-components/025_002401-002500_obs-comp-cand-bucket_component-candidates/2471_obs-comp-cand-002471_obimd-sub-bgt08n4j9p_component-candidate,obimd-sub-bgt08n4j9p,obimd-sub-bgt08n4j9p;obimd-main-v7qghw0r67,src-obimd,licensed_for_repository,needs_human_component_review,2026-06-20
obs-comp-cand-002472,graphemic_component_candidate,corpus/003_graphemic-components/025_002401-002500_obs-comp-cand-bucket_component-candidates/2472_obs-comp-cand-002472_obimd-sub-v53h4i13nk_component-candidate,obimd-sub-v53h4i13nk,obimd-sub-v53h4i13nk;obimd-main-v7qghw0r67,src-obimd,licensed_for_repository,needs_human_component_review,2026-06-20
obs-comp-cand-002473,graphemic_component_candidate,corpus/003_graphemic-components/025_002401-002500_obs-comp-cand-bucket_component-candidates/2473_obs-comp-cand-002473_obimd-sub-cix7bwff76_component-candidate,obimd-sub-cix7bwff76,obimd-sub-cix7bwff76;obimd-main-v7qghw0r67,src-obimd,licensed_for_repository,needs_human_component_review,2026-06-20
obs-comp-cand-002474,graphemic_component_candidate,corpus/003_graphemic-components/025_002401-002500_obs-comp-cand-bucket_component-candidates/2474_obs-comp-cand-002474_obimd-sub-veo9ydy97t_component-candidate,obimd-sub-veo9ydy97t,obimd-sub-veo9ydy97t;obimd-main-v7qghw0r67,src-obimd,licensed_for_repository,needs_human_component_review,2026-06-20
obs-comp-cand-002475,graphemic_component_candidate,corpus/003_graphemic-components/025_002401-002500_obs-comp-cand-bucket_component-candidates/2475_obs-comp-cand-002475_obimd-sub-ff2wiyiioy_component-candidate,obimd-sub-ff2wiyiioy,obimd-sub-ff2wiyiioy;obimd-main-v7qghw0r67,src-obimd,licensed_for_repository,needs_human_component_review,2026-06-20
obs-comp-cand-002476,graphemic_component_candidate,corpus/003_graphemic-components/025_002401-002500_obs-comp-cand-bucket_component-candidates/2476_obs-comp-cand-002476_obimd-sub-an1boou6nc_component-candidate,obimd-sub-an1boou6nc,obimd-sub-an1boou6nc;obimd-main-an1boou6nc,src-obimd,licensed_for_repository,needs_human_component_review,2026-06-20
obs-comp-cand-002477,graphemic_component_candidate,corpus/003_graphemic-components/025_002401-002500_obs-comp-cand-bucket_component-candidates/2477_obs-comp-cand-002477_obimd-sub-wh48p23rfb_component-candidate,obimd-sub-wh48p23rfb,obimd-sub-wh48p23rfb;obimd-main-an1boou6nc,src-obimd,licensed_for_repository,needs_human_component_review,2026-06-20
obs-comp-cand-002478,graphemic_component_candidate,corpus/003_graphemic-components/025_002401-002500_obs-comp-cand-bucket_component-candidates/2478_obs-comp-cand-002478_obimd-sub-bb0wdwlexf_component-candidate,obimd-sub-bb0wdwlexf,obimd-sub-bb0wdwlexf;obimd-main-bb0wdwlexf,src-obimd,licensed_for_repository,needs_human_component_review,2026-06-20
obs-comp-cand-002479,graphemic_component_candidate,corpus/003_graphemic-components/025_002401-002500_obs-comp-cand-bucket_component-candidates/2479_obs-comp-cand-002479_obimd-sub-h4btgo2nw7_component-candidate,obimd-sub-h4btgo2nw7,obimd-sub-h4btgo2nw7;obimd-main-bb0wdwlexf,src-obimd,licensed_for_repository,needs_human_component_review,2026-06-20
obs-comp-cand-002480,graphemic_component_candidate,corpus/003_graphemic-components/025_002401-002500_obs-comp-cand-bucket_component-candidates/2480_obs-comp-cand-002480_obimd-sub-oqwz3j1hh1_component-candidate,obimd-sub-oqwz3j1hh1,obimd-sub-oqwz3j1hh1;obimd-main-oqwz3j1hh1,src-obimd,licensed_for_repository,needs_human_component_review,2026-06-20
obs-comp-cand-002481,graphemic_component_candidate,corpus/003_graphemic-components/025_002401-002500_obs-comp-cand-bucket_component-candidates/2481_obs-comp-cand-002481_obimd-sub-o4um0eayyo_component-candidate,obimd-sub-o4um0eayyo,obimd-sub-o4um0eayyo;obimd-main-oqwz3j1hh1,src-obimd,licensed_for_repository,needs_human_component_review,2026-06-20
obs-comp-cand-002482,graphemic_component_candidate,corpus/003_graphemic-components/025_002401-002500_obs-comp-cand-bucket_component-candidates/2482_obs-comp-cand-002482_obimd-sub-2f3ome4mfc_component-candidate,obimd-sub-2f3ome4mfc,obimd-sub-2f3ome4mfc;obimd-main-lvakruz2kz,src-obimd,licensed_for_repository,needs_human_component_review,2026-06-20
obs-comp-cand-002483,graphemic_component_candidate,corpus/003_graphemic-components/025_002401-002500_obs-comp-cand-bucket_component-candidates/2483_obs-comp-cand-002483_obimd-sub-oesivb520y_component-candidate,obimd-sub-oesivb520y,obimd-sub-oesivb520y;obimd-main-oesivb520y,src-obimd,licensed_for_repository,needs_human_component_review,2026-06-20
obs-comp-cand-002484,graphemic_component_candidate,corpus/003_graphemic-components/025_002401-002500_obs-comp-cand-bucket_component-candidates/2484_obs-comp-cand-002484_obimd-sub-em9wf77jqc_component-candidate,obimd-sub-em9wf77jqc,obimd-sub-em9wf77jqc;obimd-main-em9wf77jqc,src-obimd,licensed_for_repository,needs_human_component_review,2026-06-20
obs-comp-cand-002485,graphemic_component_candidate,corpus/003_graphemic-components/025_002401-002500_obs-comp-cand-bucket_component-candidates/2485_obs-comp-cand-002485_obimd-sub-sysfz9rnt5_component-candidate,obimd-sub-sysfz9rnt5,obimd-sub-sysfz9rnt5;obimd-main-em9wf77jqc,src-obimd,licensed_for_repository,needs_human_component_review,2026-06-20
obs-comp-cand-002486,graphemic_component_candidate,corpus/003_graphemic-components/025_002401-002500_obs-comp-cand-bucket_component-candidates/2486_obs-comp-cand-002486_obimd-sub-b2n32mdq0u_component-candidate,obimd-sub-b2n32mdq0u,obimd-sub-b2n32mdq0u;obimd-main-b2n32mdq0u,src-obimd,licensed_for_repository,needs_human_component_review,2026-06-20
obs-comp-cand-002487,graphemic_component_candidate,corpus/003_graphemic-components/025_002401-002500_obs-comp-cand-bucket_component-candidates/2487_obs-comp-cand-002487_obimd-sub-xukeok4qlf_component-candidate,obimd-sub-xukeok4qlf,obimd-sub-xukeok4qlf;obimd-main-xukeok4qlf,src-obimd,licensed_for_repository,needs_human_component_review,2026-06-20
obs-comp-cand-002488,graphemic_component_candidate,corpus/003_graphemic-components/025_002401-002500_obs-comp-cand-bucket_component-candidates/2488_obs-comp-cand-002488_obimd-sub-4eiujvozyl_component-candidate,obimd-sub-4eiujvozyl,obimd-sub-4eiujvozyl;obimd-main-4eiujvozyl,src-obimd,licensed_for_repository,needs_human_component_review,2026-06-20
obs-comp-cand-002489,graphemic_component_candidate,corpus/003_graphemic-components/025_002401-002500_obs-comp-cand-bucket_component-candidates/2489_obs-comp-cand-002489_obimd-sub-tjt5illw2p_component-candidate,obimd-sub-tjt5illw2p,obimd-sub-tjt5illw2p;obimd-main-tjt5illw2p,src-obimd,licensed_for_repository,needs_human_component_review,2026-06-20
obs-comp-cand-002490,graphemic_component_candidate,corpus/003_graphemic-components/025_002401-002500_obs-comp-cand-bucket_component-candidates/2490_obs-comp-cand-002490_obimd-sub-jrzjjh3g1r_component-candidate,obimd-sub-jrzjjh3g1r,obimd-sub-jrzjjh3g1r;obimd-main-jrzjjh3g1r,src-obimd,licensed_for_repository,needs_human_component_review,2026-06-20
obs-comp-cand-002491,graphemic_component_candidate,corpus/003_graphemic-components/025_002401-002500_obs-comp-cand-bucket_component-candidates/2491_obs-comp-cand-002491_obimd-sub-8gxzzbv7w8_component-candidate,obimd-sub-8gxzzbv7w8,obimd-sub-8gxzzbv7w8;obimd-main-8gxzzbv7w8,src-obimd,licensed_for_repository,needs_human_component_review,2026-06-20
obs-comp-cand-002492,graphemic_component_candidate,corpus/003_graphemic-components/025_002401-002500_obs-comp-cand-bucket_component-candidates/2492_obs-comp-cand-002492_obimd-sub-b063795n1i_component-candidate,obimd-sub-b063795n1i,obimd-sub-b063795n1i;obimd-main-8gxzzbv7w8,src-obimd,licensed_for_repository,needs_human_component_review,2026-06-20
obs-comp-cand-002493,graphemic_component_candidate,corpus/003_graphemic-components/025_002401-002500_obs-comp-cand-bucket_component-candidates/2493_obs-comp-cand-002493_obimd-sub-p77d58vew4_component-candidate,obimd-sub-p77d58vew4,obimd-sub-p77d58vew4;obimd-main-p77d58vew4,src-obimd,licensed_for_repository,needs_human_component_review,2026-06-20
obs-comp-cand-002494,graphemic_component_candidate,corpus/003_graphemic-components/025_002401-002500_obs-comp-cand-bucket_component-candidates/2494_obs-comp-cand-002494_obimd-sub-x0tj8byshl_component-candidate,obimd-sub-x0tj8byshl,obimd-sub-x0tj8byshl;obimd-main-p77d58vew4,src-obimd,licensed_for_repository,needs_human_component_review,2026-06-20
obs-comp-cand-002495,graphemic_component_candidate,corpus/003_graphemic-components/025_002401-002500_obs-comp-cand-bucket_component-candidates/2495_obs-comp-cand-002495_obimd-sub-tx3m8otqgw_component-candidate,obimd-sub-tx3m8otqgw,obimd-sub-tx3m8otqgw;obimd-main-tx3m8otqgw,src-obimd,licensed_for_repository,needs_human_component_review,2026-06-20
obs-comp-cand-002496,graphemic_component_candidate,corpus/003_graphemic-components/025_002401-002500_obs-comp-cand-bucket_component-candidates/2496_obs-comp-cand-002496_obimd-sub-s2e076ohb1_component-candidate,obimd-sub-s2e076ohb1,obimd-sub-s2e076ohb1;obimd-main-s2e076ohb1,src-obimd,licensed_for_repository,needs_human_component_review,2026-06-20
obs-comp-cand-002497,graphemic_component_candidate,corpus/003_graphemic-components/025_002401-002500_obs-comp-cand-bucket_component-candidates/2497_obs-comp-cand-002497_obimd-sub-wu3tg84gmn_component-candidate,obimd-sub-wu3tg84gmn,obimd-sub-wu3tg84gmn;obimd-main-s2e076ohb1,src-obimd,licensed_for_repository,needs_human_component_review,2026-06-20
obs-comp-cand-002498,graphemic_component_candidate,corpus/003_graphemic-components/025_002401-002500_obs-comp-cand-bucket_component-candidates/2498_obs-comp-cand-002498_obimd-sub-ewbruo40n9_component-candidate,obimd-sub-ewbruo40n9,obimd-sub-ewbruo40n9;obimd-main-s2e076ohb1,src-obimd,licensed_for_repository,needs_human_component_review,2026-06-20
obs-comp-cand-002499,graphemic_component_candidate,corpus/003_graphemic-components/025_002401-002500_obs-comp-cand-bucket_component-candidates/2499_obs-comp-cand-002499_obimd-sub-g12sx19cjl_component-candidate,obimd-sub-g12sx19cjl,obimd-sub-g12sx19cjl;obimd-main-g12sx19cjl,src-obimd,licensed_for_repository,needs_human_component_review,2026-06-20
obs-comp-cand-002500,graphemic_component_candidate,corpus/003_graphemic-components/025_002401-002500_obs-comp-cand-bucket_component-candidates/2500_obs-comp-cand-002500_obimd-sub-a1lmo1xxj5_component-candidate,obimd-sub-a1lmo1xxj5,obimd-sub-a1lmo1xxj5;obimd-main-a1lmo1xxj5,src-obimd,licensed_for_repository,needs_human_component_review,2026-06-20
obs-comp-cand-002501,graphemic_component_candidate,corpus/003_graphemic-components/026_002501-002600_obs-comp-cand-bucket_component-candidates/2501_obs-comp-cand-002501_obimd-sub-gvea18bccm_component-candidate,obimd-sub-gvea18bccm,obimd-sub-gvea18bccm;obimd-main-gvea18bccm,src-obimd,licensed_for_repository,needs_human_component_review,2026-06-20
obs-comp-cand-002502,graphemic_component_candidate,corpus/003_graphemic-components/026_002501-002600_obs-comp-cand-bucket_component-candidates/2502_obs-comp-cand-002502_obimd-sub-t6z5w1ag98_component-candidate,obimd-sub-t6z5w1ag98,obimd-sub-t6z5w1ag98;obimd-main-gvea18bccm,src-obimd,licensed_for_repository,needs_human_component_review,2026-06-20
obs-comp-cand-002503,graphemic_component_candidate,corpus/003_graphemic-components/026_002501-002600_obs-comp-cand-bucket_component-candidates/2503_obs-comp-cand-002503_obimd-sub-zz00qbgu3m_component-candidate,obimd-sub-zz00qbgu3m,obimd-sub-zz00qbgu3m;obimd-main-zz00qbgu3m,src-obimd,licensed_for_repository,needs_human_component_review,2026-06-20
obs-comp-cand-002504,graphemic_component_candidate,corpus/003_graphemic-components/026_002501-002600_obs-comp-cand-bucket_component-candidates/2504_obs-comp-cand-002504_obimd-sub-8so0r5rae8_component-candidate,obimd-sub-8so0r5rae8,obimd-sub-8so0r5rae8;obimd-main-zz00qbgu3m,src-obimd,licensed_for_repository,needs_human_component_review,2026-06-20
obs-comp-cand-002505,graphemic_component_candidate,corpus/003_graphemic-components/026_002501-002600_obs-comp-cand-bucket_component-candidates/2505_obs-comp-cand-002505_obimd-sub-5ntior2ch1_component-candidate,obimd-sub-5ntior2ch1,obimd-sub-5ntior2ch1;obimd-main-5ntior2ch1,src-obimd,licensed_for_repository,needs_human_component_review,2026-06-20
obs-comp-cand-002506,graphemic_component_candidate,corpus/003_graphemic-components/026_002501-002600_obs-comp-cand-bucket_component-candidates/2506_obs-comp-cand-002506_obimd-sub-fd6c02qezd_component-candidate,obimd-sub-fd6c02qezd,obimd-sub-fd6c02qezd;obimd-main-fd6c02qezd,src-obimd,licensed_for_repository,needs_human_component_review,2026-06-20
obs-comp-cand-002507,graphemic_component_candidate,corpus/003_graphemic-components/026_002501-002600_obs-comp-cand-bucket_component-candidates/2507_obs-comp-cand-002507_obimd-sub-ivweikz7hi_component-candidate,obimd-sub-ivweikz7hi,obimd-sub-ivweikz7hi;obimd-main-fd6c02qezd,src-obimd,licensed_for_repository,needs_human_component_review,2026-06-20
obs-comp-cand-002508,graphemic_component_candidate,corpus/003_graphemic-components/026_002501-002600_obs-comp-cand-bucket_component-candidates/2508_obs-comp-cand-002508_obimd-sub-1rv2siw5fu_component-candidate,obimd-sub-1rv2siw5fu,obimd-sub-1rv2siw5fu;obimd-main-fd6c02qezd,src-obimd,licensed_for_repository,needs_human_component_review,2026-06-20
obs-comp-cand-002509,graphemic_component_candidate,corpus/003_graphemic-components/026_002501-002600_obs-comp-cand-bucket_component-candidates/2509_obs-comp-cand-002509_obimd-sub-r1qdxnfg2n_component-candidate,obimd-sub-r1qdxnfg2n,obimd-sub-r1qdxnfg2n;obimd-main-fd6c02qezd,src-obimd,licensed_for_repository,needs_human_component_review,2026-06-20
obs-comp-cand-002510,graphemic_component_candidate,corpus/003_graphemic-components/026_002501-002600_obs-comp-cand-bucket_component-candidates/2510_obs-comp-cand-002510_obimd-sub-jfc5ld8k0t_component-candidate,obimd-sub-jfc5ld8k0t,obimd-sub-jfc5ld8k0t;obimd-main-jfc5ld8k0t,src-obimd,licensed_for_repository,needs_human_component_review,2026-06-20
obs-comp-cand-002511,graphemic_component_candidate,corpus/003_graphemic-components/026_002501-002600_obs-comp-cand-bucket_component-candidates/2511_obs-comp-cand-002511_obimd-sub-pymg8s4d83_component-candidate,obimd-sub-pymg8s4d83,obimd-sub-pymg8s4d83;obimd-main-pymg8s4d83,src-obimd,licensed_for_repository,needs_human_component_review,2026-06-20
obs-comp-cand-002512,graphemic_component_candidate,corpus/003_graphemic-components/026_002501-002600_obs-comp-cand-bucket_component-candidates/2512_obs-comp-cand-002512_obimd-sub-vnnwra099w_component-candidate,obimd-sub-vnnwra099w,obimd-sub-vnnwra099w;obimd-main-pymg8s4d83,src-obimd,licensed_for_repository,needs_human_component_review,2026-06-20
obs-comp-cand-002513,graphemic_component_candidate,corpus/003_graphemic-components/026_002501-002600_obs-comp-cand-bucket_component-candidates/2513_obs-comp-cand-002513_obimd-sub-dp8imn8ze4_component-candidate,obimd-sub-dp8imn8ze4,obimd-sub-dp8imn8ze4;obimd-main-dp8imn8ze4,src-obimd,licensed_for_repository,needs_human_component_review,2026-06-20
obs-comp-cand-002514,graphemic_component_candidate,corpus/003_graphemic-components/026_002501-002600_obs-comp-cand-bucket_component-candidates/2514_obs-comp-cand-002514_obimd-sub-qqzep29tat_component-candidate,obimd-sub-qqzep29tat,obimd-sub-qqzep29tat;obimd-main-dp8imn8ze4,src-obimd,licensed_for_repository,needs_human_component_review,2026-06-20
obs-comp-cand-002515,graphemic_component_candidate,corpus/003_graphemic-components/026_002501-002600_obs-comp-cand-bucket_component-candidates/2515_obs-comp-cand-002515_obimd-sub-905tkjc9ui_component-candidate,obimd-sub-905tkjc9ui,obimd-sub-905tkjc9ui;obimd-main-905tkjc9ui,src-obimd,licensed_for_repository,needs_human_component_review,2026-06-20
obs-comp-cand-002516,graphemic_component_candidate,corpus/003_graphemic-components/026_002501-002600_obs-comp-cand-bucket_component-candidates/2516_obs-comp-cand-002516_obimd-sub-ay8mkydpb2_component-candidate,obimd-sub-ay8mkydpb2,obimd-sub-ay8mkydpb2;obimd-main-ay8mkydpb2,src-obimd,licensed_for_repository,needs_human_component_review,2026-06-20
obs-comp-cand-002517,graphemic_component_candidate,corpus/003_graphemic-components/026_002501-002600_obs-comp-cand-bucket_component-candidates/2517_obs-comp-cand-002517_obimd-sub-h0gzv3styy_component-candidate,obimd-sub-h0gzv3styy,obimd-sub-h0gzv3styy;obimd-main-h0gzv3styy,src-obimd,licensed_for_repository,needs_human_component_review,2026-06-20
obs-comp-cand-002518,graphemic_component_candidate,corpus/003_graphemic-components/026_002501-002600_obs-comp-cand-bucket_component-candidates/2518_obs-comp-cand-002518_obimd-sub-0uhj5zj3ce_component-candidate,obimd-sub-0uhj5zj3ce,obimd-sub-0uhj5zj3ce;obimd-main-0uhj5zj3ce,src-obimd,licensed_for_repository,needs_human_component_review,2026-06-20
obs-comp-cand-002519,graphemic_component_candidate,corpus/003_graphemic-components/026_002501-002600_obs-comp-cand-bucket_component-candidates/2519_obs-comp-cand-002519_obimd-sub-5p7f8xp3h7_component-candidate,obimd-sub-5p7f8xp3h7,obimd-sub-5p7f8xp3h7;obimd-main-0uhj5zj3ce,src-obimd,licensed_for_repository,needs_human_component_review,2026-06-20
obs-comp-cand-002520,graphemic_component_candidate,corpus/003_graphemic-components/026_002501-002600_obs-comp-cand-bucket_component-candidates/2520_obs-comp-cand-002520_obimd-sub-5wq1988xj5_component-candidate,obimd-sub-5wq1988xj5,obimd-sub-5wq1988xj5;obimd-main-0uhj5zj3ce,src-obimd,licensed_for_repository,needs_human_component_review,2026-06-20
obs-comp-cand-002521,graphemic_component_candidate,corpus/003_graphemic-components/026_002501-002600_obs-comp-cand-bucket_component-candidates/2521_obs-comp-cand-002521_obimd-sub-lg77n71ait_component-candidate,obimd-sub-lg77n71ait,obimd-sub-lg77n71ait;obimd-main-0uhj5zj3ce,src-obimd,licensed_for_repository,needs_human_component_review,2026-06-20
obs-comp-cand-002522,graphemic_component_candidate,corpus/003_graphemic-components/026_002501-002600_obs-comp-cand-bucket_component-candidates/2522_obs-comp-cand-002522_obimd-sub-mcifl5q0r6_component-candidate,obimd-sub-mcifl5q0r6,obimd-sub-mcifl5q0r6;obimd-main-0uhj5zj3ce,src-obimd,licensed_for_repository,needs_human_component_review,2026-06-20
obs-comp-cand-002523,graphemic_component_candidate,corpus/003_graphemic-components/026_002501-002600_obs-comp-cand-bucket_component-candidates/2523_obs-comp-cand-002523_obimd-sub-z6qjin0qqt_component-candidate,obimd-sub-z6qjin0qqt,obimd-sub-z6qjin0qqt;obimd-main-z6qjin0qqt,src-obimd,licensed_for_repository,needs_human_component_review,2026-06-20
obs-comp-cand-002524,graphemic_component_candidate,corpus/003_graphemic-components/026_002501-002600_obs-comp-cand-bucket_component-candidates/2524_obs-comp-cand-002524_obimd-sub-jjm889wxay_component-candidate,obimd-sub-jjm889wxay,obimd-sub-jjm889wxay;obimd-main-jjm889wxay,src-obimd,licensed_for_repository,needs_human_component_review,2026-06-20
obs-comp-cand-002525,graphemic_component_candidate,corpus/003_graphemic-components/026_002501-002600_obs-comp-cand-bucket_component-candidates/2525_obs-comp-cand-002525_obimd-sub-lvfwyu6ckp_component-candidate,obimd-sub-lvfwyu6ckp,obimd-sub-lvfwyu6ckp;obimd-main-jjm889wxay,src-obimd,licensed_for_repository,needs_human_component_review,2026-06-20
obs-comp-cand-002526,graphemic_component_candidate,corpus/003_graphemic-components/026_002501-002600_obs-comp-cand-bucket_component-candidates/2526_obs-comp-cand-002526_obimd-sub-d5c5afq5ue_component-candidate,obimd-sub-d5c5afq5ue,obimd-sub-d5c5afq5ue;obimd-main-d5c5afq5ue,src-obimd,licensed_for_repository,needs_human_component_review,2026-06-20
obs-comp-cand-002527,graphemic_component_candidate,corpus/003_graphemic-components/026_002501-002600_obs-comp-cand-bucket_component-candidates/2527_obs-comp-cand-002527_obimd-sub-qb6co0jxjm_component-candidate,obimd-sub-qb6co0jxjm,obimd-sub-qb6co0jxjm;obimd-main-d5c5afq5ue,src-obimd,licensed_for_repository,needs_human_component_review,2026-06-20
obs-comp-cand-002528,graphemic_component_candidate,corpus/003_graphemic-components/026_002501-002600_obs-comp-cand-bucket_component-candidates/2528_obs-comp-cand-002528_obimd-sub-1s5t2e9cdw_component-candidate,obimd-sub-1s5t2e9cdw,obimd-sub-1s5t2e9cdw;obimd-main-1s5t2e9cdw,src-obimd,licensed_for_repository,needs_human_component_review,2026-06-20
obs-comp-cand-002529,graphemic_component_candidate,corpus/003_graphemic-components/026_002501-002600_obs-comp-cand-bucket_component-candidates/2529_obs-comp-cand-002529_obimd-sub-lubmnqbkz9_component-candidate,obimd-sub-lubmnqbkz9,obimd-sub-lubmnqbkz9;obimd-main-1s5t2e9cdw,src-obimd,licensed_for_repository,needs_human_component_review,2026-06-20
obs-comp-cand-002530,graphemic_component_candidate,corpus/003_graphemic-components/026_002501-002600_obs-comp-cand-bucket_component-candidates/2530_obs-comp-cand-002530_obimd-sub-1r30xz0nrz_component-candidate,obimd-sub-1r30xz0nrz,obimd-sub-1r30xz0nrz;obimd-main-1r30xz0nrz,src-obimd,licensed_for_repository,needs_human_component_review,2026-06-20
obs-comp-cand-002531,graphemic_component_candidate,corpus/003_graphemic-components/026_002501-002600_obs-comp-cand-bucket_component-candidates/2531_obs-comp-cand-002531_obimd-sub-ch53nwd306_component-candidate,obimd-sub-ch53nwd306,obimd-sub-ch53nwd306;obimd-main-ch53nwd306,src-obimd,licensed_for_repository,needs_human_component_review,2026-06-20
obs-comp-cand-002532,graphemic_component_candidate,corpus/003_graphemic-components/026_002501-002600_obs-comp-cand-bucket_component-candidates/2532_obs-comp-cand-002532_obimd-sub-2r051ups8k_component-candidate,obimd-sub-2r051ups8k,obimd-sub-2r051ups8k;obimd-main-2r051ups8k,src-obimd,licensed_for_repository,needs_human_component_review,2026-06-20
obs-comp-cand-002533,graphemic_component_candidate,corpus/003_graphemic-components/026_002501-002600_obs-comp-cand-bucket_component-candidates/2533_obs-comp-cand-002533_obimd-sub-b5yn1tzci0_component-candidate,obimd-sub-b5yn1tzci0,obimd-sub-b5yn1tzci0;obimd-main-b5yn1tzci0,src-obimd,licensed_for_repository,needs_human_component_review,2026-06-20
obs-comp-cand-002534,graphemic_component_candidate,corpus/003_graphemic-components/026_002501-002600_obs-comp-cand-bucket_component-candidates/2534_obs-comp-cand-002534_obimd-sub-f0csx339lz_component-candidate,obimd-sub-f0csx339lz,obimd-sub-f0csx339lz;obimd-main-f0csx339lz,src-obimd,licensed_for_repository,needs_human_component_review,2026-06-20
obs-comp-cand-002535,graphemic_component_candidate,corpus/003_graphemic-components/026_002501-002600_obs-comp-cand-bucket_component-candidates/2535_obs-comp-cand-002535_obimd-sub-bcw474srtf_component-candidate,obimd-sub-bcw474srtf,obimd-sub-bcw474srtf;obimd-main-f0csx339lz,src-obimd,licensed_for_repository,needs_human_component_review,2026-06-20
obs-comp-cand-002536,graphemic_component_candidate,corpus/003_graphemic-components/026_002501-002600_obs-comp-cand-bucket_component-candidates/2536_obs-comp-cand-002536_obimd-sub-nmsvxs0s6g_component-candidate,obimd-sub-nmsvxs0s6g,obimd-sub-nmsvxs0s6g;obimd-main-90fb7u7080,src-obimd,licensed_for_repository,needs_human_component_review,2026-06-20
obs-comp-cand-002537,graphemic_component_candidate,corpus/003_graphemic-components/026_002501-002600_obs-comp-cand-bucket_component-candidates/2537_obs-comp-cand-002537_obimd-sub-9wi6zvt4h3_component-candidate,obimd-sub-9wi6zvt4h3,obimd-sub-9wi6zvt4h3;obimd-main-9wi6zvt4h3,src-obimd,licensed_for_repository,needs_human_component_review,2026-06-20
obs-comp-cand-002538,graphemic_component_candidate,corpus/003_graphemic-components/026_002501-002600_obs-comp-cand-bucket_component-candidates/2538_obs-comp-cand-002538_obimd-sub-dcc90z03il_component-candidate,obimd-sub-dcc90z03il,obimd-sub-dcc90z03il;obimd-main-dcc90z03il,src-obimd,licensed_for_repository,needs_human_component_review,2026-06-20
obs-comp-cand-002539,graphemic_component_candidate,corpus/003_graphemic-components/026_002501-002600_obs-comp-cand-bucket_component-candidates/2539_obs-comp-cand-002539_obimd-sub-2fsm3j8nia_component-candidate,obimd-sub-2fsm3j8nia,obimd-sub-2fsm3j8nia;obimd-main-dcc90z03il,src-obimd,licensed_for_repository,needs_human_component_review,2026-06-20
obs-comp-cand-002540,graphemic_component_candidate,corpus/003_graphemic-components/026_002501-002600_obs-comp-cand-bucket_component-candidates/2540_obs-comp-cand-002540_obimd-sub-bh6mqc68g2_component-candidate,obimd-sub-bh6mqc68g2,obimd-sub-bh6mqc68g2;obimd-main-bh6mqc68g2,src-obimd,licensed_for_repository,needs_human_component_review,2026-06-20
obs-comp-cand-002541,graphemic_component_candidate,corpus/003_graphemic-components/026_002501-002600_obs-comp-cand-bucket_component-candidates/2541_obs-comp-cand-002541_obimd-sub-4zv87269nu_component-candidate,obimd-sub-4zv87269nu,obimd-sub-4zv87269nu;obimd-main-4zv87269nu,src-obimd,licensed_for_repository,needs_human_component_review,2026-06-20
obs-comp-cand-002542,graphemic_component_candidate,corpus/003_graphemic-components/026_002501-002600_obs-comp-cand-bucket_component-candidates/2542_obs-comp-cand-002542_obimd-sub-62h3xv5l1m_component-candidate,obimd-sub-62h3xv5l1m,obimd-sub-62h3xv5l1m;obimd-main-4zv87269nu,src-obimd,licensed_for_repository,needs_human_component_review,2026-06-20
obs-comp-cand-002543,graphemic_component_candidate,corpus/003_graphemic-components/026_002501-002600_obs-comp-cand-bucket_component-candidates/2543_obs-comp-cand-002543_obimd-sub-n0o2wcoq4b_component-candidate,obimd-sub-n0o2wcoq4b,obimd-sub-n0o2wcoq4b;obimd-main-n0o2wcoq4b,src-obimd,licensed_for_repository,needs_human_component_review,2026-06-20
obs-comp-cand-002544,graphemic_component_candidate,corpus/003_graphemic-components/026_002501-002600_obs-comp-cand-bucket_component-candidates/2544_obs-comp-cand-002544_obimd-sub-eou3xy3ht8_component-candidate,obimd-sub-eou3xy3ht8,obimd-sub-eou3xy3ht8;obimd-main-eou3xy3ht8,src-obimd,licensed_for_repository,needs_human_component_review,2026-06-20
obs-comp-cand-002545,graphemic_component_candidate,corpus/003_graphemic-components/026_002501-002600_obs-comp-cand-bucket_component-candidates/2545_obs-comp-cand-002545_obimd-sub-7bgm052mqy_component-candidate,obimd-sub-7bgm052mqy,obimd-sub-7bgm052mqy;obimd-main-7bgm052mqy,src-obimd,licensed_for_repository,needs_human_component_review,2026-06-20
obs-comp-cand-002546,graphemic_component_candidate,corpus/003_graphemic-components/026_002501-002600_obs-comp-cand-bucket_component-candidates/2546_obs-comp-cand-002546_obimd-sub-npj62t4ckh_component-candidate,obimd-sub-npj62t4ckh,obimd-sub-npj62t4ckh;obimd-main-7bgm052mqy,src-obimd,licensed_for_repository,needs_human_component_review,2026-06-20
obs-comp-cand-002547,graphemic_component_candidate,corpus/003_graphemic-components/026_002501-002600_obs-comp-cand-bucket_component-candidates/2547_obs-comp-cand-002547_obimd-sub-mtje7qh8jp_component-candidate,obimd-sub-mtje7qh8jp,obimd-sub-mtje7qh8jp;obimd-main-mtje7qh8jp,src-obimd,licensed_for_repository,needs_human_component_review,2026-06-20
obs-comp-cand-002548,graphemic_component_candidate,corpus/003_graphemic-components/026_002501-002600_obs-comp-cand-bucket_component-candidates/2548_obs-comp-cand-002548_obimd-sub-puunytmd6z_component-candidate,obimd-sub-puunytmd6z,obimd-sub-puunytmd6z;obimd-main-puunytmd6z,src-obimd,licensed_for_repository,needs_human_component_review,2026-06-20
obs-comp-cand-002549,graphemic_component_candidate,corpus/003_graphemic-components/026_002501-002600_obs-comp-cand-bucket_component-candidates/2549_obs-comp-cand-002549_obimd-sub-d91rup9lkj_component-candidate,obimd-sub-d91rup9lkj,obimd-sub-d91rup9lkj;obimd-main-d91rup9lkj,src-obimd,licensed_for_repository,needs_human_component_review,2026-06-20
obs-comp-cand-002550,graphemic_component_candidate,corpus/003_graphemic-components/026_002501-002600_obs-comp-cand-bucket_component-candidates/2550_obs-comp-cand-002550_obimd-sub-fwo4rzegus_component-candidate,obimd-sub-fwo4rzegus,obimd-sub-fwo4rzegus;obimd-main-d91rup9lkj,src-obimd,licensed_for_repository,needs_human_component_review,2026-06-20
obs-comp-cand-002551,graphemic_component_candidate,corpus/003_graphemic-components/026_002501-002600_obs-comp-cand-bucket_component-candidates/2551_obs-comp-cand-002551_obimd-sub-792nt3zdcj_component-candidate,obimd-sub-792nt3zdcj,obimd-sub-792nt3zdcj;obimd-main-d91rup9lkj,src-obimd,licensed_for_repository,needs_human_component_review,2026-06-20
obs-comp-cand-002552,graphemic_component_candidate,corpus/003_graphemic-components/026_002501-002600_obs-comp-cand-bucket_component-candidates/2552_obs-comp-cand-002552_obimd-sub-go544204ak_component-candidate,obimd-sub-go544204ak,obimd-sub-go544204ak;obimd-main-d91rup9lkj,src-obimd,licensed_for_repository,needs_human_component_review,2026-06-20
obs-comp-cand-002553,graphemic_component_candidate,corpus/003_graphemic-components/026_002501-002600_obs-comp-cand-bucket_component-candidates/2553_obs-comp-cand-002553_obimd-sub-x6df7lvo0d_component-candidate,obimd-sub-x6df7lvo0d,obimd-sub-x6df7lvo0d;obimd-main-d91rup9lkj,src-obimd,licensed_for_repository,needs_human_component_review,2026-06-20
obs-comp-cand-002554,graphemic_component_candidate,corpus/003_graphemic-components/026_002501-002600_obs-comp-cand-bucket_component-candidates/2554_obs-comp-cand-002554_obimd-sub-wi7jemi7yd_component-candidate,obimd-sub-wi7jemi7yd,obimd-sub-wi7jemi7yd;obimd-main-wi7jemi7yd,src-obimd,licensed_for_repository,needs_human_component_review,2026-06-20
obs-comp-cand-002555,graphemic_component_candidate,corpus/003_graphemic-components/026_002501-002600_obs-comp-cand-bucket_component-candidates/2555_obs-comp-cand-002555_obimd-sub-inbc2fnakz_component-candidate,obimd-sub-inbc2fnakz,obimd-sub-inbc2fnakz;obimd-main-wi7jemi7yd,src-obimd,licensed_for_repository,needs_human_component_review,2026-06-20
obs-comp-cand-002556,graphemic_component_candidate,corpus/003_graphemic-components/026_002501-002600_obs-comp-cand-bucket_component-candidates/2556_obs-comp-cand-002556_obimd-sub-wdtj8btn9z_component-candidate,obimd-sub-wdtj8btn9z,obimd-sub-wdtj8btn9z;obimd-main-wdtj8btn9z,src-obimd,licensed_for_repository,needs_human_component_review,2026-06-20
obs-comp-cand-002557,graphemic_component_candidate,corpus/003_graphemic-components/026_002501-002600_obs-comp-cand-bucket_component-candidates/2557_obs-comp-cand-002557_obimd-sub-cc3pkwk0li_component-candidate,obimd-sub-cc3pkwk0li,obimd-sub-cc3pkwk0li;obimd-main-cc3pkwk0li,src-obimd,licensed_for_repository,needs_human_component_review,2026-06-20
obs-comp-cand-002558,graphemic_component_candidate,corpus/003_graphemic-components/026_002501-002600_obs-comp-cand-bucket_component-candidates/2558_obs-comp-cand-002558_obimd-sub-w77brk2wyi_component-candidate,obimd-sub-w77brk2wyi,obimd-sub-w77brk2wyi;obimd-main-cc3pkwk0li,src-obimd,licensed_for_repository,needs_human_component_review,2026-06-20
obs-comp-cand-002559,graphemic_component_candidate,corpus/003_graphemic-components/026_002501-002600_obs-comp-cand-bucket_component-candidates/2559_obs-comp-cand-002559_obimd-sub-14f8c8756n_component-candidate,obimd-sub-14f8c8756n,obimd-sub-14f8c8756n;obimd-main-cc3pkwk0li,src-obimd,licensed_for_repository,needs_human_component_review,2026-06-20
obs-comp-cand-002560,graphemic_component_candidate,corpus/003_graphemic-components/026_002501-002600_obs-comp-cand-bucket_component-candidates/2560_obs-comp-cand-002560_obimd-sub-yegwwb6w0t_component-candidate,obimd-sub-yegwwb6w0t,obimd-sub-yegwwb6w0t;obimd-main-cc3pkwk0li,src-obimd,licensed_for_repository,needs_human_component_review,2026-06-20
obs-comp-cand-002561,graphemic_component_candidate,corpus/003_graphemic-components/026_002501-002600_obs-comp-cand-bucket_component-candidates/2561_obs-comp-cand-002561_obimd-sub-rr1b9eseyh_component-candidate,obimd-sub-rr1b9eseyh,obimd-sub-rr1b9eseyh;obimd-main-rr1b9eseyh,src-obimd,licensed_for_repository,needs_human_component_review,2026-06-20
obs-comp-cand-002562,graphemic_component_candidate,corpus/003_graphemic-components/026_002501-002600_obs-comp-cand-bucket_component-candidates/2562_obs-comp-cand-002562_obimd-sub-nr79m4u3lq_component-candidate,obimd-sub-nr79m4u3lq,obimd-sub-nr79m4u3lq;obimd-main-nr79m4u3lq,src-obimd,licensed_for_repository,needs_human_component_review,2026-06-20
obs-comp-cand-002563,graphemic_component_candidate,corpus/003_graphemic-components/026_002501-002600_obs-comp-cand-bucket_component-candidates/2563_obs-comp-cand-002563_obimd-sub-hruffydq1k_component-candidate,obimd-sub-hruffydq1k,obimd-sub-hruffydq1k;obimd-main-hruffydq1k,src-obimd,licensed_for_repository,needs_human_component_review,2026-06-20
obs-comp-cand-002564,graphemic_component_candidate,corpus/003_graphemic-components/026_002501-002600_obs-comp-cand-bucket_component-candidates/2564_obs-comp-cand-002564_obimd-sub-gcbnox9x1n_component-candidate,obimd-sub-gcbnox9x1n,obimd-sub-gcbnox9x1n;obimd-main-gcbnox9x1n,src-obimd,licensed_for_repository,needs_human_component_review,2026-06-20
obs-comp-cand-002565,graphemic_component_candidate,corpus/003_graphemic-components/026_002501-002600_obs-comp-cand-bucket_component-candidates/2565_obs-comp-cand-002565_obimd-sub-56ps8t229t_component-candidate,obimd-sub-56ps8t229t,obimd-sub-56ps8t229t;obimd-main-56ps8t229t,src-obimd,licensed_for_repository,needs_human_component_review,2026-06-20
obs-comp-cand-002566,graphemic_component_candidate,corpus/003_graphemic-components/026_002501-002600_obs-comp-cand-bucket_component-candidates/2566_obs-comp-cand-002566_obimd-sub-64kpdgz5dw_component-candidate,obimd-sub-64kpdgz5dw,obimd-sub-64kpdgz5dw;obimd-main-64kpdgz5dw,src-obimd,licensed_for_repository,needs_human_component_review,2026-06-20
obs-comp-cand-002567,graphemic_component_candidate,corpus/003_graphemic-components/026_002501-002600_obs-comp-cand-bucket_component-candidates/2567_obs-comp-cand-002567_obimd-sub-uhn8agncvy_component-candidate,obimd-sub-uhn8agncvy,obimd-sub-uhn8agncvy;obimd-main-uhn8agncvy,src-obimd,licensed_for_repository,needs_human_component_review,2026-06-20
obs-comp-cand-002568,graphemic_component_candidate,corpus/003_graphemic-components/026_002501-002600_obs-comp-cand-bucket_component-candidates/2568_obs-comp-cand-002568_obimd-sub-lw8ebrisot_component-candidate,obimd-sub-lw8ebrisot,obimd-sub-lw8ebrisot;obimd-main-uhn8agncvy,src-obimd,licensed_for_repository,needs_human_component_review,2026-06-20
obs-comp-cand-002569,graphemic_component_candidate,corpus/003_graphemic-components/026_002501-002600_obs-comp-cand-bucket_component-candidates/2569_obs-comp-cand-002569_obimd-sub-gd6al01sau_component-candidate,obimd-sub-gd6al01sau,obimd-sub-gd6al01sau;obimd-main-uhn8agncvy,src-obimd,licensed_for_repository,needs_human_component_review,2026-06-20
obs-comp-cand-002570,graphemic_component_candidate,corpus/003_graphemic-components/026_002501-002600_obs-comp-cand-bucket_component-candidates/2570_obs-comp-cand-002570_obimd-sub-8afjjg2cyc_component-candidate,obimd-sub-8afjjg2cyc,obimd-sub-8afjjg2cyc;obimd-main-8afjjg2cyc,src-obimd,licensed_for_repository,needs_human_component_review,2026-06-20
obs-comp-cand-002571,graphemic_component_candidate,corpus/003_graphemic-components/026_002501-002600_obs-comp-cand-bucket_component-candidates/2571_obs-comp-cand-002571_obimd-sub-dsv4lhwhn7_component-candidate,obimd-sub-dsv4lhwhn7,obimd-sub-dsv4lhwhn7;obimd-main-dsv4lhwhn7,src-obimd,licensed_for_repository,needs_human_component_review,2026-06-20
obs-comp-cand-002572,graphemic_component_candidate,corpus/003_graphemic-components/026_002501-002600_obs-comp-cand-bucket_component-candidates/2572_obs-comp-cand-002572_obimd-sub-a5ajz0rgrm_component-candidate,obimd-sub-a5ajz0rgrm,obimd-sub-a5ajz0rgrm;obimd-main-a5ajz0rgrm,src-obimd,licensed_for_repository,needs_human_component_review,2026-06-20
obs-comp-cand-002573,graphemic_component_candidate,corpus/003_graphemic-components/026_002501-002600_obs-comp-cand-bucket_component-candidates/2573_obs-comp-cand-002573_obimd-sub-59ts5ymavk_component-candidate,obimd-sub-59ts5ymavk,obimd-sub-59ts5ymavk;obimd-main-59ts5ymavk,src-obimd,licensed_for_repository,needs_human_component_review,2026-06-20
obs-comp-cand-002574,graphemic_component_candidate,corpus/003_graphemic-components/026_002501-002600_obs-comp-cand-bucket_component-candidates/2574_obs-comp-cand-002574_obimd-sub-qlr2bgxwhf_component-candidate,obimd-sub-qlr2bgxwhf,obimd-sub-qlr2bgxwhf;obimd-main-qlr2bgxwhf,src-obimd,licensed_for_repository,needs_human_component_review,2026-06-20
obs-comp-cand-002575,graphemic_component_candidate,corpus/003_graphemic-components/026_002501-002600_obs-comp-cand-bucket_component-candidates/2575_obs-comp-cand-002575_obimd-sub-v9dax6z7sh_component-candidate,obimd-sub-v9dax6z7sh,obimd-sub-v9dax6z7sh;obimd-main-v9dax6z7sh,src-obimd,licensed_for_repository,needs_human_component_review,2026-06-20
obs-comp-cand-002576,graphemic_component_candidate,corpus/003_graphemic-components/026_002501-002600_obs-comp-cand-bucket_component-candidates/2576_obs-comp-cand-002576_obimd-sub-98p045fecs_component-candidate,obimd-sub-98p045fecs,obimd-sub-98p045fecs;obimd-main-98p045fecs,src-obimd,licensed_for_repository,needs_human_component_review,2026-06-20
obs-comp-cand-002577,graphemic_component_candidate,corpus/003_graphemic-components/026_002501-002600_obs-comp-cand-bucket_component-candidates/2577_obs-comp-cand-002577_obimd-sub-xymxg866b5_component-candidate,obimd-sub-xymxg866b5,obimd-sub-xymxg866b5;obimd-main-xymxg866b5,src-obimd,licensed_for_repository,needs_human_component_review,2026-06-20
obs-comp-cand-002578,graphemic_component_candidate,corpus/003_graphemic-components/026_002501-002600_obs-comp-cand-bucket_component-candidates/2578_obs-comp-cand-002578_obimd-sub-04ut085ltq_component-candidate,obimd-sub-04ut085ltq,obimd-sub-04ut085ltq;obimd-main-04ut085ltq,src-obimd,licensed_for_repository,needs_human_component_review,2026-06-20
obs-comp-cand-002579,graphemic_component_candidate,corpus/003_graphemic-components/026_002501-002600_obs-comp-cand-bucket_component-candidates/2579_obs-comp-cand-002579_obimd-sub-u8a9zwvbvy_component-candidate,obimd-sub-u8a9zwvbvy,obimd-sub-u8a9zwvbvy;obimd-main-u8a9zwvbvy,src-obimd,licensed_for_repository,needs_human_component_review,2026-06-20
obs-comp-cand-002580,graphemic_component_candidate,corpus/003_graphemic-components/026_002501-002600_obs-comp-cand-bucket_component-candidates/2580_obs-comp-cand-002580_obimd-sub-9jnlo94889_component-candidate,obimd-sub-9jnlo94889,obimd-sub-9jnlo94889;obimd-main-9jnlo94889,src-obimd,licensed_for_repository,needs_human_component_review,2026-06-20
obs-comp-cand-002581,graphemic_component_candidate,corpus/003_graphemic-components/026_002501-002600_obs-comp-cand-bucket_component-candidates/2581_obs-comp-cand-002581_obimd-sub-h3zr1w3onf_component-candidate,obimd-sub-h3zr1w3onf,obimd-sub-h3zr1w3onf;obimd-main-h3zr1w3onf,src-obimd,licensed_for_repository,needs_human_component_review,2026-06-20
obs-comp-cand-002582,graphemic_component_candidate,corpus/003_graphemic-components/026_002501-002600_obs-comp-cand-bucket_component-candidates/2582_obs-comp-cand-002582_obimd-sub-6buadg1d1d_component-candidate,obimd-sub-6buadg1d1d,obimd-sub-6buadg1d1d;obimd-main-6buadg1d1d,src-obimd,licensed_for_repository,needs_human_component_review,2026-06-20
obs-comp-cand-002583,graphemic_component_candidate,corpus/003_graphemic-components/026_002501-002600_obs-comp-cand-bucket_component-candidates/2583_obs-comp-cand-002583_obimd-sub-fjuws8vv9r_component-candidate,obimd-sub-fjuws8vv9r,obimd-sub-fjuws8vv9r;obimd-main-fjuws8vv9r,src-obimd,licensed_for_repository,needs_human_component_review,2026-06-20
obs-comp-cand-002584,graphemic_component_candidate,corpus/003_graphemic-components/026_002501-002600_obs-comp-cand-bucket_component-candidates/2584_obs-comp-cand-002584_obimd-sub-31qfj8revn_component-candidate,obimd-sub-31qfj8revn,obimd-sub-31qfj8revn;obimd-main-31qfj8revn,src-obimd,licensed_for_repository,needs_human_component_review,2026-06-20
obs-comp-cand-002585,graphemic_component_candidate,corpus/003_graphemic-components/026_002501-002600_obs-comp-cand-bucket_component-candidates/2585_obs-comp-cand-002585_obimd-sub-jv49djokvb_component-candidate,obimd-sub-jv49djokvb,obimd-sub-jv49djokvb;obimd-main-jv49djokvb,src-obimd,licensed_for_repository,needs_human_component_review,2026-06-20
obs-comp-cand-002586,graphemic_component_candidate,corpus/003_graphemic-components/026_002501-002600_obs-comp-cand-bucket_component-candidates/2586_obs-comp-cand-002586_obimd-sub-y3taw4yt70_component-candidate,obimd-sub-y3taw4yt70,obimd-sub-y3taw4yt70;obimd-main-y3taw4yt70,src-obimd,licensed_for_repository,needs_human_component_review,2026-06-20
obs-comp-cand-002587,graphemic_component_candidate,corpus/003_graphemic-components/026_002501-002600_obs-comp-cand-bucket_component-candidates/2587_obs-comp-cand-002587_obimd-sub-t4fsvfyfie_component-candidate,obimd-sub-t4fsvfyfie,obimd-sub-t4fsvfyfie;obimd-main-t4fsvfyfie,src-obimd,licensed_for_repository,needs_human_component_review,2026-06-20
obs-comp-cand-002588,graphemic_component_candidate,corpus/003_graphemic-components/026_002501-002600_obs-comp-cand-bucket_component-candidates/2588_obs-comp-cand-002588_obimd-sub-jdh2e2tnm5_component-candidate,obimd-sub-jdh2e2tnm5,obimd-sub-jdh2e2tnm5;obimd-main-jdh2e2tnm5,src-obimd,licensed_for_repository,needs_human_component_review,2026-06-20
obs-comp-cand-002589,graphemic_component_candidate,corpus/003_graphemic-components/026_002501-002600_obs-comp-cand-bucket_component-candidates/2589_obs-comp-cand-002589_obimd-sub-sdt0io3tms_component-candidate,obimd-sub-sdt0io3tms,obimd-sub-sdt0io3tms;obimd-main-sdt0io3tms,src-obimd,licensed_for_repository,needs_human_component_review,2026-06-20
obs-comp-cand-002590,graphemic_component_candidate,corpus/003_graphemic-components/026_002501-002600_obs-comp-cand-bucket_component-candidates/2590_obs-comp-cand-002590_obimd-sub-azzc3gn9dj_component-candidate,obimd-sub-azzc3gn9dj,obimd-sub-azzc3gn9dj;obimd-main-sdt0io3tms,src-obimd,licensed_for_repository,needs_human_component_review,2026-06-20
obs-comp-cand-002591,graphemic_component_candidate,corpus/003_graphemic-components/026_002501-002600_obs-comp-cand-bucket_component-candidates/2591_obs-comp-cand-002591_obimd-sub-uu47abw0dl_component-candidate,obimd-sub-uu47abw0dl,obimd-sub-uu47abw0dl;obimd-main-uu47abw0dl,src-obimd,licensed_for_repository,needs_human_component_review,2026-06-20
obs-comp-cand-002592,graphemic_component_candidate,corpus/003_graphemic-components/026_002501-002600_obs-comp-cand-bucket_component-candidates/2592_obs-comp-cand-002592_obimd-sub-yns30oi0mq_component-candidate,obimd-sub-yns30oi0mq,obimd-sub-yns30oi0mq;obimd-main-uu47abw0dl,src-obimd,licensed_for_repository,needs_human_component_review,2026-06-20
obs-comp-cand-002593,graphemic_component_candidate,corpus/003_graphemic-components/026_002501-002600_obs-comp-cand-bucket_component-candidates/2593_obs-comp-cand-002593_obimd-sub-hi677d7dut_component-candidate,obimd-sub-hi677d7dut,obimd-sub-hi677d7dut;obimd-main-1md1xx6bfm,src-obimd,licensed_for_repository,needs_human_component_review,2026-06-20
obs-comp-cand-002594,graphemic_component_candidate,corpus/003_graphemic-components/026_002501-002600_obs-comp-cand-bucket_component-candidates/2594_obs-comp-cand-002594_obimd-sub-h1r681fij5_component-candidate,obimd-sub-h1r681fij5,obimd-sub-h1r681fij5;obimd-main-h1r681fij5,src-obimd,licensed_for_repository,needs_human_component_review,2026-06-20
obs-comp-cand-002595,graphemic_component_candidate,corpus/003_graphemic-components/026_002501-002600_obs-comp-cand-bucket_component-candidates/2595_obs-comp-cand-002595_obimd-sub-7lxndqnhv2_component-candidate,obimd-sub-7lxndqnhv2,obimd-sub-7lxndqnhv2;obimd-main-7lxndqnhv2,src-obimd,licensed_for_repository,needs_human_component_review,2026-06-20
obs-comp-cand-002596,graphemic_component_candidate,corpus/003_graphemic-components/026_002501-002600_obs-comp-cand-bucket_component-candidates/2596_obs-comp-cand-002596_obimd-sub-2kcssk11ho_component-candidate,obimd-sub-2kcssk11ho,obimd-sub-2kcssk11ho;obimd-main-2kcssk11ho,src-obimd,licensed_for_repository,needs_human_component_review,2026-06-20
obs-comp-cand-002597,graphemic_component_candidate,corpus/003_graphemic-components/026_002501-002600_obs-comp-cand-bucket_component-candidates/2597_obs-comp-cand-002597_obimd-sub-01lxg391at_component-candidate,obimd-sub-01lxg391at,obimd-sub-01lxg391at;obimd-main-01lxg391at,src-obimd,licensed_for_repository,needs_human_component_review,2026-06-20
obs-comp-cand-002598,graphemic_component_candidate,corpus/003_graphemic-components/026_002501-002600_obs-comp-cand-bucket_component-candidates/2598_obs-comp-cand-002598_obimd-sub-lsf2z6v5tj_component-candidate,obimd-sub-lsf2z6v5tj,obimd-sub-lsf2z6v5tj;obimd-main-lsf2z6v5tj,src-obimd,licensed_for_repository,needs_human_component_review,2026-06-20
obs-comp-cand-002599,graphemic_component_candidate,corpus/003_graphemic-components/026_002501-002600_obs-comp-cand-bucket_component-candidates/2599_obs-comp-cand-002599_obimd-sub-d1oyno57ys_component-candidate,obimd-sub-d1oyno57ys,obimd-sub-d1oyno57ys;obimd-main-d1oyno57ys,src-obimd,licensed_for_repository,needs_human_component_review,2026-06-20
obs-comp-cand-002600,graphemic_component_candidate,corpus/003_graphemic-components/026_002501-002600_obs-comp-cand-bucket_component-candidates/2600_obs-comp-cand-002600_obimd-sub-0dc9giy2yh_component-candidate,obimd-sub-0dc9giy2yh,obimd-sub-0dc9giy2yh;obimd-main-0dc9giy2yh,src-obimd,licensed_for_repository,needs_human_component_review,2026-06-20
obs-comp-cand-002601,graphemic_component_candidate,corpus/003_graphemic-components/027_002601-002700_obs-comp-cand-bucket_component-candidates/2601_obs-comp-cand-002601_obimd-sub-z5u5cghmkb_component-candidate,obimd-sub-z5u5cghmkb,obimd-sub-z5u5cghmkb;obimd-main-z5u5cghmkb,src-obimd,licensed_for_repository,needs_human_component_review,2026-06-20
obs-comp-cand-002602,graphemic_component_candidate,corpus/003_graphemic-components/027_002601-002700_obs-comp-cand-bucket_component-candidates/2602_obs-comp-cand-002602_obimd-sub-vyieqcw386_component-candidate,obimd-sub-vyieqcw386,obimd-sub-vyieqcw386;obimd-main-vyieqcw386,src-obimd,licensed_for_repository,needs_human_component_review,2026-06-20
obs-comp-cand-002603,graphemic_component_candidate,corpus/003_graphemic-components/027_002601-002700_obs-comp-cand-bucket_component-candidates/2603_obs-comp-cand-002603_obimd-sub-rc4d2ysdn3_component-candidate,obimd-sub-rc4d2ysdn3,obimd-sub-rc4d2ysdn3;obimd-main-rc4d2ysdn3,src-obimd,licensed_for_repository,needs_human_component_review,2026-06-20
obs-comp-cand-002604,graphemic_component_candidate,corpus/003_graphemic-components/027_002601-002700_obs-comp-cand-bucket_component-candidates/2604_obs-comp-cand-002604_obimd-sub-an8tdlt5m3_component-candidate,obimd-sub-an8tdlt5m3,obimd-sub-an8tdlt5m3;obimd-main-an8tdlt5m3,src-obimd,licensed_for_repository,needs_human_component_review,2026-06-20
obs-comp-cand-002605,graphemic_component_candidate,corpus/003_graphemic-components/027_002601-002700_obs-comp-cand-bucket_component-candidates/2605_obs-comp-cand-002605_obimd-sub-hkwq608ywv_component-candidate,obimd-sub-hkwq608ywv,obimd-sub-hkwq608ywv;obimd-main-hkwq608ywv,src-obimd,licensed_for_repository,needs_human_component_review,2026-06-20
obs-comp-cand-002606,graphemic_component_candidate,corpus/003_graphemic-components/027_002601-002700_obs-comp-cand-bucket_component-candidates/2606_obs-comp-cand-002606_obimd-sub-wbs71h9u0v_component-candidate,obimd-sub-wbs71h9u0v,obimd-sub-wbs71h9u0v;obimd-main-wbs71h9u0v,src-obimd,licensed_for_repository,needs_human_component_review,2026-06-20
obs-comp-cand-002607,graphemic_component_candidate,corpus/003_graphemic-components/027_002601-002700_obs-comp-cand-bucket_component-candidates/2607_obs-comp-cand-002607_obimd-sub-g7bwcljlcr_component-candidate,obimd-sub-g7bwcljlcr,obimd-sub-g7bwcljlcr;obimd-main-g7bwcljlcr,src-obimd,licensed_for_repository,needs_human_component_review,2026-06-20
obs-comp-cand-002608,graphemic_component_candidate,corpus/003_graphemic-components/027_002601-002700_obs-comp-cand-bucket_component-candidates/2608_obs-comp-cand-002608_obimd-sub-3eds7bimpz_component-candidate,obimd-sub-3eds7bimpz,obimd-sub-3eds7bimpz;obimd-main-3eds7bimpz,src-obimd,licensed_for_repository,needs_human_component_review,2026-06-20
obs-comp-cand-002609,graphemic_component_candidate,corpus/003_graphemic-components/027_002601-002700_obs-comp-cand-bucket_component-candidates/2609_obs-comp-cand-002609_obimd-sub-wanieo2pgb_component-candidate,obimd-sub-wanieo2pgb,obimd-sub-wanieo2pgb;obimd-main-wanieo2pgb,src-obimd,licensed_for_repository,needs_human_component_review,2026-06-20
obs-comp-cand-002610,graphemic_component_candidate,corpus/003_graphemic-components/027_002601-002700_obs-comp-cand-bucket_component-candidates/2610_obs-comp-cand-002610_obimd-sub-vx9o5k2lh9_component-candidate,obimd-sub-vx9o5k2lh9,obimd-sub-vx9o5k2lh9;obimd-main-vx9o5k2lh9,src-obimd,licensed_for_repository,needs_human_component_review,2026-06-20
obs-comp-cand-002611,graphemic_component_candidate,corpus/003_graphemic-components/027_002601-002700_obs-comp-cand-bucket_component-candidates/2611_obs-comp-cand-002611_obimd-sub-axc0e0c7le_component-candidate,obimd-sub-axc0e0c7le,obimd-sub-axc0e0c7le;obimd-main-axc0e0c7le,src-obimd,licensed_for_repository,needs_human_component_review,2026-06-20
obs-comp-cand-002612,graphemic_component_candidate,corpus/003_graphemic-components/027_002601-002700_obs-comp-cand-bucket_component-candidates/2612_obs-comp-cand-002612_obimd-sub-oipdyk6cbe_component-candidate,obimd-sub-oipdyk6cbe,obimd-sub-oipdyk6cbe;obimd-main-oipdyk6cbe,src-obimd,licensed_for_repository,needs_human_component_review,2026-06-20
obs-comp-cand-002613,graphemic_component_candidate,corpus/003_graphemic-components/027_002601-002700_obs-comp-cand-bucket_component-candidates/2613_obs-comp-cand-002613_obimd-sub-kwa7t0ray4_component-candidate,obimd-sub-kwa7t0ray4,obimd-sub-kwa7t0ray4;obimd-main-kwa7t0ray4,src-obimd,licensed_for_repository,needs_human_component_review,2026-06-20
obs-comp-cand-002614,graphemic_component_candidate,corpus/003_graphemic-components/027_002601-002700_obs-comp-cand-bucket_component-candidates/2614_obs-comp-cand-002614_obimd-sub-qahqpailwv_component-candidate,obimd-sub-qahqpailwv,obimd-sub-qahqpailwv;obimd-main-kwa7t0ray4,src-obimd,licensed_for_repository,needs_human_component_review,2026-06-20
obs-comp-cand-002615,graphemic_component_candidate,corpus/003_graphemic-components/027_002601-002700_obs-comp-cand-bucket_component-candidates/2615_obs-comp-cand-002615_obimd-sub-y8t8eyooox_component-candidate,obimd-sub-y8t8eyooox,obimd-sub-y8t8eyooox;obimd-main-y8t8eyooox,src-obimd,licensed_for_repository,needs_human_component_review,2026-06-20
obs-comp-cand-002616,graphemic_component_candidate,corpus/003_graphemic-components/027_002601-002700_obs-comp-cand-bucket_component-candidates/2616_obs-comp-cand-002616_obimd-sub-uwkjlomg44_component-candidate,obimd-sub-uwkjlomg44,obimd-sub-uwkjlomg44;obimd-main-uwkjlomg44,src-obimd,licensed_for_repository,needs_human_component_review,2026-06-20
obs-comp-cand-002617,graphemic_component_candidate,corpus/003_graphemic-components/027_002601-002700_obs-comp-cand-bucket_component-candidates/2617_obs-comp-cand-002617_obimd-sub-rbfxjlia3f_component-candidate,obimd-sub-rbfxjlia3f,obimd-sub-rbfxjlia3f;obimd-main-rbfxjlia3f,src-obimd,licensed_for_repository,needs_human_component_review,2026-06-20
obs-comp-cand-002618,graphemic_component_candidate,corpus/003_graphemic-components/027_002601-002700_obs-comp-cand-bucket_component-candidates/2618_obs-comp-cand-002618_obimd-sub-l2i17obgyi_component-candidate,obimd-sub-l2i17obgyi,obimd-sub-l2i17obgyi;obimd-main-l2i17obgyi,src-obimd,licensed_for_repository,needs_human_component_review,2026-06-20
obs-comp-cand-002619,graphemic_component_candidate,corpus/003_graphemic-components/027_002601-002700_obs-comp-cand-bucket_component-candidates/2619_obs-comp-cand-002619_obimd-sub-rdvw9ybvfu_component-candidate,obimd-sub-rdvw9ybvfu,obimd-sub-rdvw9ybvfu;obimd-main-l2i17obgyi,src-obimd,licensed_for_repository,needs_human_component_review,2026-06-20
obs-comp-cand-002620,graphemic_component_candidate,corpus/003_graphemic-components/027_002601-002700_obs-comp-cand-bucket_component-candidates/2620_obs-comp-cand-002620_obimd-sub-3ojubvieb2_component-candidate,obimd-sub-3ojubvieb2,obimd-sub-3ojubvieb2;obimd-main-3ojubvieb2,src-obimd,licensed_for_repository,needs_human_component_review,2026-06-20
obs-comp-cand-002621,graphemic_component_candidate,corpus/003_graphemic-components/027_002601-002700_obs-comp-cand-bucket_component-candidates/2621_obs-comp-cand-002621_obimd-sub-zqamwvhq33_component-candidate,obimd-sub-zqamwvhq33,obimd-sub-zqamwvhq33;obimd-main-zqamwvhq33,src-obimd,licensed_for_repository,needs_human_component_review,2026-06-20
obs-comp-cand-002622,graphemic_component_candidate,corpus/003_graphemic-components/027_002601-002700_obs-comp-cand-bucket_component-candidates/2622_obs-comp-cand-002622_obimd-sub-pm51g80ovr_component-candidate,obimd-sub-pm51g80ovr,obimd-sub-pm51g80ovr;obimd-main-zqamwvhq33,src-obimd,licensed_for_repository,needs_human_component_review,2026-06-20
obs-comp-cand-002623,graphemic_component_candidate,corpus/003_graphemic-components/027_002601-002700_obs-comp-cand-bucket_component-candidates/2623_obs-comp-cand-002623_obimd-sub-wo1cwyb0pt_component-candidate,obimd-sub-wo1cwyb0pt,obimd-sub-wo1cwyb0pt;obimd-main-wo1cwyb0pt,src-obimd,licensed_for_repository,needs_human_component_review,2026-06-20
obs-comp-cand-002624,graphemic_component_candidate,corpus/003_graphemic-components/027_002601-002700_obs-comp-cand-bucket_component-candidates/2624_obs-comp-cand-002624_obimd-sub-kqep0e5n7r_component-candidate,obimd-sub-kqep0e5n7r,obimd-sub-kqep0e5n7r;obimd-main-kqep0e5n7r,src-obimd,licensed_for_repository,needs_human_component_review,2026-06-20
obs-comp-cand-002625,graphemic_component_candidate,corpus/003_graphemic-components/027_002601-002700_obs-comp-cand-bucket_component-candidates/2625_obs-comp-cand-002625_obimd-sub-0tve12gh3k_component-candidate,obimd-sub-0tve12gh3k,obimd-sub-0tve12gh3k;obimd-main-kqep0e5n7r,src-obimd,licensed_for_repository,needs_human_component_review,2026-06-20
obs-comp-cand-002626,graphemic_component_candidate,corpus/003_graphemic-components/027_002601-002700_obs-comp-cand-bucket_component-candidates/2626_obs-comp-cand-002626_obimd-sub-x91qwoa597_component-candidate,obimd-sub-x91qwoa597,obimd-sub-x91qwoa597;obimd-main-x91qwoa597,src-obimd,licensed_for_repository,needs_human_component_review,2026-06-20
obs-comp-cand-002627,graphemic_component_candidate,corpus/003_graphemic-components/027_002601-002700_obs-comp-cand-bucket_component-candidates/2627_obs-comp-cand-002627_obimd-sub-lstx3iocs6_component-candidate,obimd-sub-lstx3iocs6,obimd-sub-lstx3iocs6;obimd-main-lstx3iocs6,src-obimd,licensed_for_repository,needs_human_component_review,2026-06-20
obs-comp-cand-002628,graphemic_component_candidate,corpus/003_graphemic-components/027_002601-002700_obs-comp-cand-bucket_component-candidates/2628_obs-comp-cand-002628_obimd-sub-b1pjnbqrdr_component-candidate,obimd-sub-b1pjnbqrdr,obimd-sub-b1pjnbqrdr;obimd-main-b1pjnbqrdr,src-obimd,licensed_for_repository,needs_human_component_review,2026-06-20
obs-comp-cand-002629,graphemic_component_candidate,corpus/003_graphemic-components/027_002601-002700_obs-comp-cand-bucket_component-candidates/2629_obs-comp-cand-002629_obimd-sub-yr4rr5qu3e_component-candidate,obimd-sub-yr4rr5qu3e,obimd-sub-yr4rr5qu3e;obimd-main-yr4rr5qu3e,src-obimd,licensed_for_repository,needs_human_component_review,2026-06-20
obs-comp-cand-002630,graphemic_component_candidate,corpus/003_graphemic-components/027_002601-002700_obs-comp-cand-bucket_component-candidates/2630_obs-comp-cand-002630_obimd-sub-wp76sl3xug_component-candidate,obimd-sub-wp76sl3xug,obimd-sub-wp76sl3xug;obimd-main-yr4rr5qu3e,src-obimd,licensed_for_repository,needs_human_component_review,2026-06-20
obs-comp-cand-002631,graphemic_component_candidate,corpus/003_graphemic-components/027_002601-002700_obs-comp-cand-bucket_component-candidates/2631_obs-comp-cand-002631_obimd-sub-g1dool8ykk_component-candidate,obimd-sub-g1dool8ykk,obimd-sub-g1dool8ykk;obimd-main-g1dool8ykk,src-obimd,licensed_for_repository,needs_human_component_review,2026-06-20
obs-comp-cand-002632,graphemic_component_candidate,corpus/003_graphemic-components/027_002601-002700_obs-comp-cand-bucket_component-candidates/2632_obs-comp-cand-002632_obimd-sub-9j574ajtba_component-candidate,obimd-sub-9j574ajtba,obimd-sub-9j574ajtba;obimd-main-9j574ajtba,src-obimd,licensed_for_repository,needs_human_component_review,2026-06-20
obs-comp-cand-002633,graphemic_component_candidate,corpus/003_graphemic-components/027_002601-002700_obs-comp-cand-bucket_component-candidates/2633_obs-comp-cand-002633_obimd-sub-nj42kxv7ks_component-candidate,obimd-sub-nj42kxv7ks,obimd-sub-nj42kxv7ks;obimd-main-nj42kxv7ks,src-obimd,licensed_for_repository,needs_human_component_review,2026-06-20
obs-comp-cand-002634,graphemic_component_candidate,corpus/003_graphemic-components/027_002601-002700_obs-comp-cand-bucket_component-candidates/2634_obs-comp-cand-002634_obimd-sub-1lm8w9z90v_component-candidate,obimd-sub-1lm8w9z90v,obimd-sub-1lm8w9z90v;obimd-main-1lm8w9z90v,src-obimd,licensed_for_repository,needs_human_component_review,2026-06-20
obs-comp-cand-002635,graphemic_component_candidate,corpus/003_graphemic-components/027_002601-002700_obs-comp-cand-bucket_component-candidates/2635_obs-comp-cand-002635_obimd-sub-e4zla8l7mn_component-candidate,obimd-sub-e4zla8l7mn,obimd-sub-e4zla8l7mn;obimd-main-e4zla8l7mn,src-obimd,licensed_for_repository,needs_human_component_review,2026-06-20
obs-comp-cand-002636,graphemic_component_candidate,corpus/003_graphemic-components/027_002601-002700_obs-comp-cand-bucket_component-candidates/2636_obs-comp-cand-002636_obimd-sub-kvocbcbsgv_component-candidate,obimd-sub-kvocbcbsgv,obimd-sub-kvocbcbsgv;obimd-main-kvocbcbsgv,src-obimd,licensed_for_repository,needs_human_component_review,2026-06-20
obs-comp-cand-002637,graphemic_component_candidate,corpus/003_graphemic-components/027_002601-002700_obs-comp-cand-bucket_component-candidates/2637_obs-comp-cand-002637_obimd-sub-wzqaeg6y2w_component-candidate,obimd-sub-wzqaeg6y2w,obimd-sub-wzqaeg6y2w;obimd-main-wzqaeg6y2w,src-obimd,licensed_for_repository,needs_human_component_review,2026-06-20
obs-comp-cand-002638,graphemic_component_candidate,corpus/003_graphemic-components/027_002601-002700_obs-comp-cand-bucket_component-candidates/2638_obs-comp-cand-002638_obimd-sub-faanf09q00_component-candidate,obimd-sub-faanf09q00,obimd-sub-faanf09q00;obimd-main-faanf09q00,src-obimd,licensed_for_repository,needs_human_component_review,2026-06-20
obs-comp-cand-002639,graphemic_component_candidate,corpus/003_graphemic-components/027_002601-002700_obs-comp-cand-bucket_component-candidates/2639_obs-comp-cand-002639_obimd-sub-mfe79ij88l_component-candidate,obimd-sub-mfe79ij88l,obimd-sub-mfe79ij88l;obimd-main-mfe79ij88l,src-obimd,licensed_for_repository,needs_human_component_review,2026-06-20
obs-comp-cand-002640,graphemic_component_candidate,corpus/003_graphemic-components/027_002601-002700_obs-comp-cand-bucket_component-candidates/2640_obs-comp-cand-002640_obimd-sub-lcxz62wrov_component-candidate,obimd-sub-lcxz62wrov,obimd-sub-lcxz62wrov;obimd-main-mfe79ij88l,src-obimd,licensed_for_repository,needs_human_component_review,2026-06-20
obs-comp-cand-002641,graphemic_component_candidate,corpus/003_graphemic-components/027_002601-002700_obs-comp-cand-bucket_component-candidates/2641_obs-comp-cand-002641_obimd-sub-e4tzcrlsl2_component-candidate,obimd-sub-e4tzcrlsl2,obimd-sub-e4tzcrlsl2;obimd-main-mfe79ij88l,src-obimd,licensed_for_repository,needs_human_component_review,2026-06-20
obs-comp-cand-002642,graphemic_component_candidate,corpus/003_graphemic-components/027_002601-002700_obs-comp-cand-bucket_component-candidates/2642_obs-comp-cand-002642_obimd-sub-zd6rk7oghq_component-candidate,obimd-sub-zd6rk7oghq,obimd-sub-zd6rk7oghq;obimd-main-zd6rk7oghq,src-obimd,licensed_for_repository,needs_human_component_review,2026-06-20
obs-comp-cand-002643,graphemic_component_candidate,corpus/003_graphemic-components/027_002601-002700_obs-comp-cand-bucket_component-candidates/2643_obs-comp-cand-002643_obimd-sub-ymikxh8lgo_component-candidate,obimd-sub-ymikxh8lgo,obimd-sub-ymikxh8lgo;obimd-main-ymikxh8lgo,src-obimd,licensed_for_repository,needs_human_component_review,2026-06-20
obs-comp-cand-002644,graphemic_component_candidate,corpus/003_graphemic-components/027_002601-002700_obs-comp-cand-bucket_component-candidates/2644_obs-comp-cand-002644_obimd-sub-gfha154t8w_component-candidate,obimd-sub-gfha154t8w,obimd-sub-gfha154t8w;obimd-main-gfha154t8w,src-obimd,licensed_for_repository,needs_human_component_review,2026-06-20
obs-comp-cand-002645,graphemic_component_candidate,corpus/003_graphemic-components/027_002601-002700_obs-comp-cand-bucket_component-candidates/2645_obs-comp-cand-002645_obimd-sub-fzioir534y_component-candidate,obimd-sub-fzioir534y,obimd-sub-fzioir534y;obimd-main-fzioir534y,src-obimd,licensed_for_repository,needs_human_component_review,2026-06-20
obs-comp-cand-002646,graphemic_component_candidate,corpus/003_graphemic-components/027_002601-002700_obs-comp-cand-bucket_component-candidates/2646_obs-comp-cand-002646_obimd-sub-xqp5uvd92d_component-candidate,obimd-sub-xqp5uvd92d,obimd-sub-xqp5uvd92d;obimd-main-xqp5uvd92d,src-obimd,licensed_for_repository,needs_human_component_review,2026-06-20
obs-comp-cand-002647,graphemic_component_candidate,corpus/003_graphemic-components/027_002601-002700_obs-comp-cand-bucket_component-candidates/2647_obs-comp-cand-002647_obimd-sub-lcolftissc_component-candidate,obimd-sub-lcolftissc,obimd-sub-lcolftissc;obimd-main-lcolftissc,src-obimd,licensed_for_repository,needs_human_component_review,2026-06-20
obs-comp-cand-002648,graphemic_component_candidate,corpus/003_graphemic-components/027_002601-002700_obs-comp-cand-bucket_component-candidates/2648_obs-comp-cand-002648_obimd-sub-73yt9u8bjs_component-candidate,obimd-sub-73yt9u8bjs,obimd-sub-73yt9u8bjs;obimd-main-lcolftissc,src-obimd,licensed_for_repository,needs_human_component_review,2026-06-20
obs-comp-cand-002649,graphemic_component_candidate,corpus/003_graphemic-components/027_002601-002700_obs-comp-cand-bucket_component-candidates/2649_obs-comp-cand-002649_obimd-sub-jupncpuwyt_component-candidate,obimd-sub-jupncpuwyt,obimd-sub-jupncpuwyt;obimd-main-jupncpuwyt,src-obimd,licensed_for_repository,needs_human_component_review,2026-06-20
obs-comp-cand-002650,graphemic_component_candidate,corpus/003_graphemic-components/027_002601-002700_obs-comp-cand-bucket_component-candidates/2650_obs-comp-cand-002650_obimd-sub-mrt5myvr4d_component-candidate,obimd-sub-mrt5myvr4d,obimd-sub-mrt5myvr4d;obimd-main-mrt5myvr4d,src-obimd,licensed_for_repository,needs_human_component_review,2026-06-20
obs-comp-cand-002651,graphemic_component_candidate,corpus/003_graphemic-components/027_002601-002700_obs-comp-cand-bucket_component-candidates/2651_obs-comp-cand-002651_obimd-sub-v4h7pminh1_component-candidate,obimd-sub-v4h7pminh1,obimd-sub-v4h7pminh1;obimd-main-v4h7pminh1,src-obimd,licensed_for_repository,needs_human_component_review,2026-06-20
obs-comp-cand-002652,graphemic_component_candidate,corpus/003_graphemic-components/027_002601-002700_obs-comp-cand-bucket_component-candidates/2652_obs-comp-cand-002652_obimd-sub-x5pirxmhdq_component-candidate,obimd-sub-x5pirxmhdq,obimd-sub-x5pirxmhdq;obimd-main-v4h7pminh1,src-obimd,licensed_for_repository,needs_human_component_review,2026-06-20
obs-comp-cand-002653,graphemic_component_candidate,corpus/003_graphemic-components/027_002601-002700_obs-comp-cand-bucket_component-candidates/2653_obs-comp-cand-002653_obimd-sub-qbd1goytzz_component-candidate,obimd-sub-qbd1goytzz,obimd-sub-qbd1goytzz;obimd-main-qbd1goytzz,src-obimd,licensed_for_repository,needs_human_component_review,2026-06-20
obs-comp-cand-002654,graphemic_component_candidate,corpus/003_graphemic-components/027_002601-002700_obs-comp-cand-bucket_component-candidates/2654_obs-comp-cand-002654_obimd-sub-ghswt6r5vl_component-candidate,obimd-sub-ghswt6r5vl,obimd-sub-ghswt6r5vl;obimd-main-ghswt6r5vl,src-obimd,licensed_for_repository,needs_human_component_review,2026-06-20
obs-comp-cand-002655,graphemic_component_candidate,corpus/003_graphemic-components/027_002601-002700_obs-comp-cand-bucket_component-candidates/2655_obs-comp-cand-002655_obimd-sub-m2cnbqdb8a_component-candidate,obimd-sub-m2cnbqdb8a,obimd-sub-m2cnbqdb8a;obimd-main-m2cnbqdb8a,src-obimd,licensed_for_repository,needs_human_component_review,2026-06-20
obs-comp-cand-002656,graphemic_component_candidate,corpus/003_graphemic-components/027_002601-002700_obs-comp-cand-bucket_component-candidates/2656_obs-comp-cand-002656_obimd-sub-zj1c75vf67_component-candidate,obimd-sub-zj1c75vf67,obimd-sub-zj1c75vf67;obimd-main-zj1c75vf67,src-obimd,licensed_for_repository,needs_human_component_review,2026-06-20
obs-comp-cand-002657,graphemic_component_candidate,corpus/003_graphemic-components/027_002601-002700_obs-comp-cand-bucket_component-candidates/2657_obs-comp-cand-002657_obimd-sub-xkmcvrx1mq_component-candidate,obimd-sub-xkmcvrx1mq,obimd-sub-xkmcvrx1mq;obimd-main-xkmcvrx1mq,src-obimd,licensed_for_repository,needs_human_component_review,2026-06-20
obs-comp-cand-002658,graphemic_component_candidate,corpus/003_graphemic-components/027_002601-002700_obs-comp-cand-bucket_component-candidates/2658_obs-comp-cand-002658_obimd-sub-vf7lmnbqi8_component-candidate,obimd-sub-vf7lmnbqi8,obimd-sub-vf7lmnbqi8;obimd-main-vf7lmnbqi8,src-obimd,licensed_for_repository,needs_human_component_review,2026-06-20
obs-comp-cand-002659,graphemic_component_candidate,corpus/003_graphemic-components/027_002601-002700_obs-comp-cand-bucket_component-candidates/2659_obs-comp-cand-002659_obimd-sub-3wj0t308sq_component-candidate,obimd-sub-3wj0t308sq,obimd-sub-3wj0t308sq;obimd-main-3wj0t308sq,src-obimd,licensed_for_repository,needs_human_component_review,2026-06-20
obs-comp-cand-002660,graphemic_component_candidate,corpus/003_graphemic-components/027_002601-002700_obs-comp-cand-bucket_component-candidates/2660_obs-comp-cand-002660_obimd-sub-tmhw6nvg5h_component-candidate,obimd-sub-tmhw6nvg5h,obimd-sub-tmhw6nvg5h;obimd-main-tmhw6nvg5h,src-obimd,licensed_for_repository,needs_human_component_review,2026-06-20
obs-comp-cand-002661,graphemic_component_candidate,corpus/003_graphemic-components/027_002601-002700_obs-comp-cand-bucket_component-candidates/2661_obs-comp-cand-002661_obimd-sub-6wbq2lxcre_component-candidate,obimd-sub-6wbq2lxcre,obimd-sub-6wbq2lxcre;obimd-main-6wbq2lxcre,src-obimd,licensed_for_repository,needs_human_component_review,2026-06-20
obs-comp-cand-002662,graphemic_component_candidate,corpus/003_graphemic-components/027_002601-002700_obs-comp-cand-bucket_component-candidates/2662_obs-comp-cand-002662_obimd-sub-x68c1lnsxf_component-candidate,obimd-sub-x68c1lnsxf,obimd-sub-x68c1lnsxf;obimd-main-x68c1lnsxf,src-obimd,licensed_for_repository,needs_human_component_review,2026-06-20
obs-comp-cand-002663,graphemic_component_candidate,corpus/003_graphemic-components/027_002601-002700_obs-comp-cand-bucket_component-candidates/2663_obs-comp-cand-002663_obimd-sub-m26yvo17yk_component-candidate,obimd-sub-m26yvo17yk,obimd-sub-m26yvo17yk;obimd-main-m26yvo17yk,src-obimd,licensed_for_repository,needs_human_component_review,2026-06-20
obs-comp-cand-002664,graphemic_component_candidate,corpus/003_graphemic-components/027_002601-002700_obs-comp-cand-bucket_component-candidates/2664_obs-comp-cand-002664_obimd-sub-fpcmpxa2fq_component-candidate,obimd-sub-fpcmpxa2fq,obimd-sub-fpcmpxa2fq;obimd-main-m26yvo17yk,src-obimd,licensed_for_repository,needs_human_component_review,2026-06-20
obs-comp-cand-002665,graphemic_component_candidate,corpus/003_graphemic-components/027_002601-002700_obs-comp-cand-bucket_component-candidates/2665_obs-comp-cand-002665_obimd-sub-33cdlwuhk3_component-candidate,obimd-sub-33cdlwuhk3,obimd-sub-33cdlwuhk3;obimd-main-33cdlwuhk3,src-obimd,licensed_for_repository,needs_human_component_review,2026-06-20
obs-comp-cand-002666,graphemic_component_candidate,corpus/003_graphemic-components/027_002601-002700_obs-comp-cand-bucket_component-candidates/2666_obs-comp-cand-002666_obimd-sub-rtosgwch6q_component-candidate,obimd-sub-rtosgwch6q,obimd-sub-rtosgwch6q;obimd-main-rtosgwch6q,src-obimd,licensed_for_repository,needs_human_component_review,2026-06-20
obs-comp-cand-002667,graphemic_component_candidate,corpus/003_graphemic-components/027_002601-002700_obs-comp-cand-bucket_component-candidates/2667_obs-comp-cand-002667_obimd-sub-j3udeg3n9j_component-candidate,obimd-sub-j3udeg3n9j,obimd-sub-j3udeg3n9j;obimd-main-rtosgwch6q,src-obimd,licensed_for_repository,needs_human_component_review,2026-06-20
obs-comp-cand-002668,graphemic_component_candidate,corpus/003_graphemic-components/027_002601-002700_obs-comp-cand-bucket_component-candidates/2668_obs-comp-cand-002668_obimd-sub-40egrp3age_component-candidate,obimd-sub-40egrp3age,obimd-sub-40egrp3age;obimd-main-40egrp3age,src-obimd,licensed_for_repository,needs_human_component_review,2026-06-20
obs-comp-cand-002669,graphemic_component_candidate,corpus/003_graphemic-components/027_002601-002700_obs-comp-cand-bucket_component-candidates/2669_obs-comp-cand-002669_obimd-sub-d3afiaj868_component-candidate,obimd-sub-d3afiaj868,obimd-sub-d3afiaj868;obimd-main-d3afiaj868,src-obimd,licensed_for_repository,needs_human_component_review,2026-06-20
obs-comp-cand-002670,graphemic_component_candidate,corpus/003_graphemic-components/027_002601-002700_obs-comp-cand-bucket_component-candidates/2670_obs-comp-cand-002670_obimd-sub-49wngttuec_component-candidate,obimd-sub-49wngttuec,obimd-sub-49wngttuec;obimd-main-49wngttuec,src-obimd,licensed_for_repository,needs_human_component_review,2026-06-20
obs-comp-cand-002671,graphemic_component_candidate,corpus/003_graphemic-components/027_002601-002700_obs-comp-cand-bucket_component-candidates/2671_obs-comp-cand-002671_obimd-sub-0bt4dl1f49_component-candidate,obimd-sub-0bt4dl1f49,obimd-sub-0bt4dl1f49;obimd-main-0bt4dl1f49,src-obimd,licensed_for_repository,needs_human_component_review,2026-06-20
obs-comp-cand-002672,graphemic_component_candidate,corpus/003_graphemic-components/027_002601-002700_obs-comp-cand-bucket_component-candidates/2672_obs-comp-cand-002672_obimd-sub-wio5uzi5pv_component-candidate,obimd-sub-wio5uzi5pv,obimd-sub-wio5uzi5pv;obimd-main-wio5uzi5pv,src-obimd,licensed_for_repository,needs_human_component_review,2026-06-20
obs-comp-cand-002673,graphemic_component_candidate,corpus/003_graphemic-components/027_002601-002700_obs-comp-cand-bucket_component-candidates/2673_obs-comp-cand-002673_obimd-sub-htn7736sjm_component-candidate,obimd-sub-htn7736sjm,obimd-sub-htn7736sjm;obimd-main-htn7736sjm,src-obimd,licensed_for_repository,needs_human_component_review,2026-06-20
obs-comp-cand-002674,graphemic_component_candidate,corpus/003_graphemic-components/027_002601-002700_obs-comp-cand-bucket_component-candidates/2674_obs-comp-cand-002674_obimd-sub-e9tplbqz9l_component-candidate,obimd-sub-e9tplbqz9l,obimd-sub-e9tplbqz9l;obimd-main-e9tplbqz9l,src-obimd,licensed_for_repository,needs_human_component_review,2026-06-20
obs-comp-cand-002675,graphemic_component_candidate,corpus/003_graphemic-components/027_002601-002700_obs-comp-cand-bucket_component-candidates/2675_obs-comp-cand-002675_obimd-sub-sff3srqzre_component-candidate,obimd-sub-sff3srqzre,obimd-sub-sff3srqzre;obimd-main-sff3srqzre,src-obimd,licensed_for_repository,needs_human_component_review,2026-06-20
obs-comp-cand-002676,graphemic_component_candidate,corpus/003_graphemic-components/027_002601-002700_obs-comp-cand-bucket_component-candidates/2676_obs-comp-cand-002676_obimd-sub-jn50sa0z7r_component-candidate,obimd-sub-jn50sa0z7r,obimd-sub-jn50sa0z7r;obimd-main-jn50sa0z7r,src-obimd,licensed_for_repository,needs_human_component_review,2026-06-20
obs-comp-cand-002677,graphemic_component_candidate,corpus/003_graphemic-components/027_002601-002700_obs-comp-cand-bucket_component-candidates/2677_obs-comp-cand-002677_obimd-sub-vh510bocta_component-candidate,obimd-sub-vh510bocta,obimd-sub-vh510bocta;obimd-main-vh510bocta,src-obimd,licensed_for_repository,needs_human_component_review,2026-06-20
obs-comp-cand-002678,graphemic_component_candidate,corpus/003_graphemic-components/027_002601-002700_obs-comp-cand-bucket_component-candidates/2678_obs-comp-cand-002678_obimd-sub-74isp0z9bg_component-candidate,obimd-sub-74isp0z9bg,obimd-sub-74isp0z9bg;obimd-main-vh510bocta,src-obimd,licensed_for_repository,needs_human_component_review,2026-06-20
obs-comp-cand-002679,graphemic_component_candidate,corpus/003_graphemic-components/027_002601-002700_obs-comp-cand-bucket_component-candidates/2679_obs-comp-cand-002679_obimd-sub-2d0e97b93g_component-candidate,obimd-sub-2d0e97b93g,obimd-sub-2d0e97b93g;obimd-main-2d0e97b93g,src-obimd,licensed_for_repository,needs_human_component_review,2026-06-20
obs-comp-cand-002680,graphemic_component_candidate,corpus/003_graphemic-components/027_002601-002700_obs-comp-cand-bucket_component-candidates/2680_obs-comp-cand-002680_obimd-sub-o9mnopmdba_component-candidate,obimd-sub-o9mnopmdba,obimd-sub-o9mnopmdba;obimd-main-o9mnopmdba,src-obimd,licensed_for_repository,needs_human_component_review,2026-06-20
obs-comp-cand-002681,graphemic_component_candidate,corpus/003_graphemic-components/027_002601-002700_obs-comp-cand-bucket_component-candidates/2681_obs-comp-cand-002681_obimd-sub-tur8btuhld_component-candidate,obimd-sub-tur8btuhld,obimd-sub-tur8btuhld;obimd-main-tur8btuhld,src-obimd,licensed_for_repository,needs_human_component_review,2026-06-20
obs-comp-cand-002682,graphemic_component_candidate,corpus/003_graphemic-components/027_002601-002700_obs-comp-cand-bucket_component-candidates/2682_obs-comp-cand-002682_obimd-sub-econ137w5q_component-candidate,obimd-sub-econ137w5q,obimd-sub-econ137w5q;obimd-main-econ137w5q,src-obimd,licensed_for_repository,needs_human_component_review,2026-06-20
obs-comp-cand-002683,graphemic_component_candidate,corpus/003_graphemic-components/027_002601-002700_obs-comp-cand-bucket_component-candidates/2683_obs-comp-cand-002683_obimd-sub-murkq2p90n_component-candidate,obimd-sub-murkq2p90n,obimd-sub-murkq2p90n;obimd-main-econ137w5q,src-obimd,licensed_for_repository,needs_human_component_review,2026-06-20
obs-comp-cand-002684,graphemic_component_candidate,corpus/003_graphemic-components/027_002601-002700_obs-comp-cand-bucket_component-candidates/2684_obs-comp-cand-002684_obimd-sub-a0vs6rahan_component-candidate,obimd-sub-a0vs6rahan,obimd-sub-a0vs6rahan;obimd-main-q5gaaxmql4,src-obimd,licensed_for_repository,needs_human_component_review,2026-06-20
obs-comp-cand-002685,graphemic_component_candidate,corpus/003_graphemic-components/027_002601-002700_obs-comp-cand-bucket_component-candidates/2685_obs-comp-cand-002685_obimd-sub-0tvekrqwv1_component-candidate,obimd-sub-0tvekrqwv1,obimd-sub-0tvekrqwv1;obimd-main-0tvekrqwv1,src-obimd,licensed_for_repository,needs_human_component_review,2026-06-20
obs-comp-cand-002686,graphemic_component_candidate,corpus/003_graphemic-components/027_002601-002700_obs-comp-cand-bucket_component-candidates/2686_obs-comp-cand-002686_obimd-sub-hoh508yntk_component-candidate,obimd-sub-hoh508yntk,obimd-sub-hoh508yntk;obimd-main-hoh508yntk,src-obimd,licensed_for_repository,needs_human_component_review,2026-06-20
obs-comp-cand-002687,graphemic_component_candidate,corpus/003_graphemic-components/027_002601-002700_obs-comp-cand-bucket_component-candidates/2687_obs-comp-cand-002687_obimd-sub-f5ajf2opaf_component-candidate,obimd-sub-f5ajf2opaf,obimd-sub-f5ajf2opaf;obimd-main-f5ajf2opaf,src-obimd,licensed_for_repository,needs_human_component_review,2026-06-20
obs-comp-cand-002688,graphemic_component_candidate,corpus/003_graphemic-components/027_002601-002700_obs-comp-cand-bucket_component-candidates/2688_obs-comp-cand-002688_obimd-sub-khxvl4gc8r_component-candidate,obimd-sub-khxvl4gc8r,obimd-sub-khxvl4gc8r;obimd-main-khxvl4gc8r,src-obimd,licensed_for_repository,needs_human_component_review,2026-06-20
obs-comp-cand-002689,graphemic_component_candidate,corpus/003_graphemic-components/027_002601-002700_obs-comp-cand-bucket_component-candidates/2689_obs-comp-cand-002689_obimd-sub-e658trpvpa_component-candidate,obimd-sub-e658trpvpa,obimd-sub-e658trpvpa;obimd-main-e658trpvpa,src-obimd,licensed_for_repository,needs_human_component_review,2026-06-20
obs-comp-cand-002690,graphemic_component_candidate,corpus/003_graphemic-components/027_002601-002700_obs-comp-cand-bucket_component-candidates/2690_obs-comp-cand-002690_obimd-sub-uoh6yyyf8h_component-candidate,obimd-sub-uoh6yyyf8h,obimd-sub-uoh6yyyf8h;obimd-main-uoh6yyyf8h,src-obimd,licensed_for_repository,needs_human_component_review,2026-06-20
obs-comp-cand-002691,graphemic_component_candidate,corpus/003_graphemic-components/027_002601-002700_obs-comp-cand-bucket_component-candidates/2691_obs-comp-cand-002691_obimd-sub-ulfvn5xmgm_component-candidate,obimd-sub-ulfvn5xmgm,obimd-sub-ulfvn5xmgm;obimd-main-ulfvn5xmgm,src-obimd,licensed_for_repository,needs_human_component_review,2026-06-20
obs-comp-cand-002692,graphemic_component_candidate,corpus/003_graphemic-components/027_002601-002700_obs-comp-cand-bucket_component-candidates/2692_obs-comp-cand-002692_obimd-sub-f7v2h4cqc1_component-candidate,obimd-sub-f7v2h4cqc1,obimd-sub-f7v2h4cqc1;obimd-main-f7v2h4cqc1,src-obimd,licensed_for_repository,needs_human_component_review,2026-06-20
obs-comp-cand-002693,graphemic_component_candidate,corpus/003_graphemic-components/027_002601-002700_obs-comp-cand-bucket_component-candidates/2693_obs-comp-cand-002693_obimd-sub-gbq6n25ye0_component-candidate,obimd-sub-gbq6n25ye0,obimd-sub-gbq6n25ye0;obimd-main-gbq6n25ye0,src-obimd,licensed_for_repository,needs_human_component_review,2026-06-20
obs-comp-cand-002694,graphemic_component_candidate,corpus/003_graphemic-components/027_002601-002700_obs-comp-cand-bucket_component-candidates/2694_obs-comp-cand-002694_obimd-sub-uoe8sjxm4h_component-candidate,obimd-sub-uoe8sjxm4h,obimd-sub-uoe8sjxm4h;obimd-main-uoe8sjxm4h,src-obimd,licensed_for_repository,needs_human_component_review,2026-06-20
obs-comp-cand-002695,graphemic_component_candidate,corpus/003_graphemic-components/027_002601-002700_obs-comp-cand-bucket_component-candidates/2695_obs-comp-cand-002695_obimd-sub-vpkyna241n_component-candidate,obimd-sub-vpkyna241n,obimd-sub-vpkyna241n;obimd-main-vpkyna241n,src-obimd,licensed_for_repository,needs_human_component_review,2026-06-20
obs-comp-cand-002696,graphemic_component_candidate,corpus/003_graphemic-components/027_002601-002700_obs-comp-cand-bucket_component-candidates/2696_obs-comp-cand-002696_obimd-sub-4ctd3fq57q_component-candidate,obimd-sub-4ctd3fq57q,obimd-sub-4ctd3fq57q;obimd-main-4ctd3fq57q,src-obimd,licensed_for_repository,needs_human_component_review,2026-06-20
obs-comp-cand-002697,graphemic_component_candidate,corpus/003_graphemic-components/027_002601-002700_obs-comp-cand-bucket_component-candidates/2697_obs-comp-cand-002697_obimd-sub-5maxp2o3xc_component-candidate,obimd-sub-5maxp2o3xc,obimd-sub-5maxp2o3xc;obimd-main-5maxp2o3xc,src-obimd,licensed_for_repository,needs_human_component_review,2026-06-20
obs-comp-cand-002698,graphemic_component_candidate,corpus/003_graphemic-components/027_002601-002700_obs-comp-cand-bucket_component-candidates/2698_obs-comp-cand-002698_obimd-sub-2fl1ip4ifr_component-candidate,obimd-sub-2fl1ip4ifr,obimd-sub-2fl1ip4ifr;obimd-main-2fl1ip4ifr,src-obimd,licensed_for_repository,needs_human_component_review,2026-06-20
obs-comp-cand-002699,graphemic_component_candidate,corpus/003_graphemic-components/027_002601-002700_obs-comp-cand-bucket_component-candidates/2699_obs-comp-cand-002699_obimd-sub-5tqallyce2_component-candidate,obimd-sub-5tqallyce2,obimd-sub-5tqallyce2;obimd-main-5tqallyce2,src-obimd,licensed_for_repository,needs_human_component_review,2026-06-20
obs-comp-cand-002700,graphemic_component_candidate,corpus/003_graphemic-components/027_002601-002700_obs-comp-cand-bucket_component-candidates/2700_obs-comp-cand-002700_obimd-sub-3eglymq80r_component-candidate,obimd-sub-3eglymq80r,obimd-sub-3eglymq80r;obimd-main-3eglymq80r,src-obimd,licensed_for_repository,needs_human_component_review,2026-06-20
obs-comp-cand-002701,graphemic_component_candidate,corpus/003_graphemic-components/028_002701-002800_obs-comp-cand-bucket_component-candidates/2701_obs-comp-cand-002701_obimd-sub-n4zypvvycn_component-candidate,obimd-sub-n4zypvvycn,obimd-sub-n4zypvvycn;obimd-main-n4zypvvycn,src-obimd,licensed_for_repository,needs_human_component_review,2026-06-20
obs-comp-cand-002702,graphemic_component_candidate,corpus/003_graphemic-components/028_002701-002800_obs-comp-cand-bucket_component-candidates/2702_obs-comp-cand-002702_obimd-sub-syc1ih4v1p_component-candidate,obimd-sub-syc1ih4v1p,obimd-sub-syc1ih4v1p;obimd-main-syc1ih4v1p,src-obimd,licensed_for_repository,needs_human_component_review,2026-06-20
obs-comp-cand-002703,graphemic_component_candidate,corpus/003_graphemic-components/028_002701-002800_obs-comp-cand-bucket_component-candidates/2703_obs-comp-cand-002703_obimd-sub-dnhrcp6pao_component-candidate,obimd-sub-dnhrcp6pao,obimd-sub-dnhrcp6pao;obimd-main-dnhrcp6pao,src-obimd,licensed_for_repository,needs_human_component_review,2026-06-20
obs-comp-cand-002704,graphemic_component_candidate,corpus/003_graphemic-components/028_002701-002800_obs-comp-cand-bucket_component-candidates/2704_obs-comp-cand-002704_obimd-sub-onvfob000r_component-candidate,obimd-sub-onvfob000r,obimd-sub-onvfob000r;obimd-main-onvfob000r,src-obimd,licensed_for_repository,needs_human_component_review,2026-06-20
obs-comp-cand-002705,graphemic_component_candidate,corpus/003_graphemic-components/028_002701-002800_obs-comp-cand-bucket_component-candidates/2705_obs-comp-cand-002705_obimd-sub-txwb6uz3dl_component-candidate,obimd-sub-txwb6uz3dl,obimd-sub-txwb6uz3dl;obimd-main-txwb6uz3dl,src-obimd,licensed_for_repository,needs_human_component_review,2026-06-20
obs-comp-cand-002706,graphemic_component_candidate,corpus/003_graphemic-components/028_002701-002800_obs-comp-cand-bucket_component-candidates/2706_obs-comp-cand-002706_obimd-sub-8vs5o45xc7_component-candidate,obimd-sub-8vs5o45xc7,obimd-sub-8vs5o45xc7;obimd-main-8vs5o45xc7,src-obimd,licensed_for_repository,needs_human_component_review,2026-06-20
obs-comp-cand-002707,graphemic_component_candidate,corpus/003_graphemic-components/028_002701-002800_obs-comp-cand-bucket_component-candidates/2707_obs-comp-cand-002707_obimd-sub-f7v4x0bn28_component-candidate,obimd-sub-f7v4x0bn28,obimd-sub-f7v4x0bn28;obimd-main-f7v4x0bn28,src-obimd,licensed_for_repository,needs_human_component_review,2026-06-20
obs-comp-cand-002708,graphemic_component_candidate,corpus/003_graphemic-components/028_002701-002800_obs-comp-cand-bucket_component-candidates/2708_obs-comp-cand-002708_obimd-sub-amjxzogjym_component-candidate,obimd-sub-amjxzogjym,obimd-sub-amjxzogjym;obimd-main-amjxzogjym,src-obimd,licensed_for_repository,needs_human_component_review,2026-06-20
obs-comp-cand-002709,graphemic_component_candidate,corpus/003_graphemic-components/028_002701-002800_obs-comp-cand-bucket_component-candidates/2709_obs-comp-cand-002709_obimd-sub-b8fbfuqs4s_component-candidate,obimd-sub-b8fbfuqs4s,obimd-sub-b8fbfuqs4s;obimd-main-b8fbfuqs4s,src-obimd,licensed_for_repository,needs_human_component_review,2026-06-20
obs-comp-cand-002710,graphemic_component_candidate,corpus/003_graphemic-components/028_002701-002800_obs-comp-cand-bucket_component-candidates/2710_obs-comp-cand-002710_obimd-sub-x0djmmux2b_component-candidate,obimd-sub-x0djmmux2b,obimd-sub-x0djmmux2b;obimd-main-x0djmmux2b,src-obimd,licensed_for_repository,needs_human_component_review,2026-06-20
obs-comp-cand-002711,graphemic_component_candidate,corpus/003_graphemic-components/028_002701-002800_obs-comp-cand-bucket_component-candidates/2711_obs-comp-cand-002711_obimd-sub-d5n724qriv_component-candidate,obimd-sub-d5n724qriv,obimd-sub-d5n724qriv;obimd-main-d5n724qriv,src-obimd,licensed_for_repository,needs_human_component_review,2026-06-20
obs-comp-cand-002712,graphemic_component_candidate,corpus/003_graphemic-components/028_002701-002800_obs-comp-cand-bucket_component-candidates/2712_obs-comp-cand-002712_obimd-sub-o7sz2gn8ep_component-candidate,obimd-sub-o7sz2gn8ep,obimd-sub-o7sz2gn8ep;obimd-main-o7sz2gn8ep,src-obimd,licensed_for_repository,needs_human_component_review,2026-06-20
obs-comp-cand-002713,graphemic_component_candidate,corpus/003_graphemic-components/028_002701-002800_obs-comp-cand-bucket_component-candidates/2713_obs-comp-cand-002713_obimd-sub-xq3vzel7mw_component-candidate,obimd-sub-xq3vzel7mw,obimd-sub-xq3vzel7mw;obimd-main-xq3vzel7mw,src-obimd,licensed_for_repository,needs_human_component_review,2026-06-20
obs-comp-cand-002714,graphemic_component_candidate,corpus/003_graphemic-components/028_002701-002800_obs-comp-cand-bucket_component-candidates/2714_obs-comp-cand-002714_obimd-sub-1gypkp7d7r_component-candidate,obimd-sub-1gypkp7d7r,obimd-sub-1gypkp7d7r;obimd-main-1gypkp7d7r,src-obimd,licensed_for_repository,needs_human_component_review,2026-06-20
obs-comp-cand-002715,graphemic_component_candidate,corpus/003_graphemic-components/028_002701-002800_obs-comp-cand-bucket_component-candidates/2715_obs-comp-cand-002715_obimd-sub-7835wu5opl_component-candidate,obimd-sub-7835wu5opl,obimd-sub-7835wu5opl;obimd-main-1gypkp7d7r,src-obimd,licensed_for_repository,needs_human_component_review,2026-06-20
obs-comp-cand-002716,graphemic_component_candidate,corpus/003_graphemic-components/028_002701-002800_obs-comp-cand-bucket_component-candidates/2716_obs-comp-cand-002716_obimd-sub-ilkg1bbhki_component-candidate,obimd-sub-ilkg1bbhki,obimd-sub-ilkg1bbhki;obimd-main-ilkg1bbhki,src-obimd,licensed_for_repository,needs_human_component_review,2026-06-20
obs-comp-cand-002717,graphemic_component_candidate,corpus/003_graphemic-components/028_002701-002800_obs-comp-cand-bucket_component-candidates/2717_obs-comp-cand-002717_obimd-sub-hdyubeknoa_component-candidate,obimd-sub-hdyubeknoa,obimd-sub-hdyubeknoa;obimd-main-hdyubeknoa,src-obimd,licensed_for_repository,needs_human_component_review,2026-06-20
obs-comp-cand-002718,graphemic_component_candidate,corpus/003_graphemic-components/028_002701-002800_obs-comp-cand-bucket_component-candidates/2718_obs-comp-cand-002718_obimd-sub-4qfwqu4skq_component-candidate,obimd-sub-4qfwqu4skq,obimd-sub-4qfwqu4skq;obimd-main-hdyubeknoa,src-obimd,licensed_for_repository,needs_human_component_review,2026-06-20
obs-comp-cand-002719,graphemic_component_candidate,corpus/003_graphemic-components/028_002701-002800_obs-comp-cand-bucket_component-candidates/2719_obs-comp-cand-002719_obimd-sub-blnw7kod24_component-candidate,obimd-sub-blnw7kod24,obimd-sub-blnw7kod24;obimd-main-hdyubeknoa,src-obimd,licensed_for_repository,needs_human_component_review,2026-06-20
obs-comp-cand-002720,graphemic_component_candidate,corpus/003_graphemic-components/028_002701-002800_obs-comp-cand-bucket_component-candidates/2720_obs-comp-cand-002720_obimd-sub-mmknbwc3qf_component-candidate,obimd-sub-mmknbwc3qf,obimd-sub-mmknbwc3qf;obimd-main-mmknbwc3qf,src-obimd,licensed_for_repository,needs_human_component_review,2026-06-20
obs-comp-cand-002721,graphemic_component_candidate,corpus/003_graphemic-components/028_002701-002800_obs-comp-cand-bucket_component-candidates/2721_obs-comp-cand-002721_obimd-sub-64um7iv24n_component-candidate,obimd-sub-64um7iv24n,obimd-sub-64um7iv24n;obimd-main-64um7iv24n,src-obimd,licensed_for_repository,needs_human_component_review,2026-06-20
obs-comp-cand-002722,graphemic_component_candidate,corpus/003_graphemic-components/028_002701-002800_obs-comp-cand-bucket_component-candidates/2722_obs-comp-cand-002722_obimd-sub-ak5swmi6nj_component-candidate,obimd-sub-ak5swmi6nj,obimd-sub-ak5swmi6nj;obimd-main-ak5swmi6nj,src-obimd,licensed_for_repository,needs_human_component_review,2026-06-20
obs-comp-cand-002723,graphemic_component_candidate,corpus/003_graphemic-components/028_002701-002800_obs-comp-cand-bucket_component-candidates/2723_obs-comp-cand-002723_obimd-sub-xjszizqtbx_component-candidate,obimd-sub-xjszizqtbx,obimd-sub-xjszizqtbx;obimd-main-xjszizqtbx,src-obimd,licensed_for_repository,needs_human_component_review,2026-06-20
obs-comp-cand-002724,graphemic_component_candidate,corpus/003_graphemic-components/028_002701-002800_obs-comp-cand-bucket_component-candidates/2724_obs-comp-cand-002724_obimd-sub-rd28uz2wuy_component-candidate,obimd-sub-rd28uz2wuy,obimd-sub-rd28uz2wuy;obimd-main-rd28uz2wuy,src-obimd,licensed_for_repository,needs_human_component_review,2026-06-20
obs-comp-cand-002725,graphemic_component_candidate,corpus/003_graphemic-components/028_002701-002800_obs-comp-cand-bucket_component-candidates/2725_obs-comp-cand-002725_obimd-sub-uj5cin0oda_component-candidate,obimd-sub-uj5cin0oda,obimd-sub-uj5cin0oda;obimd-main-uj5cin0oda,src-obimd,licensed_for_repository,needs_human_component_review,2026-06-20
obs-comp-cand-002726,graphemic_component_candidate,corpus/003_graphemic-components/028_002701-002800_obs-comp-cand-bucket_component-candidates/2726_obs-comp-cand-002726_obimd-sub-49vx0nuuv7_component-candidate,obimd-sub-49vx0nuuv7,obimd-sub-49vx0nuuv7;obimd-main-49vx0nuuv7,src-obimd,licensed_for_repository,needs_human_component_review,2026-06-20
obs-comp-cand-002727,graphemic_component_candidate,corpus/003_graphemic-components/028_002701-002800_obs-comp-cand-bucket_component-candidates/2727_obs-comp-cand-002727_obimd-sub-zzca4ye7cv_component-candidate,obimd-sub-zzca4ye7cv,obimd-sub-zzca4ye7cv;obimd-main-zzca4ye7cv,src-obimd,licensed_for_repository,needs_human_component_review,2026-06-20
obs-comp-cand-002728,graphemic_component_candidate,corpus/003_graphemic-components/028_002701-002800_obs-comp-cand-bucket_component-candidates/2728_obs-comp-cand-002728_obimd-sub-ao967xr7u7_component-candidate,obimd-sub-ao967xr7u7,obimd-sub-ao967xr7u7;obimd-main-ao967xr7u7,src-obimd,licensed_for_repository,needs_human_component_review,2026-06-20
obs-comp-cand-002729,graphemic_component_candidate,corpus/003_graphemic-components/028_002701-002800_obs-comp-cand-bucket_component-candidates/2729_obs-comp-cand-002729_obimd-sub-ef1nwshoqj_component-candidate,obimd-sub-ef1nwshoqj,obimd-sub-ef1nwshoqj;obimd-main-ef1nwshoqj,src-obimd,licensed_for_repository,needs_human_component_review,2026-06-20
obs-comp-cand-002730,graphemic_component_candidate,corpus/003_graphemic-components/028_002701-002800_obs-comp-cand-bucket_component-candidates/2730_obs-comp-cand-002730_obimd-sub-rz66emtdwq_component-candidate,obimd-sub-rz66emtdwq,obimd-sub-rz66emtdwq;obimd-main-rz66emtdwq,src-obimd,licensed_for_repository,needs_human_component_review,2026-06-20
obs-comp-cand-002731,graphemic_component_candidate,corpus/003_graphemic-components/028_002701-002800_obs-comp-cand-bucket_component-candidates/2731_obs-comp-cand-002731_obimd-sub-3hnh7lscve_component-candidate,obimd-sub-3hnh7lscve,obimd-sub-3hnh7lscve;obimd-main-3hnh7lscve,src-obimd,licensed_for_repository,needs_human_component_review,2026-06-20
obs-comp-cand-002732,graphemic_component_candidate,corpus/003_graphemic-components/028_002701-002800_obs-comp-cand-bucket_component-candidates/2732_obs-comp-cand-002732_obimd-sub-i2gqabmuv4_component-candidate,obimd-sub-i2gqabmuv4,obimd-sub-i2gqabmuv4;obimd-main-i2gqabmuv4,src-obimd,licensed_for_repository,needs_human_component_review,2026-06-20
obs-comp-cand-002733,graphemic_component_candidate,corpus/003_graphemic-components/028_002701-002800_obs-comp-cand-bucket_component-candidates/2733_obs-comp-cand-002733_obimd-sub-sc05m6ppyd_component-candidate,obimd-sub-sc05m6ppyd,obimd-sub-sc05m6ppyd;obimd-main-sc05m6ppyd,src-obimd,licensed_for_repository,needs_human_component_review,2026-06-20
obs-comp-cand-002734,graphemic_component_candidate,corpus/003_graphemic-components/028_002701-002800_obs-comp-cand-bucket_component-candidates/2734_obs-comp-cand-002734_obimd-sub-ozlj879y4f_component-candidate,obimd-sub-ozlj879y4f,obimd-sub-ozlj879y4f;obimd-main-ozlj879y4f,src-obimd,licensed_for_repository,needs_human_component_review,2026-06-20
obs-comp-cand-002735,graphemic_component_candidate,corpus/003_graphemic-components/028_002701-002800_obs-comp-cand-bucket_component-candidates/2735_obs-comp-cand-002735_obimd-sub-mqipc27l8m_component-candidate,obimd-sub-mqipc27l8m,obimd-sub-mqipc27l8m;obimd-main-ozlj879y4f,src-obimd,licensed_for_repository,needs_human_component_review,2026-06-20
obs-comp-cand-002736,graphemic_component_candidate,corpus/003_graphemic-components/028_002701-002800_obs-comp-cand-bucket_component-candidates/2736_obs-comp-cand-002736_obimd-sub-5kt0ywwp4z_component-candidate,obimd-sub-5kt0ywwp4z,obimd-sub-5kt0ywwp4z;obimd-main-5kt0ywwp4z,src-obimd,licensed_for_repository,needs_human_component_review,2026-06-20
obs-comp-cand-002737,graphemic_component_candidate,corpus/003_graphemic-components/028_002701-002800_obs-comp-cand-bucket_component-candidates/2737_obs-comp-cand-002737_obimd-sub-mmto0f0aee_component-candidate,obimd-sub-mmto0f0aee,obimd-sub-mmto0f0aee;obimd-main-mmto0f0aee,src-obimd,licensed_for_repository,needs_human_component_review,2026-06-20
obs-comp-cand-002738,graphemic_component_candidate,corpus/003_graphemic-components/028_002701-002800_obs-comp-cand-bucket_component-candidates/2738_obs-comp-cand-002738_obimd-sub-kvjaqv4fa1_component-candidate,obimd-sub-kvjaqv4fa1,obimd-sub-kvjaqv4fa1;obimd-main-kvjaqv4fa1,src-obimd,licensed_for_repository,needs_human_component_review,2026-06-20
obs-comp-cand-002739,graphemic_component_candidate,corpus/003_graphemic-components/028_002701-002800_obs-comp-cand-bucket_component-candidates/2739_obs-comp-cand-002739_obimd-sub-7h0zy2vp65_component-candidate,obimd-sub-7h0zy2vp65,obimd-sub-7h0zy2vp65;obimd-main-7h0zy2vp65,src-obimd,licensed_for_repository,needs_human_component_review,2026-06-20
obs-comp-cand-002740,graphemic_component_candidate,corpus/003_graphemic-components/028_002701-002800_obs-comp-cand-bucket_component-candidates/2740_obs-comp-cand-002740_obimd-sub-wxoblob6nt_component-candidate,obimd-sub-wxoblob6nt,obimd-sub-wxoblob6nt;obimd-main-wxoblob6nt,src-obimd,licensed_for_repository,needs_human_component_review,2026-06-20
obs-comp-cand-002741,graphemic_component_candidate,corpus/003_graphemic-components/028_002701-002800_obs-comp-cand-bucket_component-candidates/2741_obs-comp-cand-002741_obimd-sub-fp02cubifm_component-candidate,obimd-sub-fp02cubifm,obimd-sub-fp02cubifm;obimd-main-fp02cubifm,src-obimd,licensed_for_repository,needs_human_component_review,2026-06-20
obs-comp-cand-002742,graphemic_component_candidate,corpus/003_graphemic-components/028_002701-002800_obs-comp-cand-bucket_component-candidates/2742_obs-comp-cand-002742_obimd-sub-455frmn9hl_component-candidate,obimd-sub-455frmn9hl,obimd-sub-455frmn9hl;obimd-main-455frmn9hl,src-obimd,licensed_for_repository,needs_human_component_review,2026-06-20
obs-comp-cand-002743,graphemic_component_candidate,corpus/003_graphemic-components/028_002701-002800_obs-comp-cand-bucket_component-candidates/2743_obs-comp-cand-002743_obimd-sub-x8esaf2cwr_component-candidate,obimd-sub-x8esaf2cwr,obimd-sub-x8esaf2cwr;obimd-main-x8esaf2cwr,src-obimd,licensed_for_repository,needs_human_component_review,2026-06-20
obs-comp-cand-002744,graphemic_component_candidate,corpus/003_graphemic-components/028_002701-002800_obs-comp-cand-bucket_component-candidates/2744_obs-comp-cand-002744_obimd-sub-p5hwr8pgcv_component-candidate,obimd-sub-p5hwr8pgcv,obimd-sub-p5hwr8pgcv;obimd-main-p5hwr8pgcv,src-obimd,licensed_for_repository,needs_human_component_review,2026-06-20
obs-comp-cand-002745,graphemic_component_candidate,corpus/003_graphemic-components/028_002701-002800_obs-comp-cand-bucket_component-candidates/2745_obs-comp-cand-002745_obimd-sub-wwo5dsfe25_component-candidate,obimd-sub-wwo5dsfe25,obimd-sub-wwo5dsfe25;obimd-main-wwo5dsfe25,src-obimd,licensed_for_repository,needs_human_component_review,2026-06-20
obs-comp-cand-002746,graphemic_component_candidate,corpus/003_graphemic-components/028_002701-002800_obs-comp-cand-bucket_component-candidates/2746_obs-comp-cand-002746_obimd-sub-03vbtkww28_component-candidate,obimd-sub-03vbtkww28,obimd-sub-03vbtkww28;obimd-main-03vbtkww28,src-obimd,licensed_for_repository,needs_human_component_review,2026-06-20
obs-comp-cand-002747,graphemic_component_candidate,corpus/003_graphemic-components/028_002701-002800_obs-comp-cand-bucket_component-candidates/2747_obs-comp-cand-002747_obimd-sub-bt5y2iq3kp_component-candidate,obimd-sub-bt5y2iq3kp,obimd-sub-bt5y2iq3kp;obimd-main-bt5y2iq3kp,src-obimd,licensed_for_repository,needs_human_component_review,2026-06-20
