project_id,record_type,canonical_path,primary_external_ref_id,all_external_ref_ids,source_ids,rights_status,review_status,updated_at
obs-xwalk-cand-000001,codepoint_crosswalk_candidate,corpus/001_oracle-characters/112_000001-000100_obs-xwalk-bucket_codepoint-xwalk/001_obs-xwalk-cand-000001_xwalk-000001_codepoint-xwalk,hust-obimd-evobc-xwalk-000001,hust-obimd-evobc-xwalk-000001;hust-obc-cat-0001,src-hust-obc,source_marked_risk_noted,needs_cross_source_review,2026-06-28
obs-xwalk-cand-000002,codepoint_crosswalk_candidate,corpus/001_oracle-characters/112_000001-000100_obs-xwalk-bucket_codepoint-xwalk/002_obs-xwalk-cand-000002_xwalk-000002_codepoint-xwalk,hust-obimd-evobc-xwalk-000002,hust-obimd-evobc-xwalk-000002;hust-obc-cat-0002,src-hust-obc,source_marked_risk_noted,needs_cross_source_review,2026-06-28
obs-xwalk-cand-000003,codepoint_crosswalk_candidate,corpus/001_oracle-characters/112_000001-000100_obs-xwalk-bucket_codepoint-xwalk/003_obs-xwalk-cand-000003_xwalk-000003_codepoint-xwalk,hust-obimd-evobc-xwalk-000003,hust-obimd-evobc-xwalk-000003;hust-obc-cat-0003,src-hust-obc,source_marked_risk_noted,needs_cross_source_review,2026-06-28
obs-xwalk-cand-000004,codepoint_crosswalk_candidate,corpus/001_oracle-characters/112_000001-000100_obs-xwalk-bucket_codepoint-xwalk/004_obs-xwalk-cand-000004_xwalk-000004_codepoint-xwalk,hust-obimd-evobc-xwalk-000004,hust-obimd-evobc-xwalk-000004;hust-obc-cat-0004,src-hust-obc,source_marked_risk_noted,needs_cross_source_review,2026-06-28
obs-xwalk-cand-000005,codepoint_crosswalk_candidate,corpus/001_oracle-characters/112_000001-000100_obs-xwalk-bucket_codepoint-xwalk/005_obs-xwalk-cand-000005_xwalk-000005_codepoint-xwalk,hust-obimd-evobc-xwalk-000005,hust-obimd-evobc-xwalk-000005;hust-obc-cat-0005,src-hust-obc,source_marked_risk_noted,needs_cross_source_review,2026-06-28
obs-xwalk-cand-000006,codepoint_crosswalk_candidate,corpus/001_oracle-characters/112_000001-000100_obs-xwalk-bucket_codepoint-xwalk/006_obs-xwalk-cand-000006_xwalk-000006_codepoint-xwalk,hust-obimd-evobc-xwalk-000006,hust-obimd-evobc-xwalk-000006;hust-obc-cat-0006,src-hust-obc,source_marked_risk_noted,needs_cross_source_review,2026-06-28
obs-xwalk-cand-000007,codepoint_crosswalk_candidate,corpus/001_oracle-characters/112_000001-000100_obs-xwalk-bucket_codepoint-xwalk/007_obs-xwalk-cand-000007_xwalk-000007_codepoint-xwalk,hust-obimd-evobc-xwalk-000007,hust-obimd-evobc-xwalk-000007;hust-obc-cat-0007,src-hust-obc,source_marked_risk_noted,needs_cross_source_review,2026-06-28
obs-xwalk-cand-000008,codepoint_crosswalk_candidate,corpus/001_oracle-characters/112_000001-000100_obs-xwalk-bucket_codepoint-xwalk/008_obs-xwalk-cand-000008_xwalk-000008_codepoint-xwalk,hust-obimd-evobc-xwalk-000008,hust-obimd-evobc-xwalk-000008;hust-obc-cat-0008,src-hust-obc,source_marked_risk_noted,needs_cross_source_review,2026-06-28
obs-xwalk-cand-000009,codepoint_crosswalk_candidate,corpus/001_oracle-characters/112_000001-000100_obs-xwalk-bucket_codepoint-xwalk/009_obs-xwalk-cand-000009_xwalk-000009_codepoint-xwalk,hust-obimd-evobc-xwalk-000009,hust-obimd-evobc-xwalk-000009;hust-obc-cat-0009,src-hust-obc,source_marked_risk_noted,needs_cross_source_review,2026-06-28
obs-xwalk-cand-000010,codepoint_crosswalk_candidate,corpus/001_oracle-characters/112_000001-000100_obs-xwalk-bucket_codepoint-xwalk/010_obs-xwalk-cand-000010_xwalk-000010_codepoint-xwalk,hust-obimd-evobc-xwalk-000010,hust-obimd-evobc-xwalk-000010;hust-obc-cat-0010,src-hust-obc,source_marked_risk_noted,needs_cross_source_review,2026-06-28
obs-xwalk-cand-000011,codepoint_crosswalk_candidate,corpus/001_oracle-characters/112_000001-000100_obs-xwalk-bucket_codepoint-xwalk/011_obs-xwalk-cand-000011_xwalk-000011_codepoint-xwalk,hust-obimd-evobc-xwalk-000011,hust-obimd-evobc-xwalk-000011;hust-obc-cat-0011_0012_0013,src-hust-obc,source_marked_risk_noted,needs_cross_source_review,2026-06-28
obs-xwalk-cand-000012,codepoint_crosswalk_candidate,corpus/001_oracle-characters/112_000001-000100_obs-xwalk-bucket_codepoint-xwalk/012_obs-xwalk-cand-000012_xwalk-000012_codepoint-xwalk,hust-obimd-evobc-xwalk-000012,hust-obimd-evobc-xwalk-000012;hust-obc-cat-0014,src-hust-obc,source_marked_risk_noted,needs_cross_source_review,2026-06-28
obs-xwalk-cand-000013,codepoint_crosswalk_candidate,corpus/001_oracle-characters/112_000001-000100_obs-xwalk-bucket_codepoint-xwalk/013_obs-xwalk-cand-000013_xwalk-000013_codepoint-xwalk,hust-obimd-evobc-xwalk-000013,hust-obimd-evobc-xwalk-000013;hust-obc-cat-0015_0016,src-hust-obc,source_marked_risk_noted,needs_cross_source_review,2026-06-28
obs-xwalk-cand-000014,codepoint_crosswalk_candidate,corpus/001_oracle-characters/112_000001-000100_obs-xwalk-bucket_codepoint-xwalk/014_obs-xwalk-cand-000014_xwalk-000014_codepoint-xwalk,hust-obimd-evobc-xwalk-000014,hust-obimd-evobc-xwalk-000014;hust-obc-cat-0017,src-hust-obc,source_marked_risk_noted,needs_cross_source_review,2026-06-28
obs-xwalk-cand-000015,codepoint_crosswalk_candidate,corpus/001_oracle-characters/112_000001-000100_obs-xwalk-bucket_codepoint-xwalk/015_obs-xwalk-cand-000015_xwalk-000015_codepoint-xwalk,hust-obimd-evobc-xwalk-000015,hust-obimd-evobc-xwalk-000015;hust-obc-cat-0018,src-hust-obc,source_marked_risk_noted,needs_cross_source_review,2026-06-28
obs-xwalk-cand-000016,codepoint_crosswalk_candidate,corpus/001_oracle-characters/112_000001-000100_obs-xwalk-bucket_codepoint-xwalk/016_obs-xwalk-cand-000016_xwalk-000016_codepoint-xwalk,hust-obimd-evobc-xwalk-000016,hust-obimd-evobc-xwalk-000016;hust-obc-cat-0019;evobc-cat-00002,src-hust-obc;src-evobc,source_marked_risk_noted,needs_cross_source_review,2026-06-28
obs-xwalk-cand-000017,codepoint_crosswalk_candidate,corpus/001_oracle-characters/112_000001-000100_obs-xwalk-bucket_codepoint-xwalk/017_obs-xwalk-cand-000017_xwalk-000017_codepoint-xwalk,hust-obimd-evobc-xwalk-000017,hust-obimd-evobc-xwalk-000017;hust-obc-cat-0020,src-hust-obc,source_marked_risk_noted,needs_cross_source_review,2026-06-28
obs-xwalk-cand-000018,codepoint_crosswalk_candidate,corpus/001_oracle-characters/112_000001-000100_obs-xwalk-bucket_codepoint-xwalk/018_obs-xwalk-cand-000018_xwalk-000018_codepoint-xwalk,hust-obimd-evobc-xwalk-000018,hust-obimd-evobc-xwalk-000018;hust-obc-cat-0021,src-hust-obc,source_marked_risk_noted,needs_cross_source_review,2026-06-28
obs-xwalk-cand-000019,codepoint_crosswalk_candidate,corpus/001_oracle-characters/112_000001-000100_obs-xwalk-bucket_codepoint-xwalk/019_obs-xwalk-cand-000019_xwalk-000019_codepoint-xwalk,hust-obimd-evobc-xwalk-000019,hust-obimd-evobc-xwalk-000019;hust-obc-cat-0022,src-hust-obc,source_marked_risk_noted,needs_cross_source_review,2026-06-28
obs-xwalk-cand-000020,codepoint_crosswalk_candidate,corpus/001_oracle-characters/112_000001-000100_obs-xwalk-bucket_codepoint-xwalk/020_obs-xwalk-cand-000020_xwalk-000020_codepoint-xwalk,hust-obimd-evobc-xwalk-000020,hust-obimd-evobc-xwalk-000020;hust-obc-cat-0023_0024,src-hust-obc,source_marked_risk_noted,needs_cross_source_review,2026-06-28
obs-xwalk-cand-000021,codepoint_crosswalk_candidate,corpus/001_oracle-characters/112_000001-000100_obs-xwalk-bucket_codepoint-xwalk/021_obs-xwalk-cand-000021_xwalk-000021_codepoint-xwalk,hust-obimd-evobc-xwalk-000021,hust-obimd-evobc-xwalk-000021;hust-obc-cat-0025_0026,src-hust-obc,source_marked_risk_noted,needs_cross_source_review,2026-06-28
obs-xwalk-cand-000022,codepoint_crosswalk_candidate,corpus/001_oracle-characters/112_000001-000100_obs-xwalk-bucket_codepoint-xwalk/022_obs-xwalk-cand-000022_xwalk-000022_codepoint-xwalk,hust-obimd-evobc-xwalk-000022,hust-obimd-evobc-xwalk-000022;hust-obc-cat-0027,src-hust-obc,source_marked_risk_noted,needs_cross_source_review,2026-06-28
obs-xwalk-cand-000023,codepoint_crosswalk_candidate,corpus/001_oracle-characters/112_000001-000100_obs-xwalk-bucket_codepoint-xwalk/023_obs-xwalk-cand-000023_xwalk-000023_codepoint-xwalk,hust-obimd-evobc-xwalk-000023,hust-obimd-evobc-xwalk-000023;hust-obc-cat-0028,src-hust-obc,source_marked_risk_noted,needs_cross_source_review,2026-06-28
obs-xwalk-cand-000024,codepoint_crosswalk_candidate,corpus/001_oracle-characters/112_000001-000100_obs-xwalk-bucket_codepoint-xwalk/024_obs-xwalk-cand-000024_xwalk-000024_codepoint-xwalk,hust-obimd-evobc-xwalk-000024,hust-obimd-evobc-xwalk-000024;hust-obc-cat-0029,src-hust-obc,source_marked_risk_noted,needs_cross_source_review,2026-06-28
obs-xwalk-cand-000025,codepoint_crosswalk_candidate,corpus/001_oracle-characters/112_000001-000100_obs-xwalk-bucket_codepoint-xwalk/025_obs-xwalk-cand-000025_xwalk-000025_codepoint-xwalk,hust-obimd-evobc-xwalk-000025,hust-obimd-evobc-xwalk-000025;hust-obc-cat-0030,src-hust-obc,source_marked_risk_noted,needs_cross_source_review,2026-06-28
obs-xwalk-cand-000026,codepoint_crosswalk_candidate,corpus/001_oracle-characters/112_000001-000100_obs-xwalk-bucket_codepoint-xwalk/026_obs-xwalk-cand-000026_xwalk-000026_codepoint-xwalk,hust-obimd-evobc-xwalk-000026,hust-obimd-evobc-xwalk-000026;hust-obc-cat-0031,src-hust-obc,source_marked_risk_noted,needs_cross_source_review,2026-06-28
obs-xwalk-cand-000027,codepoint_crosswalk_candidate,corpus/001_oracle-characters/112_000001-000100_obs-xwalk-bucket_codepoint-xwalk/027_obs-xwalk-cand-000027_xwalk-000027_codepoint-xwalk,hust-obimd-evobc-xwalk-000027,hust-obimd-evobc-xwalk-000027;hust-obc-cat-0032,src-hust-obc,source_marked_risk_noted,needs_cross_source_review,2026-06-28
obs-xwalk-cand-000028,codepoint_crosswalk_candidate,corpus/001_oracle-characters/112_000001-000100_obs-xwalk-bucket_codepoint-xwalk/028_obs-xwalk-cand-000028_xwalk-000028_codepoint-xwalk,hust-obimd-evobc-xwalk-000028,hust-obimd-evobc-xwalk-000028;hust-obc-cat-0033,src-hust-obc,source_marked_risk_noted,needs_cross_source_review,2026-06-28
obs-xwalk-cand-000029,codepoint_crosswalk_candidate,corpus/001_oracle-characters/112_000001-000100_obs-xwalk-bucket_codepoint-xwalk/029_obs-xwalk-cand-000029_xwalk-000029_codepoint-xwalk,hust-obimd-evobc-xwalk-000029,hust-obimd-evobc-xwalk-000029;hust-obc-cat-0034,src-hust-obc,source_marked_risk_noted,needs_cross_source_review,2026-06-28
obs-xwalk-cand-000030,codepoint_crosswalk_candidate,corpus/001_oracle-characters/112_000001-000100_obs-xwalk-bucket_codepoint-xwalk/030_obs-xwalk-cand-000030_xwalk-000030_codepoint-xwalk,hust-obimd-evobc-xwalk-000030,hust-obimd-evobc-xwalk-000030;hust-obc-cat-0035,src-hust-obc,source_marked_risk_noted,needs_cross_source_review,2026-06-28
obs-xwalk-cand-000031,codepoint_crosswalk_candidate,corpus/001_oracle-characters/112_000001-000100_obs-xwalk-bucket_codepoint-xwalk/031_obs-xwalk-cand-000031_xwalk-000031_codepoint-xwalk,hust-obimd-evobc-xwalk-000031,hust-obimd-evobc-xwalk-000031;hust-obc-cat-0036,src-hust-obc,source_marked_risk_noted,needs_cross_source_review,2026-06-28
obs-xwalk-cand-000032,codepoint_crosswalk_candidate,corpus/001_oracle-characters/112_000001-000100_obs-xwalk-bucket_codepoint-xwalk/032_obs-xwalk-cand-000032_xwalk-000032_codepoint-xwalk,hust-obimd-evobc-xwalk-000032,hust-obimd-evobc-xwalk-000032;hust-obc-cat-0037;evobc-cat-00004,src-hust-obc;src-evobc,source_marked_risk_noted,needs_cross_source_review,2026-06-28
obs-xwalk-cand-000033,codepoint_crosswalk_candidate,corpus/001_oracle-characters/112_000001-000100_obs-xwalk-bucket_codepoint-xwalk/033_obs-xwalk-cand-000033_xwalk-000033_codepoint-xwalk,hust-obimd-evobc-xwalk-000033,hust-obimd-evobc-xwalk-000033;hust-obc-cat-0038,src-hust-obc,source_marked_risk_noted,needs_cross_source_review,2026-06-28
obs-xwalk-cand-000034,codepoint_crosswalk_candidate,corpus/001_oracle-characters/112_000001-000100_obs-xwalk-bucket_codepoint-xwalk/034_obs-xwalk-cand-000034_xwalk-000034_codepoint-xwalk,hust-obimd-evobc-xwalk-000034,hust-obimd-evobc-xwalk-000034;hust-obc-cat-0039,src-hust-obc,source_marked_risk_noted,needs_cross_source_review,2026-06-28
obs-xwalk-cand-000035,codepoint_crosswalk_candidate,corpus/001_oracle-characters/112_000001-000100_obs-xwalk-bucket_codepoint-xwalk/035_obs-xwalk-cand-000035_xwalk-000035_codepoint-xwalk,hust-obimd-evobc-xwalk-000035,hust-obimd-evobc-xwalk-000035;hust-obc-cat-0040,src-hust-obc,source_marked_risk_noted,needs_cross_source_review,2026-06-28
obs-xwalk-cand-000036,codepoint_crosswalk_candidate,corpus/001_oracle-characters/112_000001-000100_obs-xwalk-bucket_codepoint-xwalk/036_obs-xwalk-cand-000036_xwalk-000036_codepoint-xwalk,hust-obimd-evobc-xwalk-000036,hust-obimd-evobc-xwalk-000036;hust-obc-cat-0041_0042,src-hust-obc,source_marked_risk_noted,needs_cross_source_review,2026-06-28
obs-xwalk-cand-000037,codepoint_crosswalk_candidate,corpus/001_oracle-characters/112_000001-000100_obs-xwalk-bucket_codepoint-xwalk/037_obs-xwalk-cand-000037_xwalk-000037_codepoint-xwalk,hust-obimd-evobc-xwalk-000037,hust-obimd-evobc-xwalk-000037;hust-obc-cat-0043,src-hust-obc,source_marked_risk_noted,needs_cross_source_review,2026-06-28
obs-xwalk-cand-000038,codepoint_crosswalk_candidate,corpus/001_oracle-characters/112_000001-000100_obs-xwalk-bucket_codepoint-xwalk/038_obs-xwalk-cand-000038_xwalk-000038_codepoint-xwalk,hust-obimd-evobc-xwalk-000038,hust-obimd-evobc-xwalk-000038;hust-obc-cat-0044,src-hust-obc,source_marked_risk_noted,needs_cross_source_review,2026-06-28
obs-xwalk-cand-000039,codepoint_crosswalk_candidate,corpus/001_oracle-characters/112_000001-000100_obs-xwalk-bucket_codepoint-xwalk/039_obs-xwalk-cand-000039_xwalk-000039_codepoint-xwalk,hust-obimd-evobc-xwalk-000039,hust-obimd-evobc-xwalk-000039;hust-obc-cat-0045,src-hust-obc,source_marked_risk_noted,needs_cross_source_review,2026-06-28
obs-xwalk-cand-000040,codepoint_crosswalk_candidate,corpus/001_oracle-characters/112_000001-000100_obs-xwalk-bucket_codepoint-xwalk/040_obs-xwalk-cand-000040_xwalk-000040_codepoint-xwalk,hust-obimd-evobc-xwalk-000040,hust-obimd-evobc-xwalk-000040;hust-obc-cat-0046,src-hust-obc,source_marked_risk_noted,needs_cross_source_review,2026-06-28
obs-xwalk-cand-000041,codepoint_crosswalk_candidate,corpus/001_oracle-characters/112_000001-000100_obs-xwalk-bucket_codepoint-xwalk/041_obs-xwalk-cand-000041_xwalk-000041_codepoint-xwalk,hust-obimd-evobc-xwalk-000041,hust-obimd-evobc-xwalk-000041;hust-obc-cat-0047,src-hust-obc,source_marked_risk_noted,needs_cross_source_review,2026-06-28
obs-xwalk-cand-000042,codepoint_crosswalk_candidate,corpus/001_oracle-characters/112_000001-000100_obs-xwalk-bucket_codepoint-xwalk/042_obs-xwalk-cand-000042_xwalk-000042_codepoint-xwalk,hust-obimd-evobc-xwalk-000042,hust-obimd-evobc-xwalk-000042;hust-obc-cat-0048_0049,src-hust-obc,source_marked_risk_noted,needs_cross_source_review,2026-06-28
obs-xwalk-cand-000043,codepoint_crosswalk_candidate,corpus/001_oracle-characters/112_000001-000100_obs-xwalk-bucket_codepoint-xwalk/043_obs-xwalk-cand-000043_xwalk-000043_codepoint-xwalk,hust-obimd-evobc-xwalk-000043,hust-obimd-evobc-xwalk-000043;hust-obc-cat-0050,src-hust-obc,source_marked_risk_noted,needs_cross_source_review,2026-06-28
obs-xwalk-cand-000044,codepoint_crosswalk_candidate,corpus/001_oracle-characters/112_000001-000100_obs-xwalk-bucket_codepoint-xwalk/044_obs-xwalk-cand-000044_xwalk-000044_codepoint-xwalk,hust-obimd-evobc-xwalk-000044,hust-obimd-evobc-xwalk-000044;hust-obc-cat-0051,src-hust-obc,source_marked_risk_noted,needs_cross_source_review,2026-06-28
obs-xwalk-cand-000045,codepoint_crosswalk_candidate,corpus/001_oracle-characters/112_000001-000100_obs-xwalk-bucket_codepoint-xwalk/045_obs-xwalk-cand-000045_xwalk-000045_codepoint-xwalk,hust-obimd-evobc-xwalk-000045,hust-obimd-evobc-xwalk-000045;hust-obc-cat-0052_0053,src-hust-obc,source_marked_risk_noted,needs_cross_source_review,2026-06-28
obs-xwalk-cand-000046,codepoint_crosswalk_candidate,corpus/001_oracle-characters/112_000001-000100_obs-xwalk-bucket_codepoint-xwalk/046_obs-xwalk-cand-000046_xwalk-000046_codepoint-xwalk,hust-obimd-evobc-xwalk-000046,hust-obimd-evobc-xwalk-000046;hust-obc-cat-0054,src-hust-obc,source_marked_risk_noted,needs_cross_source_review,2026-06-28
obs-xwalk-cand-000047,codepoint_crosswalk_candidate,corpus/001_oracle-characters/112_000001-000100_obs-xwalk-bucket_codepoint-xwalk/047_obs-xwalk-cand-000047_xwalk-000047_codepoint-xwalk,hust-obimd-evobc-xwalk-000047,hust-obimd-evobc-xwalk-000047;hust-obc-cat-0055;obimd-main-dxvqlu3dcd;evobc-cat-00005,src-hust-obc;src-obimd;src-evobc,source_marked_risk_noted,needs_cross_source_review,2026-06-28
obs-xwalk-cand-000048,codepoint_crosswalk_candidate,corpus/001_oracle-characters/112_000001-000100_obs-xwalk-bucket_codepoint-xwalk/048_obs-xwalk-cand-000048_xwalk-000048_codepoint-xwalk,hust-obimd-evobc-xwalk-000048,hust-obimd-evobc-xwalk-000048;hust-obc-cat-0056,src-hust-obc,source_marked_risk_noted,needs_cross_source_review,2026-06-28
obs-xwalk-cand-000049,codepoint_crosswalk_candidate,corpus/001_oracle-characters/112_000001-000100_obs-xwalk-bucket_codepoint-xwalk/049_obs-xwalk-cand-000049_xwalk-000049_codepoint-xwalk,hust-obimd-evobc-xwalk-000049,hust-obimd-evobc-xwalk-000049;hust-obc-cat-0057,src-hust-obc,source_marked_risk_noted,needs_cross_source_review,2026-06-28
obs-xwalk-cand-000050,codepoint_crosswalk_candidate,corpus/001_oracle-characters/112_000001-000100_obs-xwalk-bucket_codepoint-xwalk/050_obs-xwalk-cand-000050_xwalk-000050_codepoint-xwalk,hust-obimd-evobc-xwalk-000050,hust-obimd-evobc-xwalk-000050;hust-obc-cat-0058,src-hust-obc,source_marked_risk_noted,needs_cross_source_review,2026-06-28
obs-xwalk-cand-000051,codepoint_crosswalk_candidate,corpus/001_oracle-characters/112_000001-000100_obs-xwalk-bucket_codepoint-xwalk/051_obs-xwalk-cand-000051_xwalk-000051_codepoint-xwalk,hust-obimd-evobc-xwalk-000051,hust-obimd-evobc-xwalk-000051;hust-obc-cat-0059;obimd-main-omtx3jpdtq;evobc-cat-00006,src-hust-obc;src-obimd;src-evobc,source_marked_risk_noted,needs_cross_source_review,2026-06-28
obs-xwalk-cand-000052,codepoint_crosswalk_candidate,corpus/001_oracle-characters/112_000001-000100_obs-xwalk-bucket_codepoint-xwalk/052_obs-xwalk-cand-000052_xwalk-000052_codepoint-xwalk,hust-obimd-evobc-xwalk-000052,hust-obimd-evobc-xwalk-000052;hust-obc-cat-0060,src-hust-obc,source_marked_risk_noted,needs_cross_source_review,2026-06-28
obs-xwalk-cand-000053,codepoint_crosswalk_candidate,corpus/001_oracle-characters/112_000001-000100_obs-xwalk-bucket_codepoint-xwalk/053_obs-xwalk-cand-000053_xwalk-000053_codepoint-xwalk,hust-obimd-evobc-xwalk-000053,hust-obimd-evobc-xwalk-000053;hust-obc-cat-0061,src-hust-obc,source_marked_risk_noted,needs_cross_source_review,2026-06-28
obs-xwalk-cand-000054,codepoint_crosswalk_candidate,corpus/001_oracle-characters/112_000001-000100_obs-xwalk-bucket_codepoint-xwalk/054_obs-xwalk-cand-000054_xwalk-000054_codepoint-xwalk,hust-obimd-evobc-xwalk-000054,hust-obimd-evobc-xwalk-000054;hust-obc-cat-0062_0063,src-hust-obc,source_marked_risk_noted,needs_cross_source_review,2026-06-28
obs-xwalk-cand-000055,codepoint_crosswalk_candidate,corpus/001_oracle-characters/112_000001-000100_obs-xwalk-bucket_codepoint-xwalk/055_obs-xwalk-cand-000055_xwalk-000055_codepoint-xwalk,hust-obimd-evobc-xwalk-000055,hust-obimd-evobc-xwalk-000055;hust-obc-cat-0064,src-hust-obc,source_marked_risk_noted,needs_cross_source_review,2026-06-28
obs-xwalk-cand-000056,codepoint_crosswalk_candidate,corpus/001_oracle-characters/112_000001-000100_obs-xwalk-bucket_codepoint-xwalk/056_obs-xwalk-cand-000056_xwalk-000056_codepoint-xwalk,hust-obimd-evobc-xwalk-000056,hust-obimd-evobc-xwalk-000056;hust-obc-cat-0065,src-hust-obc,source_marked_risk_noted,needs_cross_source_review,2026-06-28
obs-xwalk-cand-000057,codepoint_crosswalk_candidate,corpus/001_oracle-characters/112_000001-000100_obs-xwalk-bucket_codepoint-xwalk/057_obs-xwalk-cand-000057_xwalk-000057_codepoint-xwalk,hust-obimd-evobc-xwalk-000057,hust-obimd-evobc-xwalk-000057;hust-obc-cat-0066;obimd-main-vnscljivvy,src-hust-obc;src-obimd,source_marked_risk_noted,needs_cross_source_review,2026-06-28
obs-xwalk-cand-000058,codepoint_crosswalk_candidate,corpus/001_oracle-characters/112_000001-000100_obs-xwalk-bucket_codepoint-xwalk/058_obs-xwalk-cand-000058_xwalk-000058_codepoint-xwalk,hust-obimd-evobc-xwalk-000058,hust-obimd-evobc-xwalk-000058;hust-obc-cat-0067,src-hust-obc,source_marked_risk_noted,needs_cross_source_review,2026-06-28
obs-xwalk-cand-000059,codepoint_crosswalk_candidate,corpus/001_oracle-characters/112_000001-000100_obs-xwalk-bucket_codepoint-xwalk/059_obs-xwalk-cand-000059_xwalk-000059_codepoint-xwalk,hust-obimd-evobc-xwalk-000059,hust-obimd-evobc-xwalk-000059;hust-obc-cat-0068,src-hust-obc,source_marked_risk_noted,needs_cross_source_review,2026-06-28
obs-xwalk-cand-000060,codepoint_crosswalk_candidate,corpus/001_oracle-characters/112_000001-000100_obs-xwalk-bucket_codepoint-xwalk/060_obs-xwalk-cand-000060_xwalk-000060_codepoint-xwalk,hust-obimd-evobc-xwalk-000060,hust-obimd-evobc-xwalk-000060;hust-obc-cat-0069,src-hust-obc,source_marked_risk_noted,needs_cross_source_review,2026-06-28
obs-xwalk-cand-000061,codepoint_crosswalk_candidate,corpus/001_oracle-characters/112_000001-000100_obs-xwalk-bucket_codepoint-xwalk/061_obs-xwalk-cand-000061_xwalk-000061_codepoint-xwalk,hust-obimd-evobc-xwalk-000061,hust-obimd-evobc-xwalk-000061;hust-obc-cat-0070_0071,src-hust-obc,source_marked_risk_noted,needs_cross_source_review,2026-06-28
obs-xwalk-cand-000062,codepoint_crosswalk_candidate,corpus/001_oracle-characters/112_000001-000100_obs-xwalk-bucket_codepoint-xwalk/062_obs-xwalk-cand-000062_xwalk-000062_codepoint-xwalk,hust-obimd-evobc-xwalk-000062,hust-obimd-evobc-xwalk-000062;hust-obc-cat-0072,src-hust-obc,source_marked_risk_noted,needs_cross_source_review,2026-06-28
obs-xwalk-cand-000063,codepoint_crosswalk_candidate,corpus/001_oracle-characters/112_000001-000100_obs-xwalk-bucket_codepoint-xwalk/063_obs-xwalk-cand-000063_xwalk-000063_codepoint-xwalk,hust-obimd-evobc-xwalk-000063,hust-obimd-evobc-xwalk-000063;hust-obc-cat-0073,src-hust-obc,source_marked_risk_noted,needs_cross_source_review,2026-06-28
obs-xwalk-cand-000064,codepoint_crosswalk_candidate,corpus/001_oracle-characters/112_000001-000100_obs-xwalk-bucket_codepoint-xwalk/064_obs-xwalk-cand-000064_xwalk-000064_codepoint-xwalk,hust-obimd-evobc-xwalk-000064,hust-obimd-evobc-xwalk-000064;hust-obc-cat-0074,src-hust-obc,source_marked_risk_noted,needs_cross_source_review,2026-06-28
obs-xwalk-cand-000065,codepoint_crosswalk_candidate,corpus/001_oracle-characters/112_000001-000100_obs-xwalk-bucket_codepoint-xwalk/065_obs-xwalk-cand-000065_xwalk-000065_codepoint-xwalk,hust-obimd-evobc-xwalk-000065,hust-obimd-evobc-xwalk-000065;hust-obc-cat-0075;evobc-cat-00008,src-hust-obc;src-evobc,source_marked_risk_noted,needs_cross_source_review,2026-06-28
obs-xwalk-cand-000066,codepoint_crosswalk_candidate,corpus/001_oracle-characters/112_000001-000100_obs-xwalk-bucket_codepoint-xwalk/066_obs-xwalk-cand-000066_xwalk-000066_codepoint-xwalk,hust-obimd-evobc-xwalk-000066,hust-obimd-evobc-xwalk-000066;hust-obc-cat-0076;evobc-cat-00009,src-hust-obc;src-evobc,source_marked_risk_noted,needs_cross_source_review,2026-06-28
obs-xwalk-cand-000067,codepoint_crosswalk_candidate,corpus/001_oracle-characters/112_000001-000100_obs-xwalk-bucket_codepoint-xwalk/067_obs-xwalk-cand-000067_xwalk-000067_codepoint-xwalk,hust-obimd-evobc-xwalk-000067,hust-obimd-evobc-xwalk-000067;hust-obc-cat-0077,src-hust-obc,source_marked_risk_noted,needs_cross_source_review,2026-06-28
obs-xwalk-cand-000068,codepoint_crosswalk_candidate,corpus/001_oracle-characters/112_000001-000100_obs-xwalk-bucket_codepoint-xwalk/068_obs-xwalk-cand-000068_xwalk-000068_codepoint-xwalk,hust-obimd-evobc-xwalk-000068,hust-obimd-evobc-xwalk-000068;hust-obc-cat-0078,src-hust-obc,source_marked_risk_noted,needs_cross_source_review,2026-06-28
obs-xwalk-cand-000069,codepoint_crosswalk_candidate,corpus/001_oracle-characters/112_000001-000100_obs-xwalk-bucket_codepoint-xwalk/069_obs-xwalk-cand-000069_xwalk-000069_codepoint-xwalk,hust-obimd-evobc-xwalk-000069,hust-obimd-evobc-xwalk-000069;hust-obc-cat-0079,src-hust-obc,source_marked_risk_noted,needs_cross_source_review,2026-06-28
obs-xwalk-cand-000070,codepoint_crosswalk_candidate,corpus/001_oracle-characters/112_000001-000100_obs-xwalk-bucket_codepoint-xwalk/070_obs-xwalk-cand-000070_xwalk-000070_codepoint-xwalk,hust-obimd-evobc-xwalk-000070,hust-obimd-evobc-xwalk-000070;hust-obc-cat-0080,src-hust-obc,source_marked_risk_noted,needs_cross_source_review,2026-06-28
obs-xwalk-cand-000071,codepoint_crosswalk_candidate,corpus/001_oracle-characters/112_000001-000100_obs-xwalk-bucket_codepoint-xwalk/071_obs-xwalk-cand-000071_xwalk-000071_codepoint-xwalk,hust-obimd-evobc-xwalk-000071,hust-obimd-evobc-xwalk-000071;hust-obc-cat-0081,src-hust-obc,source_marked_risk_noted,needs_cross_source_review,2026-06-28
obs-xwalk-cand-000072,codepoint_crosswalk_candidate,corpus/001_oracle-characters/112_000001-000100_obs-xwalk-bucket_codepoint-xwalk/072_obs-xwalk-cand-000072_xwalk-000072_codepoint-xwalk,hust-obimd-evobc-xwalk-000072,hust-obimd-evobc-xwalk-000072;hust-obc-cat-0082,src-hust-obc,source_marked_risk_noted,needs_cross_source_review,2026-06-28
obs-xwalk-cand-000073,codepoint_crosswalk_candidate,corpus/001_oracle-characters/112_000001-000100_obs-xwalk-bucket_codepoint-xwalk/073_obs-xwalk-cand-000073_xwalk-000073_codepoint-xwalk,hust-obimd-evobc-xwalk-000073,hust-obimd-evobc-xwalk-000073;hust-obc-cat-0083,src-hust-obc,source_marked_risk_noted,needs_cross_source_review,2026-06-28
obs-xwalk-cand-000074,codepoint_crosswalk_candidate,corpus/001_oracle-characters/112_000001-000100_obs-xwalk-bucket_codepoint-xwalk/074_obs-xwalk-cand-000074_xwalk-000074_codepoint-xwalk,hust-obimd-evobc-xwalk-000074,hust-obimd-evobc-xwalk-000074;hust-obc-cat-0084,src-hust-obc,source_marked_risk_noted,needs_cross_source_review,2026-06-28
obs-xwalk-cand-000075,codepoint_crosswalk_candidate,corpus/001_oracle-characters/112_000001-000100_obs-xwalk-bucket_codepoint-xwalk/075_obs-xwalk-cand-000075_xwalk-000075_codepoint-xwalk,hust-obimd-evobc-xwalk-000075,hust-obimd-evobc-xwalk-000075;hust-obc-cat-0085,src-hust-obc,source_marked_risk_noted,needs_cross_source_review,2026-06-28
obs-xwalk-cand-000076,codepoint_crosswalk_candidate,corpus/001_oracle-characters/112_000001-000100_obs-xwalk-bucket_codepoint-xwalk/076_obs-xwalk-cand-000076_xwalk-000076_codepoint-xwalk,hust-obimd-evobc-xwalk-000076,hust-obimd-evobc-xwalk-000076;hust-obc-cat-0086,src-hust-obc,source_marked_risk_noted,needs_cross_source_review,2026-06-28
obs-xwalk-cand-000077,codepoint_crosswalk_candidate,corpus/001_oracle-characters/112_000001-000100_obs-xwalk-bucket_codepoint-xwalk/077_obs-xwalk-cand-000077_xwalk-000077_codepoint-xwalk,hust-obimd-evobc-xwalk-000077,hust-obimd-evobc-xwalk-000077;hust-obc-cat-0087,src-hust-obc,source_marked_risk_noted,needs_cross_source_review,2026-06-28
obs-xwalk-cand-000078,codepoint_crosswalk_candidate,corpus/001_oracle-characters/112_000001-000100_obs-xwalk-bucket_codepoint-xwalk/078_obs-xwalk-cand-000078_xwalk-000078_codepoint-xwalk,hust-obimd-evobc-xwalk-000078,hust-obimd-evobc-xwalk-000078;hust-obc-cat-0088,src-hust-obc,source_marked_risk_noted,needs_cross_source_review,2026-06-28
obs-xwalk-cand-000079,codepoint_crosswalk_candidate,corpus/001_oracle-characters/112_000001-000100_obs-xwalk-bucket_codepoint-xwalk/079_obs-xwalk-cand-000079_xwalk-000079_codepoint-xwalk,hust-obimd-evobc-xwalk-000079,hust-obimd-evobc-xwalk-000079;hust-obc-cat-0089,src-hust-obc,source_marked_risk_noted,needs_cross_source_review,2026-06-28
obs-xwalk-cand-000080,codepoint_crosswalk_candidate,corpus/001_oracle-characters/112_000001-000100_obs-xwalk-bucket_codepoint-xwalk/080_obs-xwalk-cand-000080_xwalk-000080_codepoint-xwalk,hust-obimd-evobc-xwalk-000080,hust-obimd-evobc-xwalk-000080;hust-obc-cat-0090,src-hust-obc,source_marked_risk_noted,needs_cross_source_review,2026-06-28
obs-xwalk-cand-000081,codepoint_crosswalk_candidate,corpus/001_oracle-characters/112_000001-000100_obs-xwalk-bucket_codepoint-xwalk/081_obs-xwalk-cand-000081_xwalk-000081_codepoint-xwalk,hust-obimd-evobc-xwalk-000081,hust-obimd-evobc-xwalk-000081;hust-obc-cat-0091,src-hust-obc,source_marked_risk_noted,needs_cross_source_review,2026-06-28
obs-xwalk-cand-000082,codepoint_crosswalk_candidate,corpus/001_oracle-characters/112_000001-000100_obs-xwalk-bucket_codepoint-xwalk/082_obs-xwalk-cand-000082_xwalk-000082_codepoint-xwalk,hust-obimd-evobc-xwalk-000082,hust-obimd-evobc-xwalk-000082;hust-obc-cat-0092,src-hust-obc,source_marked_risk_noted,needs_cross_source_review,2026-06-28
obs-xwalk-cand-000083,codepoint_crosswalk_candidate,corpus/001_oracle-characters/112_000001-000100_obs-xwalk-bucket_codepoint-xwalk/083_obs-xwalk-cand-000083_xwalk-000083_codepoint-xwalk,hust-obimd-evobc-xwalk-000083,hust-obimd-evobc-xwalk-000083;hust-obc-cat-0093,src-hust-obc,source_marked_risk_noted,needs_cross_source_review,2026-06-28
obs-xwalk-cand-000084,codepoint_crosswalk_candidate,corpus/001_oracle-characters/112_000001-000100_obs-xwalk-bucket_codepoint-xwalk/084_obs-xwalk-cand-000084_xwalk-000084_codepoint-xwalk,hust-obimd-evobc-xwalk-000084,hust-obimd-evobc-xwalk-000084;hust-obc-cat-0094,src-hust-obc,source_marked_risk_noted,needs_cross_source_review,2026-06-28
obs-xwalk-cand-000085,codepoint_crosswalk_candidate,corpus/001_oracle-characters/112_000001-000100_obs-xwalk-bucket_codepoint-xwalk/085_obs-xwalk-cand-000085_xwalk-000085_codepoint-xwalk,hust-obimd-evobc-xwalk-000085,hust-obimd-evobc-xwalk-000085;hust-obc-cat-0095,src-hust-obc,source_marked_risk_noted,needs_cross_source_review,2026-06-28
obs-xwalk-cand-000086,codepoint_crosswalk_candidate,corpus/001_oracle-characters/112_000001-000100_obs-xwalk-bucket_codepoint-xwalk/086_obs-xwalk-cand-000086_xwalk-000086_codepoint-xwalk,hust-obimd-evobc-xwalk-000086,hust-obimd-evobc-xwalk-000086;hust-obc-cat-0096,src-hust-obc,source_marked_risk_noted,needs_cross_source_review,2026-06-28
obs-xwalk-cand-000087,codepoint_crosswalk_candidate,corpus/001_oracle-characters/112_000001-000100_obs-xwalk-bucket_codepoint-xwalk/087_obs-xwalk-cand-000087_xwalk-000087_codepoint-xwalk,hust-obimd-evobc-xwalk-000087,hust-obimd-evobc-xwalk-000087;hust-obc-cat-0097,src-hust-obc,source_marked_risk_noted,needs_cross_source_review,2026-06-28
obs-xwalk-cand-000088,codepoint_crosswalk_candidate,corpus/001_oracle-characters/112_000001-000100_obs-xwalk-bucket_codepoint-xwalk/088_obs-xwalk-cand-000088_xwalk-000088_codepoint-xwalk,hust-obimd-evobc-xwalk-000088,hust-obimd-evobc-xwalk-000088;hust-obc-cat-0098,src-hust-obc,source_marked_risk_noted,needs_cross_source_review,2026-06-28
obs-xwalk-cand-000089,codepoint_crosswalk_candidate,corpus/001_oracle-characters/112_000001-000100_obs-xwalk-bucket_codepoint-xwalk/089_obs-xwalk-cand-000089_xwalk-000089_codepoint-xwalk,hust-obimd-evobc-xwalk-000089,hust-obimd-evobc-xwalk-000089;hust-obc-cat-0099,src-hust-obc,source_marked_risk_noted,needs_cross_source_review,2026-06-28
obs-xwalk-cand-000090,codepoint_crosswalk_candidate,corpus/001_oracle-characters/112_000001-000100_obs-xwalk-bucket_codepoint-xwalk/090_obs-xwalk-cand-000090_xwalk-000090_codepoint-xwalk,hust-obimd-evobc-xwalk-000090,hust-obimd-evobc-xwalk-000090;hust-obc-cat-0100,src-hust-obc,source_marked_risk_noted,needs_cross_source_review,2026-06-28
obs-xwalk-cand-000091,codepoint_crosswalk_candidate,corpus/001_oracle-characters/112_000001-000100_obs-xwalk-bucket_codepoint-xwalk/091_obs-xwalk-cand-000091_xwalk-000091_codepoint-xwalk,hust-obimd-evobc-xwalk-000091,hust-obimd-evobc-xwalk-000091;hust-obc-cat-0101,src-hust-obc,source_marked_risk_noted,needs_cross_source_review,2026-06-28
obs-xwalk-cand-000092,codepoint_crosswalk_candidate,corpus/001_oracle-characters/112_000001-000100_obs-xwalk-bucket_codepoint-xwalk/092_obs-xwalk-cand-000092_xwalk-000092_codepoint-xwalk,hust-obimd-evobc-xwalk-000092,hust-obimd-evobc-xwalk-000092;hust-obc-cat-0102,src-hust-obc,source_marked_risk_noted,needs_cross_source_review,2026-06-28
obs-xwalk-cand-000093,codepoint_crosswalk_candidate,corpus/001_oracle-characters/112_000001-000100_obs-xwalk-bucket_codepoint-xwalk/093_obs-xwalk-cand-000093_xwalk-000093_codepoint-xwalk,hust-obimd-evobc-xwalk-000093,hust-obimd-evobc-xwalk-000093;hust-obc-cat-0103,src-hust-obc,source_marked_risk_noted,needs_cross_source_review,2026-06-28
obs-xwalk-cand-000094,codepoint_crosswalk_candidate,corpus/001_oracle-characters/112_000001-000100_obs-xwalk-bucket_codepoint-xwalk/094_obs-xwalk-cand-000094_xwalk-000094_codepoint-xwalk,hust-obimd-evobc-xwalk-000094,hust-obimd-evobc-xwalk-000094;hust-obc-cat-0104;evobc-cat-00010,src-hust-obc;src-evobc,source_marked_risk_noted,needs_cross_source_review,2026-06-28
obs-xwalk-cand-000095,codepoint_crosswalk_candidate,corpus/001_oracle-characters/112_000001-000100_obs-xwalk-bucket_codepoint-xwalk/095_obs-xwalk-cand-000095_xwalk-000095_codepoint-xwalk,hust-obimd-evobc-xwalk-000095,hust-obimd-evobc-xwalk-000095;hust-obc-cat-0105,src-hust-obc,source_marked_risk_noted,needs_cross_source_review,2026-06-28
obs-xwalk-cand-000096,codepoint_crosswalk_candidate,corpus/001_oracle-characters/112_000001-000100_obs-xwalk-bucket_codepoint-xwalk/096_obs-xwalk-cand-000096_xwalk-000096_codepoint-xwalk,hust-obimd-evobc-xwalk-000096,hust-obimd-evobc-xwalk-000096;hust-obc-cat-0106_0107,src-hust-obc,source_marked_risk_noted,needs_cross_source_review,2026-06-28
obs-xwalk-cand-000097,codepoint_crosswalk_candidate,corpus/001_oracle-characters/112_000001-000100_obs-xwalk-bucket_codepoint-xwalk/097_obs-xwalk-cand-000097_xwalk-000097_codepoint-xwalk,hust-obimd-evobc-xwalk-000097,hust-obimd-evobc-xwalk-000097;hust-obc-cat-0108,src-hust-obc,source_marked_risk_noted,needs_cross_source_review,2026-06-28
obs-xwalk-cand-000098,codepoint_crosswalk_candidate,corpus/001_oracle-characters/112_000001-000100_obs-xwalk-bucket_codepoint-xwalk/098_obs-xwalk-cand-000098_xwalk-000098_codepoint-xwalk,hust-obimd-evobc-xwalk-000098,hust-obimd-evobc-xwalk-000098;hust-obc-cat-0109,src-hust-obc,source_marked_risk_noted,needs_cross_source_review,2026-06-28
obs-xwalk-cand-000099,codepoint_crosswalk_candidate,corpus/001_oracle-characters/112_000001-000100_obs-xwalk-bucket_codepoint-xwalk/099_obs-xwalk-cand-000099_xwalk-000099_codepoint-xwalk,hust-obimd-evobc-xwalk-000099,hust-obimd-evobc-xwalk-000099;hust-obc-cat-0110,src-hust-obc,source_marked_risk_noted,needs_cross_source_review,2026-06-28
obs-xwalk-cand-000100,codepoint_crosswalk_candidate,corpus/001_oracle-characters/112_000001-000100_obs-xwalk-bucket_codepoint-xwalk/100_obs-xwalk-cand-000100_xwalk-000100_codepoint-xwalk,hust-obimd-evobc-xwalk-000100,hust-obimd-evobc-xwalk-000100;hust-obc-cat-0111;evobc-cat-00011,src-hust-obc;src-evobc,source_marked_risk_noted,needs_cross_source_review,2026-06-28
obs-xwalk-cand-000101,codepoint_crosswalk_candidate,corpus/001_oracle-characters/113_000101-000200_obs-xwalk-bucket_codepoint-xwalk/001_obs-xwalk-cand-000101_xwalk-000101_codepoint-xwalk,hust-obimd-evobc-xwalk-000101,hust-obimd-evobc-xwalk-000101;hust-obc-cat-0112,src-hust-obc,source_marked_risk_noted,needs_cross_source_review,2026-06-28
obs-xwalk-cand-000102,codepoint_crosswalk_candidate,corpus/001_oracle-characters/113_000101-000200_obs-xwalk-bucket_codepoint-xwalk/002_obs-xwalk-cand-000102_xwalk-000102_codepoint-xwalk,hust-obimd-evobc-xwalk-000102,hust-obimd-evobc-xwalk-000102;hust-obc-cat-0113_0114,src-hust-obc,source_marked_risk_noted,needs_cross_source_review,2026-06-28
obs-xwalk-cand-000103,codepoint_crosswalk_candidate,corpus/001_oracle-characters/113_000101-000200_obs-xwalk-bucket_codepoint-xwalk/003_obs-xwalk-cand-000103_xwalk-000103_codepoint-xwalk,hust-obimd-evobc-xwalk-000103,hust-obimd-evobc-xwalk-000103;hust-obc-cat-0115,src-hust-obc,source_marked_risk_noted,needs_cross_source_review,2026-06-28
obs-xwalk-cand-000104,codepoint_crosswalk_candidate,corpus/001_oracle-characters/113_000101-000200_obs-xwalk-bucket_codepoint-xwalk/004_obs-xwalk-cand-000104_xwalk-000104_codepoint-xwalk,hust-obimd-evobc-xwalk-000104,hust-obimd-evobc-xwalk-000104;hust-obc-cat-0116,src-hust-obc,source_marked_risk_noted,needs_cross_source_review,2026-06-28
obs-xwalk-cand-000105,codepoint_crosswalk_candidate,corpus/001_oracle-characters/113_000101-000200_obs-xwalk-bucket_codepoint-xwalk/005_obs-xwalk-cand-000105_xwalk-000105_codepoint-xwalk,hust-obimd-evobc-xwalk-000105,hust-obimd-evobc-xwalk-000105;hust-obc-cat-0117_0118,src-hust-obc,source_marked_risk_noted,needs_cross_source_review,2026-06-28
obs-xwalk-cand-000106,codepoint_crosswalk_candidate,corpus/001_oracle-characters/113_000101-000200_obs-xwalk-bucket_codepoint-xwalk/006_obs-xwalk-cand-000106_xwalk-000106_codepoint-xwalk,hust-obimd-evobc-xwalk-000106,hust-obimd-evobc-xwalk-000106;hust-obc-cat-0119_0120,src-hust-obc,source_marked_risk_noted,needs_cross_source_review,2026-06-28
obs-xwalk-cand-000107,codepoint_crosswalk_candidate,corpus/001_oracle-characters/113_000101-000200_obs-xwalk-bucket_codepoint-xwalk/007_obs-xwalk-cand-000107_xwalk-000107_codepoint-xwalk,hust-obimd-evobc-xwalk-000107,hust-obimd-evobc-xwalk-000107;hust-obc-cat-0121,src-hust-obc,source_marked_risk_noted,needs_cross_source_review,2026-06-28
obs-xwalk-cand-000108,codepoint_crosswalk_candidate,corpus/001_oracle-characters/113_000101-000200_obs-xwalk-bucket_codepoint-xwalk/008_obs-xwalk-cand-000108_xwalk-000108_codepoint-xwalk,hust-obimd-evobc-xwalk-000108,hust-obimd-evobc-xwalk-000108;hust-obc-cat-0122,src-hust-obc,source_marked_risk_noted,needs_cross_source_review,2026-06-28
obs-xwalk-cand-000109,codepoint_crosswalk_candidate,corpus/001_oracle-characters/113_000101-000200_obs-xwalk-bucket_codepoint-xwalk/009_obs-xwalk-cand-000109_xwalk-000109_codepoint-xwalk,hust-obimd-evobc-xwalk-000109,hust-obimd-evobc-xwalk-000109;hust-obc-cat-0123,src-hust-obc,source_marked_risk_noted,needs_cross_source_review,2026-06-28
obs-xwalk-cand-000110,codepoint_crosswalk_candidate,corpus/001_oracle-characters/113_000101-000200_obs-xwalk-bucket_codepoint-xwalk/010_obs-xwalk-cand-000110_xwalk-000110_codepoint-xwalk,hust-obimd-evobc-xwalk-000110,hust-obimd-evobc-xwalk-000110;hust-obc-cat-0124,src-hust-obc,source_marked_risk_noted,needs_cross_source_review,2026-06-28
obs-xwalk-cand-000111,codepoint_crosswalk_candidate,corpus/001_oracle-characters/113_000101-000200_obs-xwalk-bucket_codepoint-xwalk/011_obs-xwalk-cand-000111_xwalk-000111_codepoint-xwalk,hust-obimd-evobc-xwalk-000111,hust-obimd-evobc-xwalk-000111;hust-obc-cat-0125,src-hust-obc,source_marked_risk_noted,needs_cross_source_review,2026-06-28
obs-xwalk-cand-000112,codepoint_crosswalk_candidate,corpus/001_oracle-characters/113_000101-000200_obs-xwalk-bucket_codepoint-xwalk/012_obs-xwalk-cand-000112_xwalk-000112_codepoint-xwalk,hust-obimd-evobc-xwalk-000112,hust-obimd-evobc-xwalk-000112;hust-obc-cat-0126,src-hust-obc,source_marked_risk_noted,needs_cross_source_review,2026-06-28
obs-xwalk-cand-000113,codepoint_crosswalk_candidate,corpus/001_oracle-characters/113_000101-000200_obs-xwalk-bucket_codepoint-xwalk/013_obs-xwalk-cand-000113_xwalk-000113_codepoint-xwalk,hust-obimd-evobc-xwalk-000113,hust-obimd-evobc-xwalk-000113;hust-obc-cat-0127,src-hust-obc,source_marked_risk_noted,needs_cross_source_review,2026-06-28
obs-xwalk-cand-000114,codepoint_crosswalk_candidate,corpus/001_oracle-characters/113_000101-000200_obs-xwalk-bucket_codepoint-xwalk/014_obs-xwalk-cand-000114_xwalk-000114_codepoint-xwalk,hust-obimd-evobc-xwalk-000114,hust-obimd-evobc-xwalk-000114;hust-obc-cat-0128,src-hust-obc,source_marked_risk_noted,needs_cross_source_review,2026-06-28
obs-xwalk-cand-000115,codepoint_crosswalk_candidate,corpus/001_oracle-characters/113_000101-000200_obs-xwalk-bucket_codepoint-xwalk/015_obs-xwalk-cand-000115_xwalk-000115_codepoint-xwalk,hust-obimd-evobc-xwalk-000115,hust-obimd-evobc-xwalk-000115;hust-obc-cat-0129,src-hust-obc,source_marked_risk_noted,needs_cross_source_review,2026-06-28
obs-xwalk-cand-000116,codepoint_crosswalk_candidate,corpus/001_oracle-characters/113_000101-000200_obs-xwalk-bucket_codepoint-xwalk/016_obs-xwalk-cand-000116_xwalk-000116_codepoint-xwalk,hust-obimd-evobc-xwalk-000116,hust-obimd-evobc-xwalk-000116;hust-obc-cat-0130,src-hust-obc,source_marked_risk_noted,needs_cross_source_review,2026-06-28
obs-xwalk-cand-000117,codepoint_crosswalk_candidate,corpus/001_oracle-characters/113_000101-000200_obs-xwalk-bucket_codepoint-xwalk/017_obs-xwalk-cand-000117_xwalk-000117_codepoint-xwalk,hust-obimd-evobc-xwalk-000117,hust-obimd-evobc-xwalk-000117;hust-obc-cat-0131,src-hust-obc,source_marked_risk_noted,needs_cross_source_review,2026-06-28
obs-xwalk-cand-000118,codepoint_crosswalk_candidate,corpus/001_oracle-characters/113_000101-000200_obs-xwalk-bucket_codepoint-xwalk/018_obs-xwalk-cand-000118_xwalk-000118_codepoint-xwalk,hust-obimd-evobc-xwalk-000118,hust-obimd-evobc-xwalk-000118;hust-obc-cat-0132,src-hust-obc,source_marked_risk_noted,needs_cross_source_review,2026-06-28
obs-xwalk-cand-000119,codepoint_crosswalk_candidate,corpus/001_oracle-characters/113_000101-000200_obs-xwalk-bucket_codepoint-xwalk/019_obs-xwalk-cand-000119_xwalk-000119_codepoint-xwalk,hust-obimd-evobc-xwalk-000119,hust-obimd-evobc-xwalk-000119;hust-obc-cat-0133,src-hust-obc,source_marked_risk_noted,needs_cross_source_review,2026-06-28
obs-xwalk-cand-000120,codepoint_crosswalk_candidate,corpus/001_oracle-characters/113_000101-000200_obs-xwalk-bucket_codepoint-xwalk/020_obs-xwalk-cand-000120_xwalk-000120_codepoint-xwalk,hust-obimd-evobc-xwalk-000120,hust-obimd-evobc-xwalk-000120;hust-obc-cat-0134,src-hust-obc,source_marked_risk_noted,needs_cross_source_review,2026-06-28
obs-xwalk-cand-000121,codepoint_crosswalk_candidate,corpus/001_oracle-characters/113_000101-000200_obs-xwalk-bucket_codepoint-xwalk/021_obs-xwalk-cand-000121_xwalk-000121_codepoint-xwalk,hust-obimd-evobc-xwalk-000121,hust-obimd-evobc-xwalk-000121;hust-obc-cat-0135,src-hust-obc,source_marked_risk_noted,needs_cross_source_review,2026-06-28
obs-xwalk-cand-000122,codepoint_crosswalk_candidate,corpus/001_oracle-characters/113_000101-000200_obs-xwalk-bucket_codepoint-xwalk/022_obs-xwalk-cand-000122_xwalk-000122_codepoint-xwalk,hust-obimd-evobc-xwalk-000122,hust-obimd-evobc-xwalk-000122;hust-obc-cat-0136,src-hust-obc,source_marked_risk_noted,needs_cross_source_review,2026-06-28
obs-xwalk-cand-000123,codepoint_crosswalk_candidate,corpus/001_oracle-characters/113_000101-000200_obs-xwalk-bucket_codepoint-xwalk/023_obs-xwalk-cand-000123_xwalk-000123_codepoint-xwalk,hust-obimd-evobc-xwalk-000123,hust-obimd-evobc-xwalk-000123;hust-obc-cat-0137,src-hust-obc,source_marked_risk_noted,needs_cross_source_review,2026-06-28
obs-xwalk-cand-000124,codepoint_crosswalk_candidate,corpus/001_oracle-characters/113_000101-000200_obs-xwalk-bucket_codepoint-xwalk/024_obs-xwalk-cand-000124_xwalk-000124_codepoint-xwalk,hust-obimd-evobc-xwalk-000124,hust-obimd-evobc-xwalk-000124;hust-obc-cat-0138;evobc-cat-00012,src-hust-obc;src-evobc,source_marked_risk_noted,needs_cross_source_review,2026-06-28
obs-xwalk-cand-000125,codepoint_crosswalk_candidate,corpus/001_oracle-characters/113_000101-000200_obs-xwalk-bucket_codepoint-xwalk/025_obs-xwalk-cand-000125_xwalk-000125_codepoint-xwalk,hust-obimd-evobc-xwalk-000125,hust-obimd-evobc-xwalk-000125;hust-obc-cat-0139,src-hust-obc,source_marked_risk_noted,needs_cross_source_review,2026-06-28
obs-xwalk-cand-000126,codepoint_crosswalk_candidate,corpus/001_oracle-characters/113_000101-000200_obs-xwalk-bucket_codepoint-xwalk/026_obs-xwalk-cand-000126_xwalk-000126_codepoint-xwalk,hust-obimd-evobc-xwalk-000126,hust-obimd-evobc-xwalk-000126;hust-obc-cat-0140,src-hust-obc,source_marked_risk_noted,needs_cross_source_review,2026-06-28
obs-xwalk-cand-000127,codepoint_crosswalk_candidate,corpus/001_oracle-characters/113_000101-000200_obs-xwalk-bucket_codepoint-xwalk/027_obs-xwalk-cand-000127_xwalk-000127_codepoint-xwalk,hust-obimd-evobc-xwalk-000127,hust-obimd-evobc-xwalk-000127;hust-obc-cat-0141,src-hust-obc,source_marked_risk_noted,needs_cross_source_review,2026-06-28
obs-xwalk-cand-000128,codepoint_crosswalk_candidate,corpus/001_oracle-characters/113_000101-000200_obs-xwalk-bucket_codepoint-xwalk/028_obs-xwalk-cand-000128_xwalk-000128_codepoint-xwalk,hust-obimd-evobc-xwalk-000128,hust-obimd-evobc-xwalk-000128;hust-obc-cat-0142,src-hust-obc,source_marked_risk_noted,needs_cross_source_review,2026-06-28
obs-xwalk-cand-000129,codepoint_crosswalk_candidate,corpus/001_oracle-characters/113_000101-000200_obs-xwalk-bucket_codepoint-xwalk/029_obs-xwalk-cand-000129_xwalk-000129_codepoint-xwalk,hust-obimd-evobc-xwalk-000129,hust-obimd-evobc-xwalk-000129;hust-obc-cat-0143,src-hust-obc,source_marked_risk_noted,needs_cross_source_review,2026-06-28
obs-xwalk-cand-000130,codepoint_crosswalk_candidate,corpus/001_oracle-characters/113_000101-000200_obs-xwalk-bucket_codepoint-xwalk/030_obs-xwalk-cand-000130_xwalk-000130_codepoint-xwalk,hust-obimd-evobc-xwalk-000130,hust-obimd-evobc-xwalk-000130;hust-obc-cat-0144,src-hust-obc,source_marked_risk_noted,needs_cross_source_review,2026-06-28
obs-xwalk-cand-000131,codepoint_crosswalk_candidate,corpus/001_oracle-characters/113_000101-000200_obs-xwalk-bucket_codepoint-xwalk/031_obs-xwalk-cand-000131_xwalk-000131_codepoint-xwalk,hust-obimd-evobc-xwalk-000131,hust-obimd-evobc-xwalk-000131;hust-obc-cat-0145_0146,src-hust-obc,source_marked_risk_noted,needs_cross_source_review,2026-06-28
obs-xwalk-cand-000132,codepoint_crosswalk_candidate,corpus/001_oracle-characters/113_000101-000200_obs-xwalk-bucket_codepoint-xwalk/032_obs-xwalk-cand-000132_xwalk-000132_codepoint-xwalk,hust-obimd-evobc-xwalk-000132,hust-obimd-evobc-xwalk-000132;hust-obc-cat-0147,src-hust-obc,source_marked_risk_noted,needs_cross_source_review,2026-06-28
obs-xwalk-cand-000133,codepoint_crosswalk_candidate,corpus/001_oracle-characters/113_000101-000200_obs-xwalk-bucket_codepoint-xwalk/033_obs-xwalk-cand-000133_xwalk-000133_codepoint-xwalk,hust-obimd-evobc-xwalk-000133,hust-obimd-evobc-xwalk-000133;hust-obc-cat-0148,src-hust-obc,source_marked_risk_noted,needs_cross_source_review,2026-06-28
obs-xwalk-cand-000134,codepoint_crosswalk_candidate,corpus/001_oracle-characters/113_000101-000200_obs-xwalk-bucket_codepoint-xwalk/034_obs-xwalk-cand-000134_xwalk-000134_codepoint-xwalk,hust-obimd-evobc-xwalk-000134,hust-obimd-evobc-xwalk-000134;hust-obc-cat-0149,src-hust-obc,source_marked_risk_noted,needs_cross_source_review,2026-06-28
obs-xwalk-cand-000135,codepoint_crosswalk_candidate,corpus/001_oracle-characters/113_000101-000200_obs-xwalk-bucket_codepoint-xwalk/035_obs-xwalk-cand-000135_xwalk-000135_codepoint-xwalk,hust-obimd-evobc-xwalk-000135,hust-obimd-evobc-xwalk-000135;hust-obc-cat-0150,src-hust-obc,source_marked_risk_noted,needs_cross_source_review,2026-06-28
obs-xwalk-cand-000136,codepoint_crosswalk_candidate,corpus/001_oracle-characters/113_000101-000200_obs-xwalk-bucket_codepoint-xwalk/036_obs-xwalk-cand-000136_xwalk-000136_codepoint-xwalk,hust-obimd-evobc-xwalk-000136,hust-obimd-evobc-xwalk-000136;hust-obc-cat-0151,src-hust-obc,source_marked_risk_noted,needs_cross_source_review,2026-06-28
obs-xwalk-cand-000137,codepoint_crosswalk_candidate,corpus/001_oracle-characters/113_000101-000200_obs-xwalk-bucket_codepoint-xwalk/037_obs-xwalk-cand-000137_xwalk-000137_codepoint-xwalk,hust-obimd-evobc-xwalk-000137,hust-obimd-evobc-xwalk-000137;hust-obc-cat-0152,src-hust-obc,source_marked_risk_noted,needs_cross_source_review,2026-06-28
obs-xwalk-cand-000138,codepoint_crosswalk_candidate,corpus/001_oracle-characters/113_000101-000200_obs-xwalk-bucket_codepoint-xwalk/038_obs-xwalk-cand-000138_xwalk-000138_codepoint-xwalk,hust-obimd-evobc-xwalk-000138,hust-obimd-evobc-xwalk-000138;hust-obc-cat-0153,src-hust-obc,source_marked_risk_noted,needs_cross_source_review,2026-06-28
obs-xwalk-cand-000139,codepoint_crosswalk_candidate,corpus/001_oracle-characters/113_000101-000200_obs-xwalk-bucket_codepoint-xwalk/039_obs-xwalk-cand-000139_xwalk-000139_codepoint-xwalk,hust-obimd-evobc-xwalk-000139,hust-obimd-evobc-xwalk-000139;hust-obc-cat-0154,src-hust-obc,source_marked_risk_noted,needs_cross_source_review,2026-06-28
obs-xwalk-cand-000140,codepoint_crosswalk_candidate,corpus/001_oracle-characters/113_000101-000200_obs-xwalk-bucket_codepoint-xwalk/040_obs-xwalk-cand-000140_xwalk-000140_codepoint-xwalk,hust-obimd-evobc-xwalk-000140,hust-obimd-evobc-xwalk-000140;hust-obc-cat-0155,src-hust-obc,source_marked_risk_noted,needs_cross_source_review,2026-06-28
obs-xwalk-cand-000141,codepoint_crosswalk_candidate,corpus/001_oracle-characters/113_000101-000200_obs-xwalk-bucket_codepoint-xwalk/041_obs-xwalk-cand-000141_xwalk-000141_codepoint-xwalk,hust-obimd-evobc-xwalk-000141,hust-obimd-evobc-xwalk-000141;hust-obc-cat-0156,src-hust-obc,source_marked_risk_noted,needs_cross_source_review,2026-06-28
obs-xwalk-cand-000142,codepoint_crosswalk_candidate,corpus/001_oracle-characters/113_000101-000200_obs-xwalk-bucket_codepoint-xwalk/042_obs-xwalk-cand-000142_xwalk-000142_codepoint-xwalk,hust-obimd-evobc-xwalk-000142,hust-obimd-evobc-xwalk-000142;hust-obc-cat-0157,src-hust-obc,source_marked_risk_noted,needs_cross_source_review,2026-06-28
obs-xwalk-cand-000143,codepoint_crosswalk_candidate,corpus/001_oracle-characters/113_000101-000200_obs-xwalk-bucket_codepoint-xwalk/043_obs-xwalk-cand-000143_xwalk-000143_codepoint-xwalk,hust-obimd-evobc-xwalk-000143,hust-obimd-evobc-xwalk-000143;hust-obc-cat-0158;evobc-cat-00013,src-hust-obc;src-evobc,source_marked_risk_noted,needs_cross_source_review,2026-06-28
obs-xwalk-cand-000144,codepoint_crosswalk_candidate,corpus/001_oracle-characters/113_000101-000200_obs-xwalk-bucket_codepoint-xwalk/044_obs-xwalk-cand-000144_xwalk-000144_codepoint-xwalk,hust-obimd-evobc-xwalk-000144,hust-obimd-evobc-xwalk-000144;hust-obc-cat-0159,src-hust-obc,source_marked_risk_noted,needs_cross_source_review,2026-06-28
obs-xwalk-cand-000145,codepoint_crosswalk_candidate,corpus/001_oracle-characters/113_000101-000200_obs-xwalk-bucket_codepoint-xwalk/045_obs-xwalk-cand-000145_xwalk-000145_codepoint-xwalk,hust-obimd-evobc-xwalk-000145,hust-obimd-evobc-xwalk-000145;hust-obc-cat-0160,src-hust-obc,source_marked_risk_noted,needs_cross_source_review,2026-06-28
obs-xwalk-cand-000146,codepoint_crosswalk_candidate,corpus/001_oracle-characters/113_000101-000200_obs-xwalk-bucket_codepoint-xwalk/046_obs-xwalk-cand-000146_xwalk-000146_codepoint-xwalk,hust-obimd-evobc-xwalk-000146,hust-obimd-evobc-xwalk-000146;hust-obc-cat-0161_0162,src-hust-obc,source_marked_risk_noted,needs_cross_source_review,2026-06-28
obs-xwalk-cand-000147,codepoint_crosswalk_candidate,corpus/001_oracle-characters/113_000101-000200_obs-xwalk-bucket_codepoint-xwalk/047_obs-xwalk-cand-000147_xwalk-000147_codepoint-xwalk,hust-obimd-evobc-xwalk-000147,hust-obimd-evobc-xwalk-000147;hust-obc-cat-0163,src-hust-obc,source_marked_risk_noted,needs_cross_source_review,2026-06-28
obs-xwalk-cand-000148,codepoint_crosswalk_candidate,corpus/001_oracle-characters/113_000101-000200_obs-xwalk-bucket_codepoint-xwalk/048_obs-xwalk-cand-000148_xwalk-000148_codepoint-xwalk,hust-obimd-evobc-xwalk-000148,hust-obimd-evobc-xwalk-000148;hust-obc-cat-0164,src-hust-obc,source_marked_risk_noted,needs_cross_source_review,2026-06-28
obs-xwalk-cand-000149,codepoint_crosswalk_candidate,corpus/001_oracle-characters/113_000101-000200_obs-xwalk-bucket_codepoint-xwalk/049_obs-xwalk-cand-000149_xwalk-000149_codepoint-xwalk,hust-obimd-evobc-xwalk-000149,hust-obimd-evobc-xwalk-000149;hust-obc-cat-0165,src-hust-obc,source_marked_risk_noted,needs_cross_source_review,2026-06-28
obs-xwalk-cand-000150,codepoint_crosswalk_candidate,corpus/001_oracle-characters/113_000101-000200_obs-xwalk-bucket_codepoint-xwalk/050_obs-xwalk-cand-000150_xwalk-000150_codepoint-xwalk,hust-obimd-evobc-xwalk-000150,hust-obimd-evobc-xwalk-000150;hust-obc-cat-0166,src-hust-obc,source_marked_risk_noted,needs_cross_source_review,2026-06-28
obs-xwalk-cand-000151,codepoint_crosswalk_candidate,corpus/001_oracle-characters/113_000101-000200_obs-xwalk-bucket_codepoint-xwalk/051_obs-xwalk-cand-000151_xwalk-000151_codepoint-xwalk,hust-obimd-evobc-xwalk-000151,hust-obimd-evobc-xwalk-000151;hust-obc-cat-0167,src-hust-obc,source_marked_risk_noted,needs_cross_source_review,2026-06-28
obs-xwalk-cand-000152,codepoint_crosswalk_candidate,corpus/001_oracle-characters/113_000101-000200_obs-xwalk-bucket_codepoint-xwalk/052_obs-xwalk-cand-000152_xwalk-000152_codepoint-xwalk,hust-obimd-evobc-xwalk-000152,hust-obimd-evobc-xwalk-000152;hust-obc-cat-0168,src-hust-obc,source_marked_risk_noted,needs_cross_source_review,2026-06-28
obs-xwalk-cand-000153,codepoint_crosswalk_candidate,corpus/001_oracle-characters/113_000101-000200_obs-xwalk-bucket_codepoint-xwalk/053_obs-xwalk-cand-000153_xwalk-000153_codepoint-xwalk,hust-obimd-evobc-xwalk-000153,hust-obimd-evobc-xwalk-000153;hust-obc-cat-0169,src-hust-obc,source_marked_risk_noted,needs_cross_source_review,2026-06-28
obs-xwalk-cand-000154,codepoint_crosswalk_candidate,corpus/001_oracle-characters/113_000101-000200_obs-xwalk-bucket_codepoint-xwalk/054_obs-xwalk-cand-000154_xwalk-000154_codepoint-xwalk,hust-obimd-evobc-xwalk-000154,hust-obimd-evobc-xwalk-000154;hust-obc-cat-0170,src-hust-obc,source_marked_risk_noted,needs_cross_source_review,2026-06-28
obs-xwalk-cand-000155,codepoint_crosswalk_candidate,corpus/001_oracle-characters/113_000101-000200_obs-xwalk-bucket_codepoint-xwalk/055_obs-xwalk-cand-000155_xwalk-000155_codepoint-xwalk,hust-obimd-evobc-xwalk-000155,hust-obimd-evobc-xwalk-000155;hust-obc-cat-0171;evobc-cat-00014,src-hust-obc;src-evobc,source_marked_risk_noted,needs_cross_source_review,2026-06-28
obs-xwalk-cand-000156,codepoint_crosswalk_candidate,corpus/001_oracle-characters/113_000101-000200_obs-xwalk-bucket_codepoint-xwalk/056_obs-xwalk-cand-000156_xwalk-000156_codepoint-xwalk,hust-obimd-evobc-xwalk-000156,hust-obimd-evobc-xwalk-000156;hust-obc-cat-0172,src-hust-obc,source_marked_risk_noted,needs_cross_source_review,2026-06-28
obs-xwalk-cand-000157,codepoint_crosswalk_candidate,corpus/001_oracle-characters/113_000101-000200_obs-xwalk-bucket_codepoint-xwalk/057_obs-xwalk-cand-000157_xwalk-000157_codepoint-xwalk,hust-obimd-evobc-xwalk-000157,hust-obimd-evobc-xwalk-000157;hust-obc-cat-0173,src-hust-obc,source_marked_risk_noted,needs_cross_source_review,2026-06-28
obs-xwalk-cand-000158,codepoint_crosswalk_candidate,corpus/001_oracle-characters/113_000101-000200_obs-xwalk-bucket_codepoint-xwalk/058_obs-xwalk-cand-000158_xwalk-000158_codepoint-xwalk,hust-obimd-evobc-xwalk-000158,hust-obimd-evobc-xwalk-000158;hust-obc-cat-0174,src-hust-obc,source_marked_risk_noted,needs_cross_source_review,2026-06-28
obs-xwalk-cand-000159,codepoint_crosswalk_candidate,corpus/001_oracle-characters/113_000101-000200_obs-xwalk-bucket_codepoint-xwalk/059_obs-xwalk-cand-000159_xwalk-000159_codepoint-xwalk,hust-obimd-evobc-xwalk-000159,hust-obimd-evobc-xwalk-000159;hust-obc-cat-0175,src-hust-obc,source_marked_risk_noted,needs_cross_source_review,2026-06-28
obs-xwalk-cand-000160,codepoint_crosswalk_candidate,corpus/001_oracle-characters/113_000101-000200_obs-xwalk-bucket_codepoint-xwalk/060_obs-xwalk-cand-000160_xwalk-000160_codepoint-xwalk,hust-obimd-evobc-xwalk-000160,hust-obimd-evobc-xwalk-000160;hust-obc-cat-0176,src-hust-obc,source_marked_risk_noted,needs_cross_source_review,2026-06-28
obs-xwalk-cand-000161,codepoint_crosswalk_candidate,corpus/001_oracle-characters/113_000101-000200_obs-xwalk-bucket_codepoint-xwalk/061_obs-xwalk-cand-000161_xwalk-000161_codepoint-xwalk,hust-obimd-evobc-xwalk-000161,hust-obimd-evobc-xwalk-000161;hust-obc-cat-0177;evobc-cat-00015,src-hust-obc;src-evobc,source_marked_risk_noted,needs_cross_source_review,2026-06-28
obs-xwalk-cand-000162,codepoint_crosswalk_candidate,corpus/001_oracle-characters/113_000101-000200_obs-xwalk-bucket_codepoint-xwalk/062_obs-xwalk-cand-000162_xwalk-000162_codepoint-xwalk,hust-obimd-evobc-xwalk-000162,hust-obimd-evobc-xwalk-000162;hust-obc-cat-0178,src-hust-obc,source_marked_risk_noted,needs_cross_source_review,2026-06-28
obs-xwalk-cand-000163,codepoint_crosswalk_candidate,corpus/001_oracle-characters/113_000101-000200_obs-xwalk-bucket_codepoint-xwalk/063_obs-xwalk-cand-000163_xwalk-000163_codepoint-xwalk,hust-obimd-evobc-xwalk-000163,hust-obimd-evobc-xwalk-000163;hust-obc-cat-0179,src-hust-obc,source_marked_risk_noted,needs_cross_source_review,2026-06-28
obs-xwalk-cand-000164,codepoint_crosswalk_candidate,corpus/001_oracle-characters/113_000101-000200_obs-xwalk-bucket_codepoint-xwalk/064_obs-xwalk-cand-000164_xwalk-000164_codepoint-xwalk,hust-obimd-evobc-xwalk-000164,hust-obimd-evobc-xwalk-000164;hust-obc-cat-0180,src-hust-obc,source_marked_risk_noted,needs_cross_source_review,2026-06-28
obs-xwalk-cand-000165,codepoint_crosswalk_candidate,corpus/001_oracle-characters/113_000101-000200_obs-xwalk-bucket_codepoint-xwalk/065_obs-xwalk-cand-000165_xwalk-000165_codepoint-xwalk,hust-obimd-evobc-xwalk-000165,hust-obimd-evobc-xwalk-000165;hust-obc-cat-0181,src-hust-obc,source_marked_risk_noted,needs_cross_source_review,2026-06-28
obs-xwalk-cand-000166,codepoint_crosswalk_candidate,corpus/001_oracle-characters/113_000101-000200_obs-xwalk-bucket_codepoint-xwalk/066_obs-xwalk-cand-000166_xwalk-000166_codepoint-xwalk,hust-obimd-evobc-xwalk-000166,hust-obimd-evobc-xwalk-000166;hust-obc-cat-0182,src-hust-obc,source_marked_risk_noted,needs_cross_source_review,2026-06-28
obs-xwalk-cand-000167,codepoint_crosswalk_candidate,corpus/001_oracle-characters/113_000101-000200_obs-xwalk-bucket_codepoint-xwalk/067_obs-xwalk-cand-000167_xwalk-000167_codepoint-xwalk,hust-obimd-evobc-xwalk-000167,hust-obimd-evobc-xwalk-000167;hust-obc-cat-0183,src-hust-obc,source_marked_risk_noted,needs_cross_source_review,2026-06-28
obs-xwalk-cand-000168,codepoint_crosswalk_candidate,corpus/001_oracle-characters/113_000101-000200_obs-xwalk-bucket_codepoint-xwalk/068_obs-xwalk-cand-000168_xwalk-000168_codepoint-xwalk,hust-obimd-evobc-xwalk-000168,hust-obimd-evobc-xwalk-000168;hust-obc-cat-0184,src-hust-obc,source_marked_risk_noted,needs_cross_source_review,2026-06-28
obs-xwalk-cand-000169,codepoint_crosswalk_candidate,corpus/001_oracle-characters/113_000101-000200_obs-xwalk-bucket_codepoint-xwalk/069_obs-xwalk-cand-000169_xwalk-000169_codepoint-xwalk,hust-obimd-evobc-xwalk-000169,hust-obimd-evobc-xwalk-000169;hust-obc-cat-0185,src-hust-obc,source_marked_risk_noted,needs_cross_source_review,2026-06-28
obs-xwalk-cand-000170,codepoint_crosswalk_candidate,corpus/001_oracle-characters/113_000101-000200_obs-xwalk-bucket_codepoint-xwalk/070_obs-xwalk-cand-000170_xwalk-000170_codepoint-xwalk,hust-obimd-evobc-xwalk-000170,hust-obimd-evobc-xwalk-000170;hust-obc-cat-0186,src-hust-obc,source_marked_risk_noted,needs_cross_source_review,2026-06-28
obs-xwalk-cand-000171,codepoint_crosswalk_candidate,corpus/001_oracle-characters/113_000101-000200_obs-xwalk-bucket_codepoint-xwalk/071_obs-xwalk-cand-000171_xwalk-000171_codepoint-xwalk,hust-obimd-evobc-xwalk-000171,hust-obimd-evobc-xwalk-000171;hust-obc-cat-0187,src-hust-obc,source_marked_risk_noted,needs_cross_source_review,2026-06-28
obs-xwalk-cand-000172,codepoint_crosswalk_candidate,corpus/001_oracle-characters/113_000101-000200_obs-xwalk-bucket_codepoint-xwalk/072_obs-xwalk-cand-000172_xwalk-000172_codepoint-xwalk,hust-obimd-evobc-xwalk-000172,hust-obimd-evobc-xwalk-000172;hust-obc-cat-0188,src-hust-obc,source_marked_risk_noted,needs_cross_source_review,2026-06-28
obs-xwalk-cand-000173,codepoint_crosswalk_candidate,corpus/001_oracle-characters/113_000101-000200_obs-xwalk-bucket_codepoint-xwalk/073_obs-xwalk-cand-000173_xwalk-000173_codepoint-xwalk,hust-obimd-evobc-xwalk-000173,hust-obimd-evobc-xwalk-000173;hust-obc-cat-0189_0190,src-hust-obc,source_marked_risk_noted,needs_cross_source_review,2026-06-28
obs-xwalk-cand-000174,codepoint_crosswalk_candidate,corpus/001_oracle-characters/113_000101-000200_obs-xwalk-bucket_codepoint-xwalk/074_obs-xwalk-cand-000174_xwalk-000174_codepoint-xwalk,hust-obimd-evobc-xwalk-000174,hust-obimd-evobc-xwalk-000174;hust-obc-cat-0191,src-hust-obc,source_marked_risk_noted,needs_cross_source_review,2026-06-28
obs-xwalk-cand-000175,codepoint_crosswalk_candidate,corpus/001_oracle-characters/113_000101-000200_obs-xwalk-bucket_codepoint-xwalk/075_obs-xwalk-cand-000175_xwalk-000175_codepoint-xwalk,hust-obimd-evobc-xwalk-000175,hust-obimd-evobc-xwalk-000175;hust-obc-cat-0192,src-hust-obc,source_marked_risk_noted,needs_cross_source_review,2026-06-28
obs-xwalk-cand-000176,codepoint_crosswalk_candidate,corpus/001_oracle-characters/113_000101-000200_obs-xwalk-bucket_codepoint-xwalk/076_obs-xwalk-cand-000176_xwalk-000176_codepoint-xwalk,hust-obimd-evobc-xwalk-000176,hust-obimd-evobc-xwalk-000176;hust-obc-cat-0193_0194,src-hust-obc,source_marked_risk_noted,needs_cross_source_review,2026-06-28
obs-xwalk-cand-000177,codepoint_crosswalk_candidate,corpus/001_oracle-characters/113_000101-000200_obs-xwalk-bucket_codepoint-xwalk/077_obs-xwalk-cand-000177_xwalk-000177_codepoint-xwalk,hust-obimd-evobc-xwalk-000177,hust-obimd-evobc-xwalk-000177;hust-obc-cat-0195,src-hust-obc,source_marked_risk_noted,needs_cross_source_review,2026-06-28
obs-xwalk-cand-000178,codepoint_crosswalk_candidate,corpus/001_oracle-characters/113_000101-000200_obs-xwalk-bucket_codepoint-xwalk/078_obs-xwalk-cand-000178_xwalk-000178_codepoint-xwalk,hust-obimd-evobc-xwalk-000178,hust-obimd-evobc-xwalk-000178;hust-obc-cat-0196_0197,src-hust-obc,source_marked_risk_noted,needs_cross_source_review,2026-06-28
obs-xwalk-cand-000179,codepoint_crosswalk_candidate,corpus/001_oracle-characters/113_000101-000200_obs-xwalk-bucket_codepoint-xwalk/079_obs-xwalk-cand-000179_xwalk-000179_codepoint-xwalk,hust-obimd-evobc-xwalk-000179,hust-obimd-evobc-xwalk-000179;hust-obc-cat-0198;evobc-cat-00018,src-hust-obc;src-evobc,source_marked_risk_noted,needs_cross_source_review,2026-06-28
obs-xwalk-cand-000180,codepoint_crosswalk_candidate,corpus/001_oracle-characters/113_000101-000200_obs-xwalk-bucket_codepoint-xwalk/080_obs-xwalk-cand-000180_xwalk-000180_codepoint-xwalk,hust-obimd-evobc-xwalk-000180,hust-obimd-evobc-xwalk-000180;hust-obc-cat-0199,src-hust-obc,source_marked_risk_noted,needs_cross_source_review,2026-06-28
obs-xwalk-cand-000181,codepoint_crosswalk_candidate,corpus/001_oracle-characters/113_000101-000200_obs-xwalk-bucket_codepoint-xwalk/081_obs-xwalk-cand-000181_xwalk-000181_codepoint-xwalk,hust-obimd-evobc-xwalk-000181,hust-obimd-evobc-xwalk-000181;hust-obc-cat-0200,src-hust-obc,source_marked_risk_noted,needs_cross_source_review,2026-06-28
obs-xwalk-cand-000182,codepoint_crosswalk_candidate,corpus/001_oracle-characters/113_000101-000200_obs-xwalk-bucket_codepoint-xwalk/082_obs-xwalk-cand-000182_xwalk-000182_codepoint-xwalk,hust-obimd-evobc-xwalk-000182,hust-obimd-evobc-xwalk-000182;hust-obc-cat-0201,src-hust-obc,source_marked_risk_noted,needs_cross_source_review,2026-06-28
obs-xwalk-cand-000183,codepoint_crosswalk_candidate,corpus/001_oracle-characters/113_000101-000200_obs-xwalk-bucket_codepoint-xwalk/083_obs-xwalk-cand-000183_xwalk-000183_codepoint-xwalk,hust-obimd-evobc-xwalk-000183,hust-obimd-evobc-xwalk-000183;hust-obc-cat-0202,src-hust-obc,source_marked_risk_noted,needs_cross_source_review,2026-06-28
obs-xwalk-cand-000184,codepoint_crosswalk_candidate,corpus/001_oracle-characters/113_000101-000200_obs-xwalk-bucket_codepoint-xwalk/084_obs-xwalk-cand-000184_xwalk-000184_codepoint-xwalk,hust-obimd-evobc-xwalk-000184,hust-obimd-evobc-xwalk-000184;hust-obc-cat-0203,src-hust-obc,source_marked_risk_noted,needs_cross_source_review,2026-06-28
obs-xwalk-cand-000185,codepoint_crosswalk_candidate,corpus/001_oracle-characters/113_000101-000200_obs-xwalk-bucket_codepoint-xwalk/085_obs-xwalk-cand-000185_xwalk-000185_codepoint-xwalk,hust-obimd-evobc-xwalk-000185,hust-obimd-evobc-xwalk-000185;hust-obc-cat-0204,src-hust-obc,source_marked_risk_noted,needs_cross_source_review,2026-06-28
obs-xwalk-cand-000186,codepoint_crosswalk_candidate,corpus/001_oracle-characters/113_000101-000200_obs-xwalk-bucket_codepoint-xwalk/086_obs-xwalk-cand-000186_xwalk-000186_codepoint-xwalk,hust-obimd-evobc-xwalk-000186,hust-obimd-evobc-xwalk-000186;hust-obc-cat-0205_0206,src-hust-obc,source_marked_risk_noted,needs_cross_source_review,2026-06-28
obs-xwalk-cand-000187,codepoint_crosswalk_candidate,corpus/001_oracle-characters/113_000101-000200_obs-xwalk-bucket_codepoint-xwalk/087_obs-xwalk-cand-000187_xwalk-000187_codepoint-xwalk,hust-obimd-evobc-xwalk-000187,hust-obimd-evobc-xwalk-000187;hust-obc-cat-0207,src-hust-obc,source_marked_risk_noted,needs_cross_source_review,2026-06-28
obs-xwalk-cand-000188,codepoint_crosswalk_candidate,corpus/001_oracle-characters/113_000101-000200_obs-xwalk-bucket_codepoint-xwalk/088_obs-xwalk-cand-000188_xwalk-000188_codepoint-xwalk,hust-obimd-evobc-xwalk-000188,hust-obimd-evobc-xwalk-000188;hust-obc-cat-0208,src-hust-obc,source_marked_risk_noted,needs_cross_source_review,2026-06-28
obs-xwalk-cand-000189,codepoint_crosswalk_candidate,corpus/001_oracle-characters/113_000101-000200_obs-xwalk-bucket_codepoint-xwalk/089_obs-xwalk-cand-000189_xwalk-000189_codepoint-xwalk,hust-obimd-evobc-xwalk-000189,hust-obimd-evobc-xwalk-000189;hust-obc-cat-0209,src-hust-obc,source_marked_risk_noted,needs_cross_source_review,2026-06-28
obs-xwalk-cand-000190,codepoint_crosswalk_candidate,corpus/001_oracle-characters/113_000101-000200_obs-xwalk-bucket_codepoint-xwalk/090_obs-xwalk-cand-000190_xwalk-000190_codepoint-xwalk,hust-obimd-evobc-xwalk-000190,hust-obimd-evobc-xwalk-000190;hust-obc-cat-0210_0211,src-hust-obc,source_marked_risk_noted,needs_cross_source_review,2026-06-28
obs-xwalk-cand-000191,codepoint_crosswalk_candidate,corpus/001_oracle-characters/113_000101-000200_obs-xwalk-bucket_codepoint-xwalk/091_obs-xwalk-cand-000191_xwalk-000191_codepoint-xwalk,hust-obimd-evobc-xwalk-000191,hust-obimd-evobc-xwalk-000191;hust-obc-cat-0212_0213,src-hust-obc,source_marked_risk_noted,needs_cross_source_review,2026-06-28
obs-xwalk-cand-000192,codepoint_crosswalk_candidate,corpus/001_oracle-characters/113_000101-000200_obs-xwalk-bucket_codepoint-xwalk/092_obs-xwalk-cand-000192_xwalk-000192_codepoint-xwalk,hust-obimd-evobc-xwalk-000192,hust-obimd-evobc-xwalk-000192;hust-obc-cat-0214,src-hust-obc,source_marked_risk_noted,needs_cross_source_review,2026-06-28
obs-xwalk-cand-000193,codepoint_crosswalk_candidate,corpus/001_oracle-characters/113_000101-000200_obs-xwalk-bucket_codepoint-xwalk/093_obs-xwalk-cand-000193_xwalk-000193_codepoint-xwalk,hust-obimd-evobc-xwalk-000193,hust-obimd-evobc-xwalk-000193;hust-obc-cat-0215,src-hust-obc,source_marked_risk_noted,needs_cross_source_review,2026-06-28
obs-xwalk-cand-000194,codepoint_crosswalk_candidate,corpus/001_oracle-characters/113_000101-000200_obs-xwalk-bucket_codepoint-xwalk/094_obs-xwalk-cand-000194_xwalk-000194_codepoint-xwalk,hust-obimd-evobc-xwalk-000194,hust-obimd-evobc-xwalk-000194;hust-obc-cat-0216,src-hust-obc,source_marked_risk_noted,needs_cross_source_review,2026-06-28
obs-xwalk-cand-000195,codepoint_crosswalk_candidate,corpus/001_oracle-characters/113_000101-000200_obs-xwalk-bucket_codepoint-xwalk/095_obs-xwalk-cand-000195_xwalk-000195_codepoint-xwalk,hust-obimd-evobc-xwalk-000195,hust-obimd-evobc-xwalk-000195;hust-obc-cat-0217,src-hust-obc,source_marked_risk_noted,needs_cross_source_review,2026-06-28
obs-xwalk-cand-000196,codepoint_crosswalk_candidate,corpus/001_oracle-characters/113_000101-000200_obs-xwalk-bucket_codepoint-xwalk/096_obs-xwalk-cand-000196_xwalk-000196_codepoint-xwalk,hust-obimd-evobc-xwalk-000196,hust-obimd-evobc-xwalk-000196;hust-obc-cat-0218,src-hust-obc,source_marked_risk_noted,needs_cross_source_review,2026-06-28
obs-xwalk-cand-000197,codepoint_crosswalk_candidate,corpus/001_oracle-characters/113_000101-000200_obs-xwalk-bucket_codepoint-xwalk/097_obs-xwalk-cand-000197_xwalk-000197_codepoint-xwalk,hust-obimd-evobc-xwalk-000197,hust-obimd-evobc-xwalk-000197;hust-obc-cat-0219,src-hust-obc,source_marked_risk_noted,needs_cross_source_review,2026-06-28
obs-xwalk-cand-000198,codepoint_crosswalk_candidate,corpus/001_oracle-characters/113_000101-000200_obs-xwalk-bucket_codepoint-xwalk/098_obs-xwalk-cand-000198_xwalk-000198_codepoint-xwalk,hust-obimd-evobc-xwalk-000198,hust-obimd-evobc-xwalk-000198;hust-obc-cat-0220_0221,src-hust-obc,source_marked_risk_noted,needs_cross_source_review,2026-06-28
obs-xwalk-cand-000199,codepoint_crosswalk_candidate,corpus/001_oracle-characters/113_000101-000200_obs-xwalk-bucket_codepoint-xwalk/099_obs-xwalk-cand-000199_xwalk-000199_codepoint-xwalk,hust-obimd-evobc-xwalk-000199,hust-obimd-evobc-xwalk-000199;hust-obc-cat-0222,src-hust-obc,source_marked_risk_noted,needs_cross_source_review,2026-06-28
obs-xwalk-cand-000200,codepoint_crosswalk_candidate,corpus/001_oracle-characters/113_000101-000200_obs-xwalk-bucket_codepoint-xwalk/100_obs-xwalk-cand-000200_xwalk-000200_codepoint-xwalk,hust-obimd-evobc-xwalk-000200,hust-obimd-evobc-xwalk-000200;hust-obc-cat-0223,src-hust-obc,source_marked_risk_noted,needs_cross_source_review,2026-06-28
obs-xwalk-cand-000201,codepoint_crosswalk_candidate,corpus/001_oracle-characters/114_000201-000300_obs-xwalk-bucket_codepoint-xwalk/001_obs-xwalk-cand-000201_xwalk-000201_codepoint-xwalk,hust-obimd-evobc-xwalk-000201,hust-obimd-evobc-xwalk-000201;hust-obc-cat-0224,src-hust-obc,source_marked_risk_noted,needs_cross_source_review,2026-06-28
obs-xwalk-cand-000202,codepoint_crosswalk_candidate,corpus/001_oracle-characters/114_000201-000300_obs-xwalk-bucket_codepoint-xwalk/002_obs-xwalk-cand-000202_xwalk-000202_codepoint-xwalk,hust-obimd-evobc-xwalk-000202,hust-obimd-evobc-xwalk-000202;hust-obc-cat-0225,src-hust-obc,source_marked_risk_noted,needs_cross_source_review,2026-06-28
obs-xwalk-cand-000203,codepoint_crosswalk_candidate,corpus/001_oracle-characters/114_000201-000300_obs-xwalk-bucket_codepoint-xwalk/003_obs-xwalk-cand-000203_xwalk-000203_codepoint-xwalk,hust-obimd-evobc-xwalk-000203,hust-obimd-evobc-xwalk-000203;hust-obc-cat-0226,src-hust-obc,source_marked_risk_noted,needs_cross_source_review,2026-06-28
obs-xwalk-cand-000204,codepoint_crosswalk_candidate,corpus/001_oracle-characters/114_000201-000300_obs-xwalk-bucket_codepoint-xwalk/004_obs-xwalk-cand-000204_xwalk-000204_codepoint-xwalk,hust-obimd-evobc-xwalk-000204,hust-obimd-evobc-xwalk-000204;hust-obc-cat-0227,src-hust-obc,source_marked_risk_noted,needs_cross_source_review,2026-06-28
obs-xwalk-cand-000205,codepoint_crosswalk_candidate,corpus/001_oracle-characters/114_000201-000300_obs-xwalk-bucket_codepoint-xwalk/005_obs-xwalk-cand-000205_xwalk-000205_codepoint-xwalk,hust-obimd-evobc-xwalk-000205,hust-obimd-evobc-xwalk-000205;hust-obc-cat-0228,src-hust-obc,source_marked_risk_noted,needs_cross_source_review,2026-06-28
obs-xwalk-cand-000206,codepoint_crosswalk_candidate,corpus/001_oracle-characters/114_000201-000300_obs-xwalk-bucket_codepoint-xwalk/006_obs-xwalk-cand-000206_xwalk-000206_codepoint-xwalk,hust-obimd-evobc-xwalk-000206,hust-obimd-evobc-xwalk-000206;hust-obc-cat-0229,src-hust-obc,source_marked_risk_noted,needs_cross_source_review,2026-06-28
obs-xwalk-cand-000207,codepoint_crosswalk_candidate,corpus/001_oracle-characters/114_000201-000300_obs-xwalk-bucket_codepoint-xwalk/007_obs-xwalk-cand-000207_xwalk-000207_codepoint-xwalk,hust-obimd-evobc-xwalk-000207,hust-obimd-evobc-xwalk-000207;hust-obc-cat-0230;evobc-cat-00019,src-hust-obc;src-evobc,source_marked_risk_noted,needs_cross_source_review,2026-06-28
obs-xwalk-cand-000208,codepoint_crosswalk_candidate,corpus/001_oracle-characters/114_000201-000300_obs-xwalk-bucket_codepoint-xwalk/008_obs-xwalk-cand-000208_xwalk-000208_codepoint-xwalk,hust-obimd-evobc-xwalk-000208,hust-obimd-evobc-xwalk-000208;hust-obc-cat-0231;evobc-cat-00020,src-hust-obc;src-evobc,source_marked_risk_noted,needs_cross_source_review,2026-06-28
obs-xwalk-cand-000209,codepoint_crosswalk_candidate,corpus/001_oracle-characters/114_000201-000300_obs-xwalk-bucket_codepoint-xwalk/009_obs-xwalk-cand-000209_xwalk-000209_codepoint-xwalk,hust-obimd-evobc-xwalk-000209,hust-obimd-evobc-xwalk-000209;hust-obc-cat-0232;obimd-main-nzqdb3i249;evobc-cat-00021,src-hust-obc;src-obimd;src-evobc,source_marked_risk_noted,needs_cross_source_review,2026-06-28
obs-xwalk-cand-000210,codepoint_crosswalk_candidate,corpus/001_oracle-characters/114_000201-000300_obs-xwalk-bucket_codepoint-xwalk/010_obs-xwalk-cand-000210_xwalk-000210_codepoint-xwalk,hust-obimd-evobc-xwalk-000210,hust-obimd-evobc-xwalk-000210;hust-obc-cat-0233,src-hust-obc,source_marked_risk_noted,needs_cross_source_review,2026-06-28
obs-xwalk-cand-000211,codepoint_crosswalk_candidate,corpus/001_oracle-characters/114_000201-000300_obs-xwalk-bucket_codepoint-xwalk/011_obs-xwalk-cand-000211_xwalk-000211_codepoint-xwalk,hust-obimd-evobc-xwalk-000211,hust-obimd-evobc-xwalk-000211;hust-obc-cat-0234,src-hust-obc,source_marked_risk_noted,needs_cross_source_review,2026-06-28
obs-xwalk-cand-000212,codepoint_crosswalk_candidate,corpus/001_oracle-characters/114_000201-000300_obs-xwalk-bucket_codepoint-xwalk/012_obs-xwalk-cand-000212_xwalk-000212_codepoint-xwalk,hust-obimd-evobc-xwalk-000212,hust-obimd-evobc-xwalk-000212;hust-obc-cat-0235,src-hust-obc,source_marked_risk_noted,needs_cross_source_review,2026-06-28
obs-xwalk-cand-000213,codepoint_crosswalk_candidate,corpus/001_oracle-characters/114_000201-000300_obs-xwalk-bucket_codepoint-xwalk/013_obs-xwalk-cand-000213_xwalk-000213_codepoint-xwalk,hust-obimd-evobc-xwalk-000213,hust-obimd-evobc-xwalk-000213;hust-obc-cat-0236_0237,src-hust-obc,source_marked_risk_noted,needs_cross_source_review,2026-06-28
obs-xwalk-cand-000214,codepoint_crosswalk_candidate,corpus/001_oracle-characters/114_000201-000300_obs-xwalk-bucket_codepoint-xwalk/014_obs-xwalk-cand-000214_xwalk-000214_codepoint-xwalk,hust-obimd-evobc-xwalk-000214,hust-obimd-evobc-xwalk-000214;hust-obc-cat-0238,src-hust-obc,source_marked_risk_noted,needs_cross_source_review,2026-06-28
obs-xwalk-cand-000215,codepoint_crosswalk_candidate,corpus/001_oracle-characters/114_000201-000300_obs-xwalk-bucket_codepoint-xwalk/015_obs-xwalk-cand-000215_xwalk-000215_codepoint-xwalk,hust-obimd-evobc-xwalk-000215,hust-obimd-evobc-xwalk-000215;hust-obc-cat-0239,src-hust-obc,source_marked_risk_noted,needs_cross_source_review,2026-06-28
obs-xwalk-cand-000216,codepoint_crosswalk_candidate,corpus/001_oracle-characters/114_000201-000300_obs-xwalk-bucket_codepoint-xwalk/016_obs-xwalk-cand-000216_xwalk-000216_codepoint-xwalk,hust-obimd-evobc-xwalk-000216,hust-obimd-evobc-xwalk-000216;hust-obc-cat-0240,src-hust-obc,source_marked_risk_noted,needs_cross_source_review,2026-06-28
obs-xwalk-cand-000217,codepoint_crosswalk_candidate,corpus/001_oracle-characters/114_000201-000300_obs-xwalk-bucket_codepoint-xwalk/017_obs-xwalk-cand-000217_xwalk-000217_codepoint-xwalk,hust-obimd-evobc-xwalk-000217,hust-obimd-evobc-xwalk-000217;hust-obc-cat-0241,src-hust-obc,source_marked_risk_noted,needs_cross_source_review,2026-06-28
obs-xwalk-cand-000218,codepoint_crosswalk_candidate,corpus/001_oracle-characters/114_000201-000300_obs-xwalk-bucket_codepoint-xwalk/018_obs-xwalk-cand-000218_xwalk-000218_codepoint-xwalk,hust-obimd-evobc-xwalk-000218,hust-obimd-evobc-xwalk-000218;hust-obc-cat-0242,src-hust-obc,source_marked_risk_noted,needs_cross_source_review,2026-06-28
obs-xwalk-cand-000219,codepoint_crosswalk_candidate,corpus/001_oracle-characters/114_000201-000300_obs-xwalk-bucket_codepoint-xwalk/019_obs-xwalk-cand-000219_xwalk-000219_codepoint-xwalk,hust-obimd-evobc-xwalk-000219,hust-obimd-evobc-xwalk-000219;hust-obc-cat-0243,src-hust-obc,source_marked_risk_noted,needs_cross_source_review,2026-06-28
obs-xwalk-cand-000220,codepoint_crosswalk_candidate,corpus/001_oracle-characters/114_000201-000300_obs-xwalk-bucket_codepoint-xwalk/020_obs-xwalk-cand-000220_xwalk-000220_codepoint-xwalk,hust-obimd-evobc-xwalk-000220,hust-obimd-evobc-xwalk-000220;hust-obc-cat-0244,src-hust-obc,source_marked_risk_noted,needs_cross_source_review,2026-06-28
obs-xwalk-cand-000221,codepoint_crosswalk_candidate,corpus/001_oracle-characters/114_000201-000300_obs-xwalk-bucket_codepoint-xwalk/021_obs-xwalk-cand-000221_xwalk-000221_codepoint-xwalk,hust-obimd-evobc-xwalk-000221,hust-obimd-evobc-xwalk-000221;hust-obc-cat-0245,src-hust-obc,source_marked_risk_noted,needs_cross_source_review,2026-06-28
obs-xwalk-cand-000222,codepoint_crosswalk_candidate,corpus/001_oracle-characters/114_000201-000300_obs-xwalk-bucket_codepoint-xwalk/022_obs-xwalk-cand-000222_xwalk-000222_codepoint-xwalk,hust-obimd-evobc-xwalk-000222,hust-obimd-evobc-xwalk-000222;hust-obc-cat-0246_0247,src-hust-obc,source_marked_risk_noted,needs_cross_source_review,2026-06-28
obs-xwalk-cand-000223,codepoint_crosswalk_candidate,corpus/001_oracle-characters/114_000201-000300_obs-xwalk-bucket_codepoint-xwalk/023_obs-xwalk-cand-000223_xwalk-000223_codepoint-xwalk,hust-obimd-evobc-xwalk-000223,hust-obimd-evobc-xwalk-000223;hust-obc-cat-0248,src-hust-obc,source_marked_risk_noted,needs_cross_source_review,2026-06-28
obs-xwalk-cand-000224,codepoint_crosswalk_candidate,corpus/001_oracle-characters/114_000201-000300_obs-xwalk-bucket_codepoint-xwalk/024_obs-xwalk-cand-000224_xwalk-000224_codepoint-xwalk,hust-obimd-evobc-xwalk-000224,hust-obimd-evobc-xwalk-000224;hust-obc-cat-0249_0250,src-hust-obc,source_marked_risk_noted,needs_cross_source_review,2026-06-28
obs-xwalk-cand-000225,codepoint_crosswalk_candidate,corpus/001_oracle-characters/114_000201-000300_obs-xwalk-bucket_codepoint-xwalk/025_obs-xwalk-cand-000225_xwalk-000225_codepoint-xwalk,hust-obimd-evobc-xwalk-000225,hust-obimd-evobc-xwalk-000225;hust-obc-cat-0251,src-hust-obc,source_marked_risk_noted,needs_cross_source_review,2026-06-28
obs-xwalk-cand-000226,codepoint_crosswalk_candidate,corpus/001_oracle-characters/114_000201-000300_obs-xwalk-bucket_codepoint-xwalk/026_obs-xwalk-cand-000226_xwalk-000226_codepoint-xwalk,hust-obimd-evobc-xwalk-000226,hust-obimd-evobc-xwalk-000226;hust-obc-cat-0252,src-hust-obc,source_marked_risk_noted,needs_cross_source_review,2026-06-28
obs-xwalk-cand-000227,codepoint_crosswalk_candidate,corpus/001_oracle-characters/114_000201-000300_obs-xwalk-bucket_codepoint-xwalk/027_obs-xwalk-cand-000227_xwalk-000227_codepoint-xwalk,hust-obimd-evobc-xwalk-000227,hust-obimd-evobc-xwalk-000227;hust-obc-cat-0253,src-hust-obc,source_marked_risk_noted,needs_cross_source_review,2026-06-28
obs-xwalk-cand-000228,codepoint_crosswalk_candidate,corpus/001_oracle-characters/114_000201-000300_obs-xwalk-bucket_codepoint-xwalk/028_obs-xwalk-cand-000228_xwalk-000228_codepoint-xwalk,hust-obimd-evobc-xwalk-000228,hust-obimd-evobc-xwalk-000228;hust-obc-cat-0254,src-hust-obc,source_marked_risk_noted,needs_cross_source_review,2026-06-28
obs-xwalk-cand-000229,codepoint_crosswalk_candidate,corpus/001_oracle-characters/114_000201-000300_obs-xwalk-bucket_codepoint-xwalk/029_obs-xwalk-cand-000229_xwalk-000229_codepoint-xwalk,hust-obimd-evobc-xwalk-000229,hust-obimd-evobc-xwalk-000229;hust-obc-cat-0255,src-hust-obc,source_marked_risk_noted,needs_cross_source_review,2026-06-28
obs-xwalk-cand-000230,codepoint_crosswalk_candidate,corpus/001_oracle-characters/114_000201-000300_obs-xwalk-bucket_codepoint-xwalk/030_obs-xwalk-cand-000230_xwalk-000230_codepoint-xwalk,hust-obimd-evobc-xwalk-000230,hust-obimd-evobc-xwalk-000230;hust-obc-cat-0256,src-hust-obc,source_marked_risk_noted,needs_cross_source_review,2026-06-28
obs-xwalk-cand-000231,codepoint_crosswalk_candidate,corpus/001_oracle-characters/114_000201-000300_obs-xwalk-bucket_codepoint-xwalk/031_obs-xwalk-cand-000231_xwalk-000231_codepoint-xwalk,hust-obimd-evobc-xwalk-000231,hust-obimd-evobc-xwalk-000231;hust-obc-cat-0257;evobc-cat-00022,src-hust-obc;src-evobc,source_marked_risk_noted,needs_cross_source_review,2026-06-28
obs-xwalk-cand-000232,codepoint_crosswalk_candidate,corpus/001_oracle-characters/114_000201-000300_obs-xwalk-bucket_codepoint-xwalk/032_obs-xwalk-cand-000232_xwalk-000232_codepoint-xwalk,hust-obimd-evobc-xwalk-000232,hust-obimd-evobc-xwalk-000232;hust-obc-cat-0258_0259,src-hust-obc,source_marked_risk_noted,needs_cross_source_review,2026-06-28
obs-xwalk-cand-000233,codepoint_crosswalk_candidate,corpus/001_oracle-characters/114_000201-000300_obs-xwalk-bucket_codepoint-xwalk/033_obs-xwalk-cand-000233_xwalk-000233_codepoint-xwalk,hust-obimd-evobc-xwalk-000233,hust-obimd-evobc-xwalk-000233;hust-obc-cat-0260,src-hust-obc,source_marked_risk_noted,needs_cross_source_review,2026-06-28
obs-xwalk-cand-000234,codepoint_crosswalk_candidate,corpus/001_oracle-characters/114_000201-000300_obs-xwalk-bucket_codepoint-xwalk/034_obs-xwalk-cand-000234_xwalk-000234_codepoint-xwalk,hust-obimd-evobc-xwalk-000234,hust-obimd-evobc-xwalk-000234;hust-obc-cat-0261,src-hust-obc,source_marked_risk_noted,needs_cross_source_review,2026-06-28
obs-xwalk-cand-000235,codepoint_crosswalk_candidate,corpus/001_oracle-characters/114_000201-000300_obs-xwalk-bucket_codepoint-xwalk/035_obs-xwalk-cand-000235_xwalk-000235_codepoint-xwalk,hust-obimd-evobc-xwalk-000235,hust-obimd-evobc-xwalk-000235;hust-obc-cat-0262,src-hust-obc,source_marked_risk_noted,needs_cross_source_review,2026-06-28
obs-xwalk-cand-000236,codepoint_crosswalk_candidate,corpus/001_oracle-characters/114_000201-000300_obs-xwalk-bucket_codepoint-xwalk/036_obs-xwalk-cand-000236_xwalk-000236_codepoint-xwalk,hust-obimd-evobc-xwalk-000236,hust-obimd-evobc-xwalk-000236;hust-obc-cat-0263,src-hust-obc,source_marked_risk_noted,needs_cross_source_review,2026-06-28
obs-xwalk-cand-000237,codepoint_crosswalk_candidate,corpus/001_oracle-characters/114_000201-000300_obs-xwalk-bucket_codepoint-xwalk/037_obs-xwalk-cand-000237_xwalk-000237_codepoint-xwalk,hust-obimd-evobc-xwalk-000237,hust-obimd-evobc-xwalk-000237;hust-obc-cat-0264,src-hust-obc,source_marked_risk_noted,needs_cross_source_review,2026-06-28
obs-xwalk-cand-000238,codepoint_crosswalk_candidate,corpus/001_oracle-characters/114_000201-000300_obs-xwalk-bucket_codepoint-xwalk/038_obs-xwalk-cand-000238_xwalk-000238_codepoint-xwalk,hust-obimd-evobc-xwalk-000238,hust-obimd-evobc-xwalk-000238;hust-obc-cat-0265,src-hust-obc,source_marked_risk_noted,needs_cross_source_review,2026-06-28
obs-xwalk-cand-000239,codepoint_crosswalk_candidate,corpus/001_oracle-characters/114_000201-000300_obs-xwalk-bucket_codepoint-xwalk/039_obs-xwalk-cand-000239_xwalk-000239_codepoint-xwalk,hust-obimd-evobc-xwalk-000239,hust-obimd-evobc-xwalk-000239;hust-obc-cat-0266,src-hust-obc,source_marked_risk_noted,needs_cross_source_review,2026-06-28
obs-xwalk-cand-000240,codepoint_crosswalk_candidate,corpus/001_oracle-characters/114_000201-000300_obs-xwalk-bucket_codepoint-xwalk/040_obs-xwalk-cand-000240_xwalk-000240_codepoint-xwalk,hust-obimd-evobc-xwalk-000240,hust-obimd-evobc-xwalk-000240;hust-obc-cat-0267,src-hust-obc,source_marked_risk_noted,needs_cross_source_review,2026-06-28
obs-xwalk-cand-000241,codepoint_crosswalk_candidate,corpus/001_oracle-characters/114_000201-000300_obs-xwalk-bucket_codepoint-xwalk/041_obs-xwalk-cand-000241_xwalk-000241_codepoint-xwalk,hust-obimd-evobc-xwalk-000241,hust-obimd-evobc-xwalk-000241;hust-obc-cat-0268,src-hust-obc,source_marked_risk_noted,needs_cross_source_review,2026-06-28
obs-xwalk-cand-000242,codepoint_crosswalk_candidate,corpus/001_oracle-characters/114_000201-000300_obs-xwalk-bucket_codepoint-xwalk/042_obs-xwalk-cand-000242_xwalk-000242_codepoint-xwalk,hust-obimd-evobc-xwalk-000242,hust-obimd-evobc-xwalk-000242;hust-obc-cat-0269,src-hust-obc,source_marked_risk_noted,needs_cross_source_review,2026-06-28
obs-xwalk-cand-000243,codepoint_crosswalk_candidate,corpus/001_oracle-characters/114_000201-000300_obs-xwalk-bucket_codepoint-xwalk/043_obs-xwalk-cand-000243_xwalk-000243_codepoint-xwalk,hust-obimd-evobc-xwalk-000243,hust-obimd-evobc-xwalk-000243;hust-obc-cat-0270_0271,src-hust-obc,source_marked_risk_noted,needs_cross_source_review,2026-06-28
obs-xwalk-cand-000244,codepoint_crosswalk_candidate,corpus/001_oracle-characters/114_000201-000300_obs-xwalk-bucket_codepoint-xwalk/044_obs-xwalk-cand-000244_xwalk-000244_codepoint-xwalk,hust-obimd-evobc-xwalk-000244,hust-obimd-evobc-xwalk-000244;hust-obc-cat-0272,src-hust-obc,source_marked_risk_noted,needs_cross_source_review,2026-06-28
obs-xwalk-cand-000245,codepoint_crosswalk_candidate,corpus/001_oracle-characters/114_000201-000300_obs-xwalk-bucket_codepoint-xwalk/045_obs-xwalk-cand-000245_xwalk-000245_codepoint-xwalk,hust-obimd-evobc-xwalk-000245,hust-obimd-evobc-xwalk-000245;hust-obc-cat-0273,src-hust-obc,source_marked_risk_noted,needs_cross_source_review,2026-06-28
obs-xwalk-cand-000246,codepoint_crosswalk_candidate,corpus/001_oracle-characters/114_000201-000300_obs-xwalk-bucket_codepoint-xwalk/046_obs-xwalk-cand-000246_xwalk-000246_codepoint-xwalk,hust-obimd-evobc-xwalk-000246,hust-obimd-evobc-xwalk-000246;hust-obc-cat-0274,src-hust-obc,source_marked_risk_noted,needs_cross_source_review,2026-06-28
obs-xwalk-cand-000247,codepoint_crosswalk_candidate,corpus/001_oracle-characters/114_000201-000300_obs-xwalk-bucket_codepoint-xwalk/047_obs-xwalk-cand-000247_xwalk-000247_codepoint-xwalk,hust-obimd-evobc-xwalk-000247,hust-obimd-evobc-xwalk-000247;hust-obc-cat-0275,src-hust-obc,source_marked_risk_noted,needs_cross_source_review,2026-06-28
obs-xwalk-cand-000248,codepoint_crosswalk_candidate,corpus/001_oracle-characters/114_000201-000300_obs-xwalk-bucket_codepoint-xwalk/048_obs-xwalk-cand-000248_xwalk-000248_codepoint-xwalk,hust-obimd-evobc-xwalk-000248,hust-obimd-evobc-xwalk-000248;hust-obc-cat-0276,src-hust-obc,source_marked_risk_noted,needs_cross_source_review,2026-06-28
obs-xwalk-cand-000249,codepoint_crosswalk_candidate,corpus/001_oracle-characters/114_000201-000300_obs-xwalk-bucket_codepoint-xwalk/049_obs-xwalk-cand-000249_xwalk-000249_codepoint-xwalk,hust-obimd-evobc-xwalk-000249,hust-obimd-evobc-xwalk-000249;hust-obc-cat-0277,src-hust-obc,source_marked_risk_noted,needs_cross_source_review,2026-06-28
obs-xwalk-cand-000250,codepoint_crosswalk_candidate,corpus/001_oracle-characters/114_000201-000300_obs-xwalk-bucket_codepoint-xwalk/050_obs-xwalk-cand-000250_xwalk-000250_codepoint-xwalk,hust-obimd-evobc-xwalk-000250,hust-obimd-evobc-xwalk-000250;hust-obc-cat-0278,src-hust-obc,source_marked_risk_noted,needs_cross_source_review,2026-06-28
obs-xwalk-cand-000251,codepoint_crosswalk_candidate,corpus/001_oracle-characters/114_000201-000300_obs-xwalk-bucket_codepoint-xwalk/051_obs-xwalk-cand-000251_xwalk-000251_codepoint-xwalk,hust-obimd-evobc-xwalk-000251,hust-obimd-evobc-xwalk-000251;hust-obc-cat-0279,src-hust-obc,source_marked_risk_noted,needs_cross_source_review,2026-06-28
obs-xwalk-cand-000252,codepoint_crosswalk_candidate,corpus/001_oracle-characters/114_000201-000300_obs-xwalk-bucket_codepoint-xwalk/052_obs-xwalk-cand-000252_xwalk-000252_codepoint-xwalk,hust-obimd-evobc-xwalk-000252,hust-obimd-evobc-xwalk-000252;hust-obc-cat-0280,src-hust-obc,source_marked_risk_noted,needs_cross_source_review,2026-06-28
obs-xwalk-cand-000253,codepoint_crosswalk_candidate,corpus/001_oracle-characters/114_000201-000300_obs-xwalk-bucket_codepoint-xwalk/053_obs-xwalk-cand-000253_xwalk-000253_codepoint-xwalk,hust-obimd-evobc-xwalk-000253,hust-obimd-evobc-xwalk-000253;hust-obc-cat-0281_0282_0283,src-hust-obc,source_marked_risk_noted,needs_cross_source_review,2026-06-28
obs-xwalk-cand-000254,codepoint_crosswalk_candidate,corpus/001_oracle-characters/114_000201-000300_obs-xwalk-bucket_codepoint-xwalk/054_obs-xwalk-cand-000254_xwalk-000254_codepoint-xwalk,hust-obimd-evobc-xwalk-000254,hust-obimd-evobc-xwalk-000254;hust-obc-cat-0284,src-hust-obc,source_marked_risk_noted,needs_cross_source_review,2026-06-28
obs-xwalk-cand-000255,codepoint_crosswalk_candidate,corpus/001_oracle-characters/114_000201-000300_obs-xwalk-bucket_codepoint-xwalk/055_obs-xwalk-cand-000255_xwalk-000255_codepoint-xwalk,hust-obimd-evobc-xwalk-000255,hust-obimd-evobc-xwalk-000255;hust-obc-cat-0285,src-hust-obc,source_marked_risk_noted,needs_cross_source_review,2026-06-28
obs-xwalk-cand-000256,codepoint_crosswalk_candidate,corpus/001_oracle-characters/114_000201-000300_obs-xwalk-bucket_codepoint-xwalk/056_obs-xwalk-cand-000256_xwalk-000256_codepoint-xwalk,hust-obimd-evobc-xwalk-000256,hust-obimd-evobc-xwalk-000256;hust-obc-cat-0286_0287_0288,src-hust-obc,source_marked_risk_noted,needs_cross_source_review,2026-06-28
obs-xwalk-cand-000257,codepoint_crosswalk_candidate,corpus/001_oracle-characters/114_000201-000300_obs-xwalk-bucket_codepoint-xwalk/057_obs-xwalk-cand-000257_xwalk-000257_codepoint-xwalk,hust-obimd-evobc-xwalk-000257,hust-obimd-evobc-xwalk-000257;hust-obc-cat-0289,src-hust-obc,source_marked_risk_noted,needs_cross_source_review,2026-06-28
obs-xwalk-cand-000258,codepoint_crosswalk_candidate,corpus/001_oracle-characters/114_000201-000300_obs-xwalk-bucket_codepoint-xwalk/058_obs-xwalk-cand-000258_xwalk-000258_codepoint-xwalk,hust-obimd-evobc-xwalk-000258,hust-obimd-evobc-xwalk-000258;hust-obc-cat-0290,src-hust-obc,source_marked_risk_noted,needs_cross_source_review,2026-06-28
obs-xwalk-cand-000259,codepoint_crosswalk_candidate,corpus/001_oracle-characters/114_000201-000300_obs-xwalk-bucket_codepoint-xwalk/059_obs-xwalk-cand-000259_xwalk-000259_codepoint-xwalk,hust-obimd-evobc-xwalk-000259,hust-obimd-evobc-xwalk-000259;hust-obc-cat-0291;evobc-cat-00023,src-hust-obc;src-evobc,source_marked_risk_noted,needs_cross_source_review,2026-06-28
obs-xwalk-cand-000260,codepoint_crosswalk_candidate,corpus/001_oracle-characters/114_000201-000300_obs-xwalk-bucket_codepoint-xwalk/060_obs-xwalk-cand-000260_xwalk-000260_codepoint-xwalk,hust-obimd-evobc-xwalk-000260,hust-obimd-evobc-xwalk-000260;hust-obc-cat-0292,src-hust-obc,source_marked_risk_noted,needs_cross_source_review,2026-06-28
obs-xwalk-cand-000261,codepoint_crosswalk_candidate,corpus/001_oracle-characters/114_000201-000300_obs-xwalk-bucket_codepoint-xwalk/061_obs-xwalk-cand-000261_xwalk-000261_codepoint-xwalk,hust-obimd-evobc-xwalk-000261,hust-obimd-evobc-xwalk-000261;hust-obc-cat-0293,src-hust-obc,source_marked_risk_noted,needs_cross_source_review,2026-06-28
obs-xwalk-cand-000262,codepoint_crosswalk_candidate,corpus/001_oracle-characters/114_000201-000300_obs-xwalk-bucket_codepoint-xwalk/062_obs-xwalk-cand-000262_xwalk-000262_codepoint-xwalk,hust-obimd-evobc-xwalk-000262,hust-obimd-evobc-xwalk-000262;hust-obc-cat-0294,src-hust-obc,source_marked_risk_noted,needs_cross_source_review,2026-06-28
obs-xwalk-cand-000263,codepoint_crosswalk_candidate,corpus/001_oracle-characters/114_000201-000300_obs-xwalk-bucket_codepoint-xwalk/063_obs-xwalk-cand-000263_xwalk-000263_codepoint-xwalk,hust-obimd-evobc-xwalk-000263,hust-obimd-evobc-xwalk-000263;hust-obc-cat-0295,src-hust-obc,source_marked_risk_noted,needs_cross_source_review,2026-06-28
obs-xwalk-cand-000264,codepoint_crosswalk_candidate,corpus/001_oracle-characters/114_000201-000300_obs-xwalk-bucket_codepoint-xwalk/064_obs-xwalk-cand-000264_xwalk-000264_codepoint-xwalk,hust-obimd-evobc-xwalk-000264,hust-obimd-evobc-xwalk-000264;hust-obc-cat-0296,src-hust-obc,source_marked_risk_noted,needs_cross_source_review,2026-06-28
obs-xwalk-cand-000265,codepoint_crosswalk_candidate,corpus/001_oracle-characters/114_000201-000300_obs-xwalk-bucket_codepoint-xwalk/065_obs-xwalk-cand-000265_xwalk-000265_codepoint-xwalk,hust-obimd-evobc-xwalk-000265,hust-obimd-evobc-xwalk-000265;hust-obc-cat-0297_0298,src-hust-obc,source_marked_risk_noted,needs_cross_source_review,2026-06-28
obs-xwalk-cand-000266,codepoint_crosswalk_candidate,corpus/001_oracle-characters/114_000201-000300_obs-xwalk-bucket_codepoint-xwalk/066_obs-xwalk-cand-000266_xwalk-000266_codepoint-xwalk,hust-obimd-evobc-xwalk-000266,hust-obimd-evobc-xwalk-000266;hust-obc-cat-0299,src-hust-obc,source_marked_risk_noted,needs_cross_source_review,2026-06-28
obs-xwalk-cand-000267,codepoint_crosswalk_candidate,corpus/001_oracle-characters/114_000201-000300_obs-xwalk-bucket_codepoint-xwalk/067_obs-xwalk-cand-000267_xwalk-000267_codepoint-xwalk,hust-obimd-evobc-xwalk-000267,hust-obimd-evobc-xwalk-000267;hust-obc-cat-0300,src-hust-obc,source_marked_risk_noted,needs_cross_source_review,2026-06-28
obs-xwalk-cand-000268,codepoint_crosswalk_candidate,corpus/001_oracle-characters/114_000201-000300_obs-xwalk-bucket_codepoint-xwalk/068_obs-xwalk-cand-000268_xwalk-000268_codepoint-xwalk,hust-obimd-evobc-xwalk-000268,hust-obimd-evobc-xwalk-000268;hust-obc-cat-0301,src-hust-obc,source_marked_risk_noted,needs_cross_source_review,2026-06-28
obs-xwalk-cand-000269,codepoint_crosswalk_candidate,corpus/001_oracle-characters/114_000201-000300_obs-xwalk-bucket_codepoint-xwalk/069_obs-xwalk-cand-000269_xwalk-000269_codepoint-xwalk,hust-obimd-evobc-xwalk-000269,hust-obimd-evobc-xwalk-000269;hust-obc-cat-0302_0303,src-hust-obc,source_marked_risk_noted,needs_cross_source_review,2026-06-28
obs-xwalk-cand-000270,codepoint_crosswalk_candidate,corpus/001_oracle-characters/114_000201-000300_obs-xwalk-bucket_codepoint-xwalk/070_obs-xwalk-cand-000270_xwalk-000270_codepoint-xwalk,hust-obimd-evobc-xwalk-000270,hust-obimd-evobc-xwalk-000270;hust-obc-cat-0304_0305,src-hust-obc,source_marked_risk_noted,needs_cross_source_review,2026-06-28
obs-xwalk-cand-000271,codepoint_crosswalk_candidate,corpus/001_oracle-characters/114_000201-000300_obs-xwalk-bucket_codepoint-xwalk/071_obs-xwalk-cand-000271_xwalk-000271_codepoint-xwalk,hust-obimd-evobc-xwalk-000271,hust-obimd-evobc-xwalk-000271;hust-obc-cat-0306,src-hust-obc,source_marked_risk_noted,needs_cross_source_review,2026-06-28
obs-xwalk-cand-000272,codepoint_crosswalk_candidate,corpus/001_oracle-characters/114_000201-000300_obs-xwalk-bucket_codepoint-xwalk/072_obs-xwalk-cand-000272_xwalk-000272_codepoint-xwalk,hust-obimd-evobc-xwalk-000272,hust-obimd-evobc-xwalk-000272;hust-obc-cat-0307,src-hust-obc,source_marked_risk_noted,needs_cross_source_review,2026-06-28
obs-xwalk-cand-000273,codepoint_crosswalk_candidate,corpus/001_oracle-characters/114_000201-000300_obs-xwalk-bucket_codepoint-xwalk/073_obs-xwalk-cand-000273_xwalk-000273_codepoint-xwalk,hust-obimd-evobc-xwalk-000273,hust-obimd-evobc-xwalk-000273;hust-obc-cat-0308,src-hust-obc,source_marked_risk_noted,needs_cross_source_review,2026-06-28
obs-xwalk-cand-000274,codepoint_crosswalk_candidate,corpus/001_oracle-characters/114_000201-000300_obs-xwalk-bucket_codepoint-xwalk/074_obs-xwalk-cand-000274_xwalk-000274_codepoint-xwalk,hust-obimd-evobc-xwalk-000274,hust-obimd-evobc-xwalk-000274;hust-obc-cat-0309,src-hust-obc,source_marked_risk_noted,needs_cross_source_review,2026-06-28
obs-xwalk-cand-000275,codepoint_crosswalk_candidate,corpus/001_oracle-characters/114_000201-000300_obs-xwalk-bucket_codepoint-xwalk/075_obs-xwalk-cand-000275_xwalk-000275_codepoint-xwalk,hust-obimd-evobc-xwalk-000275,hust-obimd-evobc-xwalk-000275;hust-obc-cat-0310,src-hust-obc,source_marked_risk_noted,needs_cross_source_review,2026-06-28
obs-xwalk-cand-000276,codepoint_crosswalk_candidate,corpus/001_oracle-characters/114_000201-000300_obs-xwalk-bucket_codepoint-xwalk/076_obs-xwalk-cand-000276_xwalk-000276_codepoint-xwalk,hust-obimd-evobc-xwalk-000276,hust-obimd-evobc-xwalk-000276;hust-obc-cat-0311,src-hust-obc,source_marked_risk_noted,needs_cross_source_review,2026-06-28
obs-xwalk-cand-000277,codepoint_crosswalk_candidate,corpus/001_oracle-characters/114_000201-000300_obs-xwalk-bucket_codepoint-xwalk/077_obs-xwalk-cand-000277_xwalk-000277_codepoint-xwalk,hust-obimd-evobc-xwalk-000277,hust-obimd-evobc-xwalk-000277;hust-obc-cat-0312_0313,src-hust-obc,source_marked_risk_noted,needs_cross_source_review,2026-06-28
obs-xwalk-cand-000278,codepoint_crosswalk_candidate,corpus/001_oracle-characters/114_000201-000300_obs-xwalk-bucket_codepoint-xwalk/078_obs-xwalk-cand-000278_xwalk-000278_codepoint-xwalk,hust-obimd-evobc-xwalk-000278,hust-obimd-evobc-xwalk-000278;hust-obc-cat-0314,src-hust-obc,source_marked_risk_noted,needs_cross_source_review,2026-06-28
obs-xwalk-cand-000279,codepoint_crosswalk_candidate,corpus/001_oracle-characters/114_000201-000300_obs-xwalk-bucket_codepoint-xwalk/079_obs-xwalk-cand-000279_xwalk-000279_codepoint-xwalk,hust-obimd-evobc-xwalk-000279,hust-obimd-evobc-xwalk-000279;hust-obc-cat-0315,src-hust-obc,source_marked_risk_noted,needs_cross_source_review,2026-06-28
obs-xwalk-cand-000280,codepoint_crosswalk_candidate,corpus/001_oracle-characters/114_000201-000300_obs-xwalk-bucket_codepoint-xwalk/080_obs-xwalk-cand-000280_xwalk-000280_codepoint-xwalk,hust-obimd-evobc-xwalk-000280,hust-obimd-evobc-xwalk-000280;hust-obc-cat-0316,src-hust-obc,source_marked_risk_noted,needs_cross_source_review,2026-06-28
obs-xwalk-cand-000281,codepoint_crosswalk_candidate,corpus/001_oracle-characters/114_000201-000300_obs-xwalk-bucket_codepoint-xwalk/081_obs-xwalk-cand-000281_xwalk-000281_codepoint-xwalk,hust-obimd-evobc-xwalk-000281,hust-obimd-evobc-xwalk-000281;hust-obc-cat-0317,src-hust-obc,source_marked_risk_noted,needs_cross_source_review,2026-06-28
obs-xwalk-cand-000282,codepoint_crosswalk_candidate,corpus/001_oracle-characters/114_000201-000300_obs-xwalk-bucket_codepoint-xwalk/082_obs-xwalk-cand-000282_xwalk-000282_codepoint-xwalk,hust-obimd-evobc-xwalk-000282,hust-obimd-evobc-xwalk-000282;hust-obc-cat-0318,src-hust-obc,source_marked_risk_noted,needs_cross_source_review,2026-06-28
obs-xwalk-cand-000283,codepoint_crosswalk_candidate,corpus/001_oracle-characters/114_000201-000300_obs-xwalk-bucket_codepoint-xwalk/083_obs-xwalk-cand-000283_xwalk-000283_codepoint-xwalk,hust-obimd-evobc-xwalk-000283,hust-obimd-evobc-xwalk-000283;hust-obc-cat-0319,src-hust-obc,source_marked_risk_noted,needs_cross_source_review,2026-06-28
obs-xwalk-cand-000284,codepoint_crosswalk_candidate,corpus/001_oracle-characters/114_000201-000300_obs-xwalk-bucket_codepoint-xwalk/084_obs-xwalk-cand-000284_xwalk-000284_codepoint-xwalk,hust-obimd-evobc-xwalk-000284,hust-obimd-evobc-xwalk-000284;hust-obc-cat-0320,src-hust-obc,source_marked_risk_noted,needs_cross_source_review,2026-06-28
obs-xwalk-cand-000285,codepoint_crosswalk_candidate,corpus/001_oracle-characters/114_000201-000300_obs-xwalk-bucket_codepoint-xwalk/085_obs-xwalk-cand-000285_xwalk-000285_codepoint-xwalk,hust-obimd-evobc-xwalk-000285,hust-obimd-evobc-xwalk-000285;hust-obc-cat-0321_0322_0323,src-hust-obc,source_marked_risk_noted,needs_cross_source_review,2026-06-28
obs-xwalk-cand-000286,codepoint_crosswalk_candidate,corpus/001_oracle-characters/114_000201-000300_obs-xwalk-bucket_codepoint-xwalk/086_obs-xwalk-cand-000286_xwalk-000286_codepoint-xwalk,hust-obimd-evobc-xwalk-000286,hust-obimd-evobc-xwalk-000286;hust-obc-cat-0324,src-hust-obc,source_marked_risk_noted,needs_cross_source_review,2026-06-28
obs-xwalk-cand-000287,codepoint_crosswalk_candidate,corpus/001_oracle-characters/114_000201-000300_obs-xwalk-bucket_codepoint-xwalk/087_obs-xwalk-cand-000287_xwalk-000287_codepoint-xwalk,hust-obimd-evobc-xwalk-000287,hust-obimd-evobc-xwalk-000287;hust-obc-cat-0325,src-hust-obc,source_marked_risk_noted,needs_cross_source_review,2026-06-28
obs-xwalk-cand-000288,codepoint_crosswalk_candidate,corpus/001_oracle-characters/114_000201-000300_obs-xwalk-bucket_codepoint-xwalk/088_obs-xwalk-cand-000288_xwalk-000288_codepoint-xwalk,hust-obimd-evobc-xwalk-000288,hust-obimd-evobc-xwalk-000288;hust-obc-cat-0326,src-hust-obc,source_marked_risk_noted,needs_cross_source_review,2026-06-28
obs-xwalk-cand-000289,codepoint_crosswalk_candidate,corpus/001_oracle-characters/114_000201-000300_obs-xwalk-bucket_codepoint-xwalk/089_obs-xwalk-cand-000289_xwalk-000289_codepoint-xwalk,hust-obimd-evobc-xwalk-000289,hust-obimd-evobc-xwalk-000289;hust-obc-cat-0327_0328,src-hust-obc,source_marked_risk_noted,needs_cross_source_review,2026-06-28
obs-xwalk-cand-000290,codepoint_crosswalk_candidate,corpus/001_oracle-characters/114_000201-000300_obs-xwalk-bucket_codepoint-xwalk/090_obs-xwalk-cand-000290_xwalk-000290_codepoint-xwalk,hust-obimd-evobc-xwalk-000290,hust-obimd-evobc-xwalk-000290;hust-obc-cat-0329,src-hust-obc,source_marked_risk_noted,needs_cross_source_review,2026-06-28
obs-xwalk-cand-000291,codepoint_crosswalk_candidate,corpus/001_oracle-characters/114_000201-000300_obs-xwalk-bucket_codepoint-xwalk/091_obs-xwalk-cand-000291_xwalk-000291_codepoint-xwalk,hust-obimd-evobc-xwalk-000291,hust-obimd-evobc-xwalk-000291;hust-obc-cat-0330,src-hust-obc,source_marked_risk_noted,needs_cross_source_review,2026-06-28
obs-xwalk-cand-000292,codepoint_crosswalk_candidate,corpus/001_oracle-characters/114_000201-000300_obs-xwalk-bucket_codepoint-xwalk/092_obs-xwalk-cand-000292_xwalk-000292_codepoint-xwalk,hust-obimd-evobc-xwalk-000292,hust-obimd-evobc-xwalk-000292;hust-obc-cat-0331,src-hust-obc,source_marked_risk_noted,needs_cross_source_review,2026-06-28
obs-xwalk-cand-000293,codepoint_crosswalk_candidate,corpus/001_oracle-characters/114_000201-000300_obs-xwalk-bucket_codepoint-xwalk/093_obs-xwalk-cand-000293_xwalk-000293_codepoint-xwalk,hust-obimd-evobc-xwalk-000293,hust-obimd-evobc-xwalk-000293;hust-obc-cat-0332,src-hust-obc,source_marked_risk_noted,needs_cross_source_review,2026-06-28
obs-xwalk-cand-000294,codepoint_crosswalk_candidate,corpus/001_oracle-characters/114_000201-000300_obs-xwalk-bucket_codepoint-xwalk/094_obs-xwalk-cand-000294_xwalk-000294_codepoint-xwalk,hust-obimd-evobc-xwalk-000294,hust-obimd-evobc-xwalk-000294;hust-obc-cat-0333,src-hust-obc,source_marked_risk_noted,needs_cross_source_review,2026-06-28
obs-xwalk-cand-000295,codepoint_crosswalk_candidate,corpus/001_oracle-characters/114_000201-000300_obs-xwalk-bucket_codepoint-xwalk/095_obs-xwalk-cand-000295_xwalk-000295_codepoint-xwalk,hust-obimd-evobc-xwalk-000295,hust-obimd-evobc-xwalk-000295;hust-obc-cat-0334,src-hust-obc,source_marked_risk_noted,needs_cross_source_review,2026-06-28
obs-xwalk-cand-000296,codepoint_crosswalk_candidate,corpus/001_oracle-characters/114_000201-000300_obs-xwalk-bucket_codepoint-xwalk/096_obs-xwalk-cand-000296_xwalk-000296_codepoint-xwalk,hust-obimd-evobc-xwalk-000296,hust-obimd-evobc-xwalk-000296;hust-obc-cat-0335,src-hust-obc,source_marked_risk_noted,needs_cross_source_review,2026-06-28
obs-xwalk-cand-000297,codepoint_crosswalk_candidate,corpus/001_oracle-characters/114_000201-000300_obs-xwalk-bucket_codepoint-xwalk/097_obs-xwalk-cand-000297_xwalk-000297_codepoint-xwalk,hust-obimd-evobc-xwalk-000297,hust-obimd-evobc-xwalk-000297;hust-obc-cat-0336_0337,src-hust-obc,source_marked_risk_noted,needs_cross_source_review,2026-06-28
obs-xwalk-cand-000298,codepoint_crosswalk_candidate,corpus/001_oracle-characters/114_000201-000300_obs-xwalk-bucket_codepoint-xwalk/098_obs-xwalk-cand-000298_xwalk-000298_codepoint-xwalk,hust-obimd-evobc-xwalk-000298,hust-obimd-evobc-xwalk-000298;hust-obc-cat-0338,src-hust-obc,source_marked_risk_noted,needs_cross_source_review,2026-06-28
obs-xwalk-cand-000299,codepoint_crosswalk_candidate,corpus/001_oracle-characters/114_000201-000300_obs-xwalk-bucket_codepoint-xwalk/099_obs-xwalk-cand-000299_xwalk-000299_codepoint-xwalk,hust-obimd-evobc-xwalk-000299,hust-obimd-evobc-xwalk-000299;hust-obc-cat-0339,src-hust-obc,source_marked_risk_noted,needs_cross_source_review,2026-06-28
obs-xwalk-cand-000300,codepoint_crosswalk_candidate,corpus/001_oracle-characters/114_000201-000300_obs-xwalk-bucket_codepoint-xwalk/100_obs-xwalk-cand-000300_xwalk-000300_codepoint-xwalk,hust-obimd-evobc-xwalk-000300,hust-obimd-evobc-xwalk-000300;hust-obc-cat-0340,src-hust-obc,source_marked_risk_noted,needs_cross_source_review,2026-06-28
obs-xwalk-cand-000301,codepoint_crosswalk_candidate,corpus/001_oracle-characters/115_000301-000400_obs-xwalk-bucket_codepoint-xwalk/001_obs-xwalk-cand-000301_xwalk-000301_codepoint-xwalk,hust-obimd-evobc-xwalk-000301,hust-obimd-evobc-xwalk-000301;hust-obc-cat-0341,src-hust-obc,source_marked_risk_noted,needs_cross_source_review,2026-06-28
obs-xwalk-cand-000302,codepoint_crosswalk_candidate,corpus/001_oracle-characters/115_000301-000400_obs-xwalk-bucket_codepoint-xwalk/002_obs-xwalk-cand-000302_xwalk-000302_codepoint-xwalk,hust-obimd-evobc-xwalk-000302,hust-obimd-evobc-xwalk-000302;hust-obc-cat-0342,src-hust-obc,source_marked_risk_noted,needs_cross_source_review,2026-06-28
obs-xwalk-cand-000303,codepoint_crosswalk_candidate,corpus/001_oracle-characters/115_000301-000400_obs-xwalk-bucket_codepoint-xwalk/003_obs-xwalk-cand-000303_xwalk-000303_codepoint-xwalk,hust-obimd-evobc-xwalk-000303,hust-obimd-evobc-xwalk-000303;hust-obc-cat-0343,src-hust-obc,source_marked_risk_noted,needs_cross_source_review,2026-06-28
obs-xwalk-cand-000304,codepoint_crosswalk_candidate,corpus/001_oracle-characters/115_000301-000400_obs-xwalk-bucket_codepoint-xwalk/004_obs-xwalk-cand-000304_xwalk-000304_codepoint-xwalk,hust-obimd-evobc-xwalk-000304,hust-obimd-evobc-xwalk-000304;hust-obc-cat-0344;evobc-cat-00026,src-hust-obc;src-evobc,source_marked_risk_noted,needs_cross_source_review,2026-06-28
obs-xwalk-cand-000305,codepoint_crosswalk_candidate,corpus/001_oracle-characters/115_000301-000400_obs-xwalk-bucket_codepoint-xwalk/005_obs-xwalk-cand-000305_xwalk-000305_codepoint-xwalk,hust-obimd-evobc-xwalk-000305,hust-obimd-evobc-xwalk-000305;hust-obc-cat-0345,src-hust-obc,source_marked_risk_noted,needs_cross_source_review,2026-06-28
obs-xwalk-cand-000306,codepoint_crosswalk_candidate,corpus/001_oracle-characters/115_000301-000400_obs-xwalk-bucket_codepoint-xwalk/006_obs-xwalk-cand-000306_xwalk-000306_codepoint-xwalk,hust-obimd-evobc-xwalk-000306,hust-obimd-evobc-xwalk-000306;hust-obc-cat-0346,src-hust-obc,source_marked_risk_noted,needs_cross_source_review,2026-06-28
obs-xwalk-cand-000307,codepoint_crosswalk_candidate,corpus/001_oracle-characters/115_000301-000400_obs-xwalk-bucket_codepoint-xwalk/007_obs-xwalk-cand-000307_xwalk-000307_codepoint-xwalk,hust-obimd-evobc-xwalk-000307,hust-obimd-evobc-xwalk-000307;hust-obc-cat-0347,src-hust-obc,source_marked_risk_noted,needs_cross_source_review,2026-06-28
obs-xwalk-cand-000308,codepoint_crosswalk_candidate,corpus/001_oracle-characters/115_000301-000400_obs-xwalk-bucket_codepoint-xwalk/008_obs-xwalk-cand-000308_xwalk-000308_codepoint-xwalk,hust-obimd-evobc-xwalk-000308,hust-obimd-evobc-xwalk-000308;hust-obc-cat-0348,src-hust-obc,source_marked_risk_noted,needs_cross_source_review,2026-06-28
obs-xwalk-cand-000309,codepoint_crosswalk_candidate,corpus/001_oracle-characters/115_000301-000400_obs-xwalk-bucket_codepoint-xwalk/009_obs-xwalk-cand-000309_xwalk-000309_codepoint-xwalk,hust-obimd-evobc-xwalk-000309,hust-obimd-evobc-xwalk-000309;hust-obc-cat-0349,src-hust-obc,source_marked_risk_noted,needs_cross_source_review,2026-06-28
obs-xwalk-cand-000310,codepoint_crosswalk_candidate,corpus/001_oracle-characters/115_000301-000400_obs-xwalk-bucket_codepoint-xwalk/010_obs-xwalk-cand-000310_xwalk-000310_codepoint-xwalk,hust-obimd-evobc-xwalk-000310,hust-obimd-evobc-xwalk-000310;hust-obc-cat-0350,src-hust-obc,source_marked_risk_noted,needs_cross_source_review,2026-06-28
obs-xwalk-cand-000311,codepoint_crosswalk_candidate,corpus/001_oracle-characters/115_000301-000400_obs-xwalk-bucket_codepoint-xwalk/011_obs-xwalk-cand-000311_xwalk-000311_codepoint-xwalk,hust-obimd-evobc-xwalk-000311,hust-obimd-evobc-xwalk-000311;hust-obc-cat-0351,src-hust-obc,source_marked_risk_noted,needs_cross_source_review,2026-06-28
obs-xwalk-cand-000312,codepoint_crosswalk_candidate,corpus/001_oracle-characters/115_000301-000400_obs-xwalk-bucket_codepoint-xwalk/012_obs-xwalk-cand-000312_xwalk-000312_codepoint-xwalk,hust-obimd-evobc-xwalk-000312,hust-obimd-evobc-xwalk-000312;hust-obc-cat-0352,src-hust-obc,source_marked_risk_noted,needs_cross_source_review,2026-06-28
obs-xwalk-cand-000313,codepoint_crosswalk_candidate,corpus/001_oracle-characters/115_000301-000400_obs-xwalk-bucket_codepoint-xwalk/013_obs-xwalk-cand-000313_xwalk-000313_codepoint-xwalk,hust-obimd-evobc-xwalk-000313,hust-obimd-evobc-xwalk-000313;hust-obc-cat-0353,src-hust-obc,source_marked_risk_noted,needs_cross_source_review,2026-06-28
obs-xwalk-cand-000314,codepoint_crosswalk_candidate,corpus/001_oracle-characters/115_000301-000400_obs-xwalk-bucket_codepoint-xwalk/014_obs-xwalk-cand-000314_xwalk-000314_codepoint-xwalk,hust-obimd-evobc-xwalk-000314,hust-obimd-evobc-xwalk-000314;hust-obc-cat-0354,src-hust-obc,source_marked_risk_noted,needs_cross_source_review,2026-06-28
obs-xwalk-cand-000315,codepoint_crosswalk_candidate,corpus/001_oracle-characters/115_000301-000400_obs-xwalk-bucket_codepoint-xwalk/015_obs-xwalk-cand-000315_xwalk-000315_codepoint-xwalk,hust-obimd-evobc-xwalk-000315,hust-obimd-evobc-xwalk-000315;hust-obc-cat-0355,src-hust-obc,source_marked_risk_noted,needs_cross_source_review,2026-06-28
obs-xwalk-cand-000316,codepoint_crosswalk_candidate,corpus/001_oracle-characters/115_000301-000400_obs-xwalk-bucket_codepoint-xwalk/016_obs-xwalk-cand-000316_xwalk-000316_codepoint-xwalk,hust-obimd-evobc-xwalk-000316,hust-obimd-evobc-xwalk-000316;hust-obc-cat-0356;evobc-cat-00027,src-hust-obc;src-evobc,source_marked_risk_noted,needs_cross_source_review,2026-06-28
obs-xwalk-cand-000317,codepoint_crosswalk_candidate,corpus/001_oracle-characters/115_000301-000400_obs-xwalk-bucket_codepoint-xwalk/017_obs-xwalk-cand-000317_xwalk-000317_codepoint-xwalk,hust-obimd-evobc-xwalk-000317,hust-obimd-evobc-xwalk-000317;hust-obc-cat-0357,src-hust-obc,source_marked_risk_noted,needs_cross_source_review,2026-06-28
obs-xwalk-cand-000318,codepoint_crosswalk_candidate,corpus/001_oracle-characters/115_000301-000400_obs-xwalk-bucket_codepoint-xwalk/018_obs-xwalk-cand-000318_xwalk-000318_codepoint-xwalk,hust-obimd-evobc-xwalk-000318,hust-obimd-evobc-xwalk-000318;hust-obc-cat-0358,src-hust-obc,source_marked_risk_noted,needs_cross_source_review,2026-06-28
obs-xwalk-cand-000319,codepoint_crosswalk_candidate,corpus/001_oracle-characters/115_000301-000400_obs-xwalk-bucket_codepoint-xwalk/019_obs-xwalk-cand-000319_xwalk-000319_codepoint-xwalk,hust-obimd-evobc-xwalk-000319,hust-obimd-evobc-xwalk-000319;hust-obc-cat-0359,src-hust-obc,source_marked_risk_noted,needs_cross_source_review,2026-06-28
obs-xwalk-cand-000320,codepoint_crosswalk_candidate,corpus/001_oracle-characters/115_000301-000400_obs-xwalk-bucket_codepoint-xwalk/020_obs-xwalk-cand-000320_xwalk-000320_codepoint-xwalk,hust-obimd-evobc-xwalk-000320,hust-obimd-evobc-xwalk-000320;hust-obc-cat-0360_0361,src-hust-obc,source_marked_risk_noted,needs_cross_source_review,2026-06-28
obs-xwalk-cand-000321,codepoint_crosswalk_candidate,corpus/001_oracle-characters/115_000301-000400_obs-xwalk-bucket_codepoint-xwalk/021_obs-xwalk-cand-000321_xwalk-000321_codepoint-xwalk,hust-obimd-evobc-xwalk-000321,hust-obimd-evobc-xwalk-000321;hust-obc-cat-0362_0363,src-hust-obc,source_marked_risk_noted,needs_cross_source_review,2026-06-28
obs-xwalk-cand-000322,codepoint_crosswalk_candidate,corpus/001_oracle-characters/115_000301-000400_obs-xwalk-bucket_codepoint-xwalk/022_obs-xwalk-cand-000322_xwalk-000322_codepoint-xwalk,hust-obimd-evobc-xwalk-000322,hust-obimd-evobc-xwalk-000322;hust-obc-cat-0364;evobc-cat-00028,src-hust-obc;src-evobc,source_marked_risk_noted,needs_cross_source_review,2026-06-28
obs-xwalk-cand-000323,codepoint_crosswalk_candidate,corpus/001_oracle-characters/115_000301-000400_obs-xwalk-bucket_codepoint-xwalk/023_obs-xwalk-cand-000323_xwalk-000323_codepoint-xwalk,hust-obimd-evobc-xwalk-000323,hust-obimd-evobc-xwalk-000323;hust-obc-cat-0365;evobc-cat-00029,src-hust-obc;src-evobc,source_marked_risk_noted,needs_cross_source_review,2026-06-28
obs-xwalk-cand-000324,codepoint_crosswalk_candidate,corpus/001_oracle-characters/115_000301-000400_obs-xwalk-bucket_codepoint-xwalk/024_obs-xwalk-cand-000324_xwalk-000324_codepoint-xwalk,hust-obimd-evobc-xwalk-000324,hust-obimd-evobc-xwalk-000324;hust-obc-cat-0366,src-hust-obc,source_marked_risk_noted,needs_cross_source_review,2026-06-28
obs-xwalk-cand-000325,codepoint_crosswalk_candidate,corpus/001_oracle-characters/115_000301-000400_obs-xwalk-bucket_codepoint-xwalk/025_obs-xwalk-cand-000325_xwalk-000325_codepoint-xwalk,hust-obimd-evobc-xwalk-000325,hust-obimd-evobc-xwalk-000325;hust-obc-cat-0367,src-hust-obc,source_marked_risk_noted,needs_cross_source_review,2026-06-28
obs-xwalk-cand-000326,codepoint_crosswalk_candidate,corpus/001_oracle-characters/115_000301-000400_obs-xwalk-bucket_codepoint-xwalk/026_obs-xwalk-cand-000326_xwalk-000326_codepoint-xwalk,hust-obimd-evobc-xwalk-000326,hust-obimd-evobc-xwalk-000326;hust-obc-cat-0368;obimd-main-x0w8luxhhs,src-hust-obc;src-obimd,source_marked_risk_noted,needs_cross_source_review,2026-06-28
obs-xwalk-cand-000327,codepoint_crosswalk_candidate,corpus/001_oracle-characters/115_000301-000400_obs-xwalk-bucket_codepoint-xwalk/027_obs-xwalk-cand-000327_xwalk-000327_codepoint-xwalk,hust-obimd-evobc-xwalk-000327,hust-obimd-evobc-xwalk-000327;hust-obc-cat-0369;evobc-cat-00030,src-hust-obc;src-evobc,source_marked_risk_noted,needs_cross_source_review,2026-06-28
obs-xwalk-cand-000328,codepoint_crosswalk_candidate,corpus/001_oracle-characters/115_000301-000400_obs-xwalk-bucket_codepoint-xwalk/028_obs-xwalk-cand-000328_xwalk-000328_codepoint-xwalk,hust-obimd-evobc-xwalk-000328,hust-obimd-evobc-xwalk-000328;hust-obc-cat-0370,src-hust-obc,source_marked_risk_noted,needs_cross_source_review,2026-06-28
obs-xwalk-cand-000329,codepoint_crosswalk_candidate,corpus/001_oracle-characters/115_000301-000400_obs-xwalk-bucket_codepoint-xwalk/029_obs-xwalk-cand-000329_xwalk-000329_codepoint-xwalk,hust-obimd-evobc-xwalk-000329,hust-obimd-evobc-xwalk-000329;hust-obc-cat-0371,src-hust-obc,source_marked_risk_noted,needs_cross_source_review,2026-06-28
obs-xwalk-cand-000330,codepoint_crosswalk_candidate,corpus/001_oracle-characters/115_000301-000400_obs-xwalk-bucket_codepoint-xwalk/030_obs-xwalk-cand-000330_xwalk-000330_codepoint-xwalk,hust-obimd-evobc-xwalk-000330,hust-obimd-evobc-xwalk-000330;hust-obc-cat-0372,src-hust-obc,source_marked_risk_noted,needs_cross_source_review,2026-06-28
obs-xwalk-cand-000331,codepoint_crosswalk_candidate,corpus/001_oracle-characters/115_000301-000400_obs-xwalk-bucket_codepoint-xwalk/031_obs-xwalk-cand-000331_xwalk-000331_codepoint-xwalk,hust-obimd-evobc-xwalk-000331,hust-obimd-evobc-xwalk-000331;hust-obc-cat-0373,src-hust-obc,source_marked_risk_noted,needs_cross_source_review,2026-06-28
obs-xwalk-cand-000332,codepoint_crosswalk_candidate,corpus/001_oracle-characters/115_000301-000400_obs-xwalk-bucket_codepoint-xwalk/032_obs-xwalk-cand-000332_xwalk-000332_codepoint-xwalk,hust-obimd-evobc-xwalk-000332,hust-obimd-evobc-xwalk-000332;hust-obc-cat-0374,src-hust-obc,source_marked_risk_noted,needs_cross_source_review,2026-06-28
obs-xwalk-cand-000333,codepoint_crosswalk_candidate,corpus/001_oracle-characters/115_000301-000400_obs-xwalk-bucket_codepoint-xwalk/033_obs-xwalk-cand-000333_xwalk-000333_codepoint-xwalk,hust-obimd-evobc-xwalk-000333,hust-obimd-evobc-xwalk-000333;hust-obc-cat-0375_0376,src-hust-obc,source_marked_risk_noted,needs_cross_source_review,2026-06-28
obs-xwalk-cand-000334,codepoint_crosswalk_candidate,corpus/001_oracle-characters/115_000301-000400_obs-xwalk-bucket_codepoint-xwalk/034_obs-xwalk-cand-000334_xwalk-000334_codepoint-xwalk,hust-obimd-evobc-xwalk-000334,hust-obimd-evobc-xwalk-000334;hust-obc-cat-0377;evobc-cat-00031,src-hust-obc;src-evobc,source_marked_risk_noted,needs_cross_source_review,2026-06-28
obs-xwalk-cand-000335,codepoint_crosswalk_candidate,corpus/001_oracle-characters/115_000301-000400_obs-xwalk-bucket_codepoint-xwalk/035_obs-xwalk-cand-000335_xwalk-000335_codepoint-xwalk,hust-obimd-evobc-xwalk-000335,hust-obimd-evobc-xwalk-000335;hust-obc-cat-0378,src-hust-obc,source_marked_risk_noted,needs_cross_source_review,2026-06-28
obs-xwalk-cand-000336,codepoint_crosswalk_candidate,corpus/001_oracle-characters/115_000301-000400_obs-xwalk-bucket_codepoint-xwalk/036_obs-xwalk-cand-000336_xwalk-000336_codepoint-xwalk,hust-obimd-evobc-xwalk-000336,hust-obimd-evobc-xwalk-000336;hust-obc-cat-0379,src-hust-obc,source_marked_risk_noted,needs_cross_source_review,2026-06-28
obs-xwalk-cand-000337,codepoint_crosswalk_candidate,corpus/001_oracle-characters/115_000301-000400_obs-xwalk-bucket_codepoint-xwalk/037_obs-xwalk-cand-000337_xwalk-000337_codepoint-xwalk,hust-obimd-evobc-xwalk-000337,hust-obimd-evobc-xwalk-000337;hust-obc-cat-0380,src-hust-obc,source_marked_risk_noted,needs_cross_source_review,2026-06-28
obs-xwalk-cand-000338,codepoint_crosswalk_candidate,corpus/001_oracle-characters/115_000301-000400_obs-xwalk-bucket_codepoint-xwalk/038_obs-xwalk-cand-000338_xwalk-000338_codepoint-xwalk,hust-obimd-evobc-xwalk-000338,hust-obimd-evobc-xwalk-000338;hust-obc-cat-0381,src-hust-obc,source_marked_risk_noted,needs_cross_source_review,2026-06-28
obs-xwalk-cand-000339,codepoint_crosswalk_candidate,corpus/001_oracle-characters/115_000301-000400_obs-xwalk-bucket_codepoint-xwalk/039_obs-xwalk-cand-000339_xwalk-000339_codepoint-xwalk,hust-obimd-evobc-xwalk-000339,hust-obimd-evobc-xwalk-000339;hust-obc-cat-0382_0383,src-hust-obc,source_marked_risk_noted,needs_cross_source_review,2026-06-28
obs-xwalk-cand-000340,codepoint_crosswalk_candidate,corpus/001_oracle-characters/115_000301-000400_obs-xwalk-bucket_codepoint-xwalk/040_obs-xwalk-cand-000340_xwalk-000340_codepoint-xwalk,hust-obimd-evobc-xwalk-000340,hust-obimd-evobc-xwalk-000340;hust-obc-cat-0384,src-hust-obc,source_marked_risk_noted,needs_cross_source_review,2026-06-28
obs-xwalk-cand-000341,codepoint_crosswalk_candidate,corpus/001_oracle-characters/115_000301-000400_obs-xwalk-bucket_codepoint-xwalk/041_obs-xwalk-cand-000341_xwalk-000341_codepoint-xwalk,hust-obimd-evobc-xwalk-000341,hust-obimd-evobc-xwalk-000341;hust-obc-cat-0385,src-hust-obc,source_marked_risk_noted,needs_cross_source_review,2026-06-28
obs-xwalk-cand-000342,codepoint_crosswalk_candidate,corpus/001_oracle-characters/115_000301-000400_obs-xwalk-bucket_codepoint-xwalk/042_obs-xwalk-cand-000342_xwalk-000342_codepoint-xwalk,hust-obimd-evobc-xwalk-000342,hust-obimd-evobc-xwalk-000342;hust-obc-cat-0386_0387,src-hust-obc,source_marked_risk_noted,needs_cross_source_review,2026-06-28
obs-xwalk-cand-000343,codepoint_crosswalk_candidate,corpus/001_oracle-characters/115_000301-000400_obs-xwalk-bucket_codepoint-xwalk/043_obs-xwalk-cand-000343_xwalk-000343_codepoint-xwalk,hust-obimd-evobc-xwalk-000343,hust-obimd-evobc-xwalk-000343;hust-obc-cat-0388,src-hust-obc,source_marked_risk_noted,needs_cross_source_review,2026-06-28
obs-xwalk-cand-000344,codepoint_crosswalk_candidate,corpus/001_oracle-characters/115_000301-000400_obs-xwalk-bucket_codepoint-xwalk/044_obs-xwalk-cand-000344_xwalk-000344_codepoint-xwalk,hust-obimd-evobc-xwalk-000344,hust-obimd-evobc-xwalk-000344;hust-obc-cat-0389;evobc-cat-00032,src-hust-obc;src-evobc,source_marked_risk_noted,needs_cross_source_review,2026-06-28
obs-xwalk-cand-000345,codepoint_crosswalk_candidate,corpus/001_oracle-characters/115_000301-000400_obs-xwalk-bucket_codepoint-xwalk/045_obs-xwalk-cand-000345_xwalk-000345_codepoint-xwalk,hust-obimd-evobc-xwalk-000345,hust-obimd-evobc-xwalk-000345;hust-obc-cat-0390,src-hust-obc,source_marked_risk_noted,needs_cross_source_review,2026-06-28
obs-xwalk-cand-000346,codepoint_crosswalk_candidate,corpus/001_oracle-characters/115_000301-000400_obs-xwalk-bucket_codepoint-xwalk/046_obs-xwalk-cand-000346_xwalk-000346_codepoint-xwalk,hust-obimd-evobc-xwalk-000346,hust-obimd-evobc-xwalk-000346;hust-obc-cat-0391,src-hust-obc,source_marked_risk_noted,needs_cross_source_review,2026-06-28
obs-xwalk-cand-000347,codepoint_crosswalk_candidate,corpus/001_oracle-characters/115_000301-000400_obs-xwalk-bucket_codepoint-xwalk/047_obs-xwalk-cand-000347_xwalk-000347_codepoint-xwalk,hust-obimd-evobc-xwalk-000347,hust-obimd-evobc-xwalk-000347;hust-obc-cat-0392,src-hust-obc,source_marked_risk_noted,needs_cross_source_review,2026-06-28
obs-xwalk-cand-000348,codepoint_crosswalk_candidate,corpus/001_oracle-characters/115_000301-000400_obs-xwalk-bucket_codepoint-xwalk/048_obs-xwalk-cand-000348_xwalk-000348_codepoint-xwalk,hust-obimd-evobc-xwalk-000348,hust-obimd-evobc-xwalk-000348;hust-obc-cat-0393,src-hust-obc,source_marked_risk_noted,needs_cross_source_review,2026-06-28
obs-xwalk-cand-000349,codepoint_crosswalk_candidate,corpus/001_oracle-characters/115_000301-000400_obs-xwalk-bucket_codepoint-xwalk/049_obs-xwalk-cand-000349_xwalk-000349_codepoint-xwalk,hust-obimd-evobc-xwalk-000349,hust-obimd-evobc-xwalk-000349;hust-obc-cat-0394_0395,src-hust-obc,source_marked_risk_noted,needs_cross_source_review,2026-06-28
obs-xwalk-cand-000350,codepoint_crosswalk_candidate,corpus/001_oracle-characters/115_000301-000400_obs-xwalk-bucket_codepoint-xwalk/050_obs-xwalk-cand-000350_xwalk-000350_codepoint-xwalk,hust-obimd-evobc-xwalk-000350,hust-obimd-evobc-xwalk-000350;hust-obc-cat-0396_0397,src-hust-obc,source_marked_risk_noted,needs_cross_source_review,2026-06-28
obs-xwalk-cand-000351,codepoint_crosswalk_candidate,corpus/001_oracle-characters/115_000301-000400_obs-xwalk-bucket_codepoint-xwalk/051_obs-xwalk-cand-000351_xwalk-000351_codepoint-xwalk,hust-obimd-evobc-xwalk-000351,hust-obimd-evobc-xwalk-000351;hust-obc-cat-0398,src-hust-obc,source_marked_risk_noted,needs_cross_source_review,2026-06-28
obs-xwalk-cand-000352,codepoint_crosswalk_candidate,corpus/001_oracle-characters/115_000301-000400_obs-xwalk-bucket_codepoint-xwalk/052_obs-xwalk-cand-000352_xwalk-000352_codepoint-xwalk,hust-obimd-evobc-xwalk-000352,hust-obimd-evobc-xwalk-000352;hust-obc-cat-0399,src-hust-obc,source_marked_risk_noted,needs_cross_source_review,2026-06-28
obs-xwalk-cand-000353,codepoint_crosswalk_candidate,corpus/001_oracle-characters/115_000301-000400_obs-xwalk-bucket_codepoint-xwalk/053_obs-xwalk-cand-000353_xwalk-000353_codepoint-xwalk,hust-obimd-evobc-xwalk-000353,hust-obimd-evobc-xwalk-000353;hust-obc-cat-0400,src-hust-obc,source_marked_risk_noted,needs_cross_source_review,2026-06-28
obs-xwalk-cand-000354,codepoint_crosswalk_candidate,corpus/001_oracle-characters/115_000301-000400_obs-xwalk-bucket_codepoint-xwalk/054_obs-xwalk-cand-000354_xwalk-000354_codepoint-xwalk,hust-obimd-evobc-xwalk-000354,hust-obimd-evobc-xwalk-000354;hust-obc-cat-0401_0402,src-hust-obc,source_marked_risk_noted,needs_cross_source_review,2026-06-28
obs-xwalk-cand-000355,codepoint_crosswalk_candidate,corpus/001_oracle-characters/115_000301-000400_obs-xwalk-bucket_codepoint-xwalk/055_obs-xwalk-cand-000355_xwalk-000355_codepoint-xwalk,hust-obimd-evobc-xwalk-000355,hust-obimd-evobc-xwalk-000355;hust-obc-cat-0403,src-hust-obc,source_marked_risk_noted,needs_cross_source_review,2026-06-28
obs-xwalk-cand-000356,codepoint_crosswalk_candidate,corpus/001_oracle-characters/115_000301-000400_obs-xwalk-bucket_codepoint-xwalk/056_obs-xwalk-cand-000356_xwalk-000356_codepoint-xwalk,hust-obimd-evobc-xwalk-000356,hust-obimd-evobc-xwalk-000356;hust-obc-cat-0404,src-hust-obc,source_marked_risk_noted,needs_cross_source_review,2026-06-28
obs-xwalk-cand-000357,codepoint_crosswalk_candidate,corpus/001_oracle-characters/115_000301-000400_obs-xwalk-bucket_codepoint-xwalk/057_obs-xwalk-cand-000357_xwalk-000357_codepoint-xwalk,hust-obimd-evobc-xwalk-000357,hust-obimd-evobc-xwalk-000357;hust-obc-cat-0405,src-hust-obc,source_marked_risk_noted,needs_cross_source_review,2026-06-28
obs-xwalk-cand-000358,codepoint_crosswalk_candidate,corpus/001_oracle-characters/115_000301-000400_obs-xwalk-bucket_codepoint-xwalk/058_obs-xwalk-cand-000358_xwalk-000358_codepoint-xwalk,hust-obimd-evobc-xwalk-000358,hust-obimd-evobc-xwalk-000358;hust-obc-cat-0406,src-hust-obc,source_marked_risk_noted,needs_cross_source_review,2026-06-28
obs-xwalk-cand-000359,codepoint_crosswalk_candidate,corpus/001_oracle-characters/115_000301-000400_obs-xwalk-bucket_codepoint-xwalk/059_obs-xwalk-cand-000359_xwalk-000359_codepoint-xwalk,hust-obimd-evobc-xwalk-000359,hust-obimd-evobc-xwalk-000359;hust-obc-cat-0407_0408,src-hust-obc,source_marked_risk_noted,needs_cross_source_review,2026-06-28
obs-xwalk-cand-000360,codepoint_crosswalk_candidate,corpus/001_oracle-characters/115_000301-000400_obs-xwalk-bucket_codepoint-xwalk/060_obs-xwalk-cand-000360_xwalk-000360_codepoint-xwalk,hust-obimd-evobc-xwalk-000360,hust-obimd-evobc-xwalk-000360;hust-obc-cat-0409_0410,src-hust-obc,source_marked_risk_noted,needs_cross_source_review,2026-06-28
obs-xwalk-cand-000361,codepoint_crosswalk_candidate,corpus/001_oracle-characters/115_000301-000400_obs-xwalk-bucket_codepoint-xwalk/061_obs-xwalk-cand-000361_xwalk-000361_codepoint-xwalk,hust-obimd-evobc-xwalk-000361,hust-obimd-evobc-xwalk-000361;hust-obc-cat-0411,src-hust-obc,source_marked_risk_noted,needs_cross_source_review,2026-06-28
obs-xwalk-cand-000362,codepoint_crosswalk_candidate,corpus/001_oracle-characters/115_000301-000400_obs-xwalk-bucket_codepoint-xwalk/062_obs-xwalk-cand-000362_xwalk-000362_codepoint-xwalk,hust-obimd-evobc-xwalk-000362,hust-obimd-evobc-xwalk-000362;hust-obc-cat-0412,src-hust-obc,source_marked_risk_noted,needs_cross_source_review,2026-06-28
obs-xwalk-cand-000363,codepoint_crosswalk_candidate,corpus/001_oracle-characters/115_000301-000400_obs-xwalk-bucket_codepoint-xwalk/063_obs-xwalk-cand-000363_xwalk-000363_codepoint-xwalk,hust-obimd-evobc-xwalk-000363,hust-obimd-evobc-xwalk-000363;hust-obc-cat-0413,src-hust-obc,source_marked_risk_noted,needs_cross_source_review,2026-06-28
obs-xwalk-cand-000364,codepoint_crosswalk_candidate,corpus/001_oracle-characters/115_000301-000400_obs-xwalk-bucket_codepoint-xwalk/064_obs-xwalk-cand-000364_xwalk-000364_codepoint-xwalk,hust-obimd-evobc-xwalk-000364,hust-obimd-evobc-xwalk-000364;hust-obc-cat-0414,src-hust-obc,source_marked_risk_noted,needs_cross_source_review,2026-06-28
obs-xwalk-cand-000365,codepoint_crosswalk_candidate,corpus/001_oracle-characters/115_000301-000400_obs-xwalk-bucket_codepoint-xwalk/065_obs-xwalk-cand-000365_xwalk-000365_codepoint-xwalk,hust-obimd-evobc-xwalk-000365,hust-obimd-evobc-xwalk-000365;hust-obc-cat-0415,src-hust-obc,source_marked_risk_noted,needs_cross_source_review,2026-06-28
obs-xwalk-cand-000366,codepoint_crosswalk_candidate,corpus/001_oracle-characters/115_000301-000400_obs-xwalk-bucket_codepoint-xwalk/066_obs-xwalk-cand-000366_xwalk-000366_codepoint-xwalk,hust-obimd-evobc-xwalk-000366,hust-obimd-evobc-xwalk-000366;hust-obc-cat-0416,src-hust-obc,source_marked_risk_noted,needs_cross_source_review,2026-06-28
obs-xwalk-cand-000367,codepoint_crosswalk_candidate,corpus/001_oracle-characters/115_000301-000400_obs-xwalk-bucket_codepoint-xwalk/067_obs-xwalk-cand-000367_xwalk-000367_codepoint-xwalk,hust-obimd-evobc-xwalk-000367,hust-obimd-evobc-xwalk-000367;hust-obc-cat-0417,src-hust-obc,source_marked_risk_noted,needs_cross_source_review,2026-06-28
obs-xwalk-cand-000368,codepoint_crosswalk_candidate,corpus/001_oracle-characters/115_000301-000400_obs-xwalk-bucket_codepoint-xwalk/068_obs-xwalk-cand-000368_xwalk-000368_codepoint-xwalk,hust-obimd-evobc-xwalk-000368,hust-obimd-evobc-xwalk-000368;hust-obc-cat-0418,src-hust-obc,source_marked_risk_noted,needs_cross_source_review,2026-06-28
obs-xwalk-cand-000369,codepoint_crosswalk_candidate,corpus/001_oracle-characters/115_000301-000400_obs-xwalk-bucket_codepoint-xwalk/069_obs-xwalk-cand-000369_xwalk-000369_codepoint-xwalk,hust-obimd-evobc-xwalk-000369,hust-obimd-evobc-xwalk-000369;hust-obc-cat-0419,src-hust-obc,source_marked_risk_noted,needs_cross_source_review,2026-06-28
obs-xwalk-cand-000370,codepoint_crosswalk_candidate,corpus/001_oracle-characters/115_000301-000400_obs-xwalk-bucket_codepoint-xwalk/070_obs-xwalk-cand-000370_xwalk-000370_codepoint-xwalk,hust-obimd-evobc-xwalk-000370,hust-obimd-evobc-xwalk-000370;hust-obc-cat-0420,src-hust-obc,source_marked_risk_noted,needs_cross_source_review,2026-06-28
obs-xwalk-cand-000371,codepoint_crosswalk_candidate,corpus/001_oracle-characters/115_000301-000400_obs-xwalk-bucket_codepoint-xwalk/071_obs-xwalk-cand-000371_xwalk-000371_codepoint-xwalk,hust-obimd-evobc-xwalk-000371,hust-obimd-evobc-xwalk-000371;hust-obc-cat-0421_0422,src-hust-obc,source_marked_risk_noted,needs_cross_source_review,2026-06-28
obs-xwalk-cand-000372,codepoint_crosswalk_candidate,corpus/001_oracle-characters/115_000301-000400_obs-xwalk-bucket_codepoint-xwalk/072_obs-xwalk-cand-000372_xwalk-000372_codepoint-xwalk,hust-obimd-evobc-xwalk-000372,hust-obimd-evobc-xwalk-000372;hust-obc-cat-0423,src-hust-obc,source_marked_risk_noted,needs_cross_source_review,2026-06-28
obs-xwalk-cand-000373,codepoint_crosswalk_candidate,corpus/001_oracle-characters/115_000301-000400_obs-xwalk-bucket_codepoint-xwalk/073_obs-xwalk-cand-000373_xwalk-000373_codepoint-xwalk,hust-obimd-evobc-xwalk-000373,hust-obimd-evobc-xwalk-000373;hust-obc-cat-0424,src-hust-obc,source_marked_risk_noted,needs_cross_source_review,2026-06-28
obs-xwalk-cand-000374,codepoint_crosswalk_candidate,corpus/001_oracle-characters/115_000301-000400_obs-xwalk-bucket_codepoint-xwalk/074_obs-xwalk-cand-000374_xwalk-000374_codepoint-xwalk,hust-obimd-evobc-xwalk-000374,hust-obimd-evobc-xwalk-000374;hust-obc-cat-0425_0426,src-hust-obc,source_marked_risk_noted,needs_cross_source_review,2026-06-28
obs-xwalk-cand-000375,codepoint_crosswalk_candidate,corpus/001_oracle-characters/115_000301-000400_obs-xwalk-bucket_codepoint-xwalk/075_obs-xwalk-cand-000375_xwalk-000375_codepoint-xwalk,hust-obimd-evobc-xwalk-000375,hust-obimd-evobc-xwalk-000375;hust-obc-cat-0427;evobc-cat-00034,src-hust-obc;src-evobc,source_marked_risk_noted,needs_cross_source_review,2026-06-28
obs-xwalk-cand-000376,codepoint_crosswalk_candidate,corpus/001_oracle-characters/115_000301-000400_obs-xwalk-bucket_codepoint-xwalk/076_obs-xwalk-cand-000376_xwalk-000376_codepoint-xwalk,hust-obimd-evobc-xwalk-000376,hust-obimd-evobc-xwalk-000376;hust-obc-cat-0428,src-hust-obc,source_marked_risk_noted,needs_cross_source_review,2026-06-28
obs-xwalk-cand-000377,codepoint_crosswalk_candidate,corpus/001_oracle-characters/115_000301-000400_obs-xwalk-bucket_codepoint-xwalk/077_obs-xwalk-cand-000377_xwalk-000377_codepoint-xwalk,hust-obimd-evobc-xwalk-000377,hust-obimd-evobc-xwalk-000377;hust-obc-cat-0429,src-hust-obc,source_marked_risk_noted,needs_cross_source_review,2026-06-28
obs-xwalk-cand-000378,codepoint_crosswalk_candidate,corpus/001_oracle-characters/115_000301-000400_obs-xwalk-bucket_codepoint-xwalk/078_obs-xwalk-cand-000378_xwalk-000378_codepoint-xwalk,hust-obimd-evobc-xwalk-000378,hust-obimd-evobc-xwalk-000378;hust-obc-cat-0430,src-hust-obc,source_marked_risk_noted,needs_cross_source_review,2026-06-28
obs-xwalk-cand-000379,codepoint_crosswalk_candidate,corpus/001_oracle-characters/115_000301-000400_obs-xwalk-bucket_codepoint-xwalk/079_obs-xwalk-cand-000379_xwalk-000379_codepoint-xwalk,hust-obimd-evobc-xwalk-000379,hust-obimd-evobc-xwalk-000379;hust-obc-cat-0431,src-hust-obc,source_marked_risk_noted,needs_cross_source_review,2026-06-28
obs-xwalk-cand-000380,codepoint_crosswalk_candidate,corpus/001_oracle-characters/115_000301-000400_obs-xwalk-bucket_codepoint-xwalk/080_obs-xwalk-cand-000380_xwalk-000380_codepoint-xwalk,hust-obimd-evobc-xwalk-000380,hust-obimd-evobc-xwalk-000380;hust-obc-cat-0432,src-hust-obc,source_marked_risk_noted,needs_cross_source_review,2026-06-28
obs-xwalk-cand-000381,codepoint_crosswalk_candidate,corpus/001_oracle-characters/115_000301-000400_obs-xwalk-bucket_codepoint-xwalk/081_obs-xwalk-cand-000381_xwalk-000381_codepoint-xwalk,hust-obimd-evobc-xwalk-000381,hust-obimd-evobc-xwalk-000381;hust-obc-cat-0433,src-hust-obc,source_marked_risk_noted,needs_cross_source_review,2026-06-28
obs-xwalk-cand-000382,codepoint_crosswalk_candidate,corpus/001_oracle-characters/115_000301-000400_obs-xwalk-bucket_codepoint-xwalk/082_obs-xwalk-cand-000382_xwalk-000382_codepoint-xwalk,hust-obimd-evobc-xwalk-000382,hust-obimd-evobc-xwalk-000382;hust-obc-cat-0434,src-hust-obc,source_marked_risk_noted,needs_cross_source_review,2026-06-28
obs-xwalk-cand-000383,codepoint_crosswalk_candidate,corpus/001_oracle-characters/115_000301-000400_obs-xwalk-bucket_codepoint-xwalk/083_obs-xwalk-cand-000383_xwalk-000383_codepoint-xwalk,hust-obimd-evobc-xwalk-000383,hust-obimd-evobc-xwalk-000383;hust-obc-cat-0435,src-hust-obc,source_marked_risk_noted,needs_cross_source_review,2026-06-28
obs-xwalk-cand-000384,codepoint_crosswalk_candidate,corpus/001_oracle-characters/115_000301-000400_obs-xwalk-bucket_codepoint-xwalk/084_obs-xwalk-cand-000384_xwalk-000384_codepoint-xwalk,hust-obimd-evobc-xwalk-000384,hust-obimd-evobc-xwalk-000384;hust-obc-cat-0436,src-hust-obc,source_marked_risk_noted,needs_cross_source_review,2026-06-28
obs-xwalk-cand-000385,codepoint_crosswalk_candidate,corpus/001_oracle-characters/115_000301-000400_obs-xwalk-bucket_codepoint-xwalk/085_obs-xwalk-cand-000385_xwalk-000385_codepoint-xwalk,hust-obimd-evobc-xwalk-000385,hust-obimd-evobc-xwalk-000385;hust-obc-cat-0437,src-hust-obc,source_marked_risk_noted,needs_cross_source_review,2026-06-28
obs-xwalk-cand-000386,codepoint_crosswalk_candidate,corpus/001_oracle-characters/115_000301-000400_obs-xwalk-bucket_codepoint-xwalk/086_obs-xwalk-cand-000386_xwalk-000386_codepoint-xwalk,hust-obimd-evobc-xwalk-000386,hust-obimd-evobc-xwalk-000386;hust-obc-cat-0438,src-hust-obc,source_marked_risk_noted,needs_cross_source_review,2026-06-28
obs-xwalk-cand-000387,codepoint_crosswalk_candidate,corpus/001_oracle-characters/115_000301-000400_obs-xwalk-bucket_codepoint-xwalk/087_obs-xwalk-cand-000387_xwalk-000387_codepoint-xwalk,hust-obimd-evobc-xwalk-000387,hust-obimd-evobc-xwalk-000387;hust-obc-cat-0439,src-hust-obc,source_marked_risk_noted,needs_cross_source_review,2026-06-28
obs-xwalk-cand-000388,codepoint_crosswalk_candidate,corpus/001_oracle-characters/115_000301-000400_obs-xwalk-bucket_codepoint-xwalk/088_obs-xwalk-cand-000388_xwalk-000388_codepoint-xwalk,hust-obimd-evobc-xwalk-000388,hust-obimd-evobc-xwalk-000388;hust-obc-cat-0440,src-hust-obc,source_marked_risk_noted,needs_cross_source_review,2026-06-28
obs-xwalk-cand-000389,codepoint_crosswalk_candidate,corpus/001_oracle-characters/115_000301-000400_obs-xwalk-bucket_codepoint-xwalk/089_obs-xwalk-cand-000389_xwalk-000389_codepoint-xwalk,hust-obimd-evobc-xwalk-000389,hust-obimd-evobc-xwalk-000389;hust-obc-cat-0441,src-hust-obc,source_marked_risk_noted,needs_cross_source_review,2026-06-28
obs-xwalk-cand-000390,codepoint_crosswalk_candidate,corpus/001_oracle-characters/115_000301-000400_obs-xwalk-bucket_codepoint-xwalk/090_obs-xwalk-cand-000390_xwalk-000390_codepoint-xwalk,hust-obimd-evobc-xwalk-000390,hust-obimd-evobc-xwalk-000390;hust-obc-cat-0442,src-hust-obc,source_marked_risk_noted,needs_cross_source_review,2026-06-28
obs-xwalk-cand-000391,codepoint_crosswalk_candidate,corpus/001_oracle-characters/115_000301-000400_obs-xwalk-bucket_codepoint-xwalk/091_obs-xwalk-cand-000391_xwalk-000391_codepoint-xwalk,hust-obimd-evobc-xwalk-000391,hust-obimd-evobc-xwalk-000391;hust-obc-cat-0443,src-hust-obc,source_marked_risk_noted,needs_cross_source_review,2026-06-28
obs-xwalk-cand-000392,codepoint_crosswalk_candidate,corpus/001_oracle-characters/115_000301-000400_obs-xwalk-bucket_codepoint-xwalk/092_obs-xwalk-cand-000392_xwalk-000392_codepoint-xwalk,hust-obimd-evobc-xwalk-000392,hust-obimd-evobc-xwalk-000392;hust-obc-cat-0444,src-hust-obc,source_marked_risk_noted,needs_cross_source_review,2026-06-28
obs-xwalk-cand-000393,codepoint_crosswalk_candidate,corpus/001_oracle-characters/115_000301-000400_obs-xwalk-bucket_codepoint-xwalk/093_obs-xwalk-cand-000393_xwalk-000393_codepoint-xwalk,hust-obimd-evobc-xwalk-000393,hust-obimd-evobc-xwalk-000393;hust-obc-cat-0445_0446,src-hust-obc,source_marked_risk_noted,needs_cross_source_review,2026-06-28
obs-xwalk-cand-000394,codepoint_crosswalk_candidate,corpus/001_oracle-characters/115_000301-000400_obs-xwalk-bucket_codepoint-xwalk/094_obs-xwalk-cand-000394_xwalk-000394_codepoint-xwalk,hust-obimd-evobc-xwalk-000394,hust-obimd-evobc-xwalk-000394;hust-obc-cat-0447,src-hust-obc,source_marked_risk_noted,needs_cross_source_review,2026-06-28
obs-xwalk-cand-000395,codepoint_crosswalk_candidate,corpus/001_oracle-characters/115_000301-000400_obs-xwalk-bucket_codepoint-xwalk/095_obs-xwalk-cand-000395_xwalk-000395_codepoint-xwalk,hust-obimd-evobc-xwalk-000395,hust-obimd-evobc-xwalk-000395;hust-obc-cat-0448,src-hust-obc,source_marked_risk_noted,needs_cross_source_review,2026-06-28
obs-xwalk-cand-000396,codepoint_crosswalk_candidate,corpus/001_oracle-characters/115_000301-000400_obs-xwalk-bucket_codepoint-xwalk/096_obs-xwalk-cand-000396_xwalk-000396_codepoint-xwalk,hust-obimd-evobc-xwalk-000396,hust-obimd-evobc-xwalk-000396;hust-obc-cat-0449,src-hust-obc,source_marked_risk_noted,needs_cross_source_review,2026-06-28
obs-xwalk-cand-000397,codepoint_crosswalk_candidate,corpus/001_oracle-characters/115_000301-000400_obs-xwalk-bucket_codepoint-xwalk/097_obs-xwalk-cand-000397_xwalk-000397_codepoint-xwalk,hust-obimd-evobc-xwalk-000397,hust-obimd-evobc-xwalk-000397;hust-obc-cat-0450,src-hust-obc,source_marked_risk_noted,needs_cross_source_review,2026-06-28
obs-xwalk-cand-000398,codepoint_crosswalk_candidate,corpus/001_oracle-characters/115_000301-000400_obs-xwalk-bucket_codepoint-xwalk/098_obs-xwalk-cand-000398_xwalk-000398_codepoint-xwalk,hust-obimd-evobc-xwalk-000398,hust-obimd-evobc-xwalk-000398;hust-obc-cat-0451,src-hust-obc,source_marked_risk_noted,needs_cross_source_review,2026-06-28
obs-xwalk-cand-000399,codepoint_crosswalk_candidate,corpus/001_oracle-characters/115_000301-000400_obs-xwalk-bucket_codepoint-xwalk/099_obs-xwalk-cand-000399_xwalk-000399_codepoint-xwalk,hust-obimd-evobc-xwalk-000399,hust-obimd-evobc-xwalk-000399;hust-obc-cat-0452,src-hust-obc,source_marked_risk_noted,needs_cross_source_review,2026-06-28
obs-xwalk-cand-000400,codepoint_crosswalk_candidate,corpus/001_oracle-characters/115_000301-000400_obs-xwalk-bucket_codepoint-xwalk/100_obs-xwalk-cand-000400_xwalk-000400_codepoint-xwalk,hust-obimd-evobc-xwalk-000400,hust-obimd-evobc-xwalk-000400;hust-obc-cat-0453,src-hust-obc,source_marked_risk_noted,needs_cross_source_review,2026-06-28
obs-xwalk-cand-000401,codepoint_crosswalk_candidate,corpus/001_oracle-characters/116_000401-000500_obs-xwalk-bucket_codepoint-xwalk/001_obs-xwalk-cand-000401_xwalk-000401_codepoint-xwalk,hust-obimd-evobc-xwalk-000401,hust-obimd-evobc-xwalk-000401;hust-obc-cat-0454,src-hust-obc,source_marked_risk_noted,needs_cross_source_review,2026-06-28
obs-xwalk-cand-000402,codepoint_crosswalk_candidate,corpus/001_oracle-characters/116_000401-000500_obs-xwalk-bucket_codepoint-xwalk/002_obs-xwalk-cand-000402_xwalk-000402_codepoint-xwalk,hust-obimd-evobc-xwalk-000402,hust-obimd-evobc-xwalk-000402;hust-obc-cat-0455_0456,src-hust-obc,source_marked_risk_noted,needs_cross_source_review,2026-06-28
obs-xwalk-cand-000403,codepoint_crosswalk_candidate,corpus/001_oracle-characters/116_000401-000500_obs-xwalk-bucket_codepoint-xwalk/003_obs-xwalk-cand-000403_xwalk-000403_codepoint-xwalk,hust-obimd-evobc-xwalk-000403,hust-obimd-evobc-xwalk-000403;hust-obc-cat-0457,src-hust-obc,source_marked_risk_noted,needs_cross_source_review,2026-06-28
obs-xwalk-cand-000404,codepoint_crosswalk_candidate,corpus/001_oracle-characters/116_000401-000500_obs-xwalk-bucket_codepoint-xwalk/004_obs-xwalk-cand-000404_xwalk-000404_codepoint-xwalk,hust-obimd-evobc-xwalk-000404,hust-obimd-evobc-xwalk-000404;hust-obc-cat-0458_0459,src-hust-obc,source_marked_risk_noted,needs_cross_source_review,2026-06-28
obs-xwalk-cand-000405,codepoint_crosswalk_candidate,corpus/001_oracle-characters/116_000401-000500_obs-xwalk-bucket_codepoint-xwalk/005_obs-xwalk-cand-000405_xwalk-000405_codepoint-xwalk,hust-obimd-evobc-xwalk-000405,hust-obimd-evobc-xwalk-000405;hust-obc-cat-0460,src-hust-obc,source_marked_risk_noted,needs_cross_source_review,2026-06-28
obs-xwalk-cand-000406,codepoint_crosswalk_candidate,corpus/001_oracle-characters/116_000401-000500_obs-xwalk-bucket_codepoint-xwalk/006_obs-xwalk-cand-000406_xwalk-000406_codepoint-xwalk,hust-obimd-evobc-xwalk-000406,hust-obimd-evobc-xwalk-000406;hust-obc-cat-0461_0462,src-hust-obc,source_marked_risk_noted,needs_cross_source_review,2026-06-28
obs-xwalk-cand-000407,codepoint_crosswalk_candidate,corpus/001_oracle-characters/116_000401-000500_obs-xwalk-bucket_codepoint-xwalk/007_obs-xwalk-cand-000407_xwalk-000407_codepoint-xwalk,hust-obimd-evobc-xwalk-000407,hust-obimd-evobc-xwalk-000407;hust-obc-cat-0463,src-hust-obc,source_marked_risk_noted,needs_cross_source_review,2026-06-28
obs-xwalk-cand-000408,codepoint_crosswalk_candidate,corpus/001_oracle-characters/116_000401-000500_obs-xwalk-bucket_codepoint-xwalk/008_obs-xwalk-cand-000408_xwalk-000408_codepoint-xwalk,hust-obimd-evobc-xwalk-000408,hust-obimd-evobc-xwalk-000408;hust-obc-cat-0464,src-hust-obc,source_marked_risk_noted,needs_cross_source_review,2026-06-28
obs-xwalk-cand-000409,codepoint_crosswalk_candidate,corpus/001_oracle-characters/116_000401-000500_obs-xwalk-bucket_codepoint-xwalk/009_obs-xwalk-cand-000409_xwalk-000409_codepoint-xwalk,hust-obimd-evobc-xwalk-000409,hust-obimd-evobc-xwalk-000409;hust-obc-cat-0465,src-hust-obc,source_marked_risk_noted,needs_cross_source_review,2026-06-28
obs-xwalk-cand-000410,codepoint_crosswalk_candidate,corpus/001_oracle-characters/116_000401-000500_obs-xwalk-bucket_codepoint-xwalk/010_obs-xwalk-cand-000410_xwalk-000410_codepoint-xwalk,hust-obimd-evobc-xwalk-000410,hust-obimd-evobc-xwalk-000410;hust-obc-cat-0466,src-hust-obc,source_marked_risk_noted,needs_cross_source_review,2026-06-28
obs-xwalk-cand-000411,codepoint_crosswalk_candidate,corpus/001_oracle-characters/116_000401-000500_obs-xwalk-bucket_codepoint-xwalk/011_obs-xwalk-cand-000411_xwalk-000411_codepoint-xwalk,hust-obimd-evobc-xwalk-000411,hust-obimd-evobc-xwalk-000411;hust-obc-cat-0467,src-hust-obc,source_marked_risk_noted,needs_cross_source_review,2026-06-28
obs-xwalk-cand-000412,codepoint_crosswalk_candidate,corpus/001_oracle-characters/116_000401-000500_obs-xwalk-bucket_codepoint-xwalk/012_obs-xwalk-cand-000412_xwalk-000412_codepoint-xwalk,hust-obimd-evobc-xwalk-000412,hust-obimd-evobc-xwalk-000412;hust-obc-cat-0468;obimd-main-ytmsqjgowx;evobc-cat-00035,src-hust-obc;src-obimd;src-evobc,source_marked_risk_noted,needs_cross_source_review,2026-06-28
obs-xwalk-cand-000413,codepoint_crosswalk_candidate,corpus/001_oracle-characters/116_000401-000500_obs-xwalk-bucket_codepoint-xwalk/013_obs-xwalk-cand-000413_xwalk-000413_codepoint-xwalk,hust-obimd-evobc-xwalk-000413,hust-obimd-evobc-xwalk-000413;hust-obc-cat-0469,src-hust-obc,source_marked_risk_noted,needs_cross_source_review,2026-06-28
obs-xwalk-cand-000414,codepoint_crosswalk_candidate,corpus/001_oracle-characters/116_000401-000500_obs-xwalk-bucket_codepoint-xwalk/014_obs-xwalk-cand-000414_xwalk-000414_codepoint-xwalk,hust-obimd-evobc-xwalk-000414,hust-obimd-evobc-xwalk-000414;hust-obc-cat-0470,src-hust-obc,source_marked_risk_noted,needs_cross_source_review,2026-06-28
obs-xwalk-cand-000415,codepoint_crosswalk_candidate,corpus/001_oracle-characters/116_000401-000500_obs-xwalk-bucket_codepoint-xwalk/015_obs-xwalk-cand-000415_xwalk-000415_codepoint-xwalk,hust-obimd-evobc-xwalk-000415,hust-obimd-evobc-xwalk-000415;hust-obc-cat-0471,src-hust-obc,source_marked_risk_noted,needs_cross_source_review,2026-06-28
obs-xwalk-cand-000416,codepoint_crosswalk_candidate,corpus/001_oracle-characters/116_000401-000500_obs-xwalk-bucket_codepoint-xwalk/016_obs-xwalk-cand-000416_xwalk-000416_codepoint-xwalk,hust-obimd-evobc-xwalk-000416,hust-obimd-evobc-xwalk-000416;hust-obc-cat-0472,src-hust-obc,source_marked_risk_noted,needs_cross_source_review,2026-06-28
obs-xwalk-cand-000417,codepoint_crosswalk_candidate,corpus/001_oracle-characters/116_000401-000500_obs-xwalk-bucket_codepoint-xwalk/017_obs-xwalk-cand-000417_xwalk-000417_codepoint-xwalk,hust-obimd-evobc-xwalk-000417,hust-obimd-evobc-xwalk-000417;hust-obc-cat-0473,src-hust-obc,source_marked_risk_noted,needs_cross_source_review,2026-06-28
obs-xwalk-cand-000418,codepoint_crosswalk_candidate,corpus/001_oracle-characters/116_000401-000500_obs-xwalk-bucket_codepoint-xwalk/018_obs-xwalk-cand-000418_xwalk-000418_codepoint-xwalk,hust-obimd-evobc-xwalk-000418,hust-obimd-evobc-xwalk-000418;hust-obc-cat-0474,src-hust-obc,source_marked_risk_noted,needs_cross_source_review,2026-06-28
obs-xwalk-cand-000419,codepoint_crosswalk_candidate,corpus/001_oracle-characters/116_000401-000500_obs-xwalk-bucket_codepoint-xwalk/019_obs-xwalk-cand-000419_xwalk-000419_codepoint-xwalk,hust-obimd-evobc-xwalk-000419,hust-obimd-evobc-xwalk-000419;hust-obc-cat-0475,src-hust-obc,source_marked_risk_noted,needs_cross_source_review,2026-06-28
obs-xwalk-cand-000420,codepoint_crosswalk_candidate,corpus/001_oracle-characters/116_000401-000500_obs-xwalk-bucket_codepoint-xwalk/020_obs-xwalk-cand-000420_xwalk-000420_codepoint-xwalk,hust-obimd-evobc-xwalk-000420,hust-obimd-evobc-xwalk-000420;hust-obc-cat-0476,src-hust-obc,source_marked_risk_noted,needs_cross_source_review,2026-06-28
obs-xwalk-cand-000421,codepoint_crosswalk_candidate,corpus/001_oracle-characters/116_000401-000500_obs-xwalk-bucket_codepoint-xwalk/021_obs-xwalk-cand-000421_xwalk-000421_codepoint-xwalk,hust-obimd-evobc-xwalk-000421,hust-obimd-evobc-xwalk-000421;hust-obc-cat-0477,src-hust-obc,source_marked_risk_noted,needs_cross_source_review,2026-06-28
obs-xwalk-cand-000422,codepoint_crosswalk_candidate,corpus/001_oracle-characters/116_000401-000500_obs-xwalk-bucket_codepoint-xwalk/022_obs-xwalk-cand-000422_xwalk-000422_codepoint-xwalk,hust-obimd-evobc-xwalk-000422,hust-obimd-evobc-xwalk-000422;hust-obc-cat-0478,src-hust-obc,source_marked_risk_noted,needs_cross_source_review,2026-06-28
obs-xwalk-cand-000423,codepoint_crosswalk_candidate,corpus/001_oracle-characters/116_000401-000500_obs-xwalk-bucket_codepoint-xwalk/023_obs-xwalk-cand-000423_xwalk-000423_codepoint-xwalk,hust-obimd-evobc-xwalk-000423,hust-obimd-evobc-xwalk-000423;hust-obc-cat-0479_0480,src-hust-obc,source_marked_risk_noted,needs_cross_source_review,2026-06-28
obs-xwalk-cand-000424,codepoint_crosswalk_candidate,corpus/001_oracle-characters/116_000401-000500_obs-xwalk-bucket_codepoint-xwalk/024_obs-xwalk-cand-000424_xwalk-000424_codepoint-xwalk,hust-obimd-evobc-xwalk-000424,hust-obimd-evobc-xwalk-000424;hust-obc-cat-0481,src-hust-obc,source_marked_risk_noted,needs_cross_source_review,2026-06-28
obs-xwalk-cand-000425,codepoint_crosswalk_candidate,corpus/001_oracle-characters/116_000401-000500_obs-xwalk-bucket_codepoint-xwalk/025_obs-xwalk-cand-000425_xwalk-000425_codepoint-xwalk,hust-obimd-evobc-xwalk-000425,hust-obimd-evobc-xwalk-000425;hust-obc-cat-0482;evobc-cat-00036,src-hust-obc;src-evobc,source_marked_risk_noted,needs_cross_source_review,2026-06-28
obs-xwalk-cand-000426,codepoint_crosswalk_candidate,corpus/001_oracle-characters/116_000401-000500_obs-xwalk-bucket_codepoint-xwalk/026_obs-xwalk-cand-000426_xwalk-000426_codepoint-xwalk,hust-obimd-evobc-xwalk-000426,hust-obimd-evobc-xwalk-000426;hust-obc-cat-0483_0484,src-hust-obc,source_marked_risk_noted,needs_cross_source_review,2026-06-28
obs-xwalk-cand-000427,codepoint_crosswalk_candidate,corpus/001_oracle-characters/116_000401-000500_obs-xwalk-bucket_codepoint-xwalk/027_obs-xwalk-cand-000427_xwalk-000427_codepoint-xwalk,hust-obimd-evobc-xwalk-000427,hust-obimd-evobc-xwalk-000427;hust-obc-cat-0485,src-hust-obc,source_marked_risk_noted,needs_cross_source_review,2026-06-28
obs-xwalk-cand-000428,codepoint_crosswalk_candidate,corpus/001_oracle-characters/116_000401-000500_obs-xwalk-bucket_codepoint-xwalk/028_obs-xwalk-cand-000428_xwalk-000428_codepoint-xwalk,hust-obimd-evobc-xwalk-000428,hust-obimd-evobc-xwalk-000428;hust-obc-cat-0486,src-hust-obc,source_marked_risk_noted,needs_cross_source_review,2026-06-28
obs-xwalk-cand-000429,codepoint_crosswalk_candidate,corpus/001_oracle-characters/116_000401-000500_obs-xwalk-bucket_codepoint-xwalk/029_obs-xwalk-cand-000429_xwalk-000429_codepoint-xwalk,hust-obimd-evobc-xwalk-000429,hust-obimd-evobc-xwalk-000429;hust-obc-cat-0487,src-hust-obc,source_marked_risk_noted,needs_cross_source_review,2026-06-28
obs-xwalk-cand-000430,codepoint_crosswalk_candidate,corpus/001_oracle-characters/116_000401-000500_obs-xwalk-bucket_codepoint-xwalk/030_obs-xwalk-cand-000430_xwalk-000430_codepoint-xwalk,hust-obimd-evobc-xwalk-000430,hust-obimd-evobc-xwalk-000430;hust-obc-cat-0488,src-hust-obc,source_marked_risk_noted,needs_cross_source_review,2026-06-28
obs-xwalk-cand-000431,codepoint_crosswalk_candidate,corpus/001_oracle-characters/116_000401-000500_obs-xwalk-bucket_codepoint-xwalk/031_obs-xwalk-cand-000431_xwalk-000431_codepoint-xwalk,hust-obimd-evobc-xwalk-000431,hust-obimd-evobc-xwalk-000431;hust-obc-cat-0489_0490_0491,src-hust-obc,source_marked_risk_noted,needs_cross_source_review,2026-06-28
obs-xwalk-cand-000432,codepoint_crosswalk_candidate,corpus/001_oracle-characters/116_000401-000500_obs-xwalk-bucket_codepoint-xwalk/032_obs-xwalk-cand-000432_xwalk-000432_codepoint-xwalk,hust-obimd-evobc-xwalk-000432,hust-obimd-evobc-xwalk-000432;hust-obc-cat-0492,src-hust-obc,source_marked_risk_noted,needs_cross_source_review,2026-06-28
obs-xwalk-cand-000433,codepoint_crosswalk_candidate,corpus/001_oracle-characters/116_000401-000500_obs-xwalk-bucket_codepoint-xwalk/033_obs-xwalk-cand-000433_xwalk-000433_codepoint-xwalk,hust-obimd-evobc-xwalk-000433,hust-obimd-evobc-xwalk-000433;hust-obc-cat-0493,src-hust-obc,source_marked_risk_noted,needs_cross_source_review,2026-06-28
obs-xwalk-cand-000434,codepoint_crosswalk_candidate,corpus/001_oracle-characters/116_000401-000500_obs-xwalk-bucket_codepoint-xwalk/034_obs-xwalk-cand-000434_xwalk-000434_codepoint-xwalk,hust-obimd-evobc-xwalk-000434,hust-obimd-evobc-xwalk-000434;hust-obc-cat-0494,src-hust-obc,source_marked_risk_noted,needs_cross_source_review,2026-06-28
obs-xwalk-cand-000435,codepoint_crosswalk_candidate,corpus/001_oracle-characters/116_000401-000500_obs-xwalk-bucket_codepoint-xwalk/035_obs-xwalk-cand-000435_xwalk-000435_codepoint-xwalk,hust-obimd-evobc-xwalk-000435,hust-obimd-evobc-xwalk-000435;hust-obc-cat-0495,src-hust-obc,source_marked_risk_noted,needs_cross_source_review,2026-06-28
obs-xwalk-cand-000436,codepoint_crosswalk_candidate,corpus/001_oracle-characters/116_000401-000500_obs-xwalk-bucket_codepoint-xwalk/036_obs-xwalk-cand-000436_xwalk-000436_codepoint-xwalk,hust-obimd-evobc-xwalk-000436,hust-obimd-evobc-xwalk-000436;hust-obc-cat-0496,src-hust-obc,source_marked_risk_noted,needs_cross_source_review,2026-06-28
obs-xwalk-cand-000437,codepoint_crosswalk_candidate,corpus/001_oracle-characters/116_000401-000500_obs-xwalk-bucket_codepoint-xwalk/037_obs-xwalk-cand-000437_xwalk-000437_codepoint-xwalk,hust-obimd-evobc-xwalk-000437,hust-obimd-evobc-xwalk-000437;hust-obc-cat-0497,src-hust-obc,source_marked_risk_noted,needs_cross_source_review,2026-06-28
obs-xwalk-cand-000438,codepoint_crosswalk_candidate,corpus/001_oracle-characters/116_000401-000500_obs-xwalk-bucket_codepoint-xwalk/038_obs-xwalk-cand-000438_xwalk-000438_codepoint-xwalk,hust-obimd-evobc-xwalk-000438,hust-obimd-evobc-xwalk-000438;hust-obc-cat-0498,src-hust-obc,source_marked_risk_noted,needs_cross_source_review,2026-06-28
obs-xwalk-cand-000439,codepoint_crosswalk_candidate,corpus/001_oracle-characters/116_000401-000500_obs-xwalk-bucket_codepoint-xwalk/039_obs-xwalk-cand-000439_xwalk-000439_codepoint-xwalk,hust-obimd-evobc-xwalk-000439,hust-obimd-evobc-xwalk-000439;hust-obc-cat-0499,src-hust-obc,source_marked_risk_noted,needs_cross_source_review,2026-06-28
obs-xwalk-cand-000440,codepoint_crosswalk_candidate,corpus/001_oracle-characters/116_000401-000500_obs-xwalk-bucket_codepoint-xwalk/040_obs-xwalk-cand-000440_xwalk-000440_codepoint-xwalk,hust-obimd-evobc-xwalk-000440,hust-obimd-evobc-xwalk-000440;hust-obc-cat-0500,src-hust-obc,source_marked_risk_noted,needs_cross_source_review,2026-06-28
obs-xwalk-cand-000441,codepoint_crosswalk_candidate,corpus/001_oracle-characters/116_000401-000500_obs-xwalk-bucket_codepoint-xwalk/041_obs-xwalk-cand-000441_xwalk-000441_codepoint-xwalk,hust-obimd-evobc-xwalk-000441,hust-obimd-evobc-xwalk-000441;hust-obc-cat-0501,src-hust-obc,source_marked_risk_noted,needs_cross_source_review,2026-06-28
obs-xwalk-cand-000442,codepoint_crosswalk_candidate,corpus/001_oracle-characters/116_000401-000500_obs-xwalk-bucket_codepoint-xwalk/042_obs-xwalk-cand-000442_xwalk-000442_codepoint-xwalk,hust-obimd-evobc-xwalk-000442,hust-obimd-evobc-xwalk-000442;hust-obc-cat-0502;evobc-cat-00037,src-hust-obc;src-evobc,source_marked_risk_noted,needs_cross_source_review,2026-06-28
obs-xwalk-cand-000443,codepoint_crosswalk_candidate,corpus/001_oracle-characters/116_000401-000500_obs-xwalk-bucket_codepoint-xwalk/043_obs-xwalk-cand-000443_xwalk-000443_codepoint-xwalk,hust-obimd-evobc-xwalk-000443,hust-obimd-evobc-xwalk-000443;hust-obc-cat-0503,src-hust-obc,source_marked_risk_noted,needs_cross_source_review,2026-06-28
obs-xwalk-cand-000444,codepoint_crosswalk_candidate,corpus/001_oracle-characters/116_000401-000500_obs-xwalk-bucket_codepoint-xwalk/044_obs-xwalk-cand-000444_xwalk-000444_codepoint-xwalk,hust-obimd-evobc-xwalk-000444,hust-obimd-evobc-xwalk-000444;hust-obc-cat-0504,src-hust-obc,source_marked_risk_noted,needs_cross_source_review,2026-06-28
obs-xwalk-cand-000445,codepoint_crosswalk_candidate,corpus/001_oracle-characters/116_000401-000500_obs-xwalk-bucket_codepoint-xwalk/045_obs-xwalk-cand-000445_xwalk-000445_codepoint-xwalk,hust-obimd-evobc-xwalk-000445,hust-obimd-evobc-xwalk-000445;hust-obc-cat-0505,src-hust-obc,source_marked_risk_noted,needs_cross_source_review,2026-06-28
obs-xwalk-cand-000446,codepoint_crosswalk_candidate,corpus/001_oracle-characters/116_000401-000500_obs-xwalk-bucket_codepoint-xwalk/046_obs-xwalk-cand-000446_xwalk-000446_codepoint-xwalk,hust-obimd-evobc-xwalk-000446,hust-obimd-evobc-xwalk-000446;hust-obc-cat-0506,src-hust-obc,source_marked_risk_noted,needs_cross_source_review,2026-06-28
obs-xwalk-cand-000447,codepoint_crosswalk_candidate,corpus/001_oracle-characters/116_000401-000500_obs-xwalk-bucket_codepoint-xwalk/047_obs-xwalk-cand-000447_xwalk-000447_codepoint-xwalk,hust-obimd-evobc-xwalk-000447,hust-obimd-evobc-xwalk-000447;hust-obc-cat-0507,src-hust-obc,source_marked_risk_noted,needs_cross_source_review,2026-06-28
obs-xwalk-cand-000448,codepoint_crosswalk_candidate,corpus/001_oracle-characters/116_000401-000500_obs-xwalk-bucket_codepoint-xwalk/048_obs-xwalk-cand-000448_xwalk-000448_codepoint-xwalk,hust-obimd-evobc-xwalk-000448,hust-obimd-evobc-xwalk-000448;hust-obc-cat-0508,src-hust-obc,source_marked_risk_noted,needs_cross_source_review,2026-06-28
obs-xwalk-cand-000449,codepoint_crosswalk_candidate,corpus/001_oracle-characters/116_000401-000500_obs-xwalk-bucket_codepoint-xwalk/049_obs-xwalk-cand-000449_xwalk-000449_codepoint-xwalk,hust-obimd-evobc-xwalk-000449,hust-obimd-evobc-xwalk-000449;hust-obc-cat-0509,src-hust-obc,source_marked_risk_noted,needs_cross_source_review,2026-06-28
obs-xwalk-cand-000450,codepoint_crosswalk_candidate,corpus/001_oracle-characters/116_000401-000500_obs-xwalk-bucket_codepoint-xwalk/050_obs-xwalk-cand-000450_xwalk-000450_codepoint-xwalk,hust-obimd-evobc-xwalk-000450,hust-obimd-evobc-xwalk-000450;hust-obc-cat-0510,src-hust-obc,source_marked_risk_noted,needs_cross_source_review,2026-06-28
obs-xwalk-cand-000451,codepoint_crosswalk_candidate,corpus/001_oracle-characters/116_000401-000500_obs-xwalk-bucket_codepoint-xwalk/051_obs-xwalk-cand-000451_xwalk-000451_codepoint-xwalk,hust-obimd-evobc-xwalk-000451,hust-obimd-evobc-xwalk-000451;hust-obc-cat-0511,src-hust-obc,source_marked_risk_noted,needs_cross_source_review,2026-06-28
obs-xwalk-cand-000452,codepoint_crosswalk_candidate,corpus/001_oracle-characters/116_000401-000500_obs-xwalk-bucket_codepoint-xwalk/052_obs-xwalk-cand-000452_xwalk-000452_codepoint-xwalk,hust-obimd-evobc-xwalk-000452,hust-obimd-evobc-xwalk-000452;hust-obc-cat-0512,src-hust-obc,source_marked_risk_noted,needs_cross_source_review,2026-06-28
obs-xwalk-cand-000453,codepoint_crosswalk_candidate,corpus/001_oracle-characters/116_000401-000500_obs-xwalk-bucket_codepoint-xwalk/053_obs-xwalk-cand-000453_xwalk-000453_codepoint-xwalk,hust-obimd-evobc-xwalk-000453,hust-obimd-evobc-xwalk-000453;hust-obc-cat-0513,src-hust-obc,source_marked_risk_noted,needs_cross_source_review,2026-06-28
obs-xwalk-cand-000454,codepoint_crosswalk_candidate,corpus/001_oracle-characters/116_000401-000500_obs-xwalk-bucket_codepoint-xwalk/054_obs-xwalk-cand-000454_xwalk-000454_codepoint-xwalk,hust-obimd-evobc-xwalk-000454,hust-obimd-evobc-xwalk-000454;hust-obc-cat-0514,src-hust-obc,source_marked_risk_noted,needs_cross_source_review,2026-06-28
obs-xwalk-cand-000455,codepoint_crosswalk_candidate,corpus/001_oracle-characters/116_000401-000500_obs-xwalk-bucket_codepoint-xwalk/055_obs-xwalk-cand-000455_xwalk-000455_codepoint-xwalk,hust-obimd-evobc-xwalk-000455,hust-obimd-evobc-xwalk-000455;hust-obc-cat-0515,src-hust-obc,source_marked_risk_noted,needs_cross_source_review,2026-06-28
obs-xwalk-cand-000456,codepoint_crosswalk_candidate,corpus/001_oracle-characters/116_000401-000500_obs-xwalk-bucket_codepoint-xwalk/056_obs-xwalk-cand-000456_xwalk-000456_codepoint-xwalk,hust-obimd-evobc-xwalk-000456,hust-obimd-evobc-xwalk-000456;hust-obc-cat-0516_0517,src-hust-obc,source_marked_risk_noted,needs_cross_source_review,2026-06-28
obs-xwalk-cand-000457,codepoint_crosswalk_candidate,corpus/001_oracle-characters/116_000401-000500_obs-xwalk-bucket_codepoint-xwalk/057_obs-xwalk-cand-000457_xwalk-000457_codepoint-xwalk,hust-obimd-evobc-xwalk-000457,hust-obimd-evobc-xwalk-000457;hust-obc-cat-0518_0519,src-hust-obc,source_marked_risk_noted,needs_cross_source_review,2026-06-28
obs-xwalk-cand-000458,codepoint_crosswalk_candidate,corpus/001_oracle-characters/116_000401-000500_obs-xwalk-bucket_codepoint-xwalk/058_obs-xwalk-cand-000458_xwalk-000458_codepoint-xwalk,hust-obimd-evobc-xwalk-000458,hust-obimd-evobc-xwalk-000458;hust-obc-cat-0520,src-hust-obc,source_marked_risk_noted,needs_cross_source_review,2026-06-28
obs-xwalk-cand-000459,codepoint_crosswalk_candidate,corpus/001_oracle-characters/116_000401-000500_obs-xwalk-bucket_codepoint-xwalk/059_obs-xwalk-cand-000459_xwalk-000459_codepoint-xwalk,hust-obimd-evobc-xwalk-000459,hust-obimd-evobc-xwalk-000459;hust-obc-cat-0521,src-hust-obc,source_marked_risk_noted,needs_cross_source_review,2026-06-28
obs-xwalk-cand-000460,codepoint_crosswalk_candidate,corpus/001_oracle-characters/116_000401-000500_obs-xwalk-bucket_codepoint-xwalk/060_obs-xwalk-cand-000460_xwalk-000460_codepoint-xwalk,hust-obimd-evobc-xwalk-000460,hust-obimd-evobc-xwalk-000460;hust-obc-cat-0522,src-hust-obc,source_marked_risk_noted,needs_cross_source_review,2026-06-28
obs-xwalk-cand-000461,codepoint_crosswalk_candidate,corpus/001_oracle-characters/116_000401-000500_obs-xwalk-bucket_codepoint-xwalk/061_obs-xwalk-cand-000461_xwalk-000461_codepoint-xwalk,hust-obimd-evobc-xwalk-000461,hust-obimd-evobc-xwalk-000461;hust-obc-cat-0523,src-hust-obc,source_marked_risk_noted,needs_cross_source_review,2026-06-28
obs-xwalk-cand-000462,codepoint_crosswalk_candidate,corpus/001_oracle-characters/116_000401-000500_obs-xwalk-bucket_codepoint-xwalk/062_obs-xwalk-cand-000462_xwalk-000462_codepoint-xwalk,hust-obimd-evobc-xwalk-000462,hust-obimd-evobc-xwalk-000462;hust-obc-cat-0524,src-hust-obc,source_marked_risk_noted,needs_cross_source_review,2026-06-28
obs-xwalk-cand-000463,codepoint_crosswalk_candidate,corpus/001_oracle-characters/116_000401-000500_obs-xwalk-bucket_codepoint-xwalk/063_obs-xwalk-cand-000463_xwalk-000463_codepoint-xwalk,hust-obimd-evobc-xwalk-000463,hust-obimd-evobc-xwalk-000463;hust-obc-cat-0525,src-hust-obc,source_marked_risk_noted,needs_cross_source_review,2026-06-28
obs-xwalk-cand-000464,codepoint_crosswalk_candidate,corpus/001_oracle-characters/116_000401-000500_obs-xwalk-bucket_codepoint-xwalk/064_obs-xwalk-cand-000464_xwalk-000464_codepoint-xwalk,hust-obimd-evobc-xwalk-000464,hust-obimd-evobc-xwalk-000464;hust-obc-cat-0526,src-hust-obc,source_marked_risk_noted,needs_cross_source_review,2026-06-28
obs-xwalk-cand-000465,codepoint_crosswalk_candidate,corpus/001_oracle-characters/116_000401-000500_obs-xwalk-bucket_codepoint-xwalk/065_obs-xwalk-cand-000465_xwalk-000465_codepoint-xwalk,hust-obimd-evobc-xwalk-000465,hust-obimd-evobc-xwalk-000465;hust-obc-cat-0527,src-hust-obc,source_marked_risk_noted,needs_cross_source_review,2026-06-28
obs-xwalk-cand-000466,codepoint_crosswalk_candidate,corpus/001_oracle-characters/116_000401-000500_obs-xwalk-bucket_codepoint-xwalk/066_obs-xwalk-cand-000466_xwalk-000466_codepoint-xwalk,hust-obimd-evobc-xwalk-000466,hust-obimd-evobc-xwalk-000466;hust-obc-cat-0528,src-hust-obc,source_marked_risk_noted,needs_cross_source_review,2026-06-28
obs-xwalk-cand-000467,codepoint_crosswalk_candidate,corpus/001_oracle-characters/116_000401-000500_obs-xwalk-bucket_codepoint-xwalk/067_obs-xwalk-cand-000467_xwalk-000467_codepoint-xwalk,hust-obimd-evobc-xwalk-000467,hust-obimd-evobc-xwalk-000467;hust-obc-cat-0529,src-hust-obc,source_marked_risk_noted,needs_cross_source_review,2026-06-28
obs-xwalk-cand-000468,codepoint_crosswalk_candidate,corpus/001_oracle-characters/116_000401-000500_obs-xwalk-bucket_codepoint-xwalk/068_obs-xwalk-cand-000468_xwalk-000468_codepoint-xwalk,hust-obimd-evobc-xwalk-000468,hust-obimd-evobc-xwalk-000468;hust-obc-cat-0530,src-hust-obc,source_marked_risk_noted,needs_cross_source_review,2026-06-28
obs-xwalk-cand-000469,codepoint_crosswalk_candidate,corpus/001_oracle-characters/116_000401-000500_obs-xwalk-bucket_codepoint-xwalk/069_obs-xwalk-cand-000469_xwalk-000469_codepoint-xwalk,hust-obimd-evobc-xwalk-000469,hust-obimd-evobc-xwalk-000469;hust-obc-cat-0531,src-hust-obc,source_marked_risk_noted,needs_cross_source_review,2026-06-28
obs-xwalk-cand-000470,codepoint_crosswalk_candidate,corpus/001_oracle-characters/116_000401-000500_obs-xwalk-bucket_codepoint-xwalk/070_obs-xwalk-cand-000470_xwalk-000470_codepoint-xwalk,hust-obimd-evobc-xwalk-000470,hust-obimd-evobc-xwalk-000470;hust-obc-cat-0532,src-hust-obc,source_marked_risk_noted,needs_cross_source_review,2026-06-28
obs-xwalk-cand-000471,codepoint_crosswalk_candidate,corpus/001_oracle-characters/116_000401-000500_obs-xwalk-bucket_codepoint-xwalk/071_obs-xwalk-cand-000471_xwalk-000471_codepoint-xwalk,hust-obimd-evobc-xwalk-000471,hust-obimd-evobc-xwalk-000471;hust-obc-cat-0533,src-hust-obc,source_marked_risk_noted,needs_cross_source_review,2026-06-28
obs-xwalk-cand-000472,codepoint_crosswalk_candidate,corpus/001_oracle-characters/116_000401-000500_obs-xwalk-bucket_codepoint-xwalk/072_obs-xwalk-cand-000472_xwalk-000472_codepoint-xwalk,hust-obimd-evobc-xwalk-000472,hust-obimd-evobc-xwalk-000472;hust-obc-cat-0534,src-hust-obc,source_marked_risk_noted,needs_cross_source_review,2026-06-28
obs-xwalk-cand-000473,codepoint_crosswalk_candidate,corpus/001_oracle-characters/116_000401-000500_obs-xwalk-bucket_codepoint-xwalk/073_obs-xwalk-cand-000473_xwalk-000473_codepoint-xwalk,hust-obimd-evobc-xwalk-000473,hust-obimd-evobc-xwalk-000473;hust-obc-cat-0535_0536,src-hust-obc,source_marked_risk_noted,needs_cross_source_review,2026-06-28
obs-xwalk-cand-000474,codepoint_crosswalk_candidate,corpus/001_oracle-characters/116_000401-000500_obs-xwalk-bucket_codepoint-xwalk/074_obs-xwalk-cand-000474_xwalk-000474_codepoint-xwalk,hust-obimd-evobc-xwalk-000474,hust-obimd-evobc-xwalk-000474;hust-obc-cat-0537,src-hust-obc,source_marked_risk_noted,needs_cross_source_review,2026-06-28
obs-xwalk-cand-000475,codepoint_crosswalk_candidate,corpus/001_oracle-characters/116_000401-000500_obs-xwalk-bucket_codepoint-xwalk/075_obs-xwalk-cand-000475_xwalk-000475_codepoint-xwalk,hust-obimd-evobc-xwalk-000475,hust-obimd-evobc-xwalk-000475;hust-obc-cat-0538,src-hust-obc,source_marked_risk_noted,needs_cross_source_review,2026-06-28
obs-xwalk-cand-000476,codepoint_crosswalk_candidate,corpus/001_oracle-characters/116_000401-000500_obs-xwalk-bucket_codepoint-xwalk/076_obs-xwalk-cand-000476_xwalk-000476_codepoint-xwalk,hust-obimd-evobc-xwalk-000476,hust-obimd-evobc-xwalk-000476;hust-obc-cat-0539,src-hust-obc,source_marked_risk_noted,needs_cross_source_review,2026-06-28
obs-xwalk-cand-000477,codepoint_crosswalk_candidate,corpus/001_oracle-characters/116_000401-000500_obs-xwalk-bucket_codepoint-xwalk/077_obs-xwalk-cand-000477_xwalk-000477_codepoint-xwalk,hust-obimd-evobc-xwalk-000477,hust-obimd-evobc-xwalk-000477;hust-obc-cat-0540_0541,src-hust-obc,source_marked_risk_noted,needs_cross_source_review,2026-06-28
obs-xwalk-cand-000478,codepoint_crosswalk_candidate,corpus/001_oracle-characters/116_000401-000500_obs-xwalk-bucket_codepoint-xwalk/078_obs-xwalk-cand-000478_xwalk-000478_codepoint-xwalk,hust-obimd-evobc-xwalk-000478,hust-obimd-evobc-xwalk-000478;hust-obc-cat-0542,src-hust-obc,source_marked_risk_noted,needs_cross_source_review,2026-06-28
obs-xwalk-cand-000479,codepoint_crosswalk_candidate,corpus/001_oracle-characters/116_000401-000500_obs-xwalk-bucket_codepoint-xwalk/079_obs-xwalk-cand-000479_xwalk-000479_codepoint-xwalk,hust-obimd-evobc-xwalk-000479,hust-obimd-evobc-xwalk-000479;hust-obc-cat-0543,src-hust-obc,source_marked_risk_noted,needs_cross_source_review,2026-06-28
obs-xwalk-cand-000480,codepoint_crosswalk_candidate,corpus/001_oracle-characters/116_000401-000500_obs-xwalk-bucket_codepoint-xwalk/080_obs-xwalk-cand-000480_xwalk-000480_codepoint-xwalk,hust-obimd-evobc-xwalk-000480,hust-obimd-evobc-xwalk-000480;hust-obc-cat-0544_0545,src-hust-obc,source_marked_risk_noted,needs_cross_source_review,2026-06-28
obs-xwalk-cand-000481,codepoint_crosswalk_candidate,corpus/001_oracle-characters/116_000401-000500_obs-xwalk-bucket_codepoint-xwalk/081_obs-xwalk-cand-000481_xwalk-000481_codepoint-xwalk,hust-obimd-evobc-xwalk-000481,hust-obimd-evobc-xwalk-000481;hust-obc-cat-0546,src-hust-obc,source_marked_risk_noted,needs_cross_source_review,2026-06-28
obs-xwalk-cand-000482,codepoint_crosswalk_candidate,corpus/001_oracle-characters/116_000401-000500_obs-xwalk-bucket_codepoint-xwalk/082_obs-xwalk-cand-000482_xwalk-000482_codepoint-xwalk,hust-obimd-evobc-xwalk-000482,hust-obimd-evobc-xwalk-000482;hust-obc-cat-0547,src-hust-obc,source_marked_risk_noted,needs_cross_source_review,2026-06-28
obs-xwalk-cand-000483,codepoint_crosswalk_candidate,corpus/001_oracle-characters/116_000401-000500_obs-xwalk-bucket_codepoint-xwalk/083_obs-xwalk-cand-000483_xwalk-000483_codepoint-xwalk,hust-obimd-evobc-xwalk-000483,hust-obimd-evobc-xwalk-000483;hust-obc-cat-0548,src-hust-obc,source_marked_risk_noted,needs_cross_source_review,2026-06-28
obs-xwalk-cand-000484,codepoint_crosswalk_candidate,corpus/001_oracle-characters/116_000401-000500_obs-xwalk-bucket_codepoint-xwalk/084_obs-xwalk-cand-000484_xwalk-000484_codepoint-xwalk,hust-obimd-evobc-xwalk-000484,hust-obimd-evobc-xwalk-000484;hust-obc-cat-0549,src-hust-obc,source_marked_risk_noted,needs_cross_source_review,2026-06-28
obs-xwalk-cand-000485,codepoint_crosswalk_candidate,corpus/001_oracle-characters/116_000401-000500_obs-xwalk-bucket_codepoint-xwalk/085_obs-xwalk-cand-000485_xwalk-000485_codepoint-xwalk,hust-obimd-evobc-xwalk-000485,hust-obimd-evobc-xwalk-000485;hust-obc-cat-0550,src-hust-obc,source_marked_risk_noted,needs_cross_source_review,2026-06-28
obs-xwalk-cand-000486,codepoint_crosswalk_candidate,corpus/001_oracle-characters/116_000401-000500_obs-xwalk-bucket_codepoint-xwalk/086_obs-xwalk-cand-000486_xwalk-000486_codepoint-xwalk,hust-obimd-evobc-xwalk-000486,hust-obimd-evobc-xwalk-000486;hust-obc-cat-0551;obimd-main-a8vnbz5v1s;evobc-cat-00038,src-hust-obc;src-obimd;src-evobc,source_marked_risk_noted,needs_cross_source_review,2026-06-28
obs-xwalk-cand-000487,codepoint_crosswalk_candidate,corpus/001_oracle-characters/116_000401-000500_obs-xwalk-bucket_codepoint-xwalk/087_obs-xwalk-cand-000487_xwalk-000487_codepoint-xwalk,hust-obimd-evobc-xwalk-000487,hust-obimd-evobc-xwalk-000487;hust-obc-cat-0552,src-hust-obc,source_marked_risk_noted,needs_cross_source_review,2026-06-28
obs-xwalk-cand-000488,codepoint_crosswalk_candidate,corpus/001_oracle-characters/116_000401-000500_obs-xwalk-bucket_codepoint-xwalk/088_obs-xwalk-cand-000488_xwalk-000488_codepoint-xwalk,hust-obimd-evobc-xwalk-000488,hust-obimd-evobc-xwalk-000488;hust-obc-cat-0553,src-hust-obc,source_marked_risk_noted,needs_cross_source_review,2026-06-28
obs-xwalk-cand-000489,codepoint_crosswalk_candidate,corpus/001_oracle-characters/116_000401-000500_obs-xwalk-bucket_codepoint-xwalk/089_obs-xwalk-cand-000489_xwalk-000489_codepoint-xwalk,hust-obimd-evobc-xwalk-000489,hust-obimd-evobc-xwalk-000489;hust-obc-cat-0554,src-hust-obc,source_marked_risk_noted,needs_cross_source_review,2026-06-28
obs-xwalk-cand-000490,codepoint_crosswalk_candidate,corpus/001_oracle-characters/116_000401-000500_obs-xwalk-bucket_codepoint-xwalk/090_obs-xwalk-cand-000490_xwalk-000490_codepoint-xwalk,hust-obimd-evobc-xwalk-000490,hust-obimd-evobc-xwalk-000490;hust-obc-cat-0555;obimd-main-mfe79ij88l,src-hust-obc;src-obimd,source_marked_risk_noted,needs_cross_source_review,2026-06-28
obs-xwalk-cand-000491,codepoint_crosswalk_candidate,corpus/001_oracle-characters/116_000401-000500_obs-xwalk-bucket_codepoint-xwalk/091_obs-xwalk-cand-000491_xwalk-000491_codepoint-xwalk,hust-obimd-evobc-xwalk-000491,hust-obimd-evobc-xwalk-000491;hust-obc-cat-0556,src-hust-obc,source_marked_risk_noted,needs_cross_source_review,2026-06-28
obs-xwalk-cand-000492,codepoint_crosswalk_candidate,corpus/001_oracle-characters/116_000401-000500_obs-xwalk-bucket_codepoint-xwalk/092_obs-xwalk-cand-000492_xwalk-000492_codepoint-xwalk,hust-obimd-evobc-xwalk-000492,hust-obimd-evobc-xwalk-000492;hust-obc-cat-0557,src-hust-obc,source_marked_risk_noted,needs_cross_source_review,2026-06-28
obs-xwalk-cand-000493,codepoint_crosswalk_candidate,corpus/001_oracle-characters/116_000401-000500_obs-xwalk-bucket_codepoint-xwalk/093_obs-xwalk-cand-000493_xwalk-000493_codepoint-xwalk,hust-obimd-evobc-xwalk-000493,hust-obimd-evobc-xwalk-000493;hust-obc-cat-0558_0559_0560,src-hust-obc,source_marked_risk_noted,needs_cross_source_review,2026-06-28
obs-xwalk-cand-000494,codepoint_crosswalk_candidate,corpus/001_oracle-characters/116_000401-000500_obs-xwalk-bucket_codepoint-xwalk/094_obs-xwalk-cand-000494_xwalk-000494_codepoint-xwalk,hust-obimd-evobc-xwalk-000494,hust-obimd-evobc-xwalk-000494;hust-obc-cat-0561,src-hust-obc,source_marked_risk_noted,needs_cross_source_review,2026-06-28
obs-xwalk-cand-000495,codepoint_crosswalk_candidate,corpus/001_oracle-characters/116_000401-000500_obs-xwalk-bucket_codepoint-xwalk/095_obs-xwalk-cand-000495_xwalk-000495_codepoint-xwalk,hust-obimd-evobc-xwalk-000495,hust-obimd-evobc-xwalk-000495;hust-obc-cat-0562_0563_0564,src-hust-obc,source_marked_risk_noted,needs_cross_source_review,2026-06-28
obs-xwalk-cand-000496,codepoint_crosswalk_candidate,corpus/001_oracle-characters/116_000401-000500_obs-xwalk-bucket_codepoint-xwalk/096_obs-xwalk-cand-000496_xwalk-000496_codepoint-xwalk,hust-obimd-evobc-xwalk-000496,hust-obimd-evobc-xwalk-000496;hust-obc-cat-0565,src-hust-obc,source_marked_risk_noted,needs_cross_source_review,2026-06-28
obs-xwalk-cand-000497,codepoint_crosswalk_candidate,corpus/001_oracle-characters/116_000401-000500_obs-xwalk-bucket_codepoint-xwalk/097_obs-xwalk-cand-000497_xwalk-000497_codepoint-xwalk,hust-obimd-evobc-xwalk-000497,hust-obimd-evobc-xwalk-000497;hust-obc-cat-0566,src-hust-obc,source_marked_risk_noted,needs_cross_source_review,2026-06-28
obs-xwalk-cand-000498,codepoint_crosswalk_candidate,corpus/001_oracle-characters/116_000401-000500_obs-xwalk-bucket_codepoint-xwalk/098_obs-xwalk-cand-000498_xwalk-000498_codepoint-xwalk,hust-obimd-evobc-xwalk-000498,hust-obimd-evobc-xwalk-000498;hust-obc-cat-0567_0568,src-hust-obc,source_marked_risk_noted,needs_cross_source_review,2026-06-28
obs-xwalk-cand-000499,codepoint_crosswalk_candidate,corpus/001_oracle-characters/116_000401-000500_obs-xwalk-bucket_codepoint-xwalk/099_obs-xwalk-cand-000499_xwalk-000499_codepoint-xwalk,hust-obimd-evobc-xwalk-000499,hust-obimd-evobc-xwalk-000499;hust-obc-cat-0569_0570,src-hust-obc,source_marked_risk_noted,needs_cross_source_review,2026-06-28
obs-xwalk-cand-000500,codepoint_crosswalk_candidate,corpus/001_oracle-characters/116_000401-000500_obs-xwalk-bucket_codepoint-xwalk/100_obs-xwalk-cand-000500_xwalk-000500_codepoint-xwalk,hust-obimd-evobc-xwalk-000500,hust-obimd-evobc-xwalk-000500;hust-obc-cat-0571,src-hust-obc,source_marked_risk_noted,needs_cross_source_review,2026-06-28
obs-xwalk-cand-000501,codepoint_crosswalk_candidate,corpus/001_oracle-characters/117_000501-000600_obs-xwalk-bucket_codepoint-xwalk/001_obs-xwalk-cand-000501_xwalk-000501_codepoint-xwalk,hust-obimd-evobc-xwalk-000501,hust-obimd-evobc-xwalk-000501;hust-obc-cat-0572,src-hust-obc,source_marked_risk_noted,needs_cross_source_review,2026-06-28
obs-xwalk-cand-000502,codepoint_crosswalk_candidate,corpus/001_oracle-characters/117_000501-000600_obs-xwalk-bucket_codepoint-xwalk/002_obs-xwalk-cand-000502_xwalk-000502_codepoint-xwalk,hust-obimd-evobc-xwalk-000502,hust-obimd-evobc-xwalk-000502;hust-obc-cat-0573,src-hust-obc,source_marked_risk_noted,needs_cross_source_review,2026-06-28
obs-xwalk-cand-000503,codepoint_crosswalk_candidate,corpus/001_oracle-characters/117_000501-000600_obs-xwalk-bucket_codepoint-xwalk/003_obs-xwalk-cand-000503_xwalk-000503_codepoint-xwalk,hust-obimd-evobc-xwalk-000503,hust-obimd-evobc-xwalk-000503;hust-obc-cat-0574,src-hust-obc,source_marked_risk_noted,needs_cross_source_review,2026-06-28
obs-xwalk-cand-000504,codepoint_crosswalk_candidate,corpus/001_oracle-characters/117_000501-000600_obs-xwalk-bucket_codepoint-xwalk/004_obs-xwalk-cand-000504_xwalk-000504_codepoint-xwalk,hust-obimd-evobc-xwalk-000504,hust-obimd-evobc-xwalk-000504;hust-obc-cat-0575,src-hust-obc,source_marked_risk_noted,needs_cross_source_review,2026-06-28
obs-xwalk-cand-000505,codepoint_crosswalk_candidate,corpus/001_oracle-characters/117_000501-000600_obs-xwalk-bucket_codepoint-xwalk/005_obs-xwalk-cand-000505_xwalk-000505_codepoint-xwalk,hust-obimd-evobc-xwalk-000505,hust-obimd-evobc-xwalk-000505;hust-obc-cat-0576,src-hust-obc,source_marked_risk_noted,needs_cross_source_review,2026-06-28
obs-xwalk-cand-000506,codepoint_crosswalk_candidate,corpus/001_oracle-characters/117_000501-000600_obs-xwalk-bucket_codepoint-xwalk/006_obs-xwalk-cand-000506_xwalk-000506_codepoint-xwalk,hust-obimd-evobc-xwalk-000506,hust-obimd-evobc-xwalk-000506;hust-obc-cat-0577,src-hust-obc,source_marked_risk_noted,needs_cross_source_review,2026-06-28
obs-xwalk-cand-000507,codepoint_crosswalk_candidate,corpus/001_oracle-characters/117_000501-000600_obs-xwalk-bucket_codepoint-xwalk/007_obs-xwalk-cand-000507_xwalk-000507_codepoint-xwalk,hust-obimd-evobc-xwalk-000507,hust-obimd-evobc-xwalk-000507;hust-obc-cat-0578,src-hust-obc,source_marked_risk_noted,needs_cross_source_review,2026-06-28
obs-xwalk-cand-000508,codepoint_crosswalk_candidate,corpus/001_oracle-characters/117_000501-000600_obs-xwalk-bucket_codepoint-xwalk/008_obs-xwalk-cand-000508_xwalk-000508_codepoint-xwalk,hust-obimd-evobc-xwalk-000508,hust-obimd-evobc-xwalk-000508;hust-obc-cat-0579;evobc-cat-00039,src-hust-obc;src-evobc,source_marked_risk_noted,needs_cross_source_review,2026-06-28
obs-xwalk-cand-000509,codepoint_crosswalk_candidate,corpus/001_oracle-characters/117_000501-000600_obs-xwalk-bucket_codepoint-xwalk/009_obs-xwalk-cand-000509_xwalk-000509_codepoint-xwalk,hust-obimd-evobc-xwalk-000509,hust-obimd-evobc-xwalk-000509;hust-obc-cat-0580,src-hust-obc,source_marked_risk_noted,needs_cross_source_review,2026-06-28
obs-xwalk-cand-000510,codepoint_crosswalk_candidate,corpus/001_oracle-characters/117_000501-000600_obs-xwalk-bucket_codepoint-xwalk/010_obs-xwalk-cand-000510_xwalk-000510_codepoint-xwalk,hust-obimd-evobc-xwalk-000510,hust-obimd-evobc-xwalk-000510;hust-obc-cat-0581,src-hust-obc,source_marked_risk_noted,needs_cross_source_review,2026-06-28
obs-xwalk-cand-000511,codepoint_crosswalk_candidate,corpus/001_oracle-characters/117_000501-000600_obs-xwalk-bucket_codepoint-xwalk/011_obs-xwalk-cand-000511_xwalk-000511_codepoint-xwalk,hust-obimd-evobc-xwalk-000511,hust-obimd-evobc-xwalk-000511;hust-obc-cat-0582,src-hust-obc,source_marked_risk_noted,needs_cross_source_review,2026-06-28
obs-xwalk-cand-000512,codepoint_crosswalk_candidate,corpus/001_oracle-characters/117_000501-000600_obs-xwalk-bucket_codepoint-xwalk/012_obs-xwalk-cand-000512_xwalk-000512_codepoint-xwalk,hust-obimd-evobc-xwalk-000512,hust-obimd-evobc-xwalk-000512;hust-obc-cat-0583,src-hust-obc,source_marked_risk_noted,needs_cross_source_review,2026-06-28
obs-xwalk-cand-000513,codepoint_crosswalk_candidate,corpus/001_oracle-characters/117_000501-000600_obs-xwalk-bucket_codepoint-xwalk/013_obs-xwalk-cand-000513_xwalk-000513_codepoint-xwalk,hust-obimd-evobc-xwalk-000513,hust-obimd-evobc-xwalk-000513;hust-obc-cat-0584,src-hust-obc,source_marked_risk_noted,needs_cross_source_review,2026-06-28
obs-xwalk-cand-000514,codepoint_crosswalk_candidate,corpus/001_oracle-characters/117_000501-000600_obs-xwalk-bucket_codepoint-xwalk/014_obs-xwalk-cand-000514_xwalk-000514_codepoint-xwalk,hust-obimd-evobc-xwalk-000514,hust-obimd-evobc-xwalk-000514;hust-obc-cat-0585,src-hust-obc,source_marked_risk_noted,needs_cross_source_review,2026-06-28
obs-xwalk-cand-000515,codepoint_crosswalk_candidate,corpus/001_oracle-characters/117_000501-000600_obs-xwalk-bucket_codepoint-xwalk/015_obs-xwalk-cand-000515_xwalk-000515_codepoint-xwalk,hust-obimd-evobc-xwalk-000515,hust-obimd-evobc-xwalk-000515;hust-obc-cat-0586,src-hust-obc,source_marked_risk_noted,needs_cross_source_review,2026-06-28
obs-xwalk-cand-000516,codepoint_crosswalk_candidate,corpus/001_oracle-characters/117_000501-000600_obs-xwalk-bucket_codepoint-xwalk/016_obs-xwalk-cand-000516_xwalk-000516_codepoint-xwalk,hust-obimd-evobc-xwalk-000516,hust-obimd-evobc-xwalk-000516;hust-obc-cat-0587_0588_0589,src-hust-obc,source_marked_risk_noted,needs_cross_source_review,2026-06-28
obs-xwalk-cand-000517,codepoint_crosswalk_candidate,corpus/001_oracle-characters/117_000501-000600_obs-xwalk-bucket_codepoint-xwalk/017_obs-xwalk-cand-000517_xwalk-000517_codepoint-xwalk,hust-obimd-evobc-xwalk-000517,hust-obimd-evobc-xwalk-000517;hust-obc-cat-0590,src-hust-obc,source_marked_risk_noted,needs_cross_source_review,2026-06-28
obs-xwalk-cand-000518,codepoint_crosswalk_candidate,corpus/001_oracle-characters/117_000501-000600_obs-xwalk-bucket_codepoint-xwalk/018_obs-xwalk-cand-000518_xwalk-000518_codepoint-xwalk,hust-obimd-evobc-xwalk-000518,hust-obimd-evobc-xwalk-000518;hust-obc-cat-0591,src-hust-obc,source_marked_risk_noted,needs_cross_source_review,2026-06-28
obs-xwalk-cand-000519,codepoint_crosswalk_candidate,corpus/001_oracle-characters/117_000501-000600_obs-xwalk-bucket_codepoint-xwalk/019_obs-xwalk-cand-000519_xwalk-000519_codepoint-xwalk,hust-obimd-evobc-xwalk-000519,hust-obimd-evobc-xwalk-000519;hust-obc-cat-0592,src-hust-obc,source_marked_risk_noted,needs_cross_source_review,2026-06-28
obs-xwalk-cand-000520,codepoint_crosswalk_candidate,corpus/001_oracle-characters/117_000501-000600_obs-xwalk-bucket_codepoint-xwalk/020_obs-xwalk-cand-000520_xwalk-000520_codepoint-xwalk,hust-obimd-evobc-xwalk-000520,hust-obimd-evobc-xwalk-000520;hust-obc-cat-0593,src-hust-obc,source_marked_risk_noted,needs_cross_source_review,2026-06-28
obs-xwalk-cand-000521,codepoint_crosswalk_candidate,corpus/001_oracle-characters/117_000501-000600_obs-xwalk-bucket_codepoint-xwalk/021_obs-xwalk-cand-000521_xwalk-000521_codepoint-xwalk,hust-obimd-evobc-xwalk-000521,hust-obimd-evobc-xwalk-000521;hust-obc-cat-0594,src-hust-obc,source_marked_risk_noted,needs_cross_source_review,2026-06-28
obs-xwalk-cand-000522,codepoint_crosswalk_candidate,corpus/001_oracle-characters/117_000501-000600_obs-xwalk-bucket_codepoint-xwalk/022_obs-xwalk-cand-000522_xwalk-000522_codepoint-xwalk,hust-obimd-evobc-xwalk-000522,hust-obimd-evobc-xwalk-000522;hust-obc-cat-0595,src-hust-obc,source_marked_risk_noted,needs_cross_source_review,2026-06-28
obs-xwalk-cand-000523,codepoint_crosswalk_candidate,corpus/001_oracle-characters/117_000501-000600_obs-xwalk-bucket_codepoint-xwalk/023_obs-xwalk-cand-000523_xwalk-000523_codepoint-xwalk,hust-obimd-evobc-xwalk-000523,hust-obimd-evobc-xwalk-000523;hust-obc-cat-0596,src-hust-obc,source_marked_risk_noted,needs_cross_source_review,2026-06-28
obs-xwalk-cand-000524,codepoint_crosswalk_candidate,corpus/001_oracle-characters/117_000501-000600_obs-xwalk-bucket_codepoint-xwalk/024_obs-xwalk-cand-000524_xwalk-000524_codepoint-xwalk,hust-obimd-evobc-xwalk-000524,hust-obimd-evobc-xwalk-000524;hust-obc-cat-0597_0598,src-hust-obc,source_marked_risk_noted,needs_cross_source_review,2026-06-28
obs-xwalk-cand-000525,codepoint_crosswalk_candidate,corpus/001_oracle-characters/117_000501-000600_obs-xwalk-bucket_codepoint-xwalk/025_obs-xwalk-cand-000525_xwalk-000525_codepoint-xwalk,hust-obimd-evobc-xwalk-000525,hust-obimd-evobc-xwalk-000525;hust-obc-cat-0599,src-hust-obc,source_marked_risk_noted,needs_cross_source_review,2026-06-28
obs-xwalk-cand-000526,codepoint_crosswalk_candidate,corpus/001_oracle-characters/117_000501-000600_obs-xwalk-bucket_codepoint-xwalk/026_obs-xwalk-cand-000526_xwalk-000526_codepoint-xwalk,hust-obimd-evobc-xwalk-000526,hust-obimd-evobc-xwalk-000526;hust-obc-cat-0600,src-hust-obc,source_marked_risk_noted,needs_cross_source_review,2026-06-28
obs-xwalk-cand-000527,codepoint_crosswalk_candidate,corpus/001_oracle-characters/117_000501-000600_obs-xwalk-bucket_codepoint-xwalk/027_obs-xwalk-cand-000527_xwalk-000527_codepoint-xwalk,hust-obimd-evobc-xwalk-000527,hust-obimd-evobc-xwalk-000527;hust-obc-cat-0601,src-hust-obc,source_marked_risk_noted,needs_cross_source_review,2026-06-28
obs-xwalk-cand-000528,codepoint_crosswalk_candidate,corpus/001_oracle-characters/117_000501-000600_obs-xwalk-bucket_codepoint-xwalk/028_obs-xwalk-cand-000528_xwalk-000528_codepoint-xwalk,hust-obimd-evobc-xwalk-000528,hust-obimd-evobc-xwalk-000528;hust-obc-cat-0602,src-hust-obc,source_marked_risk_noted,needs_cross_source_review,2026-06-28
obs-xwalk-cand-000529,codepoint_crosswalk_candidate,corpus/001_oracle-characters/117_000501-000600_obs-xwalk-bucket_codepoint-xwalk/029_obs-xwalk-cand-000529_xwalk-000529_codepoint-xwalk,hust-obimd-evobc-xwalk-000529,hust-obimd-evobc-xwalk-000529;hust-obc-cat-0603,src-hust-obc,source_marked_risk_noted,needs_cross_source_review,2026-06-28
obs-xwalk-cand-000530,codepoint_crosswalk_candidate,corpus/001_oracle-characters/117_000501-000600_obs-xwalk-bucket_codepoint-xwalk/030_obs-xwalk-cand-000530_xwalk-000530_codepoint-xwalk,hust-obimd-evobc-xwalk-000530,hust-obimd-evobc-xwalk-000530;hust-obc-cat-0604,src-hust-obc,source_marked_risk_noted,needs_cross_source_review,2026-06-28
obs-xwalk-cand-000531,codepoint_crosswalk_candidate,corpus/001_oracle-characters/117_000501-000600_obs-xwalk-bucket_codepoint-xwalk/031_obs-xwalk-cand-000531_xwalk-000531_codepoint-xwalk,hust-obimd-evobc-xwalk-000531,hust-obimd-evobc-xwalk-000531;hust-obc-cat-0605,src-hust-obc,source_marked_risk_noted,needs_cross_source_review,2026-06-28
obs-xwalk-cand-000532,codepoint_crosswalk_candidate,corpus/001_oracle-characters/117_000501-000600_obs-xwalk-bucket_codepoint-xwalk/032_obs-xwalk-cand-000532_xwalk-000532_codepoint-xwalk,hust-obimd-evobc-xwalk-000532,hust-obimd-evobc-xwalk-000532;hust-obc-cat-0606,src-hust-obc,source_marked_risk_noted,needs_cross_source_review,2026-06-28
obs-xwalk-cand-000533,codepoint_crosswalk_candidate,corpus/001_oracle-characters/117_000501-000600_obs-xwalk-bucket_codepoint-xwalk/033_obs-xwalk-cand-000533_xwalk-000533_codepoint-xwalk,hust-obimd-evobc-xwalk-000533,hust-obimd-evobc-xwalk-000533;hust-obc-cat-0607,src-hust-obc,source_marked_risk_noted,needs_cross_source_review,2026-06-28
obs-xwalk-cand-000534,codepoint_crosswalk_candidate,corpus/001_oracle-characters/117_000501-000600_obs-xwalk-bucket_codepoint-xwalk/034_obs-xwalk-cand-000534_xwalk-000534_codepoint-xwalk,hust-obimd-evobc-xwalk-000534,hust-obimd-evobc-xwalk-000534;hust-obc-cat-0608,src-hust-obc,source_marked_risk_noted,needs_cross_source_review,2026-06-28
obs-xwalk-cand-000535,codepoint_crosswalk_candidate,corpus/001_oracle-characters/117_000501-000600_obs-xwalk-bucket_codepoint-xwalk/035_obs-xwalk-cand-000535_xwalk-000535_codepoint-xwalk,hust-obimd-evobc-xwalk-000535,hust-obimd-evobc-xwalk-000535;hust-obc-cat-0609;evobc-cat-00040,src-hust-obc;src-evobc,source_marked_risk_noted,needs_cross_source_review,2026-06-28
obs-xwalk-cand-000536,codepoint_crosswalk_candidate,corpus/001_oracle-characters/117_000501-000600_obs-xwalk-bucket_codepoint-xwalk/036_obs-xwalk-cand-000536_xwalk-000536_codepoint-xwalk,hust-obimd-evobc-xwalk-000536,hust-obimd-evobc-xwalk-000536;hust-obc-cat-0610,src-hust-obc,source_marked_risk_noted,needs_cross_source_review,2026-06-28
obs-xwalk-cand-000537,codepoint_crosswalk_candidate,corpus/001_oracle-characters/117_000501-000600_obs-xwalk-bucket_codepoint-xwalk/037_obs-xwalk-cand-000537_xwalk-000537_codepoint-xwalk,hust-obimd-evobc-xwalk-000537,hust-obimd-evobc-xwalk-000537;hust-obc-cat-0611,src-hust-obc,source_marked_risk_noted,needs_cross_source_review,2026-06-28
obs-xwalk-cand-000538,codepoint_crosswalk_candidate,corpus/001_oracle-characters/117_000501-000600_obs-xwalk-bucket_codepoint-xwalk/038_obs-xwalk-cand-000538_xwalk-000538_codepoint-xwalk,hust-obimd-evobc-xwalk-000538,hust-obimd-evobc-xwalk-000538;hust-obc-cat-0612,src-hust-obc,source_marked_risk_noted,needs_cross_source_review,2026-06-28
obs-xwalk-cand-000539,codepoint_crosswalk_candidate,corpus/001_oracle-characters/117_000501-000600_obs-xwalk-bucket_codepoint-xwalk/039_obs-xwalk-cand-000539_xwalk-000539_codepoint-xwalk,hust-obimd-evobc-xwalk-000539,hust-obimd-evobc-xwalk-000539;hust-obc-cat-0613;evobc-cat-00041,src-hust-obc;src-evobc,source_marked_risk_noted,needs_cross_source_review,2026-06-28
obs-xwalk-cand-000540,codepoint_crosswalk_candidate,corpus/001_oracle-characters/117_000501-000600_obs-xwalk-bucket_codepoint-xwalk/040_obs-xwalk-cand-000540_xwalk-000540_codepoint-xwalk,hust-obimd-evobc-xwalk-000540,hust-obimd-evobc-xwalk-000540;hust-obc-cat-0614,src-hust-obc,source_marked_risk_noted,needs_cross_source_review,2026-06-28
obs-xwalk-cand-000541,codepoint_crosswalk_candidate,corpus/001_oracle-characters/117_000501-000600_obs-xwalk-bucket_codepoint-xwalk/041_obs-xwalk-cand-000541_xwalk-000541_codepoint-xwalk,hust-obimd-evobc-xwalk-000541,hust-obimd-evobc-xwalk-000541;hust-obc-cat-0615,src-hust-obc,source_marked_risk_noted,needs_cross_source_review,2026-06-28
obs-xwalk-cand-000542,codepoint_crosswalk_candidate,corpus/001_oracle-characters/117_000501-000600_obs-xwalk-bucket_codepoint-xwalk/042_obs-xwalk-cand-000542_xwalk-000542_codepoint-xwalk,hust-obimd-evobc-xwalk-000542,hust-obimd-evobc-xwalk-000542;hust-obc-cat-0616,src-hust-obc,source_marked_risk_noted,needs_cross_source_review,2026-06-28
obs-xwalk-cand-000543,codepoint_crosswalk_candidate,corpus/001_oracle-characters/117_000501-000600_obs-xwalk-bucket_codepoint-xwalk/043_obs-xwalk-cand-000543_xwalk-000543_codepoint-xwalk,hust-obimd-evobc-xwalk-000543,hust-obimd-evobc-xwalk-000543;hust-obc-cat-0617,src-hust-obc,source_marked_risk_noted,needs_cross_source_review,2026-06-28
obs-xwalk-cand-000544,codepoint_crosswalk_candidate,corpus/001_oracle-characters/117_000501-000600_obs-xwalk-bucket_codepoint-xwalk/044_obs-xwalk-cand-000544_xwalk-000544_codepoint-xwalk,hust-obimd-evobc-xwalk-000544,hust-obimd-evobc-xwalk-000544;hust-obc-cat-0618,src-hust-obc,source_marked_risk_noted,needs_cross_source_review,2026-06-28
obs-xwalk-cand-000545,codepoint_crosswalk_candidate,corpus/001_oracle-characters/117_000501-000600_obs-xwalk-bucket_codepoint-xwalk/045_obs-xwalk-cand-000545_xwalk-000545_codepoint-xwalk,hust-obimd-evobc-xwalk-000545,hust-obimd-evobc-xwalk-000545;hust-obc-cat-0619,src-hust-obc,source_marked_risk_noted,needs_cross_source_review,2026-06-28
obs-xwalk-cand-000546,codepoint_crosswalk_candidate,corpus/001_oracle-characters/117_000501-000600_obs-xwalk-bucket_codepoint-xwalk/046_obs-xwalk-cand-000546_xwalk-000546_codepoint-xwalk,hust-obimd-evobc-xwalk-000546,hust-obimd-evobc-xwalk-000546;hust-obc-cat-0620,src-hust-obc,source_marked_risk_noted,needs_cross_source_review,2026-06-28
obs-xwalk-cand-000547,codepoint_crosswalk_candidate,corpus/001_oracle-characters/117_000501-000600_obs-xwalk-bucket_codepoint-xwalk/047_obs-xwalk-cand-000547_xwalk-000547_codepoint-xwalk,hust-obimd-evobc-xwalk-000547,hust-obimd-evobc-xwalk-000547;hust-obc-cat-0621,src-hust-obc,source_marked_risk_noted,needs_cross_source_review,2026-06-28
obs-xwalk-cand-000548,codepoint_crosswalk_candidate,corpus/001_oracle-characters/117_000501-000600_obs-xwalk-bucket_codepoint-xwalk/048_obs-xwalk-cand-000548_xwalk-000548_codepoint-xwalk,hust-obimd-evobc-xwalk-000548,hust-obimd-evobc-xwalk-000548;hust-obc-cat-0622,src-hust-obc,source_marked_risk_noted,needs_cross_source_review,2026-06-28
obs-xwalk-cand-000549,codepoint_crosswalk_candidate,corpus/001_oracle-characters/117_000501-000600_obs-xwalk-bucket_codepoint-xwalk/049_obs-xwalk-cand-000549_xwalk-000549_codepoint-xwalk,hust-obimd-evobc-xwalk-000549,hust-obimd-evobc-xwalk-000549;hust-obc-cat-0623,src-hust-obc,source_marked_risk_noted,needs_cross_source_review,2026-06-28
obs-xwalk-cand-000550,codepoint_crosswalk_candidate,corpus/001_oracle-characters/117_000501-000600_obs-xwalk-bucket_codepoint-xwalk/050_obs-xwalk-cand-000550_xwalk-000550_codepoint-xwalk,hust-obimd-evobc-xwalk-000550,hust-obimd-evobc-xwalk-000550;hust-obc-cat-0624,src-hust-obc,source_marked_risk_noted,needs_cross_source_review,2026-06-28
obs-xwalk-cand-000551,codepoint_crosswalk_candidate,corpus/001_oracle-characters/117_000501-000600_obs-xwalk-bucket_codepoint-xwalk/051_obs-xwalk-cand-000551_xwalk-000551_codepoint-xwalk,hust-obimd-evobc-xwalk-000551,hust-obimd-evobc-xwalk-000551;hust-obc-cat-0625,src-hust-obc,source_marked_risk_noted,needs_cross_source_review,2026-06-28
obs-xwalk-cand-000552,codepoint_crosswalk_candidate,corpus/001_oracle-characters/117_000501-000600_obs-xwalk-bucket_codepoint-xwalk/052_obs-xwalk-cand-000552_xwalk-000552_codepoint-xwalk,hust-obimd-evobc-xwalk-000552,hust-obimd-evobc-xwalk-000552;hust-obc-cat-0626,src-hust-obc,source_marked_risk_noted,needs_cross_source_review,2026-06-28
obs-xwalk-cand-000553,codepoint_crosswalk_candidate,corpus/001_oracle-characters/117_000501-000600_obs-xwalk-bucket_codepoint-xwalk/053_obs-xwalk-cand-000553_xwalk-000553_codepoint-xwalk,hust-obimd-evobc-xwalk-000553,hust-obimd-evobc-xwalk-000553;hust-obc-cat-0627;evobc-cat-00042,src-hust-obc;src-evobc,source_marked_risk_noted,needs_cross_source_review,2026-06-28
obs-xwalk-cand-000554,codepoint_crosswalk_candidate,corpus/001_oracle-characters/117_000501-000600_obs-xwalk-bucket_codepoint-xwalk/054_obs-xwalk-cand-000554_xwalk-000554_codepoint-xwalk,hust-obimd-evobc-xwalk-000554,hust-obimd-evobc-xwalk-000554;hust-obc-cat-0628,src-hust-obc,source_marked_risk_noted,needs_cross_source_review,2026-06-28
obs-xwalk-cand-000555,codepoint_crosswalk_candidate,corpus/001_oracle-characters/117_000501-000600_obs-xwalk-bucket_codepoint-xwalk/055_obs-xwalk-cand-000555_xwalk-000555_codepoint-xwalk,hust-obimd-evobc-xwalk-000555,hust-obimd-evobc-xwalk-000555;hust-obc-cat-0629,src-hust-obc,source_marked_risk_noted,needs_cross_source_review,2026-06-28
obs-xwalk-cand-000556,codepoint_crosswalk_candidate,corpus/001_oracle-characters/117_000501-000600_obs-xwalk-bucket_codepoint-xwalk/056_obs-xwalk-cand-000556_xwalk-000556_codepoint-xwalk,hust-obimd-evobc-xwalk-000556,hust-obimd-evobc-xwalk-000556;hust-obc-cat-0630_0631,src-hust-obc,source_marked_risk_noted,needs_cross_source_review,2026-06-28
obs-xwalk-cand-000557,codepoint_crosswalk_candidate,corpus/001_oracle-characters/117_000501-000600_obs-xwalk-bucket_codepoint-xwalk/057_obs-xwalk-cand-000557_xwalk-000557_codepoint-xwalk,hust-obimd-evobc-xwalk-000557,hust-obimd-evobc-xwalk-000557;hust-obc-cat-0632,src-hust-obc,source_marked_risk_noted,needs_cross_source_review,2026-06-28
obs-xwalk-cand-000558,codepoint_crosswalk_candidate,corpus/001_oracle-characters/117_000501-000600_obs-xwalk-bucket_codepoint-xwalk/058_obs-xwalk-cand-000558_xwalk-000558_codepoint-xwalk,hust-obimd-evobc-xwalk-000558,hust-obimd-evobc-xwalk-000558;hust-obc-cat-0633,src-hust-obc,source_marked_risk_noted,needs_cross_source_review,2026-06-28
obs-xwalk-cand-000559,codepoint_crosswalk_candidate,corpus/001_oracle-characters/117_000501-000600_obs-xwalk-bucket_codepoint-xwalk/059_obs-xwalk-cand-000559_xwalk-000559_codepoint-xwalk,hust-obimd-evobc-xwalk-000559,hust-obimd-evobc-xwalk-000559;hust-obc-cat-0634,src-hust-obc,source_marked_risk_noted,needs_cross_source_review,2026-06-28
obs-xwalk-cand-000560,codepoint_crosswalk_candidate,corpus/001_oracle-characters/117_000501-000600_obs-xwalk-bucket_codepoint-xwalk/060_obs-xwalk-cand-000560_xwalk-000560_codepoint-xwalk,hust-obimd-evobc-xwalk-000560,hust-obimd-evobc-xwalk-000560;hust-obc-cat-0635,src-hust-obc,source_marked_risk_noted,needs_cross_source_review,2026-06-28
obs-xwalk-cand-000561,codepoint_crosswalk_candidate,corpus/001_oracle-characters/117_000501-000600_obs-xwalk-bucket_codepoint-xwalk/061_obs-xwalk-cand-000561_xwalk-000561_codepoint-xwalk,hust-obimd-evobc-xwalk-000561,hust-obimd-evobc-xwalk-000561;hust-obc-cat-0636,src-hust-obc,source_marked_risk_noted,needs_cross_source_review,2026-06-28
obs-xwalk-cand-000562,codepoint_crosswalk_candidate,corpus/001_oracle-characters/117_000501-000600_obs-xwalk-bucket_codepoint-xwalk/062_obs-xwalk-cand-000562_xwalk-000562_codepoint-xwalk,hust-obimd-evobc-xwalk-000562,hust-obimd-evobc-xwalk-000562;hust-obc-cat-0637,src-hust-obc,source_marked_risk_noted,needs_cross_source_review,2026-06-28
obs-xwalk-cand-000563,codepoint_crosswalk_candidate,corpus/001_oracle-characters/117_000501-000600_obs-xwalk-bucket_codepoint-xwalk/063_obs-xwalk-cand-000563_xwalk-000563_codepoint-xwalk,hust-obimd-evobc-xwalk-000563,hust-obimd-evobc-xwalk-000563;hust-obc-cat-0638_0639,src-hust-obc,source_marked_risk_noted,needs_cross_source_review,2026-06-28
obs-xwalk-cand-000564,codepoint_crosswalk_candidate,corpus/001_oracle-characters/117_000501-000600_obs-xwalk-bucket_codepoint-xwalk/064_obs-xwalk-cand-000564_xwalk-000564_codepoint-xwalk,hust-obimd-evobc-xwalk-000564,hust-obimd-evobc-xwalk-000564;hust-obc-cat-0640,src-hust-obc,source_marked_risk_noted,needs_cross_source_review,2026-06-28
obs-xwalk-cand-000565,codepoint_crosswalk_candidate,corpus/001_oracle-characters/117_000501-000600_obs-xwalk-bucket_codepoint-xwalk/065_obs-xwalk-cand-000565_xwalk-000565_codepoint-xwalk,hust-obimd-evobc-xwalk-000565,hust-obimd-evobc-xwalk-000565;hust-obc-cat-0641,src-hust-obc,source_marked_risk_noted,needs_cross_source_review,2026-06-28
obs-xwalk-cand-000566,codepoint_crosswalk_candidate,corpus/001_oracle-characters/117_000501-000600_obs-xwalk-bucket_codepoint-xwalk/066_obs-xwalk-cand-000566_xwalk-000566_codepoint-xwalk,hust-obimd-evobc-xwalk-000566,hust-obimd-evobc-xwalk-000566;hust-obc-cat-0642,src-hust-obc,source_marked_risk_noted,needs_cross_source_review,2026-06-28
obs-xwalk-cand-000567,codepoint_crosswalk_candidate,corpus/001_oracle-characters/117_000501-000600_obs-xwalk-bucket_codepoint-xwalk/067_obs-xwalk-cand-000567_xwalk-000567_codepoint-xwalk,hust-obimd-evobc-xwalk-000567,hust-obimd-evobc-xwalk-000567;hust-obc-cat-0643,src-hust-obc,source_marked_risk_noted,needs_cross_source_review,2026-06-28
obs-xwalk-cand-000568,codepoint_crosswalk_candidate,corpus/001_oracle-characters/117_000501-000600_obs-xwalk-bucket_codepoint-xwalk/068_obs-xwalk-cand-000568_xwalk-000568_codepoint-xwalk,hust-obimd-evobc-xwalk-000568,hust-obimd-evobc-xwalk-000568;hust-obc-cat-0644,src-hust-obc,source_marked_risk_noted,needs_cross_source_review,2026-06-28
obs-xwalk-cand-000569,codepoint_crosswalk_candidate,corpus/001_oracle-characters/117_000501-000600_obs-xwalk-bucket_codepoint-xwalk/069_obs-xwalk-cand-000569_xwalk-000569_codepoint-xwalk,hust-obimd-evobc-xwalk-000569,hust-obimd-evobc-xwalk-000569;hust-obc-cat-0645,src-hust-obc,source_marked_risk_noted,needs_cross_source_review,2026-06-28
obs-xwalk-cand-000570,codepoint_crosswalk_candidate,corpus/001_oracle-characters/117_000501-000600_obs-xwalk-bucket_codepoint-xwalk/070_obs-xwalk-cand-000570_xwalk-000570_codepoint-xwalk,hust-obimd-evobc-xwalk-000570,hust-obimd-evobc-xwalk-000570;hust-obc-cat-0646,src-hust-obc,source_marked_risk_noted,needs_cross_source_review,2026-06-28
obs-xwalk-cand-000571,codepoint_crosswalk_candidate,corpus/001_oracle-characters/117_000501-000600_obs-xwalk-bucket_codepoint-xwalk/071_obs-xwalk-cand-000571_xwalk-000571_codepoint-xwalk,hust-obimd-evobc-xwalk-000571,hust-obimd-evobc-xwalk-000571;hust-obc-cat-0647,src-hust-obc,source_marked_risk_noted,needs_cross_source_review,2026-06-28
obs-xwalk-cand-000572,codepoint_crosswalk_candidate,corpus/001_oracle-characters/117_000501-000600_obs-xwalk-bucket_codepoint-xwalk/072_obs-xwalk-cand-000572_xwalk-000572_codepoint-xwalk,hust-obimd-evobc-xwalk-000572,hust-obimd-evobc-xwalk-000572;hust-obc-cat-0648,src-hust-obc,source_marked_risk_noted,needs_cross_source_review,2026-06-28
obs-xwalk-cand-000573,codepoint_crosswalk_candidate,corpus/001_oracle-characters/117_000501-000600_obs-xwalk-bucket_codepoint-xwalk/073_obs-xwalk-cand-000573_xwalk-000573_codepoint-xwalk,hust-obimd-evobc-xwalk-000573,hust-obimd-evobc-xwalk-000573;hust-obc-cat-0649,src-hust-obc,source_marked_risk_noted,needs_cross_source_review,2026-06-28
obs-xwalk-cand-000574,codepoint_crosswalk_candidate,corpus/001_oracle-characters/117_000501-000600_obs-xwalk-bucket_codepoint-xwalk/074_obs-xwalk-cand-000574_xwalk-000574_codepoint-xwalk,hust-obimd-evobc-xwalk-000574,hust-obimd-evobc-xwalk-000574;hust-obc-cat-0650,src-hust-obc,source_marked_risk_noted,needs_cross_source_review,2026-06-28
obs-xwalk-cand-000575,codepoint_crosswalk_candidate,corpus/001_oracle-characters/117_000501-000600_obs-xwalk-bucket_codepoint-xwalk/075_obs-xwalk-cand-000575_xwalk-000575_codepoint-xwalk,hust-obimd-evobc-xwalk-000575,hust-obimd-evobc-xwalk-000575;hust-obc-cat-0651,src-hust-obc,source_marked_risk_noted,needs_cross_source_review,2026-06-28
obs-xwalk-cand-000576,codepoint_crosswalk_candidate,corpus/001_oracle-characters/117_000501-000600_obs-xwalk-bucket_codepoint-xwalk/076_obs-xwalk-cand-000576_xwalk-000576_codepoint-xwalk,hust-obimd-evobc-xwalk-000576,hust-obimd-evobc-xwalk-000576;hust-obc-cat-0652,src-hust-obc,source_marked_risk_noted,needs_cross_source_review,2026-06-28
obs-xwalk-cand-000577,codepoint_crosswalk_candidate,corpus/001_oracle-characters/117_000501-000600_obs-xwalk-bucket_codepoint-xwalk/077_obs-xwalk-cand-000577_xwalk-000577_codepoint-xwalk,hust-obimd-evobc-xwalk-000577,hust-obimd-evobc-xwalk-000577;hust-obc-cat-0653_0654,src-hust-obc,source_marked_risk_noted,needs_cross_source_review,2026-06-28
obs-xwalk-cand-000578,codepoint_crosswalk_candidate,corpus/001_oracle-characters/117_000501-000600_obs-xwalk-bucket_codepoint-xwalk/078_obs-xwalk-cand-000578_xwalk-000578_codepoint-xwalk,hust-obimd-evobc-xwalk-000578,hust-obimd-evobc-xwalk-000578;hust-obc-cat-0655_0656,src-hust-obc,source_marked_risk_noted,needs_cross_source_review,2026-06-28
obs-xwalk-cand-000579,codepoint_crosswalk_candidate,corpus/001_oracle-characters/117_000501-000600_obs-xwalk-bucket_codepoint-xwalk/079_obs-xwalk-cand-000579_xwalk-000579_codepoint-xwalk,hust-obimd-evobc-xwalk-000579,hust-obimd-evobc-xwalk-000579;hust-obc-cat-0657,src-hust-obc,source_marked_risk_noted,needs_cross_source_review,2026-06-28
obs-xwalk-cand-000580,codepoint_crosswalk_candidate,corpus/001_oracle-characters/117_000501-000600_obs-xwalk-bucket_codepoint-xwalk/080_obs-xwalk-cand-000580_xwalk-000580_codepoint-xwalk,hust-obimd-evobc-xwalk-000580,hust-obimd-evobc-xwalk-000580;hust-obc-cat-0658,src-hust-obc,source_marked_risk_noted,needs_cross_source_review,2026-06-28
obs-xwalk-cand-000581,codepoint_crosswalk_candidate,corpus/001_oracle-characters/117_000501-000600_obs-xwalk-bucket_codepoint-xwalk/081_obs-xwalk-cand-000581_xwalk-000581_codepoint-xwalk,hust-obimd-evobc-xwalk-000581,hust-obimd-evobc-xwalk-000581;hust-obc-cat-0659,src-hust-obc,source_marked_risk_noted,needs_cross_source_review,2026-06-28
obs-xwalk-cand-000582,codepoint_crosswalk_candidate,corpus/001_oracle-characters/117_000501-000600_obs-xwalk-bucket_codepoint-xwalk/082_obs-xwalk-cand-000582_xwalk-000582_codepoint-xwalk,hust-obimd-evobc-xwalk-000582,hust-obimd-evobc-xwalk-000582;hust-obc-cat-0660,src-hust-obc,source_marked_risk_noted,needs_cross_source_review,2026-06-28
obs-xwalk-cand-000583,codepoint_crosswalk_candidate,corpus/001_oracle-characters/117_000501-000600_obs-xwalk-bucket_codepoint-xwalk/083_obs-xwalk-cand-000583_xwalk-000583_codepoint-xwalk,hust-obimd-evobc-xwalk-000583,hust-obimd-evobc-xwalk-000583;hust-obc-cat-0661_0662,src-hust-obc,source_marked_risk_noted,needs_cross_source_review,2026-06-28
obs-xwalk-cand-000584,codepoint_crosswalk_candidate,corpus/001_oracle-characters/117_000501-000600_obs-xwalk-bucket_codepoint-xwalk/084_obs-xwalk-cand-000584_xwalk-000584_codepoint-xwalk,hust-obimd-evobc-xwalk-000584,hust-obimd-evobc-xwalk-000584;hust-obc-cat-0663,src-hust-obc,source_marked_risk_noted,needs_cross_source_review,2026-06-28
obs-xwalk-cand-000585,codepoint_crosswalk_candidate,corpus/001_oracle-characters/117_000501-000600_obs-xwalk-bucket_codepoint-xwalk/085_obs-xwalk-cand-000585_xwalk-000585_codepoint-xwalk,hust-obimd-evobc-xwalk-000585,hust-obimd-evobc-xwalk-000585;hust-obc-cat-0664,src-hust-obc,source_marked_risk_noted,needs_cross_source_review,2026-06-28
obs-xwalk-cand-000586,codepoint_crosswalk_candidate,corpus/001_oracle-characters/117_000501-000600_obs-xwalk-bucket_codepoint-xwalk/086_obs-xwalk-cand-000586_xwalk-000586_codepoint-xwalk,hust-obimd-evobc-xwalk-000586,hust-obimd-evobc-xwalk-000586;hust-obc-cat-0665,src-hust-obc,source_marked_risk_noted,needs_cross_source_review,2026-06-28
obs-xwalk-cand-000587,codepoint_crosswalk_candidate,corpus/001_oracle-characters/117_000501-000600_obs-xwalk-bucket_codepoint-xwalk/087_obs-xwalk-cand-000587_xwalk-000587_codepoint-xwalk,hust-obimd-evobc-xwalk-000587,hust-obimd-evobc-xwalk-000587;hust-obc-cat-0666,src-hust-obc,source_marked_risk_noted,needs_cross_source_review,2026-06-28
obs-xwalk-cand-000588,codepoint_crosswalk_candidate,corpus/001_oracle-characters/117_000501-000600_obs-xwalk-bucket_codepoint-xwalk/088_obs-xwalk-cand-000588_xwalk-000588_codepoint-xwalk,hust-obimd-evobc-xwalk-000588,hust-obimd-evobc-xwalk-000588;hust-obc-cat-0667,src-hust-obc,source_marked_risk_noted,needs_cross_source_review,2026-06-28
obs-xwalk-cand-000589,codepoint_crosswalk_candidate,corpus/001_oracle-characters/117_000501-000600_obs-xwalk-bucket_codepoint-xwalk/089_obs-xwalk-cand-000589_xwalk-000589_codepoint-xwalk,hust-obimd-evobc-xwalk-000589,hust-obimd-evobc-xwalk-000589;hust-obc-cat-0668;evobc-cat-00043,src-hust-obc;src-evobc,source_marked_risk_noted,needs_cross_source_review,2026-06-28
obs-xwalk-cand-000590,codepoint_crosswalk_candidate,corpus/001_oracle-characters/117_000501-000600_obs-xwalk-bucket_codepoint-xwalk/090_obs-xwalk-cand-000590_xwalk-000590_codepoint-xwalk,hust-obimd-evobc-xwalk-000590,hust-obimd-evobc-xwalk-000590;hust-obc-cat-0669,src-hust-obc,source_marked_risk_noted,needs_cross_source_review,2026-06-28
obs-xwalk-cand-000591,codepoint_crosswalk_candidate,corpus/001_oracle-characters/117_000501-000600_obs-xwalk-bucket_codepoint-xwalk/091_obs-xwalk-cand-000591_xwalk-000591_codepoint-xwalk,hust-obimd-evobc-xwalk-000591,hust-obimd-evobc-xwalk-000591;hust-obc-cat-0670_0671,src-hust-obc,source_marked_risk_noted,needs_cross_source_review,2026-06-28
obs-xwalk-cand-000592,codepoint_crosswalk_candidate,corpus/001_oracle-characters/117_000501-000600_obs-xwalk-bucket_codepoint-xwalk/092_obs-xwalk-cand-000592_xwalk-000592_codepoint-xwalk,hust-obimd-evobc-xwalk-000592,hust-obimd-evobc-xwalk-000592;hust-obc-cat-0672_0673_0674,src-hust-obc,source_marked_risk_noted,needs_cross_source_review,2026-06-28
obs-xwalk-cand-000593,codepoint_crosswalk_candidate,corpus/001_oracle-characters/117_000501-000600_obs-xwalk-bucket_codepoint-xwalk/093_obs-xwalk-cand-000593_xwalk-000593_codepoint-xwalk,hust-obimd-evobc-xwalk-000593,hust-obimd-evobc-xwalk-000593;hust-obc-cat-0675,src-hust-obc,source_marked_risk_noted,needs_cross_source_review,2026-06-28
obs-xwalk-cand-000594,codepoint_crosswalk_candidate,corpus/001_oracle-characters/117_000501-000600_obs-xwalk-bucket_codepoint-xwalk/094_obs-xwalk-cand-000594_xwalk-000594_codepoint-xwalk,hust-obimd-evobc-xwalk-000594,hust-obimd-evobc-xwalk-000594;hust-obc-cat-0676,src-hust-obc,source_marked_risk_noted,needs_cross_source_review,2026-06-28
obs-xwalk-cand-000595,codepoint_crosswalk_candidate,corpus/001_oracle-characters/117_000501-000600_obs-xwalk-bucket_codepoint-xwalk/095_obs-xwalk-cand-000595_xwalk-000595_codepoint-xwalk,hust-obimd-evobc-xwalk-000595,hust-obimd-evobc-xwalk-000595;hust-obc-cat-0677,src-hust-obc,source_marked_risk_noted,needs_cross_source_review,2026-06-28
obs-xwalk-cand-000596,codepoint_crosswalk_candidate,corpus/001_oracle-characters/117_000501-000600_obs-xwalk-bucket_codepoint-xwalk/096_obs-xwalk-cand-000596_xwalk-000596_codepoint-xwalk,hust-obimd-evobc-xwalk-000596,hust-obimd-evobc-xwalk-000596;hust-obc-cat-0678_0679,src-hust-obc,source_marked_risk_noted,needs_cross_source_review,2026-06-28
obs-xwalk-cand-000597,codepoint_crosswalk_candidate,corpus/001_oracle-characters/117_000501-000600_obs-xwalk-bucket_codepoint-xwalk/097_obs-xwalk-cand-000597_xwalk-000597_codepoint-xwalk,hust-obimd-evobc-xwalk-000597,hust-obimd-evobc-xwalk-000597;hust-obc-cat-0680_0681,src-hust-obc,source_marked_risk_noted,needs_cross_source_review,2026-06-28
obs-xwalk-cand-000598,codepoint_crosswalk_candidate,corpus/001_oracle-characters/117_000501-000600_obs-xwalk-bucket_codepoint-xwalk/098_obs-xwalk-cand-000598_xwalk-000598_codepoint-xwalk,hust-obimd-evobc-xwalk-000598,hust-obimd-evobc-xwalk-000598;hust-obc-cat-0682,src-hust-obc,source_marked_risk_noted,needs_cross_source_review,2026-06-28
obs-xwalk-cand-000599,codepoint_crosswalk_candidate,corpus/001_oracle-characters/117_000501-000600_obs-xwalk-bucket_codepoint-xwalk/099_obs-xwalk-cand-000599_xwalk-000599_codepoint-xwalk,hust-obimd-evobc-xwalk-000599,hust-obimd-evobc-xwalk-000599;hust-obc-cat-0683,src-hust-obc,source_marked_risk_noted,needs_cross_source_review,2026-06-28
obs-xwalk-cand-000600,codepoint_crosswalk_candidate,corpus/001_oracle-characters/117_000501-000600_obs-xwalk-bucket_codepoint-xwalk/100_obs-xwalk-cand-000600_xwalk-000600_codepoint-xwalk,hust-obimd-evobc-xwalk-000600,hust-obimd-evobc-xwalk-000600;hust-obc-cat-0684,src-hust-obc,source_marked_risk_noted,needs_cross_source_review,2026-06-28
obs-xwalk-cand-000601,codepoint_crosswalk_candidate,corpus/001_oracle-characters/118_000601-000700_obs-xwalk-bucket_codepoint-xwalk/001_obs-xwalk-cand-000601_xwalk-000601_codepoint-xwalk,hust-obimd-evobc-xwalk-000601,hust-obimd-evobc-xwalk-000601;hust-obc-cat-0685,src-hust-obc,source_marked_risk_noted,needs_cross_source_review,2026-06-28
obs-xwalk-cand-000602,codepoint_crosswalk_candidate,corpus/001_oracle-characters/118_000601-000700_obs-xwalk-bucket_codepoint-xwalk/002_obs-xwalk-cand-000602_xwalk-000602_codepoint-xwalk,hust-obimd-evobc-xwalk-000602,hust-obimd-evobc-xwalk-000602;hust-obc-cat-0686;evobc-cat-00046,src-hust-obc;src-evobc,source_marked_risk_noted,needs_cross_source_review,2026-06-28
obs-xwalk-cand-000603,codepoint_crosswalk_candidate,corpus/001_oracle-characters/118_000601-000700_obs-xwalk-bucket_codepoint-xwalk/003_obs-xwalk-cand-000603_xwalk-000603_codepoint-xwalk,hust-obimd-evobc-xwalk-000603,hust-obimd-evobc-xwalk-000603;hust-obc-cat-0687,src-hust-obc,source_marked_risk_noted,needs_cross_source_review,2026-06-28
obs-xwalk-cand-000604,codepoint_crosswalk_candidate,corpus/001_oracle-characters/118_000601-000700_obs-xwalk-bucket_codepoint-xwalk/004_obs-xwalk-cand-000604_xwalk-000604_codepoint-xwalk,hust-obimd-evobc-xwalk-000604,hust-obimd-evobc-xwalk-000604;hust-obc-cat-0688,src-hust-obc,source_marked_risk_noted,needs_cross_source_review,2026-06-28
obs-xwalk-cand-000605,codepoint_crosswalk_candidate,corpus/001_oracle-characters/118_000601-000700_obs-xwalk-bucket_codepoint-xwalk/005_obs-xwalk-cand-000605_xwalk-000605_codepoint-xwalk,hust-obimd-evobc-xwalk-000605,hust-obimd-evobc-xwalk-000605;hust-obc-cat-0689,src-hust-obc,source_marked_risk_noted,needs_cross_source_review,2026-06-28
obs-xwalk-cand-000606,codepoint_crosswalk_candidate,corpus/001_oracle-characters/118_000601-000700_obs-xwalk-bucket_codepoint-xwalk/006_obs-xwalk-cand-000606_xwalk-000606_codepoint-xwalk,hust-obimd-evobc-xwalk-000606,hust-obimd-evobc-xwalk-000606;hust-obc-cat-0690_0691,src-hust-obc,source_marked_risk_noted,needs_cross_source_review,2026-06-28
obs-xwalk-cand-000607,codepoint_crosswalk_candidate,corpus/001_oracle-characters/118_000601-000700_obs-xwalk-bucket_codepoint-xwalk/007_obs-xwalk-cand-000607_xwalk-000607_codepoint-xwalk,hust-obimd-evobc-xwalk-000607,hust-obimd-evobc-xwalk-000607;hust-obc-cat-0692,src-hust-obc,source_marked_risk_noted,needs_cross_source_review,2026-06-28
obs-xwalk-cand-000608,codepoint_crosswalk_candidate,corpus/001_oracle-characters/118_000601-000700_obs-xwalk-bucket_codepoint-xwalk/008_obs-xwalk-cand-000608_xwalk-000608_codepoint-xwalk,hust-obimd-evobc-xwalk-000608,hust-obimd-evobc-xwalk-000608;hust-obc-cat-0693,src-hust-obc,source_marked_risk_noted,needs_cross_source_review,2026-06-28
obs-xwalk-cand-000609,codepoint_crosswalk_candidate,corpus/001_oracle-characters/118_000601-000700_obs-xwalk-bucket_codepoint-xwalk/009_obs-xwalk-cand-000609_xwalk-000609_codepoint-xwalk,hust-obimd-evobc-xwalk-000609,hust-obimd-evobc-xwalk-000609;hust-obc-cat-0694,src-hust-obc,source_marked_risk_noted,needs_cross_source_review,2026-06-28
obs-xwalk-cand-000610,codepoint_crosswalk_candidate,corpus/001_oracle-characters/118_000601-000700_obs-xwalk-bucket_codepoint-xwalk/010_obs-xwalk-cand-000610_xwalk-000610_codepoint-xwalk,hust-obimd-evobc-xwalk-000610,hust-obimd-evobc-xwalk-000610;hust-obc-cat-0695,src-hust-obc,source_marked_risk_noted,needs_cross_source_review,2026-06-28
obs-xwalk-cand-000611,codepoint_crosswalk_candidate,corpus/001_oracle-characters/118_000601-000700_obs-xwalk-bucket_codepoint-xwalk/011_obs-xwalk-cand-000611_xwalk-000611_codepoint-xwalk,hust-obimd-evobc-xwalk-000611,hust-obimd-evobc-xwalk-000611;hust-obc-cat-0696,src-hust-obc,source_marked_risk_noted,needs_cross_source_review,2026-06-28
obs-xwalk-cand-000612,codepoint_crosswalk_candidate,corpus/001_oracle-characters/118_000601-000700_obs-xwalk-bucket_codepoint-xwalk/012_obs-xwalk-cand-000612_xwalk-000612_codepoint-xwalk,hust-obimd-evobc-xwalk-000612,hust-obimd-evobc-xwalk-000612;hust-obc-cat-0697,src-hust-obc,source_marked_risk_noted,needs_cross_source_review,2026-06-28
obs-xwalk-cand-000613,codepoint_crosswalk_candidate,corpus/001_oracle-characters/118_000601-000700_obs-xwalk-bucket_codepoint-xwalk/013_obs-xwalk-cand-000613_xwalk-000613_codepoint-xwalk,hust-obimd-evobc-xwalk-000613,hust-obimd-evobc-xwalk-000613;hust-obc-cat-0698,src-hust-obc,source_marked_risk_noted,needs_cross_source_review,2026-06-28
obs-xwalk-cand-000614,codepoint_crosswalk_candidate,corpus/001_oracle-characters/118_000601-000700_obs-xwalk-bucket_codepoint-xwalk/014_obs-xwalk-cand-000614_xwalk-000614_codepoint-xwalk,hust-obimd-evobc-xwalk-000614,hust-obimd-evobc-xwalk-000614;hust-obc-cat-0699,src-hust-obc,source_marked_risk_noted,needs_cross_source_review,2026-06-28
obs-xwalk-cand-000615,codepoint_crosswalk_candidate,corpus/001_oracle-characters/118_000601-000700_obs-xwalk-bucket_codepoint-xwalk/015_obs-xwalk-cand-000615_xwalk-000615_codepoint-xwalk,hust-obimd-evobc-xwalk-000615,hust-obimd-evobc-xwalk-000615;hust-obc-cat-0700,src-hust-obc,source_marked_risk_noted,needs_cross_source_review,2026-06-28
obs-xwalk-cand-000616,codepoint_crosswalk_candidate,corpus/001_oracle-characters/118_000601-000700_obs-xwalk-bucket_codepoint-xwalk/016_obs-xwalk-cand-000616_xwalk-000616_codepoint-xwalk,hust-obimd-evobc-xwalk-000616,hust-obimd-evobc-xwalk-000616;hust-obc-cat-0701,src-hust-obc,source_marked_risk_noted,needs_cross_source_review,2026-06-28
obs-xwalk-cand-000617,codepoint_crosswalk_candidate,corpus/001_oracle-characters/118_000601-000700_obs-xwalk-bucket_codepoint-xwalk/017_obs-xwalk-cand-000617_xwalk-000617_codepoint-xwalk,hust-obimd-evobc-xwalk-000617,hust-obimd-evobc-xwalk-000617;hust-obc-cat-0702,src-hust-obc,source_marked_risk_noted,needs_cross_source_review,2026-06-28
obs-xwalk-cand-000618,codepoint_crosswalk_candidate,corpus/001_oracle-characters/118_000601-000700_obs-xwalk-bucket_codepoint-xwalk/018_obs-xwalk-cand-000618_xwalk-000618_codepoint-xwalk,hust-obimd-evobc-xwalk-000618,hust-obimd-evobc-xwalk-000618;hust-obc-cat-0703;evobc-cat-00048,src-hust-obc;src-evobc,source_marked_risk_noted,needs_cross_source_review,2026-06-28
obs-xwalk-cand-000619,codepoint_crosswalk_candidate,corpus/001_oracle-characters/118_000601-000700_obs-xwalk-bucket_codepoint-xwalk/019_obs-xwalk-cand-000619_xwalk-000619_codepoint-xwalk,hust-obimd-evobc-xwalk-000619,hust-obimd-evobc-xwalk-000619;hust-obc-cat-0704,src-hust-obc,source_marked_risk_noted,needs_cross_source_review,2026-06-28
obs-xwalk-cand-000620,codepoint_crosswalk_candidate,corpus/001_oracle-characters/118_000601-000700_obs-xwalk-bucket_codepoint-xwalk/020_obs-xwalk-cand-000620_xwalk-000620_codepoint-xwalk,hust-obimd-evobc-xwalk-000620,hust-obimd-evobc-xwalk-000620;hust-obc-cat-0705,src-hust-obc,source_marked_risk_noted,needs_cross_source_review,2026-06-28
obs-xwalk-cand-000621,codepoint_crosswalk_candidate,corpus/001_oracle-characters/118_000601-000700_obs-xwalk-bucket_codepoint-xwalk/021_obs-xwalk-cand-000621_xwalk-000621_codepoint-xwalk,hust-obimd-evobc-xwalk-000621,hust-obimd-evobc-xwalk-000621;hust-obc-cat-0706;obimd-main-1mkqz99m8b;evobc-cat-00049,src-hust-obc;src-obimd;src-evobc,source_marked_risk_noted,needs_cross_source_review,2026-06-28
obs-xwalk-cand-000622,codepoint_crosswalk_candidate,corpus/001_oracle-characters/118_000601-000700_obs-xwalk-bucket_codepoint-xwalk/022_obs-xwalk-cand-000622_xwalk-000622_codepoint-xwalk,hust-obimd-evobc-xwalk-000622,hust-obimd-evobc-xwalk-000622;hust-obc-cat-0707,src-hust-obc,source_marked_risk_noted,needs_cross_source_review,2026-06-28
obs-xwalk-cand-000623,codepoint_crosswalk_candidate,corpus/001_oracle-characters/118_000601-000700_obs-xwalk-bucket_codepoint-xwalk/023_obs-xwalk-cand-000623_xwalk-000623_codepoint-xwalk,hust-obimd-evobc-xwalk-000623,hust-obimd-evobc-xwalk-000623;hust-obc-cat-0708,src-hust-obc,source_marked_risk_noted,needs_cross_source_review,2026-06-28
obs-xwalk-cand-000624,codepoint_crosswalk_candidate,corpus/001_oracle-characters/118_000601-000700_obs-xwalk-bucket_codepoint-xwalk/024_obs-xwalk-cand-000624_xwalk-000624_codepoint-xwalk,hust-obimd-evobc-xwalk-000624,hust-obimd-evobc-xwalk-000624;hust-obc-cat-0709,src-hust-obc,source_marked_risk_noted,needs_cross_source_review,2026-06-28
obs-xwalk-cand-000625,codepoint_crosswalk_candidate,corpus/001_oracle-characters/118_000601-000700_obs-xwalk-bucket_codepoint-xwalk/025_obs-xwalk-cand-000625_xwalk-000625_codepoint-xwalk,hust-obimd-evobc-xwalk-000625,hust-obimd-evobc-xwalk-000625;hust-obc-cat-0710,src-hust-obc,source_marked_risk_noted,needs_cross_source_review,2026-06-28
obs-xwalk-cand-000626,codepoint_crosswalk_candidate,corpus/001_oracle-characters/118_000601-000700_obs-xwalk-bucket_codepoint-xwalk/026_obs-xwalk-cand-000626_xwalk-000626_codepoint-xwalk,hust-obimd-evobc-xwalk-000626,hust-obimd-evobc-xwalk-000626;hust-obc-cat-0711,src-hust-obc,source_marked_risk_noted,needs_cross_source_review,2026-06-28
obs-xwalk-cand-000627,codepoint_crosswalk_candidate,corpus/001_oracle-characters/118_000601-000700_obs-xwalk-bucket_codepoint-xwalk/027_obs-xwalk-cand-000627_xwalk-000627_codepoint-xwalk,hust-obimd-evobc-xwalk-000627,hust-obimd-evobc-xwalk-000627;hust-obc-cat-0712;evobc-cat-00050,src-hust-obc;src-evobc,source_marked_risk_noted,needs_cross_source_review,2026-06-28
obs-xwalk-cand-000628,codepoint_crosswalk_candidate,corpus/001_oracle-characters/118_000601-000700_obs-xwalk-bucket_codepoint-xwalk/028_obs-xwalk-cand-000628_xwalk-000628_codepoint-xwalk,hust-obimd-evobc-xwalk-000628,hust-obimd-evobc-xwalk-000628;hust-obc-cat-0713,src-hust-obc,source_marked_risk_noted,needs_cross_source_review,2026-06-28
obs-xwalk-cand-000629,codepoint_crosswalk_candidate,corpus/001_oracle-characters/118_000601-000700_obs-xwalk-bucket_codepoint-xwalk/029_obs-xwalk-cand-000629_xwalk-000629_codepoint-xwalk,hust-obimd-evobc-xwalk-000629,hust-obimd-evobc-xwalk-000629;hust-obc-cat-0714,src-hust-obc,source_marked_risk_noted,needs_cross_source_review,2026-06-28
obs-xwalk-cand-000630,codepoint_crosswalk_candidate,corpus/001_oracle-characters/118_000601-000700_obs-xwalk-bucket_codepoint-xwalk/030_obs-xwalk-cand-000630_xwalk-000630_codepoint-xwalk,hust-obimd-evobc-xwalk-000630,hust-obimd-evobc-xwalk-000630;hust-obc-cat-0715_0716,src-hust-obc,source_marked_risk_noted,needs_cross_source_review,2026-06-28
obs-xwalk-cand-000631,codepoint_crosswalk_candidate,corpus/001_oracle-characters/118_000601-000700_obs-xwalk-bucket_codepoint-xwalk/031_obs-xwalk-cand-000631_xwalk-000631_codepoint-xwalk,hust-obimd-evobc-xwalk-000631,hust-obimd-evobc-xwalk-000631;hust-obc-cat-0717,src-hust-obc,source_marked_risk_noted,needs_cross_source_review,2026-06-28
obs-xwalk-cand-000632,codepoint_crosswalk_candidate,corpus/001_oracle-characters/118_000601-000700_obs-xwalk-bucket_codepoint-xwalk/032_obs-xwalk-cand-000632_xwalk-000632_codepoint-xwalk,hust-obimd-evobc-xwalk-000632,hust-obimd-evobc-xwalk-000632;hust-obc-cat-0718_0719,src-hust-obc,source_marked_risk_noted,needs_cross_source_review,2026-06-28
obs-xwalk-cand-000633,codepoint_crosswalk_candidate,corpus/001_oracle-characters/118_000601-000700_obs-xwalk-bucket_codepoint-xwalk/033_obs-xwalk-cand-000633_xwalk-000633_codepoint-xwalk,hust-obimd-evobc-xwalk-000633,hust-obimd-evobc-xwalk-000633;hust-obc-cat-0720,src-hust-obc,source_marked_risk_noted,needs_cross_source_review,2026-06-28
obs-xwalk-cand-000634,codepoint_crosswalk_candidate,corpus/001_oracle-characters/118_000601-000700_obs-xwalk-bucket_codepoint-xwalk/034_obs-xwalk-cand-000634_xwalk-000634_codepoint-xwalk,hust-obimd-evobc-xwalk-000634,hust-obimd-evobc-xwalk-000634;hust-obc-cat-0721,src-hust-obc,source_marked_risk_noted,needs_cross_source_review,2026-06-28
obs-xwalk-cand-000635,codepoint_crosswalk_candidate,corpus/001_oracle-characters/118_000601-000700_obs-xwalk-bucket_codepoint-xwalk/035_obs-xwalk-cand-000635_xwalk-000635_codepoint-xwalk,hust-obimd-evobc-xwalk-000635,hust-obimd-evobc-xwalk-000635;hust-obc-cat-0722,src-hust-obc,source_marked_risk_noted,needs_cross_source_review,2026-06-28
obs-xwalk-cand-000636,codepoint_crosswalk_candidate,corpus/001_oracle-characters/118_000601-000700_obs-xwalk-bucket_codepoint-xwalk/036_obs-xwalk-cand-000636_xwalk-000636_codepoint-xwalk,hust-obimd-evobc-xwalk-000636,hust-obimd-evobc-xwalk-000636;hust-obc-cat-0723,src-hust-obc,source_marked_risk_noted,needs_cross_source_review,2026-06-28
obs-xwalk-cand-000637,codepoint_crosswalk_candidate,corpus/001_oracle-characters/118_000601-000700_obs-xwalk-bucket_codepoint-xwalk/037_obs-xwalk-cand-000637_xwalk-000637_codepoint-xwalk,hust-obimd-evobc-xwalk-000637,hust-obimd-evobc-xwalk-000637;hust-obc-cat-0724,src-hust-obc,source_marked_risk_noted,needs_cross_source_review,2026-06-28
obs-xwalk-cand-000638,codepoint_crosswalk_candidate,corpus/001_oracle-characters/118_000601-000700_obs-xwalk-bucket_codepoint-xwalk/038_obs-xwalk-cand-000638_xwalk-000638_codepoint-xwalk,hust-obimd-evobc-xwalk-000638,hust-obimd-evobc-xwalk-000638;hust-obc-cat-0725,src-hust-obc,source_marked_risk_noted,needs_cross_source_review,2026-06-28
obs-xwalk-cand-000639,codepoint_crosswalk_candidate,corpus/001_oracle-characters/118_000601-000700_obs-xwalk-bucket_codepoint-xwalk/039_obs-xwalk-cand-000639_xwalk-000639_codepoint-xwalk,hust-obimd-evobc-xwalk-000639,hust-obimd-evobc-xwalk-000639;hust-obc-cat-0726_0727,src-hust-obc,source_marked_risk_noted,needs_cross_source_review,2026-06-28
obs-xwalk-cand-000640,codepoint_crosswalk_candidate,corpus/001_oracle-characters/118_000601-000700_obs-xwalk-bucket_codepoint-xwalk/040_obs-xwalk-cand-000640_xwalk-000640_codepoint-xwalk,hust-obimd-evobc-xwalk-000640,hust-obimd-evobc-xwalk-000640;hust-obc-cat-0728,src-hust-obc,source_marked_risk_noted,needs_cross_source_review,2026-06-28
obs-xwalk-cand-000641,codepoint_crosswalk_candidate,corpus/001_oracle-characters/118_000601-000700_obs-xwalk-bucket_codepoint-xwalk/041_obs-xwalk-cand-000641_xwalk-000641_codepoint-xwalk,hust-obimd-evobc-xwalk-000641,hust-obimd-evobc-xwalk-000641;hust-obc-cat-0729;evobc-cat-00053,src-hust-obc;src-evobc,source_marked_risk_noted,needs_cross_source_review,2026-06-28
obs-xwalk-cand-000642,codepoint_crosswalk_candidate,corpus/001_oracle-characters/118_000601-000700_obs-xwalk-bucket_codepoint-xwalk/042_obs-xwalk-cand-000642_xwalk-000642_codepoint-xwalk,hust-obimd-evobc-xwalk-000642,hust-obimd-evobc-xwalk-000642;hust-obc-cat-0730,src-hust-obc,source_marked_risk_noted,needs_cross_source_review,2026-06-28
obs-xwalk-cand-000643,codepoint_crosswalk_candidate,corpus/001_oracle-characters/118_000601-000700_obs-xwalk-bucket_codepoint-xwalk/043_obs-xwalk-cand-000643_xwalk-000643_codepoint-xwalk,hust-obimd-evobc-xwalk-000643,hust-obimd-evobc-xwalk-000643;hust-obc-cat-0731,src-hust-obc,source_marked_risk_noted,needs_cross_source_review,2026-06-28
obs-xwalk-cand-000644,codepoint_crosswalk_candidate,corpus/001_oracle-characters/118_000601-000700_obs-xwalk-bucket_codepoint-xwalk/044_obs-xwalk-cand-000644_xwalk-000644_codepoint-xwalk,hust-obimd-evobc-xwalk-000644,hust-obimd-evobc-xwalk-000644;hust-obc-cat-0732,src-hust-obc,source_marked_risk_noted,needs_cross_source_review,2026-06-28
obs-xwalk-cand-000645,codepoint_crosswalk_candidate,corpus/001_oracle-characters/118_000601-000700_obs-xwalk-bucket_codepoint-xwalk/045_obs-xwalk-cand-000645_xwalk-000645_codepoint-xwalk,hust-obimd-evobc-xwalk-000645,hust-obimd-evobc-xwalk-000645;hust-obc-cat-0733,src-hust-obc,source_marked_risk_noted,needs_cross_source_review,2026-06-28
obs-xwalk-cand-000646,codepoint_crosswalk_candidate,corpus/001_oracle-characters/118_000601-000700_obs-xwalk-bucket_codepoint-xwalk/046_obs-xwalk-cand-000646_xwalk-000646_codepoint-xwalk,hust-obimd-evobc-xwalk-000646,hust-obimd-evobc-xwalk-000646;hust-obc-cat-0734,src-hust-obc,source_marked_risk_noted,needs_cross_source_review,2026-06-28
obs-xwalk-cand-000647,codepoint_crosswalk_candidate,corpus/001_oracle-characters/118_000601-000700_obs-xwalk-bucket_codepoint-xwalk/047_obs-xwalk-cand-000647_xwalk-000647_codepoint-xwalk,hust-obimd-evobc-xwalk-000647,hust-obimd-evobc-xwalk-000647;hust-obc-cat-0735,src-hust-obc,source_marked_risk_noted,needs_cross_source_review,2026-06-28
obs-xwalk-cand-000648,codepoint_crosswalk_candidate,corpus/001_oracle-characters/118_000601-000700_obs-xwalk-bucket_codepoint-xwalk/048_obs-xwalk-cand-000648_xwalk-000648_codepoint-xwalk,hust-obimd-evobc-xwalk-000648,hust-obimd-evobc-xwalk-000648;hust-obc-cat-0736,src-hust-obc,source_marked_risk_noted,needs_cross_source_review,2026-06-28
obs-xwalk-cand-000649,codepoint_crosswalk_candidate,corpus/001_oracle-characters/118_000601-000700_obs-xwalk-bucket_codepoint-xwalk/049_obs-xwalk-cand-000649_xwalk-000649_codepoint-xwalk,hust-obimd-evobc-xwalk-000649,hust-obimd-evobc-xwalk-000649;hust-obc-cat-0737;evobc-cat-00054,src-hust-obc;src-evobc,source_marked_risk_noted,needs_cross_source_review,2026-06-28
obs-xwalk-cand-000650,codepoint_crosswalk_candidate,corpus/001_oracle-characters/118_000601-000700_obs-xwalk-bucket_codepoint-xwalk/050_obs-xwalk-cand-000650_xwalk-000650_codepoint-xwalk,hust-obimd-evobc-xwalk-000650,hust-obimd-evobc-xwalk-000650;hust-obc-cat-0738,src-hust-obc,source_marked_risk_noted,needs_cross_source_review,2026-06-28
obs-xwalk-cand-000651,codepoint_crosswalk_candidate,corpus/001_oracle-characters/118_000601-000700_obs-xwalk-bucket_codepoint-xwalk/051_obs-xwalk-cand-000651_xwalk-000651_codepoint-xwalk,hust-obimd-evobc-xwalk-000651,hust-obimd-evobc-xwalk-000651;hust-obc-cat-0739;evobc-cat-00055,src-hust-obc;src-evobc,source_marked_risk_noted,needs_cross_source_review,2026-06-28
obs-xwalk-cand-000652,codepoint_crosswalk_candidate,corpus/001_oracle-characters/118_000601-000700_obs-xwalk-bucket_codepoint-xwalk/052_obs-xwalk-cand-000652_xwalk-000652_codepoint-xwalk,hust-obimd-evobc-xwalk-000652,hust-obimd-evobc-xwalk-000652;hust-obc-cat-0740,src-hust-obc,source_marked_risk_noted,needs_cross_source_review,2026-06-28
obs-xwalk-cand-000653,codepoint_crosswalk_candidate,corpus/001_oracle-characters/118_000601-000700_obs-xwalk-bucket_codepoint-xwalk/053_obs-xwalk-cand-000653_xwalk-000653_codepoint-xwalk,hust-obimd-evobc-xwalk-000653,hust-obimd-evobc-xwalk-000653;hust-obc-cat-0741,src-hust-obc,source_marked_risk_noted,needs_cross_source_review,2026-06-28
obs-xwalk-cand-000654,codepoint_crosswalk_candidate,corpus/001_oracle-characters/118_000601-000700_obs-xwalk-bucket_codepoint-xwalk/054_obs-xwalk-cand-000654_xwalk-000654_codepoint-xwalk,hust-obimd-evobc-xwalk-000654,hust-obimd-evobc-xwalk-000654;hust-obc-cat-0742,src-hust-obc,source_marked_risk_noted,needs_cross_source_review,2026-06-28
obs-xwalk-cand-000655,codepoint_crosswalk_candidate,corpus/001_oracle-characters/118_000601-000700_obs-xwalk-bucket_codepoint-xwalk/055_obs-xwalk-cand-000655_xwalk-000655_codepoint-xwalk,hust-obimd-evobc-xwalk-000655,hust-obimd-evobc-xwalk-000655;hust-obc-cat-0743;evobc-cat-00056,src-hust-obc;src-evobc,source_marked_risk_noted,needs_cross_source_review,2026-06-28
obs-xwalk-cand-000656,codepoint_crosswalk_candidate,corpus/001_oracle-characters/118_000601-000700_obs-xwalk-bucket_codepoint-xwalk/056_obs-xwalk-cand-000656_xwalk-000656_codepoint-xwalk,hust-obimd-evobc-xwalk-000656,hust-obimd-evobc-xwalk-000656;hust-obc-cat-0744,src-hust-obc,source_marked_risk_noted,needs_cross_source_review,2026-06-28
obs-xwalk-cand-000657,codepoint_crosswalk_candidate,corpus/001_oracle-characters/118_000601-000700_obs-xwalk-bucket_codepoint-xwalk/057_obs-xwalk-cand-000657_xwalk-000657_codepoint-xwalk,hust-obimd-evobc-xwalk-000657,hust-obimd-evobc-xwalk-000657;hust-obc-cat-0745,src-hust-obc,source_marked_risk_noted,needs_cross_source_review,2026-06-28
obs-xwalk-cand-000658,codepoint_crosswalk_candidate,corpus/001_oracle-characters/118_000601-000700_obs-xwalk-bucket_codepoint-xwalk/058_obs-xwalk-cand-000658_xwalk-000658_codepoint-xwalk,hust-obimd-evobc-xwalk-000658,hust-obimd-evobc-xwalk-000658;hust-obc-cat-0746,src-hust-obc,source_marked_risk_noted,needs_cross_source_review,2026-06-28
obs-xwalk-cand-000659,codepoint_crosswalk_candidate,corpus/001_oracle-characters/118_000601-000700_obs-xwalk-bucket_codepoint-xwalk/059_obs-xwalk-cand-000659_xwalk-000659_codepoint-xwalk,hust-obimd-evobc-xwalk-000659,hust-obimd-evobc-xwalk-000659;hust-obc-cat-0747,src-hust-obc,source_marked_risk_noted,needs_cross_source_review,2026-06-28
obs-xwalk-cand-000660,codepoint_crosswalk_candidate,corpus/001_oracle-characters/118_000601-000700_obs-xwalk-bucket_codepoint-xwalk/060_obs-xwalk-cand-000660_xwalk-000660_codepoint-xwalk,hust-obimd-evobc-xwalk-000660,hust-obimd-evobc-xwalk-000660;hust-obc-cat-0748,src-hust-obc,source_marked_risk_noted,needs_cross_source_review,2026-06-28
obs-xwalk-cand-000661,codepoint_crosswalk_candidate,corpus/001_oracle-characters/118_000601-000700_obs-xwalk-bucket_codepoint-xwalk/061_obs-xwalk-cand-000661_xwalk-000661_codepoint-xwalk,hust-obimd-evobc-xwalk-000661,hust-obimd-evobc-xwalk-000661;hust-obc-cat-0749,src-hust-obc,source_marked_risk_noted,needs_cross_source_review,2026-06-28
obs-xwalk-cand-000662,codepoint_crosswalk_candidate,corpus/001_oracle-characters/118_000601-000700_obs-xwalk-bucket_codepoint-xwalk/062_obs-xwalk-cand-000662_xwalk-000662_codepoint-xwalk,hust-obimd-evobc-xwalk-000662,hust-obimd-evobc-xwalk-000662;hust-obc-cat-0750_0751,src-hust-obc,source_marked_risk_noted,needs_cross_source_review,2026-06-28
obs-xwalk-cand-000663,codepoint_crosswalk_candidate,corpus/001_oracle-characters/118_000601-000700_obs-xwalk-bucket_codepoint-xwalk/063_obs-xwalk-cand-000663_xwalk-000663_codepoint-xwalk,hust-obimd-evobc-xwalk-000663,hust-obimd-evobc-xwalk-000663;hust-obc-cat-0752_0753,src-hust-obc,source_marked_risk_noted,needs_cross_source_review,2026-06-28
obs-xwalk-cand-000664,codepoint_crosswalk_candidate,corpus/001_oracle-characters/118_000601-000700_obs-xwalk-bucket_codepoint-xwalk/064_obs-xwalk-cand-000664_xwalk-000664_codepoint-xwalk,hust-obimd-evobc-xwalk-000664,hust-obimd-evobc-xwalk-000664;hust-obc-cat-0754,src-hust-obc,source_marked_risk_noted,needs_cross_source_review,2026-06-28
obs-xwalk-cand-000665,codepoint_crosswalk_candidate,corpus/001_oracle-characters/118_000601-000700_obs-xwalk-bucket_codepoint-xwalk/065_obs-xwalk-cand-000665_xwalk-000665_codepoint-xwalk,hust-obimd-evobc-xwalk-000665,hust-obimd-evobc-xwalk-000665;hust-obc-cat-0755,src-hust-obc,source_marked_risk_noted,needs_cross_source_review,2026-06-28
obs-xwalk-cand-000666,codepoint_crosswalk_candidate,corpus/001_oracle-characters/118_000601-000700_obs-xwalk-bucket_codepoint-xwalk/066_obs-xwalk-cand-000666_xwalk-000666_codepoint-xwalk,hust-obimd-evobc-xwalk-000666,hust-obimd-evobc-xwalk-000666;hust-obc-cat-0756,src-hust-obc,source_marked_risk_noted,needs_cross_source_review,2026-06-28
obs-xwalk-cand-000667,codepoint_crosswalk_candidate,corpus/001_oracle-characters/118_000601-000700_obs-xwalk-bucket_codepoint-xwalk/067_obs-xwalk-cand-000667_xwalk-000667_codepoint-xwalk,hust-obimd-evobc-xwalk-000667,hust-obimd-evobc-xwalk-000667;hust-obc-cat-0757;evobc-cat-00057,src-hust-obc;src-evobc,source_marked_risk_noted,needs_cross_source_review,2026-06-28
obs-xwalk-cand-000668,codepoint_crosswalk_candidate,corpus/001_oracle-characters/118_000601-000700_obs-xwalk-bucket_codepoint-xwalk/068_obs-xwalk-cand-000668_xwalk-000668_codepoint-xwalk,hust-obimd-evobc-xwalk-000668,hust-obimd-evobc-xwalk-000668;hust-obc-cat-0758,src-hust-obc,source_marked_risk_noted,needs_cross_source_review,2026-06-28
obs-xwalk-cand-000669,codepoint_crosswalk_candidate,corpus/001_oracle-characters/118_000601-000700_obs-xwalk-bucket_codepoint-xwalk/069_obs-xwalk-cand-000669_xwalk-000669_codepoint-xwalk,hust-obimd-evobc-xwalk-000669,hust-obimd-evobc-xwalk-000669;hust-obc-cat-0759,src-hust-obc,source_marked_risk_noted,needs_cross_source_review,2026-06-28
obs-xwalk-cand-000670,codepoint_crosswalk_candidate,corpus/001_oracle-characters/118_000601-000700_obs-xwalk-bucket_codepoint-xwalk/070_obs-xwalk-cand-000670_xwalk-000670_codepoint-xwalk,hust-obimd-evobc-xwalk-000670,hust-obimd-evobc-xwalk-000670;hust-obc-cat-0760,src-hust-obc,source_marked_risk_noted,needs_cross_source_review,2026-06-28
obs-xwalk-cand-000671,codepoint_crosswalk_candidate,corpus/001_oracle-characters/118_000601-000700_obs-xwalk-bucket_codepoint-xwalk/071_obs-xwalk-cand-000671_xwalk-000671_codepoint-xwalk,hust-obimd-evobc-xwalk-000671,hust-obimd-evobc-xwalk-000671;hust-obc-cat-0761_0762,src-hust-obc,source_marked_risk_noted,needs_cross_source_review,2026-06-28
obs-xwalk-cand-000672,codepoint_crosswalk_candidate,corpus/001_oracle-characters/118_000601-000700_obs-xwalk-bucket_codepoint-xwalk/072_obs-xwalk-cand-000672_xwalk-000672_codepoint-xwalk,hust-obimd-evobc-xwalk-000672,hust-obimd-evobc-xwalk-000672;hust-obc-cat-0763,src-hust-obc,source_marked_risk_noted,needs_cross_source_review,2026-06-28
obs-xwalk-cand-000673,codepoint_crosswalk_candidate,corpus/001_oracle-characters/118_000601-000700_obs-xwalk-bucket_codepoint-xwalk/073_obs-xwalk-cand-000673_xwalk-000673_codepoint-xwalk,hust-obimd-evobc-xwalk-000673,hust-obimd-evobc-xwalk-000673;hust-obc-cat-0764,src-hust-obc,source_marked_risk_noted,needs_cross_source_review,2026-06-28
obs-xwalk-cand-000674,codepoint_crosswalk_candidate,corpus/001_oracle-characters/118_000601-000700_obs-xwalk-bucket_codepoint-xwalk/074_obs-xwalk-cand-000674_xwalk-000674_codepoint-xwalk,hust-obimd-evobc-xwalk-000674,hust-obimd-evobc-xwalk-000674;hust-obc-cat-0765,src-hust-obc,source_marked_risk_noted,needs_cross_source_review,2026-06-28
obs-xwalk-cand-000675,codepoint_crosswalk_candidate,corpus/001_oracle-characters/118_000601-000700_obs-xwalk-bucket_codepoint-xwalk/075_obs-xwalk-cand-000675_xwalk-000675_codepoint-xwalk,hust-obimd-evobc-xwalk-000675,hust-obimd-evobc-xwalk-000675;hust-obc-cat-0766,src-hust-obc,source_marked_risk_noted,needs_cross_source_review,2026-06-28
obs-xwalk-cand-000676,codepoint_crosswalk_candidate,corpus/001_oracle-characters/118_000601-000700_obs-xwalk-bucket_codepoint-xwalk/076_obs-xwalk-cand-000676_xwalk-000676_codepoint-xwalk,hust-obimd-evobc-xwalk-000676,hust-obimd-evobc-xwalk-000676;hust-obc-cat-0767,src-hust-obc,source_marked_risk_noted,needs_cross_source_review,2026-06-28
obs-xwalk-cand-000677,codepoint_crosswalk_candidate,corpus/001_oracle-characters/118_000601-000700_obs-xwalk-bucket_codepoint-xwalk/077_obs-xwalk-cand-000677_xwalk-000677_codepoint-xwalk,hust-obimd-evobc-xwalk-000677,hust-obimd-evobc-xwalk-000677;hust-obc-cat-0768,src-hust-obc,source_marked_risk_noted,needs_cross_source_review,2026-06-28
obs-xwalk-cand-000678,codepoint_crosswalk_candidate,corpus/001_oracle-characters/118_000601-000700_obs-xwalk-bucket_codepoint-xwalk/078_obs-xwalk-cand-000678_xwalk-000678_codepoint-xwalk,hust-obimd-evobc-xwalk-000678,hust-obimd-evobc-xwalk-000678;hust-obc-cat-0769,src-hust-obc,source_marked_risk_noted,needs_cross_source_review,2026-06-28
obs-xwalk-cand-000679,codepoint_crosswalk_candidate,corpus/001_oracle-characters/118_000601-000700_obs-xwalk-bucket_codepoint-xwalk/079_obs-xwalk-cand-000679_xwalk-000679_codepoint-xwalk,hust-obimd-evobc-xwalk-000679,hust-obimd-evobc-xwalk-000679;hust-obc-cat-0770;evobc-cat-00058,src-hust-obc;src-evobc,source_marked_risk_noted,needs_cross_source_review,2026-06-28
obs-xwalk-cand-000680,codepoint_crosswalk_candidate,corpus/001_oracle-characters/118_000601-000700_obs-xwalk-bucket_codepoint-xwalk/080_obs-xwalk-cand-000680_xwalk-000680_codepoint-xwalk,hust-obimd-evobc-xwalk-000680,hust-obimd-evobc-xwalk-000680;hust-obc-cat-0771,src-hust-obc,source_marked_risk_noted,needs_cross_source_review,2026-06-28
obs-xwalk-cand-000681,codepoint_crosswalk_candidate,corpus/001_oracle-characters/118_000601-000700_obs-xwalk-bucket_codepoint-xwalk/081_obs-xwalk-cand-000681_xwalk-000681_codepoint-xwalk,hust-obimd-evobc-xwalk-000681,hust-obimd-evobc-xwalk-000681;hust-obc-cat-0772,src-hust-obc,source_marked_risk_noted,needs_cross_source_review,2026-06-28
obs-xwalk-cand-000682,codepoint_crosswalk_candidate,corpus/001_oracle-characters/118_000601-000700_obs-xwalk-bucket_codepoint-xwalk/082_obs-xwalk-cand-000682_xwalk-000682_codepoint-xwalk,hust-obimd-evobc-xwalk-000682,hust-obimd-evobc-xwalk-000682;hust-obc-cat-0773;evobc-cat-00059,src-hust-obc;src-evobc,source_marked_risk_noted,needs_cross_source_review,2026-06-28
obs-xwalk-cand-000683,codepoint_crosswalk_candidate,corpus/001_oracle-characters/118_000601-000700_obs-xwalk-bucket_codepoint-xwalk/083_obs-xwalk-cand-000683_xwalk-000683_codepoint-xwalk,hust-obimd-evobc-xwalk-000683,hust-obimd-evobc-xwalk-000683;hust-obc-cat-0774,src-hust-obc,source_marked_risk_noted,needs_cross_source_review,2026-06-28
obs-xwalk-cand-000684,codepoint_crosswalk_candidate,corpus/001_oracle-characters/118_000601-000700_obs-xwalk-bucket_codepoint-xwalk/084_obs-xwalk-cand-000684_xwalk-000684_codepoint-xwalk,hust-obimd-evobc-xwalk-000684,hust-obimd-evobc-xwalk-000684;hust-obc-cat-0775,src-hust-obc,source_marked_risk_noted,needs_cross_source_review,2026-06-28
obs-xwalk-cand-000685,codepoint_crosswalk_candidate,corpus/001_oracle-characters/118_000601-000700_obs-xwalk-bucket_codepoint-xwalk/085_obs-xwalk-cand-000685_xwalk-000685_codepoint-xwalk,hust-obimd-evobc-xwalk-000685,hust-obimd-evobc-xwalk-000685;hust-obc-cat-0776,src-hust-obc,source_marked_risk_noted,needs_cross_source_review,2026-06-28
obs-xwalk-cand-000686,codepoint_crosswalk_candidate,corpus/001_oracle-characters/118_000601-000700_obs-xwalk-bucket_codepoint-xwalk/086_obs-xwalk-cand-000686_xwalk-000686_codepoint-xwalk,hust-obimd-evobc-xwalk-000686,hust-obimd-evobc-xwalk-000686;hust-obc-cat-0777,src-hust-obc,source_marked_risk_noted,needs_cross_source_review,2026-06-28
obs-xwalk-cand-000687,codepoint_crosswalk_candidate,corpus/001_oracle-characters/118_000601-000700_obs-xwalk-bucket_codepoint-xwalk/087_obs-xwalk-cand-000687_xwalk-000687_codepoint-xwalk,hust-obimd-evobc-xwalk-000687,hust-obimd-evobc-xwalk-000687;hust-obc-cat-0778,src-hust-obc,source_marked_risk_noted,needs_cross_source_review,2026-06-28
obs-xwalk-cand-000688,codepoint_crosswalk_candidate,corpus/001_oracle-characters/118_000601-000700_obs-xwalk-bucket_codepoint-xwalk/088_obs-xwalk-cand-000688_xwalk-000688_codepoint-xwalk,hust-obimd-evobc-xwalk-000688,hust-obimd-evobc-xwalk-000688;hust-obc-cat-0779,src-hust-obc,source_marked_risk_noted,needs_cross_source_review,2026-06-28
obs-xwalk-cand-000689,codepoint_crosswalk_candidate,corpus/001_oracle-characters/118_000601-000700_obs-xwalk-bucket_codepoint-xwalk/089_obs-xwalk-cand-000689_xwalk-000689_codepoint-xwalk,hust-obimd-evobc-xwalk-000689,hust-obimd-evobc-xwalk-000689;hust-obc-cat-0780,src-hust-obc,source_marked_risk_noted,needs_cross_source_review,2026-06-28
obs-xwalk-cand-000690,codepoint_crosswalk_candidate,corpus/001_oracle-characters/118_000601-000700_obs-xwalk-bucket_codepoint-xwalk/090_obs-xwalk-cand-000690_xwalk-000690_codepoint-xwalk,hust-obimd-evobc-xwalk-000690,hust-obimd-evobc-xwalk-000690;hust-obc-cat-0781,src-hust-obc,source_marked_risk_noted,needs_cross_source_review,2026-06-28
obs-xwalk-cand-000691,codepoint_crosswalk_candidate,corpus/001_oracle-characters/118_000601-000700_obs-xwalk-bucket_codepoint-xwalk/091_obs-xwalk-cand-000691_xwalk-000691_codepoint-xwalk,hust-obimd-evobc-xwalk-000691,hust-obimd-evobc-xwalk-000691;hust-obc-cat-0782,src-hust-obc,source_marked_risk_noted,needs_cross_source_review,2026-06-28
obs-xwalk-cand-000692,codepoint_crosswalk_candidate,corpus/001_oracle-characters/118_000601-000700_obs-xwalk-bucket_codepoint-xwalk/092_obs-xwalk-cand-000692_xwalk-000692_codepoint-xwalk,hust-obimd-evobc-xwalk-000692,hust-obimd-evobc-xwalk-000692;hust-obc-cat-0783,src-hust-obc,source_marked_risk_noted,needs_cross_source_review,2026-06-28
obs-xwalk-cand-000693,codepoint_crosswalk_candidate,corpus/001_oracle-characters/118_000601-000700_obs-xwalk-bucket_codepoint-xwalk/093_obs-xwalk-cand-000693_xwalk-000693_codepoint-xwalk,hust-obimd-evobc-xwalk-000693,hust-obimd-evobc-xwalk-000693;hust-obc-cat-0784,src-hust-obc,source_marked_risk_noted,needs_cross_source_review,2026-06-28
obs-xwalk-cand-000694,codepoint_crosswalk_candidate,corpus/001_oracle-characters/118_000601-000700_obs-xwalk-bucket_codepoint-xwalk/094_obs-xwalk-cand-000694_xwalk-000694_codepoint-xwalk,hust-obimd-evobc-xwalk-000694,hust-obimd-evobc-xwalk-000694;hust-obc-cat-0785_0786,src-hust-obc,source_marked_risk_noted,needs_cross_source_review,2026-06-28
obs-xwalk-cand-000695,codepoint_crosswalk_candidate,corpus/001_oracle-characters/118_000601-000700_obs-xwalk-bucket_codepoint-xwalk/095_obs-xwalk-cand-000695_xwalk-000695_codepoint-xwalk,hust-obimd-evobc-xwalk-000695,hust-obimd-evobc-xwalk-000695;hust-obc-cat-0787_0788_0789,src-hust-obc,source_marked_risk_noted,needs_cross_source_review,2026-06-28
obs-xwalk-cand-000696,codepoint_crosswalk_candidate,corpus/001_oracle-characters/118_000601-000700_obs-xwalk-bucket_codepoint-xwalk/096_obs-xwalk-cand-000696_xwalk-000696_codepoint-xwalk,hust-obimd-evobc-xwalk-000696,hust-obimd-evobc-xwalk-000696;hust-obc-cat-0790,src-hust-obc,source_marked_risk_noted,needs_cross_source_review,2026-06-28
obs-xwalk-cand-000697,codepoint_crosswalk_candidate,corpus/001_oracle-characters/118_000601-000700_obs-xwalk-bucket_codepoint-xwalk/097_obs-xwalk-cand-000697_xwalk-000697_codepoint-xwalk,hust-obimd-evobc-xwalk-000697,hust-obimd-evobc-xwalk-000697;hust-obc-cat-0791,src-hust-obc,source_marked_risk_noted,needs_cross_source_review,2026-06-28
obs-xwalk-cand-000698,codepoint_crosswalk_candidate,corpus/001_oracle-characters/118_000601-000700_obs-xwalk-bucket_codepoint-xwalk/098_obs-xwalk-cand-000698_xwalk-000698_codepoint-xwalk,hust-obimd-evobc-xwalk-000698,hust-obimd-evobc-xwalk-000698;hust-obc-cat-0792;evobc-cat-00060,src-hust-obc;src-evobc,source_marked_risk_noted,needs_cross_source_review,2026-06-28
obs-xwalk-cand-000699,codepoint_crosswalk_candidate,corpus/001_oracle-characters/118_000601-000700_obs-xwalk-bucket_codepoint-xwalk/099_obs-xwalk-cand-000699_xwalk-000699_codepoint-xwalk,hust-obimd-evobc-xwalk-000699,hust-obimd-evobc-xwalk-000699;hust-obc-cat-0793,src-hust-obc,source_marked_risk_noted,needs_cross_source_review,2026-06-28
obs-xwalk-cand-000700,codepoint_crosswalk_candidate,corpus/001_oracle-characters/118_000601-000700_obs-xwalk-bucket_codepoint-xwalk/100_obs-xwalk-cand-000700_xwalk-000700_codepoint-xwalk,hust-obimd-evobc-xwalk-000700,hust-obimd-evobc-xwalk-000700;hust-obc-cat-0794,src-hust-obc,source_marked_risk_noted,needs_cross_source_review,2026-06-28
obs-xwalk-cand-000701,codepoint_crosswalk_candidate,corpus/001_oracle-characters/119_000701-000800_obs-xwalk-bucket_codepoint-xwalk/001_obs-xwalk-cand-000701_xwalk-000701_codepoint-xwalk,hust-obimd-evobc-xwalk-000701,hust-obimd-evobc-xwalk-000701;hust-obc-cat-0795,src-hust-obc,source_marked_risk_noted,needs_cross_source_review,2026-06-28
obs-xwalk-cand-000702,codepoint_crosswalk_candidate,corpus/001_oracle-characters/119_000701-000800_obs-xwalk-bucket_codepoint-xwalk/002_obs-xwalk-cand-000702_xwalk-000702_codepoint-xwalk,hust-obimd-evobc-xwalk-000702,hust-obimd-evobc-xwalk-000702;hust-obc-cat-0796,src-hust-obc,source_marked_risk_noted,needs_cross_source_review,2026-06-28
obs-xwalk-cand-000703,codepoint_crosswalk_candidate,corpus/001_oracle-characters/119_000701-000800_obs-xwalk-bucket_codepoint-xwalk/003_obs-xwalk-cand-000703_xwalk-000703_codepoint-xwalk,hust-obimd-evobc-xwalk-000703,hust-obimd-evobc-xwalk-000703;hust-obc-cat-0797,src-hust-obc,source_marked_risk_noted,needs_cross_source_review,2026-06-28
obs-xwalk-cand-000704,codepoint_crosswalk_candidate,corpus/001_oracle-characters/119_000701-000800_obs-xwalk-bucket_codepoint-xwalk/004_obs-xwalk-cand-000704_xwalk-000704_codepoint-xwalk,hust-obimd-evobc-xwalk-000704,hust-obimd-evobc-xwalk-000704;hust-obc-cat-0798,src-hust-obc,source_marked_risk_noted,needs_cross_source_review,2026-06-28
obs-xwalk-cand-000705,codepoint_crosswalk_candidate,corpus/001_oracle-characters/119_000701-000800_obs-xwalk-bucket_codepoint-xwalk/005_obs-xwalk-cand-000705_xwalk-000705_codepoint-xwalk,hust-obimd-evobc-xwalk-000705,hust-obimd-evobc-xwalk-000705;hust-obc-cat-0799,src-hust-obc,source_marked_risk_noted,needs_cross_source_review,2026-06-28
obs-xwalk-cand-000706,codepoint_crosswalk_candidate,corpus/001_oracle-characters/119_000701-000800_obs-xwalk-bucket_codepoint-xwalk/006_obs-xwalk-cand-000706_xwalk-000706_codepoint-xwalk,hust-obimd-evobc-xwalk-000706,hust-obimd-evobc-xwalk-000706;hust-obc-cat-0800_0801,src-hust-obc,source_marked_risk_noted,needs_cross_source_review,2026-06-28
obs-xwalk-cand-000707,codepoint_crosswalk_candidate,corpus/001_oracle-characters/119_000701-000800_obs-xwalk-bucket_codepoint-xwalk/007_obs-xwalk-cand-000707_xwalk-000707_codepoint-xwalk,hust-obimd-evobc-xwalk-000707,hust-obimd-evobc-xwalk-000707;hust-obc-cat-0802,src-hust-obc,source_marked_risk_noted,needs_cross_source_review,2026-06-28
obs-xwalk-cand-000708,codepoint_crosswalk_candidate,corpus/001_oracle-characters/119_000701-000800_obs-xwalk-bucket_codepoint-xwalk/008_obs-xwalk-cand-000708_xwalk-000708_codepoint-xwalk,hust-obimd-evobc-xwalk-000708,hust-obimd-evobc-xwalk-000708;hust-obc-cat-0803,src-hust-obc,source_marked_risk_noted,needs_cross_source_review,2026-06-28
obs-xwalk-cand-000709,codepoint_crosswalk_candidate,corpus/001_oracle-characters/119_000701-000800_obs-xwalk-bucket_codepoint-xwalk/009_obs-xwalk-cand-000709_xwalk-000709_codepoint-xwalk,hust-obimd-evobc-xwalk-000709,hust-obimd-evobc-xwalk-000709;hust-obc-cat-0804,src-hust-obc,source_marked_risk_noted,needs_cross_source_review,2026-06-28
obs-xwalk-cand-000710,codepoint_crosswalk_candidate,corpus/001_oracle-characters/119_000701-000800_obs-xwalk-bucket_codepoint-xwalk/010_obs-xwalk-cand-000710_xwalk-000710_codepoint-xwalk,hust-obimd-evobc-xwalk-000710,hust-obimd-evobc-xwalk-000710;hust-obc-cat-0805,src-hust-obc,source_marked_risk_noted,needs_cross_source_review,2026-06-28
obs-xwalk-cand-000711,codepoint_crosswalk_candidate,corpus/001_oracle-characters/119_000701-000800_obs-xwalk-bucket_codepoint-xwalk/011_obs-xwalk-cand-000711_xwalk-000711_codepoint-xwalk,hust-obimd-evobc-xwalk-000711,hust-obimd-evobc-xwalk-000711;hust-obc-cat-0806,src-hust-obc,source_marked_risk_noted,needs_cross_source_review,2026-06-28
obs-xwalk-cand-000712,codepoint_crosswalk_candidate,corpus/001_oracle-characters/119_000701-000800_obs-xwalk-bucket_codepoint-xwalk/012_obs-xwalk-cand-000712_xwalk-000712_codepoint-xwalk,hust-obimd-evobc-xwalk-000712,hust-obimd-evobc-xwalk-000712;hust-obc-cat-0807_0808,src-hust-obc,source_marked_risk_noted,needs_cross_source_review,2026-06-28
obs-xwalk-cand-000713,codepoint_crosswalk_candidate,corpus/001_oracle-characters/119_000701-000800_obs-xwalk-bucket_codepoint-xwalk/013_obs-xwalk-cand-000713_xwalk-000713_codepoint-xwalk,hust-obimd-evobc-xwalk-000713,hust-obimd-evobc-xwalk-000713;hust-obc-cat-0809,src-hust-obc,source_marked_risk_noted,needs_cross_source_review,2026-06-28
obs-xwalk-cand-000714,codepoint_crosswalk_candidate,corpus/001_oracle-characters/119_000701-000800_obs-xwalk-bucket_codepoint-xwalk/014_obs-xwalk-cand-000714_xwalk-000714_codepoint-xwalk,hust-obimd-evobc-xwalk-000714,hust-obimd-evobc-xwalk-000714;hust-obc-cat-0810,src-hust-obc,source_marked_risk_noted,needs_cross_source_review,2026-06-28
obs-xwalk-cand-000715,codepoint_crosswalk_candidate,corpus/001_oracle-characters/119_000701-000800_obs-xwalk-bucket_codepoint-xwalk/015_obs-xwalk-cand-000715_xwalk-000715_codepoint-xwalk,hust-obimd-evobc-xwalk-000715,hust-obimd-evobc-xwalk-000715;hust-obc-cat-0811_0812,src-hust-obc,source_marked_risk_noted,needs_cross_source_review,2026-06-28
obs-xwalk-cand-000716,codepoint_crosswalk_candidate,corpus/001_oracle-characters/119_000701-000800_obs-xwalk-bucket_codepoint-xwalk/016_obs-xwalk-cand-000716_xwalk-000716_codepoint-xwalk,hust-obimd-evobc-xwalk-000716,hust-obimd-evobc-xwalk-000716;hust-obc-cat-0813,src-hust-obc,source_marked_risk_noted,needs_cross_source_review,2026-06-28
obs-xwalk-cand-000717,codepoint_crosswalk_candidate,corpus/001_oracle-characters/119_000701-000800_obs-xwalk-bucket_codepoint-xwalk/017_obs-xwalk-cand-000717_xwalk-000717_codepoint-xwalk,hust-obimd-evobc-xwalk-000717,hust-obimd-evobc-xwalk-000717;hust-obc-cat-0814;obimd-main-w35ugpg42y,src-hust-obc;src-obimd,source_marked_risk_noted,needs_cross_source_review,2026-06-28
obs-xwalk-cand-000718,codepoint_crosswalk_candidate,corpus/001_oracle-characters/119_000701-000800_obs-xwalk-bucket_codepoint-xwalk/018_obs-xwalk-cand-000718_xwalk-000718_codepoint-xwalk,hust-obimd-evobc-xwalk-000718,hust-obimd-evobc-xwalk-000718;hust-obc-cat-0815_0816,src-hust-obc,source_marked_risk_noted,needs_cross_source_review,2026-06-28
obs-xwalk-cand-000719,codepoint_crosswalk_candidate,corpus/001_oracle-characters/119_000701-000800_obs-xwalk-bucket_codepoint-xwalk/019_obs-xwalk-cand-000719_xwalk-000719_codepoint-xwalk,hust-obimd-evobc-xwalk-000719,hust-obimd-evobc-xwalk-000719;hust-obc-cat-0817,src-hust-obc,source_marked_risk_noted,needs_cross_source_review,2026-06-28
obs-xwalk-cand-000720,codepoint_crosswalk_candidate,corpus/001_oracle-characters/119_000701-000800_obs-xwalk-bucket_codepoint-xwalk/020_obs-xwalk-cand-000720_xwalk-000720_codepoint-xwalk,hust-obimd-evobc-xwalk-000720,hust-obimd-evobc-xwalk-000720;hust-obc-cat-0818,src-hust-obc,source_marked_risk_noted,needs_cross_source_review,2026-06-28
obs-xwalk-cand-000721,codepoint_crosswalk_candidate,corpus/001_oracle-characters/119_000701-000800_obs-xwalk-bucket_codepoint-xwalk/021_obs-xwalk-cand-000721_xwalk-000721_codepoint-xwalk,hust-obimd-evobc-xwalk-000721,hust-obimd-evobc-xwalk-000721;hust-obc-cat-0819,src-hust-obc,source_marked_risk_noted,needs_cross_source_review,2026-06-28
obs-xwalk-cand-000722,codepoint_crosswalk_candidate,corpus/001_oracle-characters/119_000701-000800_obs-xwalk-bucket_codepoint-xwalk/022_obs-xwalk-cand-000722_xwalk-000722_codepoint-xwalk,hust-obimd-evobc-xwalk-000722,hust-obimd-evobc-xwalk-000722;hust-obc-cat-0820,src-hust-obc,source_marked_risk_noted,needs_cross_source_review,2026-06-28
obs-xwalk-cand-000723,codepoint_crosswalk_candidate,corpus/001_oracle-characters/119_000701-000800_obs-xwalk-bucket_codepoint-xwalk/023_obs-xwalk-cand-000723_xwalk-000723_codepoint-xwalk,hust-obimd-evobc-xwalk-000723,hust-obimd-evobc-xwalk-000723;hust-obc-cat-0821,src-hust-obc,source_marked_risk_noted,needs_cross_source_review,2026-06-28
obs-xwalk-cand-000724,codepoint_crosswalk_candidate,corpus/001_oracle-characters/119_000701-000800_obs-xwalk-bucket_codepoint-xwalk/024_obs-xwalk-cand-000724_xwalk-000724_codepoint-xwalk,hust-obimd-evobc-xwalk-000724,hust-obimd-evobc-xwalk-000724;hust-obc-cat-0822;evobc-cat-00061,src-hust-obc;src-evobc,source_marked_risk_noted,needs_cross_source_review,2026-06-28
obs-xwalk-cand-000725,codepoint_crosswalk_candidate,corpus/001_oracle-characters/119_000701-000800_obs-xwalk-bucket_codepoint-xwalk/025_obs-xwalk-cand-000725_xwalk-000725_codepoint-xwalk,hust-obimd-evobc-xwalk-000725,hust-obimd-evobc-xwalk-000725;hust-obc-cat-0823_0824,src-hust-obc,source_marked_risk_noted,needs_cross_source_review,2026-06-28
obs-xwalk-cand-000726,codepoint_crosswalk_candidate,corpus/001_oracle-characters/119_000701-000800_obs-xwalk-bucket_codepoint-xwalk/026_obs-xwalk-cand-000726_xwalk-000726_codepoint-xwalk,hust-obimd-evobc-xwalk-000726,hust-obimd-evobc-xwalk-000726;hust-obc-cat-0825_0826,src-hust-obc,source_marked_risk_noted,needs_cross_source_review,2026-06-28
obs-xwalk-cand-000727,codepoint_crosswalk_candidate,corpus/001_oracle-characters/119_000701-000800_obs-xwalk-bucket_codepoint-xwalk/027_obs-xwalk-cand-000727_xwalk-000727_codepoint-xwalk,hust-obimd-evobc-xwalk-000727,hust-obimd-evobc-xwalk-000727;hust-obc-cat-0827_0828,src-hust-obc,source_marked_risk_noted,needs_cross_source_review,2026-06-28
obs-xwalk-cand-000728,codepoint_crosswalk_candidate,corpus/001_oracle-characters/119_000701-000800_obs-xwalk-bucket_codepoint-xwalk/028_obs-xwalk-cand-000728_xwalk-000728_codepoint-xwalk,hust-obimd-evobc-xwalk-000728,hust-obimd-evobc-xwalk-000728;hust-obc-cat-0829;evobc-cat-00063,src-hust-obc;src-evobc,source_marked_risk_noted,needs_cross_source_review,2026-06-28
obs-xwalk-cand-000729,codepoint_crosswalk_candidate,corpus/001_oracle-characters/119_000701-000800_obs-xwalk-bucket_codepoint-xwalk/029_obs-xwalk-cand-000729_xwalk-000729_codepoint-xwalk,hust-obimd-evobc-xwalk-000729,hust-obimd-evobc-xwalk-000729;hust-obc-cat-0830,src-hust-obc,source_marked_risk_noted,needs_cross_source_review,2026-06-28
obs-xwalk-cand-000730,codepoint_crosswalk_candidate,corpus/001_oracle-characters/119_000701-000800_obs-xwalk-bucket_codepoint-xwalk/030_obs-xwalk-cand-000730_xwalk-000730_codepoint-xwalk,hust-obimd-evobc-xwalk-000730,hust-obimd-evobc-xwalk-000730;hust-obc-cat-0831,src-hust-obc,source_marked_risk_noted,needs_cross_source_review,2026-06-28
obs-xwalk-cand-000731,codepoint_crosswalk_candidate,corpus/001_oracle-characters/119_000701-000800_obs-xwalk-bucket_codepoint-xwalk/031_obs-xwalk-cand-000731_xwalk-000731_codepoint-xwalk,hust-obimd-evobc-xwalk-000731,hust-obimd-evobc-xwalk-000731;hust-obc-cat-0832,src-hust-obc,source_marked_risk_noted,needs_cross_source_review,2026-06-28
obs-xwalk-cand-000732,codepoint_crosswalk_candidate,corpus/001_oracle-characters/119_000701-000800_obs-xwalk-bucket_codepoint-xwalk/032_obs-xwalk-cand-000732_xwalk-000732_codepoint-xwalk,hust-obimd-evobc-xwalk-000732,hust-obimd-evobc-xwalk-000732;hust-obc-cat-0833,src-hust-obc,source_marked_risk_noted,needs_cross_source_review,2026-06-28
obs-xwalk-cand-000733,codepoint_crosswalk_candidate,corpus/001_oracle-characters/119_000701-000800_obs-xwalk-bucket_codepoint-xwalk/033_obs-xwalk-cand-000733_xwalk-000733_codepoint-xwalk,hust-obimd-evobc-xwalk-000733,hust-obimd-evobc-xwalk-000733;hust-obc-cat-0834,src-hust-obc,source_marked_risk_noted,needs_cross_source_review,2026-06-28
obs-xwalk-cand-000734,codepoint_crosswalk_candidate,corpus/001_oracle-characters/119_000701-000800_obs-xwalk-bucket_codepoint-xwalk/034_obs-xwalk-cand-000734_xwalk-000734_codepoint-xwalk,hust-obimd-evobc-xwalk-000734,hust-obimd-evobc-xwalk-000734;hust-obc-cat-0835_0836,src-hust-obc,source_marked_risk_noted,needs_cross_source_review,2026-06-28
obs-xwalk-cand-000735,codepoint_crosswalk_candidate,corpus/001_oracle-characters/119_000701-000800_obs-xwalk-bucket_codepoint-xwalk/035_obs-xwalk-cand-000735_xwalk-000735_codepoint-xwalk,hust-obimd-evobc-xwalk-000735,hust-obimd-evobc-xwalk-000735;hust-obc-cat-0837,src-hust-obc,source_marked_risk_noted,needs_cross_source_review,2026-06-28
obs-xwalk-cand-000736,codepoint_crosswalk_candidate,corpus/001_oracle-characters/119_000701-000800_obs-xwalk-bucket_codepoint-xwalk/036_obs-xwalk-cand-000736_xwalk-000736_codepoint-xwalk,hust-obimd-evobc-xwalk-000736,hust-obimd-evobc-xwalk-000736;hust-obc-cat-0838;evobc-cat-00064,src-hust-obc;src-evobc,source_marked_risk_noted,needs_cross_source_review,2026-06-28
obs-xwalk-cand-000737,codepoint_crosswalk_candidate,corpus/001_oracle-characters/119_000701-000800_obs-xwalk-bucket_codepoint-xwalk/037_obs-xwalk-cand-000737_xwalk-000737_codepoint-xwalk,hust-obimd-evobc-xwalk-000737,hust-obimd-evobc-xwalk-000737;hust-obc-cat-0839,src-hust-obc,source_marked_risk_noted,needs_cross_source_review,2026-06-28
obs-xwalk-cand-000738,codepoint_crosswalk_candidate,corpus/001_oracle-characters/119_000701-000800_obs-xwalk-bucket_codepoint-xwalk/038_obs-xwalk-cand-000738_xwalk-000738_codepoint-xwalk,hust-obimd-evobc-xwalk-000738,hust-obimd-evobc-xwalk-000738;hust-obc-cat-0840,src-hust-obc,source_marked_risk_noted,needs_cross_source_review,2026-06-28
obs-xwalk-cand-000739,codepoint_crosswalk_candidate,corpus/001_oracle-characters/119_000701-000800_obs-xwalk-bucket_codepoint-xwalk/039_obs-xwalk-cand-000739_xwalk-000739_codepoint-xwalk,hust-obimd-evobc-xwalk-000739,hust-obimd-evobc-xwalk-000739;hust-obc-cat-0841,src-hust-obc,source_marked_risk_noted,needs_cross_source_review,2026-06-28
obs-xwalk-cand-000740,codepoint_crosswalk_candidate,corpus/001_oracle-characters/119_000701-000800_obs-xwalk-bucket_codepoint-xwalk/040_obs-xwalk-cand-000740_xwalk-000740_codepoint-xwalk,hust-obimd-evobc-xwalk-000740,hust-obimd-evobc-xwalk-000740;hust-obc-cat-0842,src-hust-obc,source_marked_risk_noted,needs_cross_source_review,2026-06-28
obs-xwalk-cand-000741,codepoint_crosswalk_candidate,corpus/001_oracle-characters/119_000701-000800_obs-xwalk-bucket_codepoint-xwalk/041_obs-xwalk-cand-000741_xwalk-000741_codepoint-xwalk,hust-obimd-evobc-xwalk-000741,hust-obimd-evobc-xwalk-000741;hust-obc-cat-0843,src-hust-obc,source_marked_risk_noted,needs_cross_source_review,2026-06-28
obs-xwalk-cand-000742,codepoint_crosswalk_candidate,corpus/001_oracle-characters/119_000701-000800_obs-xwalk-bucket_codepoint-xwalk/042_obs-xwalk-cand-000742_xwalk-000742_codepoint-xwalk,hust-obimd-evobc-xwalk-000742,hust-obimd-evobc-xwalk-000742;hust-obc-cat-0844,src-hust-obc,source_marked_risk_noted,needs_cross_source_review,2026-06-28
obs-xwalk-cand-000743,codepoint_crosswalk_candidate,corpus/001_oracle-characters/119_000701-000800_obs-xwalk-bucket_codepoint-xwalk/043_obs-xwalk-cand-000743_xwalk-000743_codepoint-xwalk,hust-obimd-evobc-xwalk-000743,hust-obimd-evobc-xwalk-000743;hust-obc-cat-0845;evobc-cat-00065,src-hust-obc;src-evobc,source_marked_risk_noted,needs_cross_source_review,2026-06-28
obs-xwalk-cand-000744,codepoint_crosswalk_candidate,corpus/001_oracle-characters/119_000701-000800_obs-xwalk-bucket_codepoint-xwalk/044_obs-xwalk-cand-000744_xwalk-000744_codepoint-xwalk,hust-obimd-evobc-xwalk-000744,hust-obimd-evobc-xwalk-000744;hust-obc-cat-0846,src-hust-obc,source_marked_risk_noted,needs_cross_source_review,2026-06-28
obs-xwalk-cand-000745,codepoint_crosswalk_candidate,corpus/001_oracle-characters/119_000701-000800_obs-xwalk-bucket_codepoint-xwalk/045_obs-xwalk-cand-000745_xwalk-000745_codepoint-xwalk,hust-obimd-evobc-xwalk-000745,hust-obimd-evobc-xwalk-000745;hust-obc-cat-0847;evobc-cat-00066,src-hust-obc;src-evobc,source_marked_risk_noted,needs_cross_source_review,2026-06-28
obs-xwalk-cand-000746,codepoint_crosswalk_candidate,corpus/001_oracle-characters/119_000701-000800_obs-xwalk-bucket_codepoint-xwalk/046_obs-xwalk-cand-000746_xwalk-000746_codepoint-xwalk,hust-obimd-evobc-xwalk-000746,hust-obimd-evobc-xwalk-000746;hust-obc-cat-0848,src-hust-obc,source_marked_risk_noted,needs_cross_source_review,2026-06-28
obs-xwalk-cand-000747,codepoint_crosswalk_candidate,corpus/001_oracle-characters/119_000701-000800_obs-xwalk-bucket_codepoint-xwalk/047_obs-xwalk-cand-000747_xwalk-000747_codepoint-xwalk,hust-obimd-evobc-xwalk-000747,hust-obimd-evobc-xwalk-000747;hust-obc-cat-0849,src-hust-obc,source_marked_risk_noted,needs_cross_source_review,2026-06-28
obs-xwalk-cand-000748,codepoint_crosswalk_candidate,corpus/001_oracle-characters/119_000701-000800_obs-xwalk-bucket_codepoint-xwalk/048_obs-xwalk-cand-000748_xwalk-000748_codepoint-xwalk,hust-obimd-evobc-xwalk-000748,hust-obimd-evobc-xwalk-000748;hust-obc-cat-0850,src-hust-obc,source_marked_risk_noted,needs_cross_source_review,2026-06-28
obs-xwalk-cand-000749,codepoint_crosswalk_candidate,corpus/001_oracle-characters/119_000701-000800_obs-xwalk-bucket_codepoint-xwalk/049_obs-xwalk-cand-000749_xwalk-000749_codepoint-xwalk,hust-obimd-evobc-xwalk-000749,hust-obimd-evobc-xwalk-000749;hust-obc-cat-0851,src-hust-obc,source_marked_risk_noted,needs_cross_source_review,2026-06-28
obs-xwalk-cand-000750,codepoint_crosswalk_candidate,corpus/001_oracle-characters/119_000701-000800_obs-xwalk-bucket_codepoint-xwalk/050_obs-xwalk-cand-000750_xwalk-000750_codepoint-xwalk,hust-obimd-evobc-xwalk-000750,hust-obimd-evobc-xwalk-000750;hust-obc-cat-0852;obimd-main-mqa9ifrvq4,src-hust-obc;src-obimd,source_marked_risk_noted,needs_cross_source_review,2026-06-28
obs-xwalk-cand-000751,codepoint_crosswalk_candidate,corpus/001_oracle-characters/119_000701-000800_obs-xwalk-bucket_codepoint-xwalk/051_obs-xwalk-cand-000751_xwalk-000751_codepoint-xwalk,hust-obimd-evobc-xwalk-000751,hust-obimd-evobc-xwalk-000751;hust-obc-cat-0853,src-hust-obc,source_marked_risk_noted,needs_cross_source_review,2026-06-28
obs-xwalk-cand-000752,codepoint_crosswalk_candidate,corpus/001_oracle-characters/119_000701-000800_obs-xwalk-bucket_codepoint-xwalk/052_obs-xwalk-cand-000752_xwalk-000752_codepoint-xwalk,hust-obimd-evobc-xwalk-000752,hust-obimd-evobc-xwalk-000752;hust-obc-cat-0854,src-hust-obc,source_marked_risk_noted,needs_cross_source_review,2026-06-28
obs-xwalk-cand-000753,codepoint_crosswalk_candidate,corpus/001_oracle-characters/119_000701-000800_obs-xwalk-bucket_codepoint-xwalk/053_obs-xwalk-cand-000753_xwalk-000753_codepoint-xwalk,hust-obimd-evobc-xwalk-000753,hust-obimd-evobc-xwalk-000753;hust-obc-cat-0855,src-hust-obc,source_marked_risk_noted,needs_cross_source_review,2026-06-28
obs-xwalk-cand-000754,codepoint_crosswalk_candidate,corpus/001_oracle-characters/119_000701-000800_obs-xwalk-bucket_codepoint-xwalk/054_obs-xwalk-cand-000754_xwalk-000754_codepoint-xwalk,hust-obimd-evobc-xwalk-000754,hust-obimd-evobc-xwalk-000754;hust-obc-cat-0856;evobc-cat-00067,src-hust-obc;src-evobc,source_marked_risk_noted,needs_cross_source_review,2026-06-28
obs-xwalk-cand-000755,codepoint_crosswalk_candidate,corpus/001_oracle-characters/119_000701-000800_obs-xwalk-bucket_codepoint-xwalk/055_obs-xwalk-cand-000755_xwalk-000755_codepoint-xwalk,hust-obimd-evobc-xwalk-000755,hust-obimd-evobc-xwalk-000755;hust-obc-cat-0857,src-hust-obc,source_marked_risk_noted,needs_cross_source_review,2026-06-28
obs-xwalk-cand-000756,codepoint_crosswalk_candidate,corpus/001_oracle-characters/119_000701-000800_obs-xwalk-bucket_codepoint-xwalk/056_obs-xwalk-cand-000756_xwalk-000756_codepoint-xwalk,hust-obimd-evobc-xwalk-000756,hust-obimd-evobc-xwalk-000756;hust-obc-cat-0858,src-hust-obc,source_marked_risk_noted,needs_cross_source_review,2026-06-28
obs-xwalk-cand-000757,codepoint_crosswalk_candidate,corpus/001_oracle-characters/119_000701-000800_obs-xwalk-bucket_codepoint-xwalk/057_obs-xwalk-cand-000757_xwalk-000757_codepoint-xwalk,hust-obimd-evobc-xwalk-000757,hust-obimd-evobc-xwalk-000757;hust-obc-cat-0859,src-hust-obc,source_marked_risk_noted,needs_cross_source_review,2026-06-28
obs-xwalk-cand-000758,codepoint_crosswalk_candidate,corpus/001_oracle-characters/119_000701-000800_obs-xwalk-bucket_codepoint-xwalk/058_obs-xwalk-cand-000758_xwalk-000758_codepoint-xwalk,hust-obimd-evobc-xwalk-000758,hust-obimd-evobc-xwalk-000758;hust-obc-cat-0860,src-hust-obc,source_marked_risk_noted,needs_cross_source_review,2026-06-28
obs-xwalk-cand-000759,codepoint_crosswalk_candidate,corpus/001_oracle-characters/119_000701-000800_obs-xwalk-bucket_codepoint-xwalk/059_obs-xwalk-cand-000759_xwalk-000759_codepoint-xwalk,hust-obimd-evobc-xwalk-000759,hust-obimd-evobc-xwalk-000759;hust-obc-cat-0861_0862,src-hust-obc,source_marked_risk_noted,needs_cross_source_review,2026-06-28
obs-xwalk-cand-000760,codepoint_crosswalk_candidate,corpus/001_oracle-characters/119_000701-000800_obs-xwalk-bucket_codepoint-xwalk/060_obs-xwalk-cand-000760_xwalk-000760_codepoint-xwalk,hust-obimd-evobc-xwalk-000760,hust-obimd-evobc-xwalk-000760;hust-obc-cat-0863,src-hust-obc,source_marked_risk_noted,needs_cross_source_review,2026-06-28
obs-xwalk-cand-000761,codepoint_crosswalk_candidate,corpus/001_oracle-characters/119_000701-000800_obs-xwalk-bucket_codepoint-xwalk/061_obs-xwalk-cand-000761_xwalk-000761_codepoint-xwalk,hust-obimd-evobc-xwalk-000761,hust-obimd-evobc-xwalk-000761;hust-obc-cat-0864,src-hust-obc,source_marked_risk_noted,needs_cross_source_review,2026-06-28
obs-xwalk-cand-000762,codepoint_crosswalk_candidate,corpus/001_oracle-characters/119_000701-000800_obs-xwalk-bucket_codepoint-xwalk/062_obs-xwalk-cand-000762_xwalk-000762_codepoint-xwalk,hust-obimd-evobc-xwalk-000762,hust-obimd-evobc-xwalk-000762;hust-obc-cat-0865;evobc-cat-00069,src-hust-obc;src-evobc,source_marked_risk_noted,needs_cross_source_review,2026-06-28
obs-xwalk-cand-000763,codepoint_crosswalk_candidate,corpus/001_oracle-characters/119_000701-000800_obs-xwalk-bucket_codepoint-xwalk/063_obs-xwalk-cand-000763_xwalk-000763_codepoint-xwalk,hust-obimd-evobc-xwalk-000763,hust-obimd-evobc-xwalk-000763;hust-obc-cat-0866,src-hust-obc,source_marked_risk_noted,needs_cross_source_review,2026-06-28
obs-xwalk-cand-000764,codepoint_crosswalk_candidate,corpus/001_oracle-characters/119_000701-000800_obs-xwalk-bucket_codepoint-xwalk/064_obs-xwalk-cand-000764_xwalk-000764_codepoint-xwalk,hust-obimd-evobc-xwalk-000764,hust-obimd-evobc-xwalk-000764;hust-obc-cat-0867,src-hust-obc,source_marked_risk_noted,needs_cross_source_review,2026-06-28
obs-xwalk-cand-000765,codepoint_crosswalk_candidate,corpus/001_oracle-characters/119_000701-000800_obs-xwalk-bucket_codepoint-xwalk/065_obs-xwalk-cand-000765_xwalk-000765_codepoint-xwalk,hust-obimd-evobc-xwalk-000765,hust-obimd-evobc-xwalk-000765;hust-obc-cat-0868,src-hust-obc,source_marked_risk_noted,needs_cross_source_review,2026-06-28
obs-xwalk-cand-000766,codepoint_crosswalk_candidate,corpus/001_oracle-characters/119_000701-000800_obs-xwalk-bucket_codepoint-xwalk/066_obs-xwalk-cand-000766_xwalk-000766_codepoint-xwalk,hust-obimd-evobc-xwalk-000766,hust-obimd-evobc-xwalk-000766;hust-obc-cat-0869,src-hust-obc,source_marked_risk_noted,needs_cross_source_review,2026-06-28
obs-xwalk-cand-000767,codepoint_crosswalk_candidate,corpus/001_oracle-characters/119_000701-000800_obs-xwalk-bucket_codepoint-xwalk/067_obs-xwalk-cand-000767_xwalk-000767_codepoint-xwalk,hust-obimd-evobc-xwalk-000767,hust-obimd-evobc-xwalk-000767;hust-obc-cat-0870_0871,src-hust-obc,source_marked_risk_noted,needs_cross_source_review,2026-06-28
obs-xwalk-cand-000768,codepoint_crosswalk_candidate,corpus/001_oracle-characters/119_000701-000800_obs-xwalk-bucket_codepoint-xwalk/068_obs-xwalk-cand-000768_xwalk-000768_codepoint-xwalk,hust-obimd-evobc-xwalk-000768,hust-obimd-evobc-xwalk-000768;hust-obc-cat-0872,src-hust-obc,source_marked_risk_noted,needs_cross_source_review,2026-06-28
obs-xwalk-cand-000769,codepoint_crosswalk_candidate,corpus/001_oracle-characters/119_000701-000800_obs-xwalk-bucket_codepoint-xwalk/069_obs-xwalk-cand-000769_xwalk-000769_codepoint-xwalk,hust-obimd-evobc-xwalk-000769,hust-obimd-evobc-xwalk-000769;hust-obc-cat-0873,src-hust-obc,source_marked_risk_noted,needs_cross_source_review,2026-06-28
obs-xwalk-cand-000770,codepoint_crosswalk_candidate,corpus/001_oracle-characters/119_000701-000800_obs-xwalk-bucket_codepoint-xwalk/070_obs-xwalk-cand-000770_xwalk-000770_codepoint-xwalk,hust-obimd-evobc-xwalk-000770,hust-obimd-evobc-xwalk-000770;hust-obc-cat-0874,src-hust-obc,source_marked_risk_noted,needs_cross_source_review,2026-06-28
obs-xwalk-cand-000771,codepoint_crosswalk_candidate,corpus/001_oracle-characters/119_000701-000800_obs-xwalk-bucket_codepoint-xwalk/071_obs-xwalk-cand-000771_xwalk-000771_codepoint-xwalk,hust-obimd-evobc-xwalk-000771,hust-obimd-evobc-xwalk-000771;hust-obc-cat-0875;obimd-main-ojtpg03v54;evobc-cat-00070,src-hust-obc;src-obimd;src-evobc,source_marked_risk_noted,needs_cross_source_review,2026-06-28
obs-xwalk-cand-000772,codepoint_crosswalk_candidate,corpus/001_oracle-characters/119_000701-000800_obs-xwalk-bucket_codepoint-xwalk/072_obs-xwalk-cand-000772_xwalk-000772_codepoint-xwalk,hust-obimd-evobc-xwalk-000772,hust-obimd-evobc-xwalk-000772;hust-obc-cat-0876,src-hust-obc,source_marked_risk_noted,needs_cross_source_review,2026-06-28
obs-xwalk-cand-000773,codepoint_crosswalk_candidate,corpus/001_oracle-characters/119_000701-000800_obs-xwalk-bucket_codepoint-xwalk/073_obs-xwalk-cand-000773_xwalk-000773_codepoint-xwalk,hust-obimd-evobc-xwalk-000773,hust-obimd-evobc-xwalk-000773;hust-obc-cat-0877;evobc-cat-00071,src-hust-obc;src-evobc,source_marked_risk_noted,needs_cross_source_review,2026-06-28
obs-xwalk-cand-000774,codepoint_crosswalk_candidate,corpus/001_oracle-characters/119_000701-000800_obs-xwalk-bucket_codepoint-xwalk/074_obs-xwalk-cand-000774_xwalk-000774_codepoint-xwalk,hust-obimd-evobc-xwalk-000774,hust-obimd-evobc-xwalk-000774;hust-obc-cat-0878,src-hust-obc,source_marked_risk_noted,needs_cross_source_review,2026-06-28
obs-xwalk-cand-000775,codepoint_crosswalk_candidate,corpus/001_oracle-characters/119_000701-000800_obs-xwalk-bucket_codepoint-xwalk/075_obs-xwalk-cand-000775_xwalk-000775_codepoint-xwalk,hust-obimd-evobc-xwalk-000775,hust-obimd-evobc-xwalk-000775;hust-obc-cat-0879,src-hust-obc,source_marked_risk_noted,needs_cross_source_review,2026-06-28
obs-xwalk-cand-000776,codepoint_crosswalk_candidate,corpus/001_oracle-characters/119_000701-000800_obs-xwalk-bucket_codepoint-xwalk/076_obs-xwalk-cand-000776_xwalk-000776_codepoint-xwalk,hust-obimd-evobc-xwalk-000776,hust-obimd-evobc-xwalk-000776;hust-obc-cat-0880,src-hust-obc,source_marked_risk_noted,needs_cross_source_review,2026-06-28
obs-xwalk-cand-000777,codepoint_crosswalk_candidate,corpus/001_oracle-characters/119_000701-000800_obs-xwalk-bucket_codepoint-xwalk/077_obs-xwalk-cand-000777_xwalk-000777_codepoint-xwalk,hust-obimd-evobc-xwalk-000777,hust-obimd-evobc-xwalk-000777;hust-obc-cat-0881,src-hust-obc,source_marked_risk_noted,needs_cross_source_review,2026-06-28
obs-xwalk-cand-000778,codepoint_crosswalk_candidate,corpus/001_oracle-characters/119_000701-000800_obs-xwalk-bucket_codepoint-xwalk/078_obs-xwalk-cand-000778_xwalk-000778_codepoint-xwalk,hust-obimd-evobc-xwalk-000778,hust-obimd-evobc-xwalk-000778;hust-obc-cat-0882;evobc-cat-00072,src-hust-obc;src-evobc,source_marked_risk_noted,needs_cross_source_review,2026-06-28
obs-xwalk-cand-000779,codepoint_crosswalk_candidate,corpus/001_oracle-characters/119_000701-000800_obs-xwalk-bucket_codepoint-xwalk/079_obs-xwalk-cand-000779_xwalk-000779_codepoint-xwalk,hust-obimd-evobc-xwalk-000779,hust-obimd-evobc-xwalk-000779;hust-obc-cat-0883;evobc-cat-00073,src-hust-obc;src-evobc,source_marked_risk_noted,needs_cross_source_review,2026-06-28
obs-xwalk-cand-000780,codepoint_crosswalk_candidate,corpus/001_oracle-characters/119_000701-000800_obs-xwalk-bucket_codepoint-xwalk/080_obs-xwalk-cand-000780_xwalk-000780_codepoint-xwalk,hust-obimd-evobc-xwalk-000780,hust-obimd-evobc-xwalk-000780;hust-obc-cat-0884;obimd-main-x9f7dp1d6n;evobc-cat-00074,src-hust-obc;src-obimd;src-evobc,source_marked_risk_noted,needs_cross_source_review,2026-06-28
obs-xwalk-cand-000781,codepoint_crosswalk_candidate,corpus/001_oracle-characters/119_000701-000800_obs-xwalk-bucket_codepoint-xwalk/081_obs-xwalk-cand-000781_xwalk-000781_codepoint-xwalk,hust-obimd-evobc-xwalk-000781,hust-obimd-evobc-xwalk-000781;hust-obc-cat-0885,src-hust-obc,source_marked_risk_noted,needs_cross_source_review,2026-06-28
obs-xwalk-cand-000782,codepoint_crosswalk_candidate,corpus/001_oracle-characters/119_000701-000800_obs-xwalk-bucket_codepoint-xwalk/082_obs-xwalk-cand-000782_xwalk-000782_codepoint-xwalk,hust-obimd-evobc-xwalk-000782,hust-obimd-evobc-xwalk-000782;hust-obc-cat-0886;obimd-main-gxkrzcoj69;evobc-cat-00075,src-hust-obc;src-obimd;src-evobc,source_marked_risk_noted,needs_cross_source_review,2026-06-28
obs-xwalk-cand-000783,codepoint_crosswalk_candidate,corpus/001_oracle-characters/119_000701-000800_obs-xwalk-bucket_codepoint-xwalk/083_obs-xwalk-cand-000783_xwalk-000783_codepoint-xwalk,hust-obimd-evobc-xwalk-000783,hust-obimd-evobc-xwalk-000783;hust-obc-cat-0887,src-hust-obc,source_marked_risk_noted,needs_cross_source_review,2026-06-28
obs-xwalk-cand-000784,codepoint_crosswalk_candidate,corpus/001_oracle-characters/119_000701-000800_obs-xwalk-bucket_codepoint-xwalk/084_obs-xwalk-cand-000784_xwalk-000784_codepoint-xwalk,hust-obimd-evobc-xwalk-000784,hust-obimd-evobc-xwalk-000784;hust-obc-cat-0888,src-hust-obc,source_marked_risk_noted,needs_cross_source_review,2026-06-28
obs-xwalk-cand-000785,codepoint_crosswalk_candidate,corpus/001_oracle-characters/119_000701-000800_obs-xwalk-bucket_codepoint-xwalk/085_obs-xwalk-cand-000785_xwalk-000785_codepoint-xwalk,hust-obimd-evobc-xwalk-000785,hust-obimd-evobc-xwalk-000785;hust-obc-cat-0889,src-hust-obc,source_marked_risk_noted,needs_cross_source_review,2026-06-28
obs-xwalk-cand-000786,codepoint_crosswalk_candidate,corpus/001_oracle-characters/119_000701-000800_obs-xwalk-bucket_codepoint-xwalk/086_obs-xwalk-cand-000786_xwalk-000786_codepoint-xwalk,hust-obimd-evobc-xwalk-000786,hust-obimd-evobc-xwalk-000786;hust-obc-cat-0890,src-hust-obc,source_marked_risk_noted,needs_cross_source_review,2026-06-28
obs-xwalk-cand-000787,codepoint_crosswalk_candidate,corpus/001_oracle-characters/119_000701-000800_obs-xwalk-bucket_codepoint-xwalk/087_obs-xwalk-cand-000787_xwalk-000787_codepoint-xwalk,hust-obimd-evobc-xwalk-000787,hust-obimd-evobc-xwalk-000787;hust-obc-cat-0891;evobc-cat-00076,src-hust-obc;src-evobc,source_marked_risk_noted,needs_cross_source_review,2026-06-28
obs-xwalk-cand-000788,codepoint_crosswalk_candidate,corpus/001_oracle-characters/119_000701-000800_obs-xwalk-bucket_codepoint-xwalk/088_obs-xwalk-cand-000788_xwalk-000788_codepoint-xwalk,hust-obimd-evobc-xwalk-000788,hust-obimd-evobc-xwalk-000788;hust-obc-cat-0892;evobc-cat-00077,src-hust-obc;src-evobc,source_marked_risk_noted,needs_cross_source_review,2026-06-28
obs-xwalk-cand-000789,codepoint_crosswalk_candidate,corpus/001_oracle-characters/119_000701-000800_obs-xwalk-bucket_codepoint-xwalk/089_obs-xwalk-cand-000789_xwalk-000789_codepoint-xwalk,hust-obimd-evobc-xwalk-000789,hust-obimd-evobc-xwalk-000789;hust-obc-cat-0893,src-hust-obc,source_marked_risk_noted,needs_cross_source_review,2026-06-28
obs-xwalk-cand-000790,codepoint_crosswalk_candidate,corpus/001_oracle-characters/119_000701-000800_obs-xwalk-bucket_codepoint-xwalk/090_obs-xwalk-cand-000790_xwalk-000790_codepoint-xwalk,hust-obimd-evobc-xwalk-000790,hust-obimd-evobc-xwalk-000790;hust-obc-cat-0894,src-hust-obc,source_marked_risk_noted,needs_cross_source_review,2026-06-28
obs-xwalk-cand-000791,codepoint_crosswalk_candidate,corpus/001_oracle-characters/119_000701-000800_obs-xwalk-bucket_codepoint-xwalk/091_obs-xwalk-cand-000791_xwalk-000791_codepoint-xwalk,hust-obimd-evobc-xwalk-000791,hust-obimd-evobc-xwalk-000791;hust-obc-cat-0895;obimd-main-e19hd5tm0i;evobc-cat-00078,src-hust-obc;src-obimd;src-evobc,source_marked_risk_noted,needs_cross_source_review,2026-06-28
obs-xwalk-cand-000792,codepoint_crosswalk_candidate,corpus/001_oracle-characters/119_000701-000800_obs-xwalk-bucket_codepoint-xwalk/092_obs-xwalk-cand-000792_xwalk-000792_codepoint-xwalk,hust-obimd-evobc-xwalk-000792,hust-obimd-evobc-xwalk-000792;hust-obc-cat-0896,src-hust-obc,source_marked_risk_noted,needs_cross_source_review,2026-06-28
obs-xwalk-cand-000793,codepoint_crosswalk_candidate,corpus/001_oracle-characters/119_000701-000800_obs-xwalk-bucket_codepoint-xwalk/093_obs-xwalk-cand-000793_xwalk-000793_codepoint-xwalk,hust-obimd-evobc-xwalk-000793,hust-obimd-evobc-xwalk-000793;hust-obc-cat-0897,src-hust-obc,source_marked_risk_noted,needs_cross_source_review,2026-06-28
obs-xwalk-cand-000794,codepoint_crosswalk_candidate,corpus/001_oracle-characters/119_000701-000800_obs-xwalk-bucket_codepoint-xwalk/094_obs-xwalk-cand-000794_xwalk-000794_codepoint-xwalk,hust-obimd-evobc-xwalk-000794,hust-obimd-evobc-xwalk-000794;hust-obc-cat-0898,src-hust-obc,source_marked_risk_noted,needs_cross_source_review,2026-06-28
obs-xwalk-cand-000795,codepoint_crosswalk_candidate,corpus/001_oracle-characters/119_000701-000800_obs-xwalk-bucket_codepoint-xwalk/095_obs-xwalk-cand-000795_xwalk-000795_codepoint-xwalk,hust-obimd-evobc-xwalk-000795,hust-obimd-evobc-xwalk-000795;hust-obc-cat-0899,src-hust-obc,source_marked_risk_noted,needs_cross_source_review,2026-06-28
obs-xwalk-cand-000796,codepoint_crosswalk_candidate,corpus/001_oracle-characters/119_000701-000800_obs-xwalk-bucket_codepoint-xwalk/096_obs-xwalk-cand-000796_xwalk-000796_codepoint-xwalk,hust-obimd-evobc-xwalk-000796,hust-obimd-evobc-xwalk-000796;hust-obc-cat-0900_0901,src-hust-obc,source_marked_risk_noted,needs_cross_source_review,2026-06-28
obs-xwalk-cand-000797,codepoint_crosswalk_candidate,corpus/001_oracle-characters/119_000701-000800_obs-xwalk-bucket_codepoint-xwalk/097_obs-xwalk-cand-000797_xwalk-000797_codepoint-xwalk,hust-obimd-evobc-xwalk-000797,hust-obimd-evobc-xwalk-000797;hust-obc-cat-0902_0903,src-hust-obc,source_marked_risk_noted,needs_cross_source_review,2026-06-28
obs-xwalk-cand-000798,codepoint_crosswalk_candidate,corpus/001_oracle-characters/119_000701-000800_obs-xwalk-bucket_codepoint-xwalk/098_obs-xwalk-cand-000798_xwalk-000798_codepoint-xwalk,hust-obimd-evobc-xwalk-000798,hust-obimd-evobc-xwalk-000798;hust-obc-cat-0904,src-hust-obc,source_marked_risk_noted,needs_cross_source_review,2026-06-28
obs-xwalk-cand-000799,codepoint_crosswalk_candidate,corpus/001_oracle-characters/119_000701-000800_obs-xwalk-bucket_codepoint-xwalk/099_obs-xwalk-cand-000799_xwalk-000799_codepoint-xwalk,hust-obimd-evobc-xwalk-000799,hust-obimd-evobc-xwalk-000799;hust-obc-cat-0905,src-hust-obc,source_marked_risk_noted,needs_cross_source_review,2026-06-28
obs-xwalk-cand-000800,codepoint_crosswalk_candidate,corpus/001_oracle-characters/119_000701-000800_obs-xwalk-bucket_codepoint-xwalk/100_obs-xwalk-cand-000800_xwalk-000800_codepoint-xwalk,hust-obimd-evobc-xwalk-000800,hust-obimd-evobc-xwalk-000800;hust-obc-cat-0906,src-hust-obc,source_marked_risk_noted,needs_cross_source_review,2026-06-28
obs-xwalk-cand-000801,codepoint_crosswalk_candidate,corpus/001_oracle-characters/120_000801-000900_obs-xwalk-bucket_codepoint-xwalk/001_obs-xwalk-cand-000801_xwalk-000801_codepoint-xwalk,hust-obimd-evobc-xwalk-000801,hust-obimd-evobc-xwalk-000801;hust-obc-cat-0907;evobc-cat-00079,src-hust-obc;src-evobc,source_marked_risk_noted,needs_cross_source_review,2026-06-28
obs-xwalk-cand-000802,codepoint_crosswalk_candidate,corpus/001_oracle-characters/120_000801-000900_obs-xwalk-bucket_codepoint-xwalk/002_obs-xwalk-cand-000802_xwalk-000802_codepoint-xwalk,hust-obimd-evobc-xwalk-000802,hust-obimd-evobc-xwalk-000802;hust-obc-cat-0908_0909,src-hust-obc,source_marked_risk_noted,needs_cross_source_review,2026-06-28
obs-xwalk-cand-000803,codepoint_crosswalk_candidate,corpus/001_oracle-characters/120_000801-000900_obs-xwalk-bucket_codepoint-xwalk/003_obs-xwalk-cand-000803_xwalk-000803_codepoint-xwalk,hust-obimd-evobc-xwalk-000803,hust-obimd-evobc-xwalk-000803;hust-obc-cat-0910,src-hust-obc,source_marked_risk_noted,needs_cross_source_review,2026-06-28
obs-xwalk-cand-000804,codepoint_crosswalk_candidate,corpus/001_oracle-characters/120_000801-000900_obs-xwalk-bucket_codepoint-xwalk/004_obs-xwalk-cand-000804_xwalk-000804_codepoint-xwalk,hust-obimd-evobc-xwalk-000804,hust-obimd-evobc-xwalk-000804;hust-obc-cat-0911,src-hust-obc,source_marked_risk_noted,needs_cross_source_review,2026-06-28
obs-xwalk-cand-000805,codepoint_crosswalk_candidate,corpus/001_oracle-characters/120_000801-000900_obs-xwalk-bucket_codepoint-xwalk/005_obs-xwalk-cand-000805_xwalk-000805_codepoint-xwalk,hust-obimd-evobc-xwalk-000805,hust-obimd-evobc-xwalk-000805;hust-obc-cat-0912,src-hust-obc,source_marked_risk_noted,needs_cross_source_review,2026-06-28
obs-xwalk-cand-000806,codepoint_crosswalk_candidate,corpus/001_oracle-characters/120_000801-000900_obs-xwalk-bucket_codepoint-xwalk/006_obs-xwalk-cand-000806_xwalk-000806_codepoint-xwalk,hust-obimd-evobc-xwalk-000806,hust-obimd-evobc-xwalk-000806;hust-obc-cat-0913,src-hust-obc,source_marked_risk_noted,needs_cross_source_review,2026-06-28
obs-xwalk-cand-000807,codepoint_crosswalk_candidate,corpus/001_oracle-characters/120_000801-000900_obs-xwalk-bucket_codepoint-xwalk/007_obs-xwalk-cand-000807_xwalk-000807_codepoint-xwalk,hust-obimd-evobc-xwalk-000807,hust-obimd-evobc-xwalk-000807;hust-obc-cat-0914,src-hust-obc,source_marked_risk_noted,needs_cross_source_review,2026-06-28
obs-xwalk-cand-000808,codepoint_crosswalk_candidate,corpus/001_oracle-characters/120_000801-000900_obs-xwalk-bucket_codepoint-xwalk/008_obs-xwalk-cand-000808_xwalk-000808_codepoint-xwalk,hust-obimd-evobc-xwalk-000808,hust-obimd-evobc-xwalk-000808;hust-obc-cat-0915,src-hust-obc,source_marked_risk_noted,needs_cross_source_review,2026-06-28
obs-xwalk-cand-000809,codepoint_crosswalk_candidate,corpus/001_oracle-characters/120_000801-000900_obs-xwalk-bucket_codepoint-xwalk/009_obs-xwalk-cand-000809_xwalk-000809_codepoint-xwalk,hust-obimd-evobc-xwalk-000809,hust-obimd-evobc-xwalk-000809;hust-obc-cat-0916,src-hust-obc,source_marked_risk_noted,needs_cross_source_review,2026-06-28
obs-xwalk-cand-000810,codepoint_crosswalk_candidate,corpus/001_oracle-characters/120_000801-000900_obs-xwalk-bucket_codepoint-xwalk/010_obs-xwalk-cand-000810_xwalk-000810_codepoint-xwalk,hust-obimd-evobc-xwalk-000810,hust-obimd-evobc-xwalk-000810;hust-obc-cat-0917_0918,src-hust-obc,source_marked_risk_noted,needs_cross_source_review,2026-06-28
obs-xwalk-cand-000811,codepoint_crosswalk_candidate,corpus/001_oracle-characters/120_000801-000900_obs-xwalk-bucket_codepoint-xwalk/011_obs-xwalk-cand-000811_xwalk-000811_codepoint-xwalk,hust-obimd-evobc-xwalk-000811,hust-obimd-evobc-xwalk-000811;hust-obc-cat-0919,src-hust-obc,source_marked_risk_noted,needs_cross_source_review,2026-06-28
obs-xwalk-cand-000812,codepoint_crosswalk_candidate,corpus/001_oracle-characters/120_000801-000900_obs-xwalk-bucket_codepoint-xwalk/012_obs-xwalk-cand-000812_xwalk-000812_codepoint-xwalk,hust-obimd-evobc-xwalk-000812,hust-obimd-evobc-xwalk-000812;hust-obc-cat-0920,src-hust-obc,source_marked_risk_noted,needs_cross_source_review,2026-06-28
obs-xwalk-cand-000813,codepoint_crosswalk_candidate,corpus/001_oracle-characters/120_000801-000900_obs-xwalk-bucket_codepoint-xwalk/013_obs-xwalk-cand-000813_xwalk-000813_codepoint-xwalk,hust-obimd-evobc-xwalk-000813,hust-obimd-evobc-xwalk-000813;hust-obc-cat-0921,src-hust-obc,source_marked_risk_noted,needs_cross_source_review,2026-06-28
obs-xwalk-cand-000814,codepoint_crosswalk_candidate,corpus/001_oracle-characters/120_000801-000900_obs-xwalk-bucket_codepoint-xwalk/014_obs-xwalk-cand-000814_xwalk-000814_codepoint-xwalk,hust-obimd-evobc-xwalk-000814,hust-obimd-evobc-xwalk-000814;hust-obc-cat-0922,src-hust-obc,source_marked_risk_noted,needs_cross_source_review,2026-06-28
obs-xwalk-cand-000815,codepoint_crosswalk_candidate,corpus/001_oracle-characters/120_000801-000900_obs-xwalk-bucket_codepoint-xwalk/015_obs-xwalk-cand-000815_xwalk-000815_codepoint-xwalk,hust-obimd-evobc-xwalk-000815,hust-obimd-evobc-xwalk-000815;hust-obc-cat-0923,src-hust-obc,source_marked_risk_noted,needs_cross_source_review,2026-06-28
obs-xwalk-cand-000816,codepoint_crosswalk_candidate,corpus/001_oracle-characters/120_000801-000900_obs-xwalk-bucket_codepoint-xwalk/016_obs-xwalk-cand-000816_xwalk-000816_codepoint-xwalk,hust-obimd-evobc-xwalk-000816,hust-obimd-evobc-xwalk-000816;hust-obc-cat-0924;evobc-cat-00081,src-hust-obc;src-evobc,source_marked_risk_noted,needs_cross_source_review,2026-06-28
obs-xwalk-cand-000817,codepoint_crosswalk_candidate,corpus/001_oracle-characters/120_000801-000900_obs-xwalk-bucket_codepoint-xwalk/017_obs-xwalk-cand-000817_xwalk-000817_codepoint-xwalk,hust-obimd-evobc-xwalk-000817,hust-obimd-evobc-xwalk-000817;hust-obc-cat-0925,src-hust-obc,source_marked_risk_noted,needs_cross_source_review,2026-06-28
obs-xwalk-cand-000818,codepoint_crosswalk_candidate,corpus/001_oracle-characters/120_000801-000900_obs-xwalk-bucket_codepoint-xwalk/018_obs-xwalk-cand-000818_xwalk-000818_codepoint-xwalk,hust-obimd-evobc-xwalk-000818,hust-obimd-evobc-xwalk-000818;hust-obc-cat-0926,src-hust-obc,source_marked_risk_noted,needs_cross_source_review,2026-06-28
obs-xwalk-cand-000819,codepoint_crosswalk_candidate,corpus/001_oracle-characters/120_000801-000900_obs-xwalk-bucket_codepoint-xwalk/019_obs-xwalk-cand-000819_xwalk-000819_codepoint-xwalk,hust-obimd-evobc-xwalk-000819,hust-obimd-evobc-xwalk-000819;hust-obc-cat-0927,src-hust-obc,source_marked_risk_noted,needs_cross_source_review,2026-06-28
obs-xwalk-cand-000820,codepoint_crosswalk_candidate,corpus/001_oracle-characters/120_000801-000900_obs-xwalk-bucket_codepoint-xwalk/020_obs-xwalk-cand-000820_xwalk-000820_codepoint-xwalk,hust-obimd-evobc-xwalk-000820,hust-obimd-evobc-xwalk-000820;hust-obc-cat-0928,src-hust-obc,source_marked_risk_noted,needs_cross_source_review,2026-06-28
obs-xwalk-cand-000821,codepoint_crosswalk_candidate,corpus/001_oracle-characters/120_000801-000900_obs-xwalk-bucket_codepoint-xwalk/021_obs-xwalk-cand-000821_xwalk-000821_codepoint-xwalk,hust-obimd-evobc-xwalk-000821,hust-obimd-evobc-xwalk-000821;hust-obc-cat-0929,src-hust-obc,source_marked_risk_noted,needs_cross_source_review,2026-06-28
obs-xwalk-cand-000822,codepoint_crosswalk_candidate,corpus/001_oracle-characters/120_000801-000900_obs-xwalk-bucket_codepoint-xwalk/022_obs-xwalk-cand-000822_xwalk-000822_codepoint-xwalk,hust-obimd-evobc-xwalk-000822,hust-obimd-evobc-xwalk-000822;hust-obc-cat-0930,src-hust-obc,source_marked_risk_noted,needs_cross_source_review,2026-06-28
obs-xwalk-cand-000823,codepoint_crosswalk_candidate,corpus/001_oracle-characters/120_000801-000900_obs-xwalk-bucket_codepoint-xwalk/023_obs-xwalk-cand-000823_xwalk-000823_codepoint-xwalk,hust-obimd-evobc-xwalk-000823,hust-obimd-evobc-xwalk-000823;hust-obc-cat-0931,src-hust-obc,source_marked_risk_noted,needs_cross_source_review,2026-06-28
obs-xwalk-cand-000824,codepoint_crosswalk_candidate,corpus/001_oracle-characters/120_000801-000900_obs-xwalk-bucket_codepoint-xwalk/024_obs-xwalk-cand-000824_xwalk-000824_codepoint-xwalk,hust-obimd-evobc-xwalk-000824,hust-obimd-evobc-xwalk-000824;hust-obc-cat-0932,src-hust-obc,source_marked_risk_noted,needs_cross_source_review,2026-06-28
obs-xwalk-cand-000825,codepoint_crosswalk_candidate,corpus/001_oracle-characters/120_000801-000900_obs-xwalk-bucket_codepoint-xwalk/025_obs-xwalk-cand-000825_xwalk-000825_codepoint-xwalk,hust-obimd-evobc-xwalk-000825,hust-obimd-evobc-xwalk-000825;hust-obc-cat-0933,src-hust-obc,source_marked_risk_noted,needs_cross_source_review,2026-06-28
obs-xwalk-cand-000826,codepoint_crosswalk_candidate,corpus/001_oracle-characters/120_000801-000900_obs-xwalk-bucket_codepoint-xwalk/026_obs-xwalk-cand-000826_xwalk-000826_codepoint-xwalk,hust-obimd-evobc-xwalk-000826,hust-obimd-evobc-xwalk-000826;hust-obc-cat-0934,src-hust-obc,source_marked_risk_noted,needs_cross_source_review,2026-06-28
obs-xwalk-cand-000827,codepoint_crosswalk_candidate,corpus/001_oracle-characters/120_000801-000900_obs-xwalk-bucket_codepoint-xwalk/027_obs-xwalk-cand-000827_xwalk-000827_codepoint-xwalk,hust-obimd-evobc-xwalk-000827,hust-obimd-evobc-xwalk-000827;hust-obc-cat-0935;evobc-cat-00082,src-hust-obc;src-evobc,source_marked_risk_noted,needs_cross_source_review,2026-06-28
obs-xwalk-cand-000828,codepoint_crosswalk_candidate,corpus/001_oracle-characters/120_000801-000900_obs-xwalk-bucket_codepoint-xwalk/028_obs-xwalk-cand-000828_xwalk-000828_codepoint-xwalk,hust-obimd-evobc-xwalk-000828,hust-obimd-evobc-xwalk-000828;hust-obc-cat-0936,src-hust-obc,source_marked_risk_noted,needs_cross_source_review,2026-06-28
obs-xwalk-cand-000829,codepoint_crosswalk_candidate,corpus/001_oracle-characters/120_000801-000900_obs-xwalk-bucket_codepoint-xwalk/029_obs-xwalk-cand-000829_xwalk-000829_codepoint-xwalk,hust-obimd-evobc-xwalk-000829,hust-obimd-evobc-xwalk-000829;hust-obc-cat-0937,src-hust-obc,source_marked_risk_noted,needs_cross_source_review,2026-06-28
obs-xwalk-cand-000830,codepoint_crosswalk_candidate,corpus/001_oracle-characters/120_000801-000900_obs-xwalk-bucket_codepoint-xwalk/030_obs-xwalk-cand-000830_xwalk-000830_codepoint-xwalk,hust-obimd-evobc-xwalk-000830,hust-obimd-evobc-xwalk-000830;hust-obc-cat-0938,src-hust-obc,source_marked_risk_noted,needs_cross_source_review,2026-06-28
obs-xwalk-cand-000831,codepoint_crosswalk_candidate,corpus/001_oracle-characters/120_000801-000900_obs-xwalk-bucket_codepoint-xwalk/031_obs-xwalk-cand-000831_xwalk-000831_codepoint-xwalk,hust-obimd-evobc-xwalk-000831,hust-obimd-evobc-xwalk-000831;hust-obc-cat-0939_0940,src-hust-obc,source_marked_risk_noted,needs_cross_source_review,2026-06-28
obs-xwalk-cand-000832,codepoint_crosswalk_candidate,corpus/001_oracle-characters/120_000801-000900_obs-xwalk-bucket_codepoint-xwalk/032_obs-xwalk-cand-000832_xwalk-000832_codepoint-xwalk,hust-obimd-evobc-xwalk-000832,hust-obimd-evobc-xwalk-000832;hust-obc-cat-0941,src-hust-obc,source_marked_risk_noted,needs_cross_source_review,2026-06-28
obs-xwalk-cand-000833,codepoint_crosswalk_candidate,corpus/001_oracle-characters/120_000801-000900_obs-xwalk-bucket_codepoint-xwalk/033_obs-xwalk-cand-000833_xwalk-000833_codepoint-xwalk,hust-obimd-evobc-xwalk-000833,hust-obimd-evobc-xwalk-000833;hust-obc-cat-0942;evobc-cat-00084,src-hust-obc;src-evobc,source_marked_risk_noted,needs_cross_source_review,2026-06-28
obs-xwalk-cand-000834,codepoint_crosswalk_candidate,corpus/001_oracle-characters/120_000801-000900_obs-xwalk-bucket_codepoint-xwalk/034_obs-xwalk-cand-000834_xwalk-000834_codepoint-xwalk,hust-obimd-evobc-xwalk-000834,hust-obimd-evobc-xwalk-000834;hust-obc-cat-0943,src-hust-obc,source_marked_risk_noted,needs_cross_source_review,2026-06-28
obs-xwalk-cand-000835,codepoint_crosswalk_candidate,corpus/001_oracle-characters/120_000801-000900_obs-xwalk-bucket_codepoint-xwalk/035_obs-xwalk-cand-000835_xwalk-000835_codepoint-xwalk,hust-obimd-evobc-xwalk-000835,hust-obimd-evobc-xwalk-000835;hust-obc-cat-0944,src-hust-obc,source_marked_risk_noted,needs_cross_source_review,2026-06-28
obs-xwalk-cand-000836,codepoint_crosswalk_candidate,corpus/001_oracle-characters/120_000801-000900_obs-xwalk-bucket_codepoint-xwalk/036_obs-xwalk-cand-000836_xwalk-000836_codepoint-xwalk,hust-obimd-evobc-xwalk-000836,hust-obimd-evobc-xwalk-000836;hust-obc-cat-0945,src-hust-obc,source_marked_risk_noted,needs_cross_source_review,2026-06-28
obs-xwalk-cand-000837,codepoint_crosswalk_candidate,corpus/001_oracle-characters/120_000801-000900_obs-xwalk-bucket_codepoint-xwalk/037_obs-xwalk-cand-000837_xwalk-000837_codepoint-xwalk,hust-obimd-evobc-xwalk-000837,hust-obimd-evobc-xwalk-000837;hust-obc-cat-0946,src-hust-obc,source_marked_risk_noted,needs_cross_source_review,2026-06-28
obs-xwalk-cand-000838,codepoint_crosswalk_candidate,corpus/001_oracle-characters/120_000801-000900_obs-xwalk-bucket_codepoint-xwalk/038_obs-xwalk-cand-000838_xwalk-000838_codepoint-xwalk,hust-obimd-evobc-xwalk-000838,hust-obimd-evobc-xwalk-000838;hust-obc-cat-0947,src-hust-obc,source_marked_risk_noted,needs_cross_source_review,2026-06-28
obs-xwalk-cand-000839,codepoint_crosswalk_candidate,corpus/001_oracle-characters/120_000801-000900_obs-xwalk-bucket_codepoint-xwalk/039_obs-xwalk-cand-000839_xwalk-000839_codepoint-xwalk,hust-obimd-evobc-xwalk-000839,hust-obimd-evobc-xwalk-000839;hust-obc-cat-0948,src-hust-obc,source_marked_risk_noted,needs_cross_source_review,2026-06-28
obs-xwalk-cand-000840,codepoint_crosswalk_candidate,corpus/001_oracle-characters/120_000801-000900_obs-xwalk-bucket_codepoint-xwalk/040_obs-xwalk-cand-000840_xwalk-000840_codepoint-xwalk,hust-obimd-evobc-xwalk-000840,hust-obimd-evobc-xwalk-000840;hust-obc-cat-0949,src-hust-obc,source_marked_risk_noted,needs_cross_source_review,2026-06-28
obs-xwalk-cand-000841,codepoint_crosswalk_candidate,corpus/001_oracle-characters/120_000801-000900_obs-xwalk-bucket_codepoint-xwalk/041_obs-xwalk-cand-000841_xwalk-000841_codepoint-xwalk,hust-obimd-evobc-xwalk-000841,hust-obimd-evobc-xwalk-000841;hust-obc-cat-0950,src-hust-obc,source_marked_risk_noted,needs_cross_source_review,2026-06-28
obs-xwalk-cand-000842,codepoint_crosswalk_candidate,corpus/001_oracle-characters/120_000801-000900_obs-xwalk-bucket_codepoint-xwalk/042_obs-xwalk-cand-000842_xwalk-000842_codepoint-xwalk,hust-obimd-evobc-xwalk-000842,hust-obimd-evobc-xwalk-000842;hust-obc-cat-0951,src-hust-obc,source_marked_risk_noted,needs_cross_source_review,2026-06-28
obs-xwalk-cand-000843,codepoint_crosswalk_candidate,corpus/001_oracle-characters/120_000801-000900_obs-xwalk-bucket_codepoint-xwalk/043_obs-xwalk-cand-000843_xwalk-000843_codepoint-xwalk,hust-obimd-evobc-xwalk-000843,hust-obimd-evobc-xwalk-000843;hust-obc-cat-0952,src-hust-obc,source_marked_risk_noted,needs_cross_source_review,2026-06-28
obs-xwalk-cand-000844,codepoint_crosswalk_candidate,corpus/001_oracle-characters/120_000801-000900_obs-xwalk-bucket_codepoint-xwalk/044_obs-xwalk-cand-000844_xwalk-000844_codepoint-xwalk,hust-obimd-evobc-xwalk-000844,hust-obimd-evobc-xwalk-000844;hust-obc-cat-0953;evobc-cat-00085,src-hust-obc;src-evobc,source_marked_risk_noted,needs_cross_source_review,2026-06-28
obs-xwalk-cand-000845,codepoint_crosswalk_candidate,corpus/001_oracle-characters/120_000801-000900_obs-xwalk-bucket_codepoint-xwalk/045_obs-xwalk-cand-000845_xwalk-000845_codepoint-xwalk,hust-obimd-evobc-xwalk-000845,hust-obimd-evobc-xwalk-000845;hust-obc-cat-0954,src-hust-obc,source_marked_risk_noted,needs_cross_source_review,2026-06-28
obs-xwalk-cand-000846,codepoint_crosswalk_candidate,corpus/001_oracle-characters/120_000801-000900_obs-xwalk-bucket_codepoint-xwalk/046_obs-xwalk-cand-000846_xwalk-000846_codepoint-xwalk,hust-obimd-evobc-xwalk-000846,hust-obimd-evobc-xwalk-000846;hust-obc-cat-0955,src-hust-obc,source_marked_risk_noted,needs_cross_source_review,2026-06-28
obs-xwalk-cand-000847,codepoint_crosswalk_candidate,corpus/001_oracle-characters/120_000801-000900_obs-xwalk-bucket_codepoint-xwalk/047_obs-xwalk-cand-000847_xwalk-000847_codepoint-xwalk,hust-obimd-evobc-xwalk-000847,hust-obimd-evobc-xwalk-000847;hust-obc-cat-0956,src-hust-obc,source_marked_risk_noted,needs_cross_source_review,2026-06-28
obs-xwalk-cand-000848,codepoint_crosswalk_candidate,corpus/001_oracle-characters/120_000801-000900_obs-xwalk-bucket_codepoint-xwalk/048_obs-xwalk-cand-000848_xwalk-000848_codepoint-xwalk,hust-obimd-evobc-xwalk-000848,hust-obimd-evobc-xwalk-000848;hust-obc-cat-0957,src-hust-obc,source_marked_risk_noted,needs_cross_source_review,2026-06-28
obs-xwalk-cand-000849,codepoint_crosswalk_candidate,corpus/001_oracle-characters/120_000801-000900_obs-xwalk-bucket_codepoint-xwalk/049_obs-xwalk-cand-000849_xwalk-000849_codepoint-xwalk,hust-obimd-evobc-xwalk-000849,hust-obimd-evobc-xwalk-000849;hust-obc-cat-0958,src-hust-obc,source_marked_risk_noted,needs_cross_source_review,2026-06-28
obs-xwalk-cand-000850,codepoint_crosswalk_candidate,corpus/001_oracle-characters/120_000801-000900_obs-xwalk-bucket_codepoint-xwalk/050_obs-xwalk-cand-000850_xwalk-000850_codepoint-xwalk,hust-obimd-evobc-xwalk-000850,hust-obimd-evobc-xwalk-000850;hust-obc-cat-0959,src-hust-obc,source_marked_risk_noted,needs_cross_source_review,2026-06-28
obs-xwalk-cand-000851,codepoint_crosswalk_candidate,corpus/001_oracle-characters/120_000801-000900_obs-xwalk-bucket_codepoint-xwalk/051_obs-xwalk-cand-000851_xwalk-000851_codepoint-xwalk,hust-obimd-evobc-xwalk-000851,hust-obimd-evobc-xwalk-000851;hust-obc-cat-0960,src-hust-obc,source_marked_risk_noted,needs_cross_source_review,2026-06-28
obs-xwalk-cand-000852,codepoint_crosswalk_candidate,corpus/001_oracle-characters/120_000801-000900_obs-xwalk-bucket_codepoint-xwalk/052_obs-xwalk-cand-000852_xwalk-000852_codepoint-xwalk,hust-obimd-evobc-xwalk-000852,hust-obimd-evobc-xwalk-000852;hust-obc-cat-0961;obimd-main-hcsv6oxj1l;evobc-cat-00086,src-hust-obc;src-obimd;src-evobc,source_marked_risk_noted,needs_cross_source_review,2026-06-28
obs-xwalk-cand-000853,codepoint_crosswalk_candidate,corpus/001_oracle-characters/120_000801-000900_obs-xwalk-bucket_codepoint-xwalk/053_obs-xwalk-cand-000853_xwalk-000853_codepoint-xwalk,hust-obimd-evobc-xwalk-000853,hust-obimd-evobc-xwalk-000853;hust-obc-cat-0962,src-hust-obc,source_marked_risk_noted,needs_cross_source_review,2026-06-28
obs-xwalk-cand-000854,codepoint_crosswalk_candidate,corpus/001_oracle-characters/120_000801-000900_obs-xwalk-bucket_codepoint-xwalk/054_obs-xwalk-cand-000854_xwalk-000854_codepoint-xwalk,hust-obimd-evobc-xwalk-000854,hust-obimd-evobc-xwalk-000854;hust-obc-cat-0963,src-hust-obc,source_marked_risk_noted,needs_cross_source_review,2026-06-28
obs-xwalk-cand-000855,codepoint_crosswalk_candidate,corpus/001_oracle-characters/120_000801-000900_obs-xwalk-bucket_codepoint-xwalk/055_obs-xwalk-cand-000855_xwalk-000855_codepoint-xwalk,hust-obimd-evobc-xwalk-000855,hust-obimd-evobc-xwalk-000855;hust-obc-cat-0964,src-hust-obc,source_marked_risk_noted,needs_cross_source_review,2026-06-28
obs-xwalk-cand-000856,codepoint_crosswalk_candidate,corpus/001_oracle-characters/120_000801-000900_obs-xwalk-bucket_codepoint-xwalk/056_obs-xwalk-cand-000856_xwalk-000856_codepoint-xwalk,hust-obimd-evobc-xwalk-000856,hust-obimd-evobc-xwalk-000856;hust-obc-cat-0965,src-hust-obc,source_marked_risk_noted,needs_cross_source_review,2026-06-28
obs-xwalk-cand-000857,codepoint_crosswalk_candidate,corpus/001_oracle-characters/120_000801-000900_obs-xwalk-bucket_codepoint-xwalk/057_obs-xwalk-cand-000857_xwalk-000857_codepoint-xwalk,hust-obimd-evobc-xwalk-000857,hust-obimd-evobc-xwalk-000857;hust-obc-cat-0966,src-hust-obc,source_marked_risk_noted,needs_cross_source_review,2026-06-28
obs-xwalk-cand-000858,codepoint_crosswalk_candidate,corpus/001_oracle-characters/120_000801-000900_obs-xwalk-bucket_codepoint-xwalk/058_obs-xwalk-cand-000858_xwalk-000858_codepoint-xwalk,hust-obimd-evobc-xwalk-000858,hust-obimd-evobc-xwalk-000858;hust-obc-cat-0967,src-hust-obc,source_marked_risk_noted,needs_cross_source_review,2026-06-28
obs-xwalk-cand-000859,codepoint_crosswalk_candidate,corpus/001_oracle-characters/120_000801-000900_obs-xwalk-bucket_codepoint-xwalk/059_obs-xwalk-cand-000859_xwalk-000859_codepoint-xwalk,hust-obimd-evobc-xwalk-000859,hust-obimd-evobc-xwalk-000859;hust-obc-cat-0968_0969,src-hust-obc,source_marked_risk_noted,needs_cross_source_review,2026-06-28
obs-xwalk-cand-000860,codepoint_crosswalk_candidate,corpus/001_oracle-characters/120_000801-000900_obs-xwalk-bucket_codepoint-xwalk/060_obs-xwalk-cand-000860_xwalk-000860_codepoint-xwalk,hust-obimd-evobc-xwalk-000860,hust-obimd-evobc-xwalk-000860;hust-obc-cat-0970,src-hust-obc,source_marked_risk_noted,needs_cross_source_review,2026-06-28
obs-xwalk-cand-000861,codepoint_crosswalk_candidate,corpus/001_oracle-characters/120_000801-000900_obs-xwalk-bucket_codepoint-xwalk/061_obs-xwalk-cand-000861_xwalk-000861_codepoint-xwalk,hust-obimd-evobc-xwalk-000861,hust-obimd-evobc-xwalk-000861;hust-obc-cat-0971,src-hust-obc,source_marked_risk_noted,needs_cross_source_review,2026-06-28
obs-xwalk-cand-000862,codepoint_crosswalk_candidate,corpus/001_oracle-characters/120_000801-000900_obs-xwalk-bucket_codepoint-xwalk/062_obs-xwalk-cand-000862_xwalk-000862_codepoint-xwalk,hust-obimd-evobc-xwalk-000862,hust-obimd-evobc-xwalk-000862;hust-obc-cat-0972,src-hust-obc,source_marked_risk_noted,needs_cross_source_review,2026-06-28
obs-xwalk-cand-000863,codepoint_crosswalk_candidate,corpus/001_oracle-characters/120_000801-000900_obs-xwalk-bucket_codepoint-xwalk/063_obs-xwalk-cand-000863_xwalk-000863_codepoint-xwalk,hust-obimd-evobc-xwalk-000863,hust-obimd-evobc-xwalk-000863;hust-obc-cat-0973,src-hust-obc,source_marked_risk_noted,needs_cross_source_review,2026-06-28
obs-xwalk-cand-000864,codepoint_crosswalk_candidate,corpus/001_oracle-characters/120_000801-000900_obs-xwalk-bucket_codepoint-xwalk/064_obs-xwalk-cand-000864_xwalk-000864_codepoint-xwalk,hust-obimd-evobc-xwalk-000864,hust-obimd-evobc-xwalk-000864;hust-obc-cat-0974,src-hust-obc,source_marked_risk_noted,needs_cross_source_review,2026-06-28
obs-xwalk-cand-000865,codepoint_crosswalk_candidate,corpus/001_oracle-characters/120_000801-000900_obs-xwalk-bucket_codepoint-xwalk/065_obs-xwalk-cand-000865_xwalk-000865_codepoint-xwalk,hust-obimd-evobc-xwalk-000865,hust-obimd-evobc-xwalk-000865;hust-obc-cat-0975,src-hust-obc,source_marked_risk_noted,needs_cross_source_review,2026-06-28
obs-xwalk-cand-000866,codepoint_crosswalk_candidate,corpus/001_oracle-characters/120_000801-000900_obs-xwalk-bucket_codepoint-xwalk/066_obs-xwalk-cand-000866_xwalk-000866_codepoint-xwalk,hust-obimd-evobc-xwalk-000866,hust-obimd-evobc-xwalk-000866;hust-obc-cat-0976_0977,src-hust-obc,source_marked_risk_noted,needs_cross_source_review,2026-06-28
obs-xwalk-cand-000867,codepoint_crosswalk_candidate,corpus/001_oracle-characters/120_000801-000900_obs-xwalk-bucket_codepoint-xwalk/067_obs-xwalk-cand-000867_xwalk-000867_codepoint-xwalk,hust-obimd-evobc-xwalk-000867,hust-obimd-evobc-xwalk-000867;hust-obc-cat-0978,src-hust-obc,source_marked_risk_noted,needs_cross_source_review,2026-06-28
obs-xwalk-cand-000868,codepoint_crosswalk_candidate,corpus/001_oracle-characters/120_000801-000900_obs-xwalk-bucket_codepoint-xwalk/068_obs-xwalk-cand-000868_xwalk-000868_codepoint-xwalk,hust-obimd-evobc-xwalk-000868,hust-obimd-evobc-xwalk-000868;hust-obc-cat-0979,src-hust-obc,source_marked_risk_noted,needs_cross_source_review,2026-06-28
obs-xwalk-cand-000869,codepoint_crosswalk_candidate,corpus/001_oracle-characters/120_000801-000900_obs-xwalk-bucket_codepoint-xwalk/069_obs-xwalk-cand-000869_xwalk-000869_codepoint-xwalk,hust-obimd-evobc-xwalk-000869,hust-obimd-evobc-xwalk-000869;hust-obc-cat-0980,src-hust-obc,source_marked_risk_noted,needs_cross_source_review,2026-06-28
obs-xwalk-cand-000870,codepoint_crosswalk_candidate,corpus/001_oracle-characters/120_000801-000900_obs-xwalk-bucket_codepoint-xwalk/070_obs-xwalk-cand-000870_xwalk-000870_codepoint-xwalk,hust-obimd-evobc-xwalk-000870,hust-obimd-evobc-xwalk-000870;hust-obc-cat-0981,src-hust-obc,source_marked_risk_noted,needs_cross_source_review,2026-06-28
obs-xwalk-cand-000871,codepoint_crosswalk_candidate,corpus/001_oracle-characters/120_000801-000900_obs-xwalk-bucket_codepoint-xwalk/071_obs-xwalk-cand-000871_xwalk-000871_codepoint-xwalk,hust-obimd-evobc-xwalk-000871,hust-obimd-evobc-xwalk-000871;hust-obc-cat-0982,src-hust-obc,source_marked_risk_noted,needs_cross_source_review,2026-06-28
obs-xwalk-cand-000872,codepoint_crosswalk_candidate,corpus/001_oracle-characters/120_000801-000900_obs-xwalk-bucket_codepoint-xwalk/072_obs-xwalk-cand-000872_xwalk-000872_codepoint-xwalk,hust-obimd-evobc-xwalk-000872,hust-obimd-evobc-xwalk-000872;hust-obc-cat-0983,src-hust-obc,source_marked_risk_noted,needs_cross_source_review,2026-06-28
obs-xwalk-cand-000873,codepoint_crosswalk_candidate,corpus/001_oracle-characters/120_000801-000900_obs-xwalk-bucket_codepoint-xwalk/073_obs-xwalk-cand-000873_xwalk-000873_codepoint-xwalk,hust-obimd-evobc-xwalk-000873,hust-obimd-evobc-xwalk-000873;hust-obc-cat-0984_0985,src-hust-obc,source_marked_risk_noted,needs_cross_source_review,2026-06-28
obs-xwalk-cand-000874,codepoint_crosswalk_candidate,corpus/001_oracle-characters/120_000801-000900_obs-xwalk-bucket_codepoint-xwalk/074_obs-xwalk-cand-000874_xwalk-000874_codepoint-xwalk,hust-obimd-evobc-xwalk-000874,hust-obimd-evobc-xwalk-000874;hust-obc-cat-0986,src-hust-obc,source_marked_risk_noted,needs_cross_source_review,2026-06-28
obs-xwalk-cand-000875,codepoint_crosswalk_candidate,corpus/001_oracle-characters/120_000801-000900_obs-xwalk-bucket_codepoint-xwalk/075_obs-xwalk-cand-000875_xwalk-000875_codepoint-xwalk,hust-obimd-evobc-xwalk-000875,hust-obimd-evobc-xwalk-000875;hust-obc-cat-0987,src-hust-obc,source_marked_risk_noted,needs_cross_source_review,2026-06-28
obs-xwalk-cand-000876,codepoint_crosswalk_candidate,corpus/001_oracle-characters/120_000801-000900_obs-xwalk-bucket_codepoint-xwalk/076_obs-xwalk-cand-000876_xwalk-000876_codepoint-xwalk,hust-obimd-evobc-xwalk-000876,hust-obimd-evobc-xwalk-000876;hust-obc-cat-0988,src-hust-obc,source_marked_risk_noted,needs_cross_source_review,2026-06-28
obs-xwalk-cand-000877,codepoint_crosswalk_candidate,corpus/001_oracle-characters/120_000801-000900_obs-xwalk-bucket_codepoint-xwalk/077_obs-xwalk-cand-000877_xwalk-000877_codepoint-xwalk,hust-obimd-evobc-xwalk-000877,hust-obimd-evobc-xwalk-000877;hust-obc-cat-0989,src-hust-obc,source_marked_risk_noted,needs_cross_source_review,2026-06-28
obs-xwalk-cand-000878,codepoint_crosswalk_candidate,corpus/001_oracle-characters/120_000801-000900_obs-xwalk-bucket_codepoint-xwalk/078_obs-xwalk-cand-000878_xwalk-000878_codepoint-xwalk,hust-obimd-evobc-xwalk-000878,hust-obimd-evobc-xwalk-000878;hust-obc-cat-0990,src-hust-obc,source_marked_risk_noted,needs_cross_source_review,2026-06-28
obs-xwalk-cand-000879,codepoint_crosswalk_candidate,corpus/001_oracle-characters/120_000801-000900_obs-xwalk-bucket_codepoint-xwalk/079_obs-xwalk-cand-000879_xwalk-000879_codepoint-xwalk,hust-obimd-evobc-xwalk-000879,hust-obimd-evobc-xwalk-000879;hust-obc-cat-0991,src-hust-obc,source_marked_risk_noted,needs_cross_source_review,2026-06-28
obs-xwalk-cand-000880,codepoint_crosswalk_candidate,corpus/001_oracle-characters/120_000801-000900_obs-xwalk-bucket_codepoint-xwalk/080_obs-xwalk-cand-000880_xwalk-000880_codepoint-xwalk,hust-obimd-evobc-xwalk-000880,hust-obimd-evobc-xwalk-000880;hust-obc-cat-0992,src-hust-obc,source_marked_risk_noted,needs_cross_source_review,2026-06-28
obs-xwalk-cand-000881,codepoint_crosswalk_candidate,corpus/001_oracle-characters/120_000801-000900_obs-xwalk-bucket_codepoint-xwalk/081_obs-xwalk-cand-000881_xwalk-000881_codepoint-xwalk,hust-obimd-evobc-xwalk-000881,hust-obimd-evobc-xwalk-000881;hust-obc-cat-0993,src-hust-obc,source_marked_risk_noted,needs_cross_source_review,2026-06-28
obs-xwalk-cand-000882,codepoint_crosswalk_candidate,corpus/001_oracle-characters/120_000801-000900_obs-xwalk-bucket_codepoint-xwalk/082_obs-xwalk-cand-000882_xwalk-000882_codepoint-xwalk,hust-obimd-evobc-xwalk-000882,hust-obimd-evobc-xwalk-000882;hust-obc-cat-0994,src-hust-obc,source_marked_risk_noted,needs_cross_source_review,2026-06-28
obs-xwalk-cand-000883,codepoint_crosswalk_candidate,corpus/001_oracle-characters/120_000801-000900_obs-xwalk-bucket_codepoint-xwalk/083_obs-xwalk-cand-000883_xwalk-000883_codepoint-xwalk,hust-obimd-evobc-xwalk-000883,hust-obimd-evobc-xwalk-000883;hust-obc-cat-0995,src-hust-obc,source_marked_risk_noted,needs_cross_source_review,2026-06-28
obs-xwalk-cand-000884,codepoint_crosswalk_candidate,corpus/001_oracle-characters/120_000801-000900_obs-xwalk-bucket_codepoint-xwalk/084_obs-xwalk-cand-000884_xwalk-000884_codepoint-xwalk,hust-obimd-evobc-xwalk-000884,hust-obimd-evobc-xwalk-000884;hust-obc-cat-0996,src-hust-obc,source_marked_risk_noted,needs_cross_source_review,2026-06-28
obs-xwalk-cand-000885,codepoint_crosswalk_candidate,corpus/001_oracle-characters/120_000801-000900_obs-xwalk-bucket_codepoint-xwalk/085_obs-xwalk-cand-000885_xwalk-000885_codepoint-xwalk,hust-obimd-evobc-xwalk-000885,hust-obimd-evobc-xwalk-000885;hust-obc-cat-0997,src-hust-obc,source_marked_risk_noted,needs_cross_source_review,2026-06-28
obs-xwalk-cand-000886,codepoint_crosswalk_candidate,corpus/001_oracle-characters/120_000801-000900_obs-xwalk-bucket_codepoint-xwalk/086_obs-xwalk-cand-000886_xwalk-000886_codepoint-xwalk,hust-obimd-evobc-xwalk-000886,hust-obimd-evobc-xwalk-000886;hust-obc-cat-0998,src-hust-obc,source_marked_risk_noted,needs_cross_source_review,2026-06-28
obs-xwalk-cand-000887,codepoint_crosswalk_candidate,corpus/001_oracle-characters/120_000801-000900_obs-xwalk-bucket_codepoint-xwalk/087_obs-xwalk-cand-000887_xwalk-000887_codepoint-xwalk,hust-obimd-evobc-xwalk-000887,hust-obimd-evobc-xwalk-000887;hust-obc-cat-0999,src-hust-obc,source_marked_risk_noted,needs_cross_source_review,2026-06-28
obs-xwalk-cand-000888,codepoint_crosswalk_candidate,corpus/001_oracle-characters/120_000801-000900_obs-xwalk-bucket_codepoint-xwalk/088_obs-xwalk-cand-000888_xwalk-000888_codepoint-xwalk,hust-obimd-evobc-xwalk-000888,hust-obimd-evobc-xwalk-000888;hust-obc-cat-1000,src-hust-obc,source_marked_risk_noted,needs_cross_source_review,2026-06-28
obs-xwalk-cand-000889,codepoint_crosswalk_candidate,corpus/001_oracle-characters/120_000801-000900_obs-xwalk-bucket_codepoint-xwalk/089_obs-xwalk-cand-000889_xwalk-000889_codepoint-xwalk,hust-obimd-evobc-xwalk-000889,hust-obimd-evobc-xwalk-000889;hust-obc-cat-1001,src-hust-obc,source_marked_risk_noted,needs_cross_source_review,2026-06-28
obs-xwalk-cand-000890,codepoint_crosswalk_candidate,corpus/001_oracle-characters/120_000801-000900_obs-xwalk-bucket_codepoint-xwalk/090_obs-xwalk-cand-000890_xwalk-000890_codepoint-xwalk,hust-obimd-evobc-xwalk-000890,hust-obimd-evobc-xwalk-000890;hust-obc-cat-1002,src-hust-obc,source_marked_risk_noted,needs_cross_source_review,2026-06-28
obs-xwalk-cand-000891,codepoint_crosswalk_candidate,corpus/001_oracle-characters/120_000801-000900_obs-xwalk-bucket_codepoint-xwalk/091_obs-xwalk-cand-000891_xwalk-000891_codepoint-xwalk,hust-obimd-evobc-xwalk-000891,hust-obimd-evobc-xwalk-000891;hust-obc-cat-1003,src-hust-obc,source_marked_risk_noted,needs_cross_source_review,2026-06-28
obs-xwalk-cand-000892,codepoint_crosswalk_candidate,corpus/001_oracle-characters/120_000801-000900_obs-xwalk-bucket_codepoint-xwalk/092_obs-xwalk-cand-000892_xwalk-000892_codepoint-xwalk,hust-obimd-evobc-xwalk-000892,hust-obimd-evobc-xwalk-000892;hust-obc-cat-1004,src-hust-obc,source_marked_risk_noted,needs_cross_source_review,2026-06-28
obs-xwalk-cand-000893,codepoint_crosswalk_candidate,corpus/001_oracle-characters/120_000801-000900_obs-xwalk-bucket_codepoint-xwalk/093_obs-xwalk-cand-000893_xwalk-000893_codepoint-xwalk,hust-obimd-evobc-xwalk-000893,hust-obimd-evobc-xwalk-000893;hust-obc-cat-1005,src-hust-obc,source_marked_risk_noted,needs_cross_source_review,2026-06-28
obs-xwalk-cand-000894,codepoint_crosswalk_candidate,corpus/001_oracle-characters/120_000801-000900_obs-xwalk-bucket_codepoint-xwalk/094_obs-xwalk-cand-000894_xwalk-000894_codepoint-xwalk,hust-obimd-evobc-xwalk-000894,hust-obimd-evobc-xwalk-000894;hust-obc-cat-1006,src-hust-obc,source_marked_risk_noted,needs_cross_source_review,2026-06-28
obs-xwalk-cand-000895,codepoint_crosswalk_candidate,corpus/001_oracle-characters/120_000801-000900_obs-xwalk-bucket_codepoint-xwalk/095_obs-xwalk-cand-000895_xwalk-000895_codepoint-xwalk,hust-obimd-evobc-xwalk-000895,hust-obimd-evobc-xwalk-000895;hust-obc-cat-1007,src-hust-obc,source_marked_risk_noted,needs_cross_source_review,2026-06-28
obs-xwalk-cand-000896,codepoint_crosswalk_candidate,corpus/001_oracle-characters/120_000801-000900_obs-xwalk-bucket_codepoint-xwalk/096_obs-xwalk-cand-000896_xwalk-000896_codepoint-xwalk,hust-obimd-evobc-xwalk-000896,hust-obimd-evobc-xwalk-000896;hust-obc-cat-1008_1009,src-hust-obc,source_marked_risk_noted,needs_cross_source_review,2026-06-28
obs-xwalk-cand-000897,codepoint_crosswalk_candidate,corpus/001_oracle-characters/120_000801-000900_obs-xwalk-bucket_codepoint-xwalk/097_obs-xwalk-cand-000897_xwalk-000897_codepoint-xwalk,hust-obimd-evobc-xwalk-000897,hust-obimd-evobc-xwalk-000897;hust-obc-cat-1010_1011,src-hust-obc,source_marked_risk_noted,needs_cross_source_review,2026-06-28
obs-xwalk-cand-000898,codepoint_crosswalk_candidate,corpus/001_oracle-characters/120_000801-000900_obs-xwalk-bucket_codepoint-xwalk/098_obs-xwalk-cand-000898_xwalk-000898_codepoint-xwalk,hust-obimd-evobc-xwalk-000898,hust-obimd-evobc-xwalk-000898;hust-obc-cat-1012,src-hust-obc,source_marked_risk_noted,needs_cross_source_review,2026-06-28
obs-xwalk-cand-000899,codepoint_crosswalk_candidate,corpus/001_oracle-characters/120_000801-000900_obs-xwalk-bucket_codepoint-xwalk/099_obs-xwalk-cand-000899_xwalk-000899_codepoint-xwalk,hust-obimd-evobc-xwalk-000899,hust-obimd-evobc-xwalk-000899;hust-obc-cat-1013,src-hust-obc,source_marked_risk_noted,needs_cross_source_review,2026-06-28
obs-xwalk-cand-000900,codepoint_crosswalk_candidate,corpus/001_oracle-characters/120_000801-000900_obs-xwalk-bucket_codepoint-xwalk/100_obs-xwalk-cand-000900_xwalk-000900_codepoint-xwalk,hust-obimd-evobc-xwalk-000900,hust-obimd-evobc-xwalk-000900;hust-obc-cat-1014,src-hust-obc,source_marked_risk_noted,needs_cross_source_review,2026-06-28
obs-xwalk-cand-000901,codepoint_crosswalk_candidate,corpus/001_oracle-characters/121_000901-001000_obs-xwalk-bucket_codepoint-xwalk/001_obs-xwalk-cand-000901_xwalk-000901_codepoint-xwalk,hust-obimd-evobc-xwalk-000901,hust-obimd-evobc-xwalk-000901;hust-obc-cat-1015,src-hust-obc,source_marked_risk_noted,needs_cross_source_review,2026-06-28
obs-xwalk-cand-000902,codepoint_crosswalk_candidate,corpus/001_oracle-characters/121_000901-001000_obs-xwalk-bucket_codepoint-xwalk/002_obs-xwalk-cand-000902_xwalk-000902_codepoint-xwalk,hust-obimd-evobc-xwalk-000902,hust-obimd-evobc-xwalk-000902;hust-obc-cat-1016,src-hust-obc,source_marked_risk_noted,needs_cross_source_review,2026-06-28
obs-xwalk-cand-000903,codepoint_crosswalk_candidate,corpus/001_oracle-characters/121_000901-001000_obs-xwalk-bucket_codepoint-xwalk/003_obs-xwalk-cand-000903_xwalk-000903_codepoint-xwalk,hust-obimd-evobc-xwalk-000903,hust-obimd-evobc-xwalk-000903;hust-obc-cat-1017,src-hust-obc,source_marked_risk_noted,needs_cross_source_review,2026-06-28
obs-xwalk-cand-000904,codepoint_crosswalk_candidate,corpus/001_oracle-characters/121_000901-001000_obs-xwalk-bucket_codepoint-xwalk/004_obs-xwalk-cand-000904_xwalk-000904_codepoint-xwalk,hust-obimd-evobc-xwalk-000904,hust-obimd-evobc-xwalk-000904;hust-obc-cat-1018_1019,src-hust-obc,source_marked_risk_noted,needs_cross_source_review,2026-06-28
obs-xwalk-cand-000905,codepoint_crosswalk_candidate,corpus/001_oracle-characters/121_000901-001000_obs-xwalk-bucket_codepoint-xwalk/005_obs-xwalk-cand-000905_xwalk-000905_codepoint-xwalk,hust-obimd-evobc-xwalk-000905,hust-obimd-evobc-xwalk-000905;hust-obc-cat-1020,src-hust-obc,source_marked_risk_noted,needs_cross_source_review,2026-06-28
obs-xwalk-cand-000906,codepoint_crosswalk_candidate,corpus/001_oracle-characters/121_000901-001000_obs-xwalk-bucket_codepoint-xwalk/006_obs-xwalk-cand-000906_xwalk-000906_codepoint-xwalk,hust-obimd-evobc-xwalk-000906,hust-obimd-evobc-xwalk-000906;hust-obc-cat-1021,src-hust-obc,source_marked_risk_noted,needs_cross_source_review,2026-06-28
obs-xwalk-cand-000907,codepoint_crosswalk_candidate,corpus/001_oracle-characters/121_000901-001000_obs-xwalk-bucket_codepoint-xwalk/007_obs-xwalk-cand-000907_xwalk-000907_codepoint-xwalk,hust-obimd-evobc-xwalk-000907,hust-obimd-evobc-xwalk-000907;hust-obc-cat-1022,src-hust-obc,source_marked_risk_noted,needs_cross_source_review,2026-06-28
obs-xwalk-cand-000908,codepoint_crosswalk_candidate,corpus/001_oracle-characters/121_000901-001000_obs-xwalk-bucket_codepoint-xwalk/008_obs-xwalk-cand-000908_xwalk-000908_codepoint-xwalk,hust-obimd-evobc-xwalk-000908,hust-obimd-evobc-xwalk-000908;hust-obc-cat-1023,src-hust-obc,source_marked_risk_noted,needs_cross_source_review,2026-06-28
obs-xwalk-cand-000909,codepoint_crosswalk_candidate,corpus/001_oracle-characters/121_000901-001000_obs-xwalk-bucket_codepoint-xwalk/009_obs-xwalk-cand-000909_xwalk-000909_codepoint-xwalk,hust-obimd-evobc-xwalk-000909,hust-obimd-evobc-xwalk-000909;hust-obc-cat-1024,src-hust-obc,source_marked_risk_noted,needs_cross_source_review,2026-06-28
obs-xwalk-cand-000910,codepoint_crosswalk_candidate,corpus/001_oracle-characters/121_000901-001000_obs-xwalk-bucket_codepoint-xwalk/010_obs-xwalk-cand-000910_xwalk-000910_codepoint-xwalk,hust-obimd-evobc-xwalk-000910,hust-obimd-evobc-xwalk-000910;hust-obc-cat-1025,src-hust-obc,source_marked_risk_noted,needs_cross_source_review,2026-06-28
obs-xwalk-cand-000911,codepoint_crosswalk_candidate,corpus/001_oracle-characters/121_000901-001000_obs-xwalk-bucket_codepoint-xwalk/011_obs-xwalk-cand-000911_xwalk-000911_codepoint-xwalk,hust-obimd-evobc-xwalk-000911,hust-obimd-evobc-xwalk-000911;hust-obc-cat-1026,src-hust-obc,source_marked_risk_noted,needs_cross_source_review,2026-06-28
obs-xwalk-cand-000912,codepoint_crosswalk_candidate,corpus/001_oracle-characters/121_000901-001000_obs-xwalk-bucket_codepoint-xwalk/012_obs-xwalk-cand-000912_xwalk-000912_codepoint-xwalk,hust-obimd-evobc-xwalk-000912,hust-obimd-evobc-xwalk-000912;hust-obc-cat-1027,src-hust-obc,source_marked_risk_noted,needs_cross_source_review,2026-06-28
obs-xwalk-cand-000913,codepoint_crosswalk_candidate,corpus/001_oracle-characters/121_000901-001000_obs-xwalk-bucket_codepoint-xwalk/013_obs-xwalk-cand-000913_xwalk-000913_codepoint-xwalk,hust-obimd-evobc-xwalk-000913,hust-obimd-evobc-xwalk-000913;hust-obc-cat-1028,src-hust-obc,source_marked_risk_noted,needs_cross_source_review,2026-06-28
obs-xwalk-cand-000914,codepoint_crosswalk_candidate,corpus/001_oracle-characters/121_000901-001000_obs-xwalk-bucket_codepoint-xwalk/014_obs-xwalk-cand-000914_xwalk-000914_codepoint-xwalk,hust-obimd-evobc-xwalk-000914,hust-obimd-evobc-xwalk-000914;hust-obc-cat-1029_1030,src-hust-obc,source_marked_risk_noted,needs_cross_source_review,2026-06-28
obs-xwalk-cand-000915,codepoint_crosswalk_candidate,corpus/001_oracle-characters/121_000901-001000_obs-xwalk-bucket_codepoint-xwalk/015_obs-xwalk-cand-000915_xwalk-000915_codepoint-xwalk,hust-obimd-evobc-xwalk-000915,hust-obimd-evobc-xwalk-000915;hust-obc-cat-1031,src-hust-obc,source_marked_risk_noted,needs_cross_source_review,2026-06-28
obs-xwalk-cand-000916,codepoint_crosswalk_candidate,corpus/001_oracle-characters/121_000901-001000_obs-xwalk-bucket_codepoint-xwalk/016_obs-xwalk-cand-000916_xwalk-000916_codepoint-xwalk,hust-obimd-evobc-xwalk-000916,hust-obimd-evobc-xwalk-000916;hust-obc-cat-1032,src-hust-obc,source_marked_risk_noted,needs_cross_source_review,2026-06-28
obs-xwalk-cand-000917,codepoint_crosswalk_candidate,corpus/001_oracle-characters/121_000901-001000_obs-xwalk-bucket_codepoint-xwalk/017_obs-xwalk-cand-000917_xwalk-000917_codepoint-xwalk,hust-obimd-evobc-xwalk-000917,hust-obimd-evobc-xwalk-000917;hust-obc-cat-1033,src-hust-obc,source_marked_risk_noted,needs_cross_source_review,2026-06-28
obs-xwalk-cand-000918,codepoint_crosswalk_candidate,corpus/001_oracle-characters/121_000901-001000_obs-xwalk-bucket_codepoint-xwalk/018_obs-xwalk-cand-000918_xwalk-000918_codepoint-xwalk,hust-obimd-evobc-xwalk-000918,hust-obimd-evobc-xwalk-000918;hust-obc-cat-1034_1035,src-hust-obc,source_marked_risk_noted,needs_cross_source_review,2026-06-28
obs-xwalk-cand-000919,codepoint_crosswalk_candidate,corpus/001_oracle-characters/121_000901-001000_obs-xwalk-bucket_codepoint-xwalk/019_obs-xwalk-cand-000919_xwalk-000919_codepoint-xwalk,hust-obimd-evobc-xwalk-000919,hust-obimd-evobc-xwalk-000919;hust-obc-cat-1036,src-hust-obc,source_marked_risk_noted,needs_cross_source_review,2026-06-28
obs-xwalk-cand-000920,codepoint_crosswalk_candidate,corpus/001_oracle-characters/121_000901-001000_obs-xwalk-bucket_codepoint-xwalk/020_obs-xwalk-cand-000920_xwalk-000920_codepoint-xwalk,hust-obimd-evobc-xwalk-000920,hust-obimd-evobc-xwalk-000920;hust-obc-cat-1037,src-hust-obc,source_marked_risk_noted,needs_cross_source_review,2026-06-28
obs-xwalk-cand-000921,codepoint_crosswalk_candidate,corpus/001_oracle-characters/121_000901-001000_obs-xwalk-bucket_codepoint-xwalk/021_obs-xwalk-cand-000921_xwalk-000921_codepoint-xwalk,hust-obimd-evobc-xwalk-000921,hust-obimd-evobc-xwalk-000921;hust-obc-cat-1038,src-hust-obc,source_marked_risk_noted,needs_cross_source_review,2026-06-28
obs-xwalk-cand-000922,codepoint_crosswalk_candidate,corpus/001_oracle-characters/121_000901-001000_obs-xwalk-bucket_codepoint-xwalk/022_obs-xwalk-cand-000922_xwalk-000922_codepoint-xwalk,hust-obimd-evobc-xwalk-000922,hust-obimd-evobc-xwalk-000922;hust-obc-cat-1039,src-hust-obc,source_marked_risk_noted,needs_cross_source_review,2026-06-28
obs-xwalk-cand-000923,codepoint_crosswalk_candidate,corpus/001_oracle-characters/121_000901-001000_obs-xwalk-bucket_codepoint-xwalk/023_obs-xwalk-cand-000923_xwalk-000923_codepoint-xwalk,hust-obimd-evobc-xwalk-000923,hust-obimd-evobc-xwalk-000923;hust-obc-cat-1040,src-hust-obc,source_marked_risk_noted,needs_cross_source_review,2026-06-28
obs-xwalk-cand-000924,codepoint_crosswalk_candidate,corpus/001_oracle-characters/121_000901-001000_obs-xwalk-bucket_codepoint-xwalk/024_obs-xwalk-cand-000924_xwalk-000924_codepoint-xwalk,hust-obimd-evobc-xwalk-000924,hust-obimd-evobc-xwalk-000924;hust-obc-cat-1041,src-hust-obc,source_marked_risk_noted,needs_cross_source_review,2026-06-28
obs-xwalk-cand-000925,codepoint_crosswalk_candidate,corpus/001_oracle-characters/121_000901-001000_obs-xwalk-bucket_codepoint-xwalk/025_obs-xwalk-cand-000925_xwalk-000925_codepoint-xwalk,hust-obimd-evobc-xwalk-000925,hust-obimd-evobc-xwalk-000925;hust-obc-cat-1042,src-hust-obc,source_marked_risk_noted,needs_cross_source_review,2026-06-28
obs-xwalk-cand-000926,codepoint_crosswalk_candidate,corpus/001_oracle-characters/121_000901-001000_obs-xwalk-bucket_codepoint-xwalk/026_obs-xwalk-cand-000926_xwalk-000926_codepoint-xwalk,hust-obimd-evobc-xwalk-000926,hust-obimd-evobc-xwalk-000926;hust-obc-cat-1043,src-hust-obc,source_marked_risk_noted,needs_cross_source_review,2026-06-28
obs-xwalk-cand-000927,codepoint_crosswalk_candidate,corpus/001_oracle-characters/121_000901-001000_obs-xwalk-bucket_codepoint-xwalk/027_obs-xwalk-cand-000927_xwalk-000927_codepoint-xwalk,hust-obimd-evobc-xwalk-000927,hust-obimd-evobc-xwalk-000927;hust-obc-cat-1044,src-hust-obc,source_marked_risk_noted,needs_cross_source_review,2026-06-28
obs-xwalk-cand-000928,codepoint_crosswalk_candidate,corpus/001_oracle-characters/121_000901-001000_obs-xwalk-bucket_codepoint-xwalk/028_obs-xwalk-cand-000928_xwalk-000928_codepoint-xwalk,hust-obimd-evobc-xwalk-000928,hust-obimd-evobc-xwalk-000928;hust-obc-cat-1045,src-hust-obc,source_marked_risk_noted,needs_cross_source_review,2026-06-28
obs-xwalk-cand-000929,codepoint_crosswalk_candidate,corpus/001_oracle-characters/121_000901-001000_obs-xwalk-bucket_codepoint-xwalk/029_obs-xwalk-cand-000929_xwalk-000929_codepoint-xwalk,hust-obimd-evobc-xwalk-000929,hust-obimd-evobc-xwalk-000929;hust-obc-cat-1046,src-hust-obc,source_marked_risk_noted,needs_cross_source_review,2026-06-28
obs-xwalk-cand-000930,codepoint_crosswalk_candidate,corpus/001_oracle-characters/121_000901-001000_obs-xwalk-bucket_codepoint-xwalk/030_obs-xwalk-cand-000930_xwalk-000930_codepoint-xwalk,hust-obimd-evobc-xwalk-000930,hust-obimd-evobc-xwalk-000930;hust-obc-cat-1047,src-hust-obc,source_marked_risk_noted,needs_cross_source_review,2026-06-28
obs-xwalk-cand-000931,codepoint_crosswalk_candidate,corpus/001_oracle-characters/121_000901-001000_obs-xwalk-bucket_codepoint-xwalk/031_obs-xwalk-cand-000931_xwalk-000931_codepoint-xwalk,hust-obimd-evobc-xwalk-000931,hust-obimd-evobc-xwalk-000931;hust-obc-cat-1048,src-hust-obc,source_marked_risk_noted,needs_cross_source_review,2026-06-28
obs-xwalk-cand-000932,codepoint_crosswalk_candidate,corpus/001_oracle-characters/121_000901-001000_obs-xwalk-bucket_codepoint-xwalk/032_obs-xwalk-cand-000932_xwalk-000932_codepoint-xwalk,hust-obimd-evobc-xwalk-000932,hust-obimd-evobc-xwalk-000932;hust-obc-cat-1049,src-hust-obc,source_marked_risk_noted,needs_cross_source_review,2026-06-28
obs-xwalk-cand-000933,codepoint_crosswalk_candidate,corpus/001_oracle-characters/121_000901-001000_obs-xwalk-bucket_codepoint-xwalk/033_obs-xwalk-cand-000933_xwalk-000933_codepoint-xwalk,hust-obimd-evobc-xwalk-000933,hust-obimd-evobc-xwalk-000933;hust-obc-cat-1050,src-hust-obc,source_marked_risk_noted,needs_cross_source_review,2026-06-28
obs-xwalk-cand-000934,codepoint_crosswalk_candidate,corpus/001_oracle-characters/121_000901-001000_obs-xwalk-bucket_codepoint-xwalk/034_obs-xwalk-cand-000934_xwalk-000934_codepoint-xwalk,hust-obimd-evobc-xwalk-000934,hust-obimd-evobc-xwalk-000934;hust-obc-cat-1051,src-hust-obc,source_marked_risk_noted,needs_cross_source_review,2026-06-28
obs-xwalk-cand-000935,codepoint_crosswalk_candidate,corpus/001_oracle-characters/121_000901-001000_obs-xwalk-bucket_codepoint-xwalk/035_obs-xwalk-cand-000935_xwalk-000935_codepoint-xwalk,hust-obimd-evobc-xwalk-000935,hust-obimd-evobc-xwalk-000935;hust-obc-cat-1052,src-hust-obc,source_marked_risk_noted,needs_cross_source_review,2026-06-28
obs-xwalk-cand-000936,codepoint_crosswalk_candidate,corpus/001_oracle-characters/121_000901-001000_obs-xwalk-bucket_codepoint-xwalk/036_obs-xwalk-cand-000936_xwalk-000936_codepoint-xwalk,hust-obimd-evobc-xwalk-000936,hust-obimd-evobc-xwalk-000936;hust-obc-cat-1053,src-hust-obc,source_marked_risk_noted,needs_cross_source_review,2026-06-28
obs-xwalk-cand-000937,codepoint_crosswalk_candidate,corpus/001_oracle-characters/121_000901-001000_obs-xwalk-bucket_codepoint-xwalk/037_obs-xwalk-cand-000937_xwalk-000937_codepoint-xwalk,hust-obimd-evobc-xwalk-000937,hust-obimd-evobc-xwalk-000937;hust-obc-cat-1054,src-hust-obc,source_marked_risk_noted,needs_cross_source_review,2026-06-28
obs-xwalk-cand-000938,codepoint_crosswalk_candidate,corpus/001_oracle-characters/121_000901-001000_obs-xwalk-bucket_codepoint-xwalk/038_obs-xwalk-cand-000938_xwalk-000938_codepoint-xwalk,hust-obimd-evobc-xwalk-000938,hust-obimd-evobc-xwalk-000938;hust-obc-cat-1055,src-hust-obc,source_marked_risk_noted,needs_cross_source_review,2026-06-28
obs-xwalk-cand-000939,codepoint_crosswalk_candidate,corpus/001_oracle-characters/121_000901-001000_obs-xwalk-bucket_codepoint-xwalk/039_obs-xwalk-cand-000939_xwalk-000939_codepoint-xwalk,hust-obimd-evobc-xwalk-000939,hust-obimd-evobc-xwalk-000939;hust-obc-cat-1056,src-hust-obc,source_marked_risk_noted,needs_cross_source_review,2026-06-28
obs-xwalk-cand-000940,codepoint_crosswalk_candidate,corpus/001_oracle-characters/121_000901-001000_obs-xwalk-bucket_codepoint-xwalk/040_obs-xwalk-cand-000940_xwalk-000940_codepoint-xwalk,hust-obimd-evobc-xwalk-000940,hust-obimd-evobc-xwalk-000940;hust-obc-cat-1057,src-hust-obc,source_marked_risk_noted,needs_cross_source_review,2026-06-28
obs-xwalk-cand-000941,codepoint_crosswalk_candidate,corpus/001_oracle-characters/121_000901-001000_obs-xwalk-bucket_codepoint-xwalk/041_obs-xwalk-cand-000941_xwalk-000941_codepoint-xwalk,hust-obimd-evobc-xwalk-000941,hust-obimd-evobc-xwalk-000941;hust-obc-cat-1058,src-hust-obc,source_marked_risk_noted,needs_cross_source_review,2026-06-28
obs-xwalk-cand-000942,codepoint_crosswalk_candidate,corpus/001_oracle-characters/121_000901-001000_obs-xwalk-bucket_codepoint-xwalk/042_obs-xwalk-cand-000942_xwalk-000942_codepoint-xwalk,hust-obimd-evobc-xwalk-000942,hust-obimd-evobc-xwalk-000942;hust-obc-cat-1059,src-hust-obc,source_marked_risk_noted,needs_cross_source_review,2026-06-28
obs-xwalk-cand-000943,codepoint_crosswalk_candidate,corpus/001_oracle-characters/121_000901-001000_obs-xwalk-bucket_codepoint-xwalk/043_obs-xwalk-cand-000943_xwalk-000943_codepoint-xwalk,hust-obimd-evobc-xwalk-000943,hust-obimd-evobc-xwalk-000943;hust-obc-cat-1060,src-hust-obc,source_marked_risk_noted,needs_cross_source_review,2026-06-28
obs-xwalk-cand-000944,codepoint_crosswalk_candidate,corpus/001_oracle-characters/121_000901-001000_obs-xwalk-bucket_codepoint-xwalk/044_obs-xwalk-cand-000944_xwalk-000944_codepoint-xwalk,hust-obimd-evobc-xwalk-000944,hust-obimd-evobc-xwalk-000944;hust-obc-cat-1061,src-hust-obc,source_marked_risk_noted,needs_cross_source_review,2026-06-28
obs-xwalk-cand-000945,codepoint_crosswalk_candidate,corpus/001_oracle-characters/121_000901-001000_obs-xwalk-bucket_codepoint-xwalk/045_obs-xwalk-cand-000945_xwalk-000945_codepoint-xwalk,hust-obimd-evobc-xwalk-000945,hust-obimd-evobc-xwalk-000945;hust-obc-cat-1062,src-hust-obc,source_marked_risk_noted,needs_cross_source_review,2026-06-28
obs-xwalk-cand-000946,codepoint_crosswalk_candidate,corpus/001_oracle-characters/121_000901-001000_obs-xwalk-bucket_codepoint-xwalk/046_obs-xwalk-cand-000946_xwalk-000946_codepoint-xwalk,hust-obimd-evobc-xwalk-000946,hust-obimd-evobc-xwalk-000946;hust-obc-cat-1063,src-hust-obc,source_marked_risk_noted,needs_cross_source_review,2026-06-28
obs-xwalk-cand-000947,codepoint_crosswalk_candidate,corpus/001_oracle-characters/121_000901-001000_obs-xwalk-bucket_codepoint-xwalk/047_obs-xwalk-cand-000947_xwalk-000947_codepoint-xwalk,hust-obimd-evobc-xwalk-000947,hust-obimd-evobc-xwalk-000947;hust-obc-cat-1064,src-hust-obc,source_marked_risk_noted,needs_cross_source_review,2026-06-28
obs-xwalk-cand-000948,codepoint_crosswalk_candidate,corpus/001_oracle-characters/121_000901-001000_obs-xwalk-bucket_codepoint-xwalk/048_obs-xwalk-cand-000948_xwalk-000948_codepoint-xwalk,hust-obimd-evobc-xwalk-000948,hust-obimd-evobc-xwalk-000948;hust-obc-cat-1065_1066,src-hust-obc,source_marked_risk_noted,needs_cross_source_review,2026-06-28
obs-xwalk-cand-000949,codepoint_crosswalk_candidate,corpus/001_oracle-characters/121_000901-001000_obs-xwalk-bucket_codepoint-xwalk/049_obs-xwalk-cand-000949_xwalk-000949_codepoint-xwalk,hust-obimd-evobc-xwalk-000949,hust-obimd-evobc-xwalk-000949;hust-obc-cat-1067,src-hust-obc,source_marked_risk_noted,needs_cross_source_review,2026-06-28
obs-xwalk-cand-000950,codepoint_crosswalk_candidate,corpus/001_oracle-characters/121_000901-001000_obs-xwalk-bucket_codepoint-xwalk/050_obs-xwalk-cand-000950_xwalk-000950_codepoint-xwalk,hust-obimd-evobc-xwalk-000950,hust-obimd-evobc-xwalk-000950;hust-obc-cat-1068,src-hust-obc,source_marked_risk_noted,needs_cross_source_review,2026-06-28
obs-xwalk-cand-000951,codepoint_crosswalk_candidate,corpus/001_oracle-characters/121_000901-001000_obs-xwalk-bucket_codepoint-xwalk/051_obs-xwalk-cand-000951_xwalk-000951_codepoint-xwalk,hust-obimd-evobc-xwalk-000951,hust-obimd-evobc-xwalk-000951;hust-obc-cat-1069,src-hust-obc,source_marked_risk_noted,needs_cross_source_review,2026-06-28
obs-xwalk-cand-000952,codepoint_crosswalk_candidate,corpus/001_oracle-characters/121_000901-001000_obs-xwalk-bucket_codepoint-xwalk/052_obs-xwalk-cand-000952_xwalk-000952_codepoint-xwalk,hust-obimd-evobc-xwalk-000952,hust-obimd-evobc-xwalk-000952;hust-obc-cat-1070,src-hust-obc,source_marked_risk_noted,needs_cross_source_review,2026-06-28
obs-xwalk-cand-000953,codepoint_crosswalk_candidate,corpus/001_oracle-characters/121_000901-001000_obs-xwalk-bucket_codepoint-xwalk/053_obs-xwalk-cand-000953_xwalk-000953_codepoint-xwalk,hust-obimd-evobc-xwalk-000953,hust-obimd-evobc-xwalk-000953;hust-obc-cat-1071_1072,src-hust-obc,source_marked_risk_noted,needs_cross_source_review,2026-06-28
obs-xwalk-cand-000954,codepoint_crosswalk_candidate,corpus/001_oracle-characters/121_000901-001000_obs-xwalk-bucket_codepoint-xwalk/054_obs-xwalk-cand-000954_xwalk-000954_codepoint-xwalk,hust-obimd-evobc-xwalk-000954,hust-obimd-evobc-xwalk-000954;hust-obc-cat-1073,src-hust-obc,source_marked_risk_noted,needs_cross_source_review,2026-06-28
obs-xwalk-cand-000955,codepoint_crosswalk_candidate,corpus/001_oracle-characters/121_000901-001000_obs-xwalk-bucket_codepoint-xwalk/055_obs-xwalk-cand-000955_xwalk-000955_codepoint-xwalk,hust-obimd-evobc-xwalk-000955,hust-obimd-evobc-xwalk-000955;hust-obc-cat-1074,src-hust-obc,source_marked_risk_noted,needs_cross_source_review,2026-06-28
obs-xwalk-cand-000956,codepoint_crosswalk_candidate,corpus/001_oracle-characters/121_000901-001000_obs-xwalk-bucket_codepoint-xwalk/056_obs-xwalk-cand-000956_xwalk-000956_codepoint-xwalk,hust-obimd-evobc-xwalk-000956,hust-obimd-evobc-xwalk-000956;hust-obc-cat-1075,src-hust-obc,source_marked_risk_noted,needs_cross_source_review,2026-06-28
obs-xwalk-cand-000957,codepoint_crosswalk_candidate,corpus/001_oracle-characters/121_000901-001000_obs-xwalk-bucket_codepoint-xwalk/057_obs-xwalk-cand-000957_xwalk-000957_codepoint-xwalk,hust-obimd-evobc-xwalk-000957,hust-obimd-evobc-xwalk-000957;hust-obc-cat-1076,src-hust-obc,source_marked_risk_noted,needs_cross_source_review,2026-06-28
obs-xwalk-cand-000958,codepoint_crosswalk_candidate,corpus/001_oracle-characters/121_000901-001000_obs-xwalk-bucket_codepoint-xwalk/058_obs-xwalk-cand-000958_xwalk-000958_codepoint-xwalk,hust-obimd-evobc-xwalk-000958,hust-obimd-evobc-xwalk-000958;hust-obc-cat-1077_1078,src-hust-obc,source_marked_risk_noted,needs_cross_source_review,2026-06-28
obs-xwalk-cand-000959,codepoint_crosswalk_candidate,corpus/001_oracle-characters/121_000901-001000_obs-xwalk-bucket_codepoint-xwalk/059_obs-xwalk-cand-000959_xwalk-000959_codepoint-xwalk,hust-obimd-evobc-xwalk-000959,hust-obimd-evobc-xwalk-000959;hust-obc-cat-1079;evobc-cat-00088,src-hust-obc;src-evobc,source_marked_risk_noted,needs_cross_source_review,2026-06-28
obs-xwalk-cand-000960,codepoint_crosswalk_candidate,corpus/001_oracle-characters/121_000901-001000_obs-xwalk-bucket_codepoint-xwalk/060_obs-xwalk-cand-000960_xwalk-000960_codepoint-xwalk,hust-obimd-evobc-xwalk-000960,hust-obimd-evobc-xwalk-000960;hust-obc-cat-1080,src-hust-obc,source_marked_risk_noted,needs_cross_source_review,2026-06-28
obs-xwalk-cand-000961,codepoint_crosswalk_candidate,corpus/001_oracle-characters/121_000901-001000_obs-xwalk-bucket_codepoint-xwalk/061_obs-xwalk-cand-000961_xwalk-000961_codepoint-xwalk,hust-obimd-evobc-xwalk-000961,hust-obimd-evobc-xwalk-000961;hust-obc-cat-1081;evobc-cat-00089,src-hust-obc;src-evobc,source_marked_risk_noted,needs_cross_source_review,2026-06-28
obs-xwalk-cand-000962,codepoint_crosswalk_candidate,corpus/001_oracle-characters/121_000901-001000_obs-xwalk-bucket_codepoint-xwalk/062_obs-xwalk-cand-000962_xwalk-000962_codepoint-xwalk,hust-obimd-evobc-xwalk-000962,hust-obimd-evobc-xwalk-000962;hust-obc-cat-1082,src-hust-obc,source_marked_risk_noted,needs_cross_source_review,2026-06-28
obs-xwalk-cand-000963,codepoint_crosswalk_candidate,corpus/001_oracle-characters/121_000901-001000_obs-xwalk-bucket_codepoint-xwalk/063_obs-xwalk-cand-000963_xwalk-000963_codepoint-xwalk,hust-obimd-evobc-xwalk-000963,hust-obimd-evobc-xwalk-000963;hust-obc-cat-1083;obimd-main-rny4p2gchp;evobc-cat-00090,src-hust-obc;src-obimd;src-evobc,source_marked_risk_noted,needs_cross_source_review,2026-06-28
obs-xwalk-cand-000964,codepoint_crosswalk_candidate,corpus/001_oracle-characters/121_000901-001000_obs-xwalk-bucket_codepoint-xwalk/064_obs-xwalk-cand-000964_xwalk-000964_codepoint-xwalk,hust-obimd-evobc-xwalk-000964,hust-obimd-evobc-xwalk-000964;hust-obc-cat-1084,src-hust-obc,source_marked_risk_noted,needs_cross_source_review,2026-06-28
obs-xwalk-cand-000965,codepoint_crosswalk_candidate,corpus/001_oracle-characters/121_000901-001000_obs-xwalk-bucket_codepoint-xwalk/065_obs-xwalk-cand-000965_xwalk-000965_codepoint-xwalk,hust-obimd-evobc-xwalk-000965,hust-obimd-evobc-xwalk-000965;hust-obc-cat-1085,src-hust-obc,source_marked_risk_noted,needs_cross_source_review,2026-06-28
obs-xwalk-cand-000966,codepoint_crosswalk_candidate,corpus/001_oracle-characters/121_000901-001000_obs-xwalk-bucket_codepoint-xwalk/066_obs-xwalk-cand-000966_xwalk-000966_codepoint-xwalk,hust-obimd-evobc-xwalk-000966,hust-obimd-evobc-xwalk-000966;hust-obc-cat-1086,src-hust-obc,source_marked_risk_noted,needs_cross_source_review,2026-06-28
obs-xwalk-cand-000967,codepoint_crosswalk_candidate,corpus/001_oracle-characters/121_000901-001000_obs-xwalk-bucket_codepoint-xwalk/067_obs-xwalk-cand-000967_xwalk-000967_codepoint-xwalk,hust-obimd-evobc-xwalk-000967,hust-obimd-evobc-xwalk-000967;hust-obc-cat-1087,src-hust-obc,source_marked_risk_noted,needs_cross_source_review,2026-06-28
obs-xwalk-cand-000968,codepoint_crosswalk_candidate,corpus/001_oracle-characters/121_000901-001000_obs-xwalk-bucket_codepoint-xwalk/068_obs-xwalk-cand-000968_xwalk-000968_codepoint-xwalk,hust-obimd-evobc-xwalk-000968,hust-obimd-evobc-xwalk-000968;hust-obc-cat-1088,src-hust-obc,source_marked_risk_noted,needs_cross_source_review,2026-06-28
obs-xwalk-cand-000969,codepoint_crosswalk_candidate,corpus/001_oracle-characters/121_000901-001000_obs-xwalk-bucket_codepoint-xwalk/069_obs-xwalk-cand-000969_xwalk-000969_codepoint-xwalk,hust-obimd-evobc-xwalk-000969,hust-obimd-evobc-xwalk-000969;hust-obc-cat-1089,src-hust-obc,source_marked_risk_noted,needs_cross_source_review,2026-06-28
obs-xwalk-cand-000970,codepoint_crosswalk_candidate,corpus/001_oracle-characters/121_000901-001000_obs-xwalk-bucket_codepoint-xwalk/070_obs-xwalk-cand-000970_xwalk-000970_codepoint-xwalk,hust-obimd-evobc-xwalk-000970,hust-obimd-evobc-xwalk-000970;hust-obc-cat-1090,src-hust-obc,source_marked_risk_noted,needs_cross_source_review,2026-06-28
obs-xwalk-cand-000971,codepoint_crosswalk_candidate,corpus/001_oracle-characters/121_000901-001000_obs-xwalk-bucket_codepoint-xwalk/071_obs-xwalk-cand-000971_xwalk-000971_codepoint-xwalk,hust-obimd-evobc-xwalk-000971,hust-obimd-evobc-xwalk-000971;hust-obc-cat-1091,src-hust-obc,source_marked_risk_noted,needs_cross_source_review,2026-06-28
obs-xwalk-cand-000972,codepoint_crosswalk_candidate,corpus/001_oracle-characters/121_000901-001000_obs-xwalk-bucket_codepoint-xwalk/072_obs-xwalk-cand-000972_xwalk-000972_codepoint-xwalk,hust-obimd-evobc-xwalk-000972,hust-obimd-evobc-xwalk-000972;hust-obc-cat-1092,src-hust-obc,source_marked_risk_noted,needs_cross_source_review,2026-06-28
obs-xwalk-cand-000973,codepoint_crosswalk_candidate,corpus/001_oracle-characters/121_000901-001000_obs-xwalk-bucket_codepoint-xwalk/073_obs-xwalk-cand-000973_xwalk-000973_codepoint-xwalk,hust-obimd-evobc-xwalk-000973,hust-obimd-evobc-xwalk-000973;hust-obc-cat-1093,src-hust-obc,source_marked_risk_noted,needs_cross_source_review,2026-06-28
obs-xwalk-cand-000974,codepoint_crosswalk_candidate,corpus/001_oracle-characters/121_000901-001000_obs-xwalk-bucket_codepoint-xwalk/074_obs-xwalk-cand-000974_xwalk-000974_codepoint-xwalk,hust-obimd-evobc-xwalk-000974,hust-obimd-evobc-xwalk-000974;hust-obc-cat-1094,src-hust-obc,source_marked_risk_noted,needs_cross_source_review,2026-06-28
obs-xwalk-cand-000975,codepoint_crosswalk_candidate,corpus/001_oracle-characters/121_000901-001000_obs-xwalk-bucket_codepoint-xwalk/075_obs-xwalk-cand-000975_xwalk-000975_codepoint-xwalk,hust-obimd-evobc-xwalk-000975,hust-obimd-evobc-xwalk-000975;hust-obc-cat-1095,src-hust-obc,source_marked_risk_noted,needs_cross_source_review,2026-06-28
obs-xwalk-cand-000976,codepoint_crosswalk_candidate,corpus/001_oracle-characters/121_000901-001000_obs-xwalk-bucket_codepoint-xwalk/076_obs-xwalk-cand-000976_xwalk-000976_codepoint-xwalk,hust-obimd-evobc-xwalk-000976,hust-obimd-evobc-xwalk-000976;hust-obc-cat-1096,src-hust-obc,source_marked_risk_noted,needs_cross_source_review,2026-06-28
obs-xwalk-cand-000977,codepoint_crosswalk_candidate,corpus/001_oracle-characters/121_000901-001000_obs-xwalk-bucket_codepoint-xwalk/077_obs-xwalk-cand-000977_xwalk-000977_codepoint-xwalk,hust-obimd-evobc-xwalk-000977,hust-obimd-evobc-xwalk-000977;hust-obc-cat-1097,src-hust-obc,source_marked_risk_noted,needs_cross_source_review,2026-06-28
obs-xwalk-cand-000978,codepoint_crosswalk_candidate,corpus/001_oracle-characters/121_000901-001000_obs-xwalk-bucket_codepoint-xwalk/078_obs-xwalk-cand-000978_xwalk-000978_codepoint-xwalk,hust-obimd-evobc-xwalk-000978,hust-obimd-evobc-xwalk-000978;hust-obc-cat-1098;evobc-cat-00091,src-hust-obc;src-evobc,source_marked_risk_noted,needs_cross_source_review,2026-06-28
obs-xwalk-cand-000979,codepoint_crosswalk_candidate,corpus/001_oracle-characters/121_000901-001000_obs-xwalk-bucket_codepoint-xwalk/079_obs-xwalk-cand-000979_xwalk-000979_codepoint-xwalk,hust-obimd-evobc-xwalk-000979,hust-obimd-evobc-xwalk-000979;hust-obc-cat-1099,src-hust-obc,source_marked_risk_noted,needs_cross_source_review,2026-06-28
obs-xwalk-cand-000980,codepoint_crosswalk_candidate,corpus/001_oracle-characters/121_000901-001000_obs-xwalk-bucket_codepoint-xwalk/080_obs-xwalk-cand-000980_xwalk-000980_codepoint-xwalk,hust-obimd-evobc-xwalk-000980,hust-obimd-evobc-xwalk-000980;hust-obc-cat-1100,src-hust-obc,source_marked_risk_noted,needs_cross_source_review,2026-06-28
obs-xwalk-cand-000981,codepoint_crosswalk_candidate,corpus/001_oracle-characters/121_000901-001000_obs-xwalk-bucket_codepoint-xwalk/081_obs-xwalk-cand-000981_xwalk-000981_codepoint-xwalk,hust-obimd-evobc-xwalk-000981,hust-obimd-evobc-xwalk-000981;hust-obc-cat-1101,src-hust-obc,source_marked_risk_noted,needs_cross_source_review,2026-06-28
obs-xwalk-cand-000982,codepoint_crosswalk_candidate,corpus/001_oracle-characters/121_000901-001000_obs-xwalk-bucket_codepoint-xwalk/082_obs-xwalk-cand-000982_xwalk-000982_codepoint-xwalk,hust-obimd-evobc-xwalk-000982,hust-obimd-evobc-xwalk-000982;hust-obc-cat-1102_1103,src-hust-obc,source_marked_risk_noted,needs_cross_source_review,2026-06-28
obs-xwalk-cand-000983,codepoint_crosswalk_candidate,corpus/001_oracle-characters/121_000901-001000_obs-xwalk-bucket_codepoint-xwalk/083_obs-xwalk-cand-000983_xwalk-000983_codepoint-xwalk,hust-obimd-evobc-xwalk-000983,hust-obimd-evobc-xwalk-000983;hust-obc-cat-1104,src-hust-obc,source_marked_risk_noted,needs_cross_source_review,2026-06-28
obs-xwalk-cand-000984,codepoint_crosswalk_candidate,corpus/001_oracle-characters/121_000901-001000_obs-xwalk-bucket_codepoint-xwalk/084_obs-xwalk-cand-000984_xwalk-000984_codepoint-xwalk,hust-obimd-evobc-xwalk-000984,hust-obimd-evobc-xwalk-000984;hust-obc-cat-1105,src-hust-obc,source_marked_risk_noted,needs_cross_source_review,2026-06-28
obs-xwalk-cand-000985,codepoint_crosswalk_candidate,corpus/001_oracle-characters/121_000901-001000_obs-xwalk-bucket_codepoint-xwalk/085_obs-xwalk-cand-000985_xwalk-000985_codepoint-xwalk,hust-obimd-evobc-xwalk-000985,hust-obimd-evobc-xwalk-000985;hust-obc-cat-1106_1107,src-hust-obc,source_marked_risk_noted,needs_cross_source_review,2026-06-28
obs-xwalk-cand-000986,codepoint_crosswalk_candidate,corpus/001_oracle-characters/121_000901-001000_obs-xwalk-bucket_codepoint-xwalk/086_obs-xwalk-cand-000986_xwalk-000986_codepoint-xwalk,hust-obimd-evobc-xwalk-000986,hust-obimd-evobc-xwalk-000986;hust-obc-cat-1108,src-hust-obc,source_marked_risk_noted,needs_cross_source_review,2026-06-28
obs-xwalk-cand-000987,codepoint_crosswalk_candidate,corpus/001_oracle-characters/121_000901-001000_obs-xwalk-bucket_codepoint-xwalk/087_obs-xwalk-cand-000987_xwalk-000987_codepoint-xwalk,hust-obimd-evobc-xwalk-000987,hust-obimd-evobc-xwalk-000987;hust-obc-cat-1109,src-hust-obc,source_marked_risk_noted,needs_cross_source_review,2026-06-28
obs-xwalk-cand-000988,codepoint_crosswalk_candidate,corpus/001_oracle-characters/121_000901-001000_obs-xwalk-bucket_codepoint-xwalk/088_obs-xwalk-cand-000988_xwalk-000988_codepoint-xwalk,hust-obimd-evobc-xwalk-000988,hust-obimd-evobc-xwalk-000988;hust-obc-cat-1110,src-hust-obc,source_marked_risk_noted,needs_cross_source_review,2026-06-28
obs-xwalk-cand-000989,codepoint_crosswalk_candidate,corpus/001_oracle-characters/121_000901-001000_obs-xwalk-bucket_codepoint-xwalk/089_obs-xwalk-cand-000989_xwalk-000989_codepoint-xwalk,hust-obimd-evobc-xwalk-000989,hust-obimd-evobc-xwalk-000989;hust-obc-cat-1111,src-hust-obc,source_marked_risk_noted,needs_cross_source_review,2026-06-28
obs-xwalk-cand-000990,codepoint_crosswalk_candidate,corpus/001_oracle-characters/121_000901-001000_obs-xwalk-bucket_codepoint-xwalk/090_obs-xwalk-cand-000990_xwalk-000990_codepoint-xwalk,hust-obimd-evobc-xwalk-000990,hust-obimd-evobc-xwalk-000990;hust-obc-cat-1112,src-hust-obc,source_marked_risk_noted,needs_cross_source_review,2026-06-28
obs-xwalk-cand-000991,codepoint_crosswalk_candidate,corpus/001_oracle-characters/121_000901-001000_obs-xwalk-bucket_codepoint-xwalk/091_obs-xwalk-cand-000991_xwalk-000991_codepoint-xwalk,hust-obimd-evobc-xwalk-000991,hust-obimd-evobc-xwalk-000991;hust-obc-cat-1113,src-hust-obc,source_marked_risk_noted,needs_cross_source_review,2026-06-28
obs-xwalk-cand-000992,codepoint_crosswalk_candidate,corpus/001_oracle-characters/121_000901-001000_obs-xwalk-bucket_codepoint-xwalk/092_obs-xwalk-cand-000992_xwalk-000992_codepoint-xwalk,hust-obimd-evobc-xwalk-000992,hust-obimd-evobc-xwalk-000992;hust-obc-cat-1114,src-hust-obc,source_marked_risk_noted,needs_cross_source_review,2026-06-28
obs-xwalk-cand-000993,codepoint_crosswalk_candidate,corpus/001_oracle-characters/121_000901-001000_obs-xwalk-bucket_codepoint-xwalk/093_obs-xwalk-cand-000993_xwalk-000993_codepoint-xwalk,hust-obimd-evobc-xwalk-000993,hust-obimd-evobc-xwalk-000993;hust-obc-cat-1115_1116,src-hust-obc,source_marked_risk_noted,needs_cross_source_review,2026-06-28
obs-xwalk-cand-000994,codepoint_crosswalk_candidate,corpus/001_oracle-characters/121_000901-001000_obs-xwalk-bucket_codepoint-xwalk/094_obs-xwalk-cand-000994_xwalk-000994_codepoint-xwalk,hust-obimd-evobc-xwalk-000994,hust-obimd-evobc-xwalk-000994;hust-obc-cat-1117,src-hust-obc,source_marked_risk_noted,needs_cross_source_review,2026-06-28
obs-xwalk-cand-000995,codepoint_crosswalk_candidate,corpus/001_oracle-characters/121_000901-001000_obs-xwalk-bucket_codepoint-xwalk/095_obs-xwalk-cand-000995_xwalk-000995_codepoint-xwalk,hust-obimd-evobc-xwalk-000995,hust-obimd-evobc-xwalk-000995;hust-obc-cat-1118,src-hust-obc,source_marked_risk_noted,needs_cross_source_review,2026-06-28
obs-xwalk-cand-000996,codepoint_crosswalk_candidate,corpus/001_oracle-characters/121_000901-001000_obs-xwalk-bucket_codepoint-xwalk/096_obs-xwalk-cand-000996_xwalk-000996_codepoint-xwalk,hust-obimd-evobc-xwalk-000996,hust-obimd-evobc-xwalk-000996;hust-obc-cat-1119,src-hust-obc,source_marked_risk_noted,needs_cross_source_review,2026-06-28
obs-xwalk-cand-000997,codepoint_crosswalk_candidate,corpus/001_oracle-characters/121_000901-001000_obs-xwalk-bucket_codepoint-xwalk/097_obs-xwalk-cand-000997_xwalk-000997_codepoint-xwalk,hust-obimd-evobc-xwalk-000997,hust-obimd-evobc-xwalk-000997;hust-obc-cat-1120_1121,src-hust-obc,source_marked_risk_noted,needs_cross_source_review,2026-06-28
obs-xwalk-cand-000998,codepoint_crosswalk_candidate,corpus/001_oracle-characters/121_000901-001000_obs-xwalk-bucket_codepoint-xwalk/098_obs-xwalk-cand-000998_xwalk-000998_codepoint-xwalk,hust-obimd-evobc-xwalk-000998,hust-obimd-evobc-xwalk-000998;hust-obc-cat-1122,src-hust-obc,source_marked_risk_noted,needs_cross_source_review,2026-06-28
obs-xwalk-cand-000999,codepoint_crosswalk_candidate,corpus/001_oracle-characters/121_000901-001000_obs-xwalk-bucket_codepoint-xwalk/099_obs-xwalk-cand-000999_xwalk-000999_codepoint-xwalk,hust-obimd-evobc-xwalk-000999,hust-obimd-evobc-xwalk-000999;hust-obc-cat-1123,src-hust-obc,source_marked_risk_noted,needs_cross_source_review,2026-06-28
obs-xwalk-cand-001000,codepoint_crosswalk_candidate,corpus/001_oracle-characters/121_000901-001000_obs-xwalk-bucket_codepoint-xwalk/100_obs-xwalk-cand-001000_xwalk-001000_codepoint-xwalk,hust-obimd-evobc-xwalk-001000,hust-obimd-evobc-xwalk-001000;hust-obc-cat-1124,src-hust-obc,source_marked_risk_noted,needs_cross_source_review,2026-06-28
obs-xwalk-cand-001001,codepoint_crosswalk_candidate,corpus/001_oracle-characters/122_001001-001100_obs-xwalk-bucket_codepoint-xwalk/001_obs-xwalk-cand-001001_xwalk-001001_codepoint-xwalk,hust-obimd-evobc-xwalk-001001,hust-obimd-evobc-xwalk-001001;hust-obc-cat-1125,src-hust-obc,source_marked_risk_noted,needs_cross_source_review,2026-06-28
obs-xwalk-cand-001002,codepoint_crosswalk_candidate,corpus/001_oracle-characters/122_001001-001100_obs-xwalk-bucket_codepoint-xwalk/002_obs-xwalk-cand-001002_xwalk-001002_codepoint-xwalk,hust-obimd-evobc-xwalk-001002,hust-obimd-evobc-xwalk-001002;hust-obc-cat-1126,src-hust-obc,source_marked_risk_noted,needs_cross_source_review,2026-06-28
obs-xwalk-cand-001003,codepoint_crosswalk_candidate,corpus/001_oracle-characters/122_001001-001100_obs-xwalk-bucket_codepoint-xwalk/003_obs-xwalk-cand-001003_xwalk-001003_codepoint-xwalk,hust-obimd-evobc-xwalk-001003,hust-obimd-evobc-xwalk-001003;hust-obc-cat-1127,src-hust-obc,source_marked_risk_noted,needs_cross_source_review,2026-06-28
obs-xwalk-cand-001004,codepoint_crosswalk_candidate,corpus/001_oracle-characters/122_001001-001100_obs-xwalk-bucket_codepoint-xwalk/004_obs-xwalk-cand-001004_xwalk-001004_codepoint-xwalk,hust-obimd-evobc-xwalk-001004,hust-obimd-evobc-xwalk-001004;hust-obc-cat-1128,src-hust-obc,source_marked_risk_noted,needs_cross_source_review,2026-06-28
obs-xwalk-cand-001005,codepoint_crosswalk_candidate,corpus/001_oracle-characters/122_001001-001100_obs-xwalk-bucket_codepoint-xwalk/005_obs-xwalk-cand-001005_xwalk-001005_codepoint-xwalk,hust-obimd-evobc-xwalk-001005,hust-obimd-evobc-xwalk-001005;hust-obc-cat-1129,src-hust-obc,source_marked_risk_noted,needs_cross_source_review,2026-06-28
obs-xwalk-cand-001006,codepoint_crosswalk_candidate,corpus/001_oracle-characters/122_001001-001100_obs-xwalk-bucket_codepoint-xwalk/006_obs-xwalk-cand-001006_xwalk-001006_codepoint-xwalk,hust-obimd-evobc-xwalk-001006,hust-obimd-evobc-xwalk-001006;hust-obc-cat-1130,src-hust-obc,source_marked_risk_noted,needs_cross_source_review,2026-06-28
obs-xwalk-cand-001007,codepoint_crosswalk_candidate,corpus/001_oracle-characters/122_001001-001100_obs-xwalk-bucket_codepoint-xwalk/007_obs-xwalk-cand-001007_xwalk-001007_codepoint-xwalk,hust-obimd-evobc-xwalk-001007,hust-obimd-evobc-xwalk-001007;hust-obc-cat-1131,src-hust-obc,source_marked_risk_noted,needs_cross_source_review,2026-06-28
obs-xwalk-cand-001008,codepoint_crosswalk_candidate,corpus/001_oracle-characters/122_001001-001100_obs-xwalk-bucket_codepoint-xwalk/008_obs-xwalk-cand-001008_xwalk-001008_codepoint-xwalk,hust-obimd-evobc-xwalk-001008,hust-obimd-evobc-xwalk-001008;hust-obc-cat-1132,src-hust-obc,source_marked_risk_noted,needs_cross_source_review,2026-06-28
obs-xwalk-cand-001009,codepoint_crosswalk_candidate,corpus/001_oracle-characters/122_001001-001100_obs-xwalk-bucket_codepoint-xwalk/009_obs-xwalk-cand-001009_xwalk-001009_codepoint-xwalk,hust-obimd-evobc-xwalk-001009,hust-obimd-evobc-xwalk-001009;hust-obc-cat-1133_1134,src-hust-obc,source_marked_risk_noted,needs_cross_source_review,2026-06-28
obs-xwalk-cand-001010,codepoint_crosswalk_candidate,corpus/001_oracle-characters/122_001001-001100_obs-xwalk-bucket_codepoint-xwalk/010_obs-xwalk-cand-001010_xwalk-001010_codepoint-xwalk,hust-obimd-evobc-xwalk-001010,hust-obimd-evobc-xwalk-001010;hust-obc-cat-1135,src-hust-obc,source_marked_risk_noted,needs_cross_source_review,2026-06-28
obs-xwalk-cand-001011,codepoint_crosswalk_candidate,corpus/001_oracle-characters/122_001001-001100_obs-xwalk-bucket_codepoint-xwalk/011_obs-xwalk-cand-001011_xwalk-001011_codepoint-xwalk,hust-obimd-evobc-xwalk-001011,hust-obimd-evobc-xwalk-001011;hust-obc-cat-1136,src-hust-obc,source_marked_risk_noted,needs_cross_source_review,2026-06-28
obs-xwalk-cand-001012,codepoint_crosswalk_candidate,corpus/001_oracle-characters/122_001001-001100_obs-xwalk-bucket_codepoint-xwalk/012_obs-xwalk-cand-001012_xwalk-001012_codepoint-xwalk,hust-obimd-evobc-xwalk-001012,hust-obimd-evobc-xwalk-001012;hust-obc-cat-1137,src-hust-obc,source_marked_risk_noted,needs_cross_source_review,2026-06-28
obs-xwalk-cand-001013,codepoint_crosswalk_candidate,corpus/001_oracle-characters/122_001001-001100_obs-xwalk-bucket_codepoint-xwalk/013_obs-xwalk-cand-001013_xwalk-001013_codepoint-xwalk,hust-obimd-evobc-xwalk-001013,hust-obimd-evobc-xwalk-001013;hust-obc-cat-1138,src-hust-obc,source_marked_risk_noted,needs_cross_source_review,2026-06-28
obs-xwalk-cand-001014,codepoint_crosswalk_candidate,corpus/001_oracle-characters/122_001001-001100_obs-xwalk-bucket_codepoint-xwalk/014_obs-xwalk-cand-001014_xwalk-001014_codepoint-xwalk,hust-obimd-evobc-xwalk-001014,hust-obimd-evobc-xwalk-001014;hust-obc-cat-1139,src-hust-obc,source_marked_risk_noted,needs_cross_source_review,2026-06-28
obs-xwalk-cand-001015,codepoint_crosswalk_candidate,corpus/001_oracle-characters/122_001001-001100_obs-xwalk-bucket_codepoint-xwalk/015_obs-xwalk-cand-001015_xwalk-001015_codepoint-xwalk,hust-obimd-evobc-xwalk-001015,hust-obimd-evobc-xwalk-001015;hust-obc-cat-1140,src-hust-obc,source_marked_risk_noted,needs_cross_source_review,2026-06-28
obs-xwalk-cand-001016,codepoint_crosswalk_candidate,corpus/001_oracle-characters/122_001001-001100_obs-xwalk-bucket_codepoint-xwalk/016_obs-xwalk-cand-001016_xwalk-001016_codepoint-xwalk,hust-obimd-evobc-xwalk-001016,hust-obimd-evobc-xwalk-001016;hust-obc-cat-1141,src-hust-obc,source_marked_risk_noted,needs_cross_source_review,2026-06-28
obs-xwalk-cand-001017,codepoint_crosswalk_candidate,corpus/001_oracle-characters/122_001001-001100_obs-xwalk-bucket_codepoint-xwalk/017_obs-xwalk-cand-001017_xwalk-001017_codepoint-xwalk,hust-obimd-evobc-xwalk-001017,hust-obimd-evobc-xwalk-001017;hust-obc-cat-1142,src-hust-obc,source_marked_risk_noted,needs_cross_source_review,2026-06-28
obs-xwalk-cand-001018,codepoint_crosswalk_candidate,corpus/001_oracle-characters/122_001001-001100_obs-xwalk-bucket_codepoint-xwalk/018_obs-xwalk-cand-001018_xwalk-001018_codepoint-xwalk,hust-obimd-evobc-xwalk-001018,hust-obimd-evobc-xwalk-001018;hust-obc-cat-1143;evobc-cat-00092,src-hust-obc;src-evobc,source_marked_risk_noted,needs_cross_source_review,2026-06-28
obs-xwalk-cand-001019,codepoint_crosswalk_candidate,corpus/001_oracle-characters/122_001001-001100_obs-xwalk-bucket_codepoint-xwalk/019_obs-xwalk-cand-001019_xwalk-001019_codepoint-xwalk,hust-obimd-evobc-xwalk-001019,hust-obimd-evobc-xwalk-001019;hust-obc-cat-1144,src-hust-obc,source_marked_risk_noted,needs_cross_source_review,2026-06-28
obs-xwalk-cand-001020,codepoint_crosswalk_candidate,corpus/001_oracle-characters/122_001001-001100_obs-xwalk-bucket_codepoint-xwalk/020_obs-xwalk-cand-001020_xwalk-001020_codepoint-xwalk,hust-obimd-evobc-xwalk-001020,hust-obimd-evobc-xwalk-001020;hust-obc-cat-1145,src-hust-obc,source_marked_risk_noted,needs_cross_source_review,2026-06-28
obs-xwalk-cand-001021,codepoint_crosswalk_candidate,corpus/001_oracle-characters/122_001001-001100_obs-xwalk-bucket_codepoint-xwalk/021_obs-xwalk-cand-001021_xwalk-001021_codepoint-xwalk,hust-obimd-evobc-xwalk-001021,hust-obimd-evobc-xwalk-001021;hust-obc-cat-1146,src-hust-obc,source_marked_risk_noted,needs_cross_source_review,2026-06-28
obs-xwalk-cand-001022,codepoint_crosswalk_candidate,corpus/001_oracle-characters/122_001001-001100_obs-xwalk-bucket_codepoint-xwalk/022_obs-xwalk-cand-001022_xwalk-001022_codepoint-xwalk,hust-obimd-evobc-xwalk-001022,hust-obimd-evobc-xwalk-001022;hust-obc-cat-1147,src-hust-obc,source_marked_risk_noted,needs_cross_source_review,2026-06-28
obs-xwalk-cand-001023,codepoint_crosswalk_candidate,corpus/001_oracle-characters/122_001001-001100_obs-xwalk-bucket_codepoint-xwalk/023_obs-xwalk-cand-001023_xwalk-001023_codepoint-xwalk,hust-obimd-evobc-xwalk-001023,hust-obimd-evobc-xwalk-001023;hust-obc-cat-1148;evobc-cat-00093,src-hust-obc;src-evobc,source_marked_risk_noted,needs_cross_source_review,2026-06-28
obs-xwalk-cand-001024,codepoint_crosswalk_candidate,corpus/001_oracle-characters/122_001001-001100_obs-xwalk-bucket_codepoint-xwalk/024_obs-xwalk-cand-001024_xwalk-001024_codepoint-xwalk,hust-obimd-evobc-xwalk-001024,hust-obimd-evobc-xwalk-001024;hust-obc-cat-1149,src-hust-obc,source_marked_risk_noted,needs_cross_source_review,2026-06-28
obs-xwalk-cand-001025,codepoint_crosswalk_candidate,corpus/001_oracle-characters/122_001001-001100_obs-xwalk-bucket_codepoint-xwalk/025_obs-xwalk-cand-001025_xwalk-001025_codepoint-xwalk,hust-obimd-evobc-xwalk-001025,hust-obimd-evobc-xwalk-001025;hust-obc-cat-1150;evobc-cat-00094,src-hust-obc;src-evobc,source_marked_risk_noted,needs_cross_source_review,2026-06-28
obs-xwalk-cand-001026,codepoint_crosswalk_candidate,corpus/001_oracle-characters/122_001001-001100_obs-xwalk-bucket_codepoint-xwalk/026_obs-xwalk-cand-001026_xwalk-001026_codepoint-xwalk,hust-obimd-evobc-xwalk-001026,hust-obimd-evobc-xwalk-001026;hust-obc-cat-1151,src-hust-obc,source_marked_risk_noted,needs_cross_source_review,2026-06-28
obs-xwalk-cand-001027,codepoint_crosswalk_candidate,corpus/001_oracle-characters/122_001001-001100_obs-xwalk-bucket_codepoint-xwalk/027_obs-xwalk-cand-001027_xwalk-001027_codepoint-xwalk,hust-obimd-evobc-xwalk-001027,hust-obimd-evobc-xwalk-001027;hust-obc-cat-1152,src-hust-obc,source_marked_risk_noted,needs_cross_source_review,2026-06-28
obs-xwalk-cand-001028,codepoint_crosswalk_candidate,corpus/001_oracle-characters/122_001001-001100_obs-xwalk-bucket_codepoint-xwalk/028_obs-xwalk-cand-001028_xwalk-001028_codepoint-xwalk,hust-obimd-evobc-xwalk-001028,hust-obimd-evobc-xwalk-001028;hust-obc-cat-1153,src-hust-obc,source_marked_risk_noted,needs_cross_source_review,2026-06-28
obs-xwalk-cand-001029,codepoint_crosswalk_candidate,corpus/001_oracle-characters/122_001001-001100_obs-xwalk-bucket_codepoint-xwalk/029_obs-xwalk-cand-001029_xwalk-001029_codepoint-xwalk,hust-obimd-evobc-xwalk-001029,hust-obimd-evobc-xwalk-001029;hust-obc-cat-1154,src-hust-obc,source_marked_risk_noted,needs_cross_source_review,2026-06-28
obs-xwalk-cand-001030,codepoint_crosswalk_candidate,corpus/001_oracle-characters/122_001001-001100_obs-xwalk-bucket_codepoint-xwalk/030_obs-xwalk-cand-001030_xwalk-001030_codepoint-xwalk,hust-obimd-evobc-xwalk-001030,hust-obimd-evobc-xwalk-001030;hust-obc-cat-1155,src-hust-obc,source_marked_risk_noted,needs_cross_source_review,2026-06-28
obs-xwalk-cand-001031,codepoint_crosswalk_candidate,corpus/001_oracle-characters/122_001001-001100_obs-xwalk-bucket_codepoint-xwalk/031_obs-xwalk-cand-001031_xwalk-001031_codepoint-xwalk,hust-obimd-evobc-xwalk-001031,hust-obimd-evobc-xwalk-001031;hust-obc-cat-1156,src-hust-obc,source_marked_risk_noted,needs_cross_source_review,2026-06-28
obs-xwalk-cand-001032,codepoint_crosswalk_candidate,corpus/001_oracle-characters/122_001001-001100_obs-xwalk-bucket_codepoint-xwalk/032_obs-xwalk-cand-001032_xwalk-001032_codepoint-xwalk,hust-obimd-evobc-xwalk-001032,hust-obimd-evobc-xwalk-001032;hust-obc-cat-1157,src-hust-obc,source_marked_risk_noted,needs_cross_source_review,2026-06-28
obs-xwalk-cand-001033,codepoint_crosswalk_candidate,corpus/001_oracle-characters/122_001001-001100_obs-xwalk-bucket_codepoint-xwalk/033_obs-xwalk-cand-001033_xwalk-001033_codepoint-xwalk,hust-obimd-evobc-xwalk-001033,hust-obimd-evobc-xwalk-001033;hust-obc-cat-1158;evobc-cat-00095,src-hust-obc;src-evobc,source_marked_risk_noted,needs_cross_source_review,2026-06-28
obs-xwalk-cand-001034,codepoint_crosswalk_candidate,corpus/001_oracle-characters/122_001001-001100_obs-xwalk-bucket_codepoint-xwalk/034_obs-xwalk-cand-001034_xwalk-001034_codepoint-xwalk,hust-obimd-evobc-xwalk-001034,hust-obimd-evobc-xwalk-001034;hust-obc-cat-1159,src-hust-obc,source_marked_risk_noted,needs_cross_source_review,2026-06-28
obs-xwalk-cand-001035,codepoint_crosswalk_candidate,corpus/001_oracle-characters/122_001001-001100_obs-xwalk-bucket_codepoint-xwalk/035_obs-xwalk-cand-001035_xwalk-001035_codepoint-xwalk,hust-obimd-evobc-xwalk-001035,hust-obimd-evobc-xwalk-001035;hust-obc-cat-1160,src-hust-obc,source_marked_risk_noted,needs_cross_source_review,2026-06-28
obs-xwalk-cand-001036,codepoint_crosswalk_candidate,corpus/001_oracle-characters/122_001001-001100_obs-xwalk-bucket_codepoint-xwalk/036_obs-xwalk-cand-001036_xwalk-001036_codepoint-xwalk,hust-obimd-evobc-xwalk-001036,hust-obimd-evobc-xwalk-001036;hust-obc-cat-1161;evobc-cat-00096,src-hust-obc;src-evobc,source_marked_risk_noted,needs_cross_source_review,2026-06-28
obs-xwalk-cand-001037,codepoint_crosswalk_candidate,corpus/001_oracle-characters/122_001001-001100_obs-xwalk-bucket_codepoint-xwalk/037_obs-xwalk-cand-001037_xwalk-001037_codepoint-xwalk,hust-obimd-evobc-xwalk-001037,hust-obimd-evobc-xwalk-001037;hust-obc-cat-1162;obimd-main-i9rq6029zl;evobc-cat-00097,src-hust-obc;src-obimd;src-evobc,source_marked_risk_noted,needs_cross_source_review,2026-06-28
obs-xwalk-cand-001038,codepoint_crosswalk_candidate,corpus/001_oracle-characters/122_001001-001100_obs-xwalk-bucket_codepoint-xwalk/038_obs-xwalk-cand-001038_xwalk-001038_codepoint-xwalk,hust-obimd-evobc-xwalk-001038,hust-obimd-evobc-xwalk-001038;hust-obc-cat-1163_1164,src-hust-obc,source_marked_risk_noted,needs_cross_source_review,2026-06-28
obs-xwalk-cand-001039,codepoint_crosswalk_candidate,corpus/001_oracle-characters/122_001001-001100_obs-xwalk-bucket_codepoint-xwalk/039_obs-xwalk-cand-001039_xwalk-001039_codepoint-xwalk,hust-obimd-evobc-xwalk-001039,hust-obimd-evobc-xwalk-001039;hust-obc-cat-1165,src-hust-obc,source_marked_risk_noted,needs_cross_source_review,2026-06-28
obs-xwalk-cand-001040,codepoint_crosswalk_candidate,corpus/001_oracle-characters/122_001001-001100_obs-xwalk-bucket_codepoint-xwalk/040_obs-xwalk-cand-001040_xwalk-001040_codepoint-xwalk,hust-obimd-evobc-xwalk-001040,hust-obimd-evobc-xwalk-001040;hust-obc-cat-1166,src-hust-obc,source_marked_risk_noted,needs_cross_source_review,2026-06-28
obs-xwalk-cand-001041,codepoint_crosswalk_candidate,corpus/001_oracle-characters/122_001001-001100_obs-xwalk-bucket_codepoint-xwalk/041_obs-xwalk-cand-001041_xwalk-001041_codepoint-xwalk,hust-obimd-evobc-xwalk-001041,hust-obimd-evobc-xwalk-001041;hust-obc-cat-1167,src-hust-obc,source_marked_risk_noted,needs_cross_source_review,2026-06-28
obs-xwalk-cand-001042,codepoint_crosswalk_candidate,corpus/001_oracle-characters/122_001001-001100_obs-xwalk-bucket_codepoint-xwalk/042_obs-xwalk-cand-001042_xwalk-001042_codepoint-xwalk,hust-obimd-evobc-xwalk-001042,hust-obimd-evobc-xwalk-001042;hust-obc-cat-1168,src-hust-obc,source_marked_risk_noted,needs_cross_source_review,2026-06-28
obs-xwalk-cand-001043,codepoint_crosswalk_candidate,corpus/001_oracle-characters/122_001001-001100_obs-xwalk-bucket_codepoint-xwalk/043_obs-xwalk-cand-001043_xwalk-001043_codepoint-xwalk,hust-obimd-evobc-xwalk-001043,hust-obimd-evobc-xwalk-001043;hust-obc-cat-1169,src-hust-obc,source_marked_risk_noted,needs_cross_source_review,2026-06-28
obs-xwalk-cand-001044,codepoint_crosswalk_candidate,corpus/001_oracle-characters/122_001001-001100_obs-xwalk-bucket_codepoint-xwalk/044_obs-xwalk-cand-001044_xwalk-001044_codepoint-xwalk,hust-obimd-evobc-xwalk-001044,hust-obimd-evobc-xwalk-001044;hust-obc-cat-1170;evobc-cat-00098,src-hust-obc;src-evobc,source_marked_risk_noted,needs_cross_source_review,2026-06-28
obs-xwalk-cand-001045,codepoint_crosswalk_candidate,corpus/001_oracle-characters/122_001001-001100_obs-xwalk-bucket_codepoint-xwalk/045_obs-xwalk-cand-001045_xwalk-001045_codepoint-xwalk,hust-obimd-evobc-xwalk-001045,hust-obimd-evobc-xwalk-001045;hust-obc-cat-1171_1172,src-hust-obc,source_marked_risk_noted,needs_cross_source_review,2026-06-28
obs-xwalk-cand-001046,codepoint_crosswalk_candidate,corpus/001_oracle-characters/122_001001-001100_obs-xwalk-bucket_codepoint-xwalk/046_obs-xwalk-cand-001046_xwalk-001046_codepoint-xwalk,hust-obimd-evobc-xwalk-001046,hust-obimd-evobc-xwalk-001046;hust-obc-cat-1173,src-hust-obc,source_marked_risk_noted,needs_cross_source_review,2026-06-28
obs-xwalk-cand-001047,codepoint_crosswalk_candidate,corpus/001_oracle-characters/122_001001-001100_obs-xwalk-bucket_codepoint-xwalk/047_obs-xwalk-cand-001047_xwalk-001047_codepoint-xwalk,hust-obimd-evobc-xwalk-001047,hust-obimd-evobc-xwalk-001047;hust-obc-cat-1174,src-hust-obc,source_marked_risk_noted,needs_cross_source_review,2026-06-28
obs-xwalk-cand-001048,codepoint_crosswalk_candidate,corpus/001_oracle-characters/122_001001-001100_obs-xwalk-bucket_codepoint-xwalk/048_obs-xwalk-cand-001048_xwalk-001048_codepoint-xwalk,hust-obimd-evobc-xwalk-001048,hust-obimd-evobc-xwalk-001048;hust-obc-cat-1175,src-hust-obc,source_marked_risk_noted,needs_cross_source_review,2026-06-28
obs-xwalk-cand-001049,codepoint_crosswalk_candidate,corpus/001_oracle-characters/122_001001-001100_obs-xwalk-bucket_codepoint-xwalk/049_obs-xwalk-cand-001049_xwalk-001049_codepoint-xwalk,hust-obimd-evobc-xwalk-001049,hust-obimd-evobc-xwalk-001049;hust-obc-cat-1176,src-hust-obc,source_marked_risk_noted,needs_cross_source_review,2026-06-28
obs-xwalk-cand-001050,codepoint_crosswalk_candidate,corpus/001_oracle-characters/122_001001-001100_obs-xwalk-bucket_codepoint-xwalk/050_obs-xwalk-cand-001050_xwalk-001050_codepoint-xwalk,hust-obimd-evobc-xwalk-001050,hust-obimd-evobc-xwalk-001050;hust-obc-cat-1177,src-hust-obc,source_marked_risk_noted,needs_cross_source_review,2026-06-28
obs-xwalk-cand-001051,codepoint_crosswalk_candidate,corpus/001_oracle-characters/122_001001-001100_obs-xwalk-bucket_codepoint-xwalk/051_obs-xwalk-cand-001051_xwalk-001051_codepoint-xwalk,hust-obimd-evobc-xwalk-001051,hust-obimd-evobc-xwalk-001051;hust-obc-cat-1178,src-hust-obc,source_marked_risk_noted,needs_cross_source_review,2026-06-28
obs-xwalk-cand-001052,codepoint_crosswalk_candidate,corpus/001_oracle-characters/122_001001-001100_obs-xwalk-bucket_codepoint-xwalk/052_obs-xwalk-cand-001052_xwalk-001052_codepoint-xwalk,hust-obimd-evobc-xwalk-001052,hust-obimd-evobc-xwalk-001052;hust-obc-cat-1179,src-hust-obc,source_marked_risk_noted,needs_cross_source_review,2026-06-28
obs-xwalk-cand-001053,codepoint_crosswalk_candidate,corpus/001_oracle-characters/122_001001-001100_obs-xwalk-bucket_codepoint-xwalk/053_obs-xwalk-cand-001053_xwalk-001053_codepoint-xwalk,hust-obimd-evobc-xwalk-001053,hust-obimd-evobc-xwalk-001053;hust-obc-cat-1180,src-hust-obc,source_marked_risk_noted,needs_cross_source_review,2026-06-28
obs-xwalk-cand-001054,codepoint_crosswalk_candidate,corpus/001_oracle-characters/122_001001-001100_obs-xwalk-bucket_codepoint-xwalk/054_obs-xwalk-cand-001054_xwalk-001054_codepoint-xwalk,hust-obimd-evobc-xwalk-001054,hust-obimd-evobc-xwalk-001054;hust-obc-cat-1181,src-hust-obc,source_marked_risk_noted,needs_cross_source_review,2026-06-28
obs-xwalk-cand-001055,codepoint_crosswalk_candidate,corpus/001_oracle-characters/122_001001-001100_obs-xwalk-bucket_codepoint-xwalk/055_obs-xwalk-cand-001055_xwalk-001055_codepoint-xwalk,hust-obimd-evobc-xwalk-001055,hust-obimd-evobc-xwalk-001055;hust-obc-cat-1182,src-hust-obc,source_marked_risk_noted,needs_cross_source_review,2026-06-28
obs-xwalk-cand-001056,codepoint_crosswalk_candidate,corpus/001_oracle-characters/122_001001-001100_obs-xwalk-bucket_codepoint-xwalk/056_obs-xwalk-cand-001056_xwalk-001056_codepoint-xwalk,hust-obimd-evobc-xwalk-001056,hust-obimd-evobc-xwalk-001056;hust-obc-cat-1183,src-hust-obc,source_marked_risk_noted,needs_cross_source_review,2026-06-28
obs-xwalk-cand-001057,codepoint_crosswalk_candidate,corpus/001_oracle-characters/122_001001-001100_obs-xwalk-bucket_codepoint-xwalk/057_obs-xwalk-cand-001057_xwalk-001057_codepoint-xwalk,hust-obimd-evobc-xwalk-001057,hust-obimd-evobc-xwalk-001057;hust-obc-cat-1184,src-hust-obc,source_marked_risk_noted,needs_cross_source_review,2026-06-28
obs-xwalk-cand-001058,codepoint_crosswalk_candidate,corpus/001_oracle-characters/122_001001-001100_obs-xwalk-bucket_codepoint-xwalk/058_obs-xwalk-cand-001058_xwalk-001058_codepoint-xwalk,hust-obimd-evobc-xwalk-001058,hust-obimd-evobc-xwalk-001058;hust-obc-cat-1185,src-hust-obc,source_marked_risk_noted,needs_cross_source_review,2026-06-28
obs-xwalk-cand-001059,codepoint_crosswalk_candidate,corpus/001_oracle-characters/122_001001-001100_obs-xwalk-bucket_codepoint-xwalk/059_obs-xwalk-cand-001059_xwalk-001059_codepoint-xwalk,hust-obimd-evobc-xwalk-001059,hust-obimd-evobc-xwalk-001059;hust-obc-cat-1186,src-hust-obc,source_marked_risk_noted,needs_cross_source_review,2026-06-28
obs-xwalk-cand-001060,codepoint_crosswalk_candidate,corpus/001_oracle-characters/122_001001-001100_obs-xwalk-bucket_codepoint-xwalk/060_obs-xwalk-cand-001060_xwalk-001060_codepoint-xwalk,hust-obimd-evobc-xwalk-001060,hust-obimd-evobc-xwalk-001060;hust-obc-cat-1187,src-hust-obc,source_marked_risk_noted,needs_cross_source_review,2026-06-28
obs-xwalk-cand-001061,codepoint_crosswalk_candidate,corpus/001_oracle-characters/122_001001-001100_obs-xwalk-bucket_codepoint-xwalk/061_obs-xwalk-cand-001061_xwalk-001061_codepoint-xwalk,hust-obimd-evobc-xwalk-001061,hust-obimd-evobc-xwalk-001061;hust-obc-cat-1188,src-hust-obc,source_marked_risk_noted,needs_cross_source_review,2026-06-28
obs-xwalk-cand-001062,codepoint_crosswalk_candidate,corpus/001_oracle-characters/122_001001-001100_obs-xwalk-bucket_codepoint-xwalk/062_obs-xwalk-cand-001062_xwalk-001062_codepoint-xwalk,hust-obimd-evobc-xwalk-001062,hust-obimd-evobc-xwalk-001062;hust-obc-cat-1189,src-hust-obc,source_marked_risk_noted,needs_cross_source_review,2026-06-28
obs-xwalk-cand-001063,codepoint_crosswalk_candidate,corpus/001_oracle-characters/122_001001-001100_obs-xwalk-bucket_codepoint-xwalk/063_obs-xwalk-cand-001063_xwalk-001063_codepoint-xwalk,hust-obimd-evobc-xwalk-001063,hust-obimd-evobc-xwalk-001063;hust-obc-cat-1190,src-hust-obc,source_marked_risk_noted,needs_cross_source_review,2026-06-28
obs-xwalk-cand-001064,codepoint_crosswalk_candidate,corpus/001_oracle-characters/122_001001-001100_obs-xwalk-bucket_codepoint-xwalk/064_obs-xwalk-cand-001064_xwalk-001064_codepoint-xwalk,hust-obimd-evobc-xwalk-001064,hust-obimd-evobc-xwalk-001064;hust-obc-cat-1191,src-hust-obc,source_marked_risk_noted,needs_cross_source_review,2026-06-28
obs-xwalk-cand-001065,codepoint_crosswalk_candidate,corpus/001_oracle-characters/122_001001-001100_obs-xwalk-bucket_codepoint-xwalk/065_obs-xwalk-cand-001065_xwalk-001065_codepoint-xwalk,hust-obimd-evobc-xwalk-001065,hust-obimd-evobc-xwalk-001065;hust-obc-cat-1192,src-hust-obc,source_marked_risk_noted,needs_cross_source_review,2026-06-28
obs-xwalk-cand-001066,codepoint_crosswalk_candidate,corpus/001_oracle-characters/122_001001-001100_obs-xwalk-bucket_codepoint-xwalk/066_obs-xwalk-cand-001066_xwalk-001066_codepoint-xwalk,hust-obimd-evobc-xwalk-001066,hust-obimd-evobc-xwalk-001066;hust-obc-cat-1193;evobc-cat-00099,src-hust-obc;src-evobc,source_marked_risk_noted,needs_cross_source_review,2026-06-28
obs-xwalk-cand-001067,codepoint_crosswalk_candidate,corpus/001_oracle-characters/122_001001-001100_obs-xwalk-bucket_codepoint-xwalk/067_obs-xwalk-cand-001067_xwalk-001067_codepoint-xwalk,hust-obimd-evobc-xwalk-001067,hust-obimd-evobc-xwalk-001067;hust-obc-cat-1194,src-hust-obc,source_marked_risk_noted,needs_cross_source_review,2026-06-28
obs-xwalk-cand-001068,codepoint_crosswalk_candidate,corpus/001_oracle-characters/122_001001-001100_obs-xwalk-bucket_codepoint-xwalk/068_obs-xwalk-cand-001068_xwalk-001068_codepoint-xwalk,hust-obimd-evobc-xwalk-001068,hust-obimd-evobc-xwalk-001068;hust-obc-cat-1195,src-hust-obc,source_marked_risk_noted,needs_cross_source_review,2026-06-28
obs-xwalk-cand-001069,codepoint_crosswalk_candidate,corpus/001_oracle-characters/122_001001-001100_obs-xwalk-bucket_codepoint-xwalk/069_obs-xwalk-cand-001069_xwalk-001069_codepoint-xwalk,hust-obimd-evobc-xwalk-001069,hust-obimd-evobc-xwalk-001069;hust-obc-cat-1196,src-hust-obc,source_marked_risk_noted,needs_cross_source_review,2026-06-28
obs-xwalk-cand-001070,codepoint_crosswalk_candidate,corpus/001_oracle-characters/122_001001-001100_obs-xwalk-bucket_codepoint-xwalk/070_obs-xwalk-cand-001070_xwalk-001070_codepoint-xwalk,hust-obimd-evobc-xwalk-001070,hust-obimd-evobc-xwalk-001070;hust-obc-cat-1197,src-hust-obc,source_marked_risk_noted,needs_cross_source_review,2026-06-28
obs-xwalk-cand-001071,codepoint_crosswalk_candidate,corpus/001_oracle-characters/122_001001-001100_obs-xwalk-bucket_codepoint-xwalk/071_obs-xwalk-cand-001071_xwalk-001071_codepoint-xwalk,hust-obimd-evobc-xwalk-001071,hust-obimd-evobc-xwalk-001071;hust-obc-cat-1198,src-hust-obc,source_marked_risk_noted,needs_cross_source_review,2026-06-28
obs-xwalk-cand-001072,codepoint_crosswalk_candidate,corpus/001_oracle-characters/122_001001-001100_obs-xwalk-bucket_codepoint-xwalk/072_obs-xwalk-cand-001072_xwalk-001072_codepoint-xwalk,hust-obimd-evobc-xwalk-001072,hust-obimd-evobc-xwalk-001072;hust-obc-cat-1199,src-hust-obc,source_marked_risk_noted,needs_cross_source_review,2026-06-28
obs-xwalk-cand-001073,codepoint_crosswalk_candidate,corpus/001_oracle-characters/122_001001-001100_obs-xwalk-bucket_codepoint-xwalk/073_obs-xwalk-cand-001073_xwalk-001073_codepoint-xwalk,hust-obimd-evobc-xwalk-001073,hust-obimd-evobc-xwalk-001073;hust-obc-cat-1200,src-hust-obc,source_marked_risk_noted,needs_cross_source_review,2026-06-28
obs-xwalk-cand-001074,codepoint_crosswalk_candidate,corpus/001_oracle-characters/122_001001-001100_obs-xwalk-bucket_codepoint-xwalk/074_obs-xwalk-cand-001074_xwalk-001074_codepoint-xwalk,hust-obimd-evobc-xwalk-001074,hust-obimd-evobc-xwalk-001074;hust-obc-cat-1201,src-hust-obc,source_marked_risk_noted,needs_cross_source_review,2026-06-28
obs-xwalk-cand-001075,codepoint_crosswalk_candidate,corpus/001_oracle-characters/122_001001-001100_obs-xwalk-bucket_codepoint-xwalk/075_obs-xwalk-cand-001075_xwalk-001075_codepoint-xwalk,hust-obimd-evobc-xwalk-001075,hust-obimd-evobc-xwalk-001075;hust-obc-cat-1202;evobc-cat-00100,src-hust-obc;src-evobc,source_marked_risk_noted,needs_cross_source_review,2026-06-28
obs-xwalk-cand-001076,codepoint_crosswalk_candidate,corpus/001_oracle-characters/122_001001-001100_obs-xwalk-bucket_codepoint-xwalk/076_obs-xwalk-cand-001076_xwalk-001076_codepoint-xwalk,hust-obimd-evobc-xwalk-001076,hust-obimd-evobc-xwalk-001076;hust-obc-cat-1203,src-hust-obc,source_marked_risk_noted,needs_cross_source_review,2026-06-28
obs-xwalk-cand-001077,codepoint_crosswalk_candidate,corpus/001_oracle-characters/122_001001-001100_obs-xwalk-bucket_codepoint-xwalk/077_obs-xwalk-cand-001077_xwalk-001077_codepoint-xwalk,hust-obimd-evobc-xwalk-001077,hust-obimd-evobc-xwalk-001077;hust-obc-cat-1204_1205,src-hust-obc,source_marked_risk_noted,needs_cross_source_review,2026-06-28
obs-xwalk-cand-001078,codepoint_crosswalk_candidate,corpus/001_oracle-characters/122_001001-001100_obs-xwalk-bucket_codepoint-xwalk/078_obs-xwalk-cand-001078_xwalk-001078_codepoint-xwalk,hust-obimd-evobc-xwalk-001078,hust-obimd-evobc-xwalk-001078;hust-obc-cat-1206,src-hust-obc,source_marked_risk_noted,needs_cross_source_review,2026-06-28
obs-xwalk-cand-001079,codepoint_crosswalk_candidate,corpus/001_oracle-characters/122_001001-001100_obs-xwalk-bucket_codepoint-xwalk/079_obs-xwalk-cand-001079_xwalk-001079_codepoint-xwalk,hust-obimd-evobc-xwalk-001079,hust-obimd-evobc-xwalk-001079;hust-obc-cat-1207_1208,src-hust-obc,source_marked_risk_noted,needs_cross_source_review,2026-06-28
obs-xwalk-cand-001080,codepoint_crosswalk_candidate,corpus/001_oracle-characters/122_001001-001100_obs-xwalk-bucket_codepoint-xwalk/080_obs-xwalk-cand-001080_xwalk-001080_codepoint-xwalk,hust-obimd-evobc-xwalk-001080,hust-obimd-evobc-xwalk-001080;hust-obc-cat-1209,src-hust-obc,source_marked_risk_noted,needs_cross_source_review,2026-06-28
obs-xwalk-cand-001081,codepoint_crosswalk_candidate,corpus/001_oracle-characters/122_001001-001100_obs-xwalk-bucket_codepoint-xwalk/081_obs-xwalk-cand-001081_xwalk-001081_codepoint-xwalk,hust-obimd-evobc-xwalk-001081,hust-obimd-evobc-xwalk-001081;hust-obc-cat-1210,src-hust-obc,source_marked_risk_noted,needs_cross_source_review,2026-06-28
obs-xwalk-cand-001082,codepoint_crosswalk_candidate,corpus/001_oracle-characters/122_001001-001100_obs-xwalk-bucket_codepoint-xwalk/082_obs-xwalk-cand-001082_xwalk-001082_codepoint-xwalk,hust-obimd-evobc-xwalk-001082,hust-obimd-evobc-xwalk-001082;hust-obc-cat-1211,src-hust-obc,source_marked_risk_noted,needs_cross_source_review,2026-06-28
obs-xwalk-cand-001083,codepoint_crosswalk_candidate,corpus/001_oracle-characters/122_001001-001100_obs-xwalk-bucket_codepoint-xwalk/083_obs-xwalk-cand-001083_xwalk-001083_codepoint-xwalk,hust-obimd-evobc-xwalk-001083,hust-obimd-evobc-xwalk-001083;hust-obc-cat-1212,src-hust-obc,source_marked_risk_noted,needs_cross_source_review,2026-06-28
obs-xwalk-cand-001084,codepoint_crosswalk_candidate,corpus/001_oracle-characters/122_001001-001100_obs-xwalk-bucket_codepoint-xwalk/084_obs-xwalk-cand-001084_xwalk-001084_codepoint-xwalk,hust-obimd-evobc-xwalk-001084,hust-obimd-evobc-xwalk-001084;hust-obc-cat-1213,src-hust-obc,source_marked_risk_noted,needs_cross_source_review,2026-06-28
obs-xwalk-cand-001085,codepoint_crosswalk_candidate,corpus/001_oracle-characters/122_001001-001100_obs-xwalk-bucket_codepoint-xwalk/085_obs-xwalk-cand-001085_xwalk-001085_codepoint-xwalk,hust-obimd-evobc-xwalk-001085,hust-obimd-evobc-xwalk-001085;hust-obc-cat-1214,src-hust-obc,source_marked_risk_noted,needs_cross_source_review,2026-06-28
obs-xwalk-cand-001086,codepoint_crosswalk_candidate,corpus/001_oracle-characters/122_001001-001100_obs-xwalk-bucket_codepoint-xwalk/086_obs-xwalk-cand-001086_xwalk-001086_codepoint-xwalk,hust-obimd-evobc-xwalk-001086,hust-obimd-evobc-xwalk-001086;hust-obc-cat-1215;evobc-cat-00101,src-hust-obc;src-evobc,source_marked_risk_noted,needs_cross_source_review,2026-06-28
obs-xwalk-cand-001087,codepoint_crosswalk_candidate,corpus/001_oracle-characters/122_001001-001100_obs-xwalk-bucket_codepoint-xwalk/087_obs-xwalk-cand-001087_xwalk-001087_codepoint-xwalk,hust-obimd-evobc-xwalk-001087,hust-obimd-evobc-xwalk-001087;hust-obc-cat-1216;evobc-cat-00102,src-hust-obc;src-evobc,source_marked_risk_noted,needs_cross_source_review,2026-06-28
obs-xwalk-cand-001088,codepoint_crosswalk_candidate,corpus/001_oracle-characters/122_001001-001100_obs-xwalk-bucket_codepoint-xwalk/088_obs-xwalk-cand-001088_xwalk-001088_codepoint-xwalk,hust-obimd-evobc-xwalk-001088,hust-obimd-evobc-xwalk-001088;hust-obc-cat-1217;evobc-cat-00103,src-hust-obc;src-evobc,source_marked_risk_noted,needs_cross_source_review,2026-06-28
obs-xwalk-cand-001089,codepoint_crosswalk_candidate,corpus/001_oracle-characters/122_001001-001100_obs-xwalk-bucket_codepoint-xwalk/089_obs-xwalk-cand-001089_xwalk-001089_codepoint-xwalk,hust-obimd-evobc-xwalk-001089,hust-obimd-evobc-xwalk-001089;hust-obc-cat-1218,src-hust-obc,source_marked_risk_noted,needs_cross_source_review,2026-06-28
obs-xwalk-cand-001090,codepoint_crosswalk_candidate,corpus/001_oracle-characters/122_001001-001100_obs-xwalk-bucket_codepoint-xwalk/090_obs-xwalk-cand-001090_xwalk-001090_codepoint-xwalk,hust-obimd-evobc-xwalk-001090,hust-obimd-evobc-xwalk-001090;hust-obc-cat-1219,src-hust-obc,source_marked_risk_noted,needs_cross_source_review,2026-06-28
obs-xwalk-cand-001091,codepoint_crosswalk_candidate,corpus/001_oracle-characters/122_001001-001100_obs-xwalk-bucket_codepoint-xwalk/091_obs-xwalk-cand-001091_xwalk-001091_codepoint-xwalk,hust-obimd-evobc-xwalk-001091,hust-obimd-evobc-xwalk-001091;hust-obc-cat-1220,src-hust-obc,source_marked_risk_noted,needs_cross_source_review,2026-06-28
obs-xwalk-cand-001092,codepoint_crosswalk_candidate,corpus/001_oracle-characters/122_001001-001100_obs-xwalk-bucket_codepoint-xwalk/092_obs-xwalk-cand-001092_xwalk-001092_codepoint-xwalk,hust-obimd-evobc-xwalk-001092,hust-obimd-evobc-xwalk-001092;hust-obc-cat-1221,src-hust-obc,source_marked_risk_noted,needs_cross_source_review,2026-06-28
obs-xwalk-cand-001093,codepoint_crosswalk_candidate,corpus/001_oracle-characters/122_001001-001100_obs-xwalk-bucket_codepoint-xwalk/093_obs-xwalk-cand-001093_xwalk-001093_codepoint-xwalk,hust-obimd-evobc-xwalk-001093,hust-obimd-evobc-xwalk-001093;hust-obc-cat-1222,src-hust-obc,source_marked_risk_noted,needs_cross_source_review,2026-06-28
obs-xwalk-cand-001094,codepoint_crosswalk_candidate,corpus/001_oracle-characters/122_001001-001100_obs-xwalk-bucket_codepoint-xwalk/094_obs-xwalk-cand-001094_xwalk-001094_codepoint-xwalk,hust-obimd-evobc-xwalk-001094,hust-obimd-evobc-xwalk-001094;hust-obc-cat-1223,src-hust-obc,source_marked_risk_noted,needs_cross_source_review,2026-06-28
obs-xwalk-cand-001095,codepoint_crosswalk_candidate,corpus/001_oracle-characters/122_001001-001100_obs-xwalk-bucket_codepoint-xwalk/095_obs-xwalk-cand-001095_xwalk-001095_codepoint-xwalk,hust-obimd-evobc-xwalk-001095,hust-obimd-evobc-xwalk-001095;hust-obc-cat-1224;evobc-cat-00104,src-hust-obc;src-evobc,source_marked_risk_noted,needs_cross_source_review,2026-06-28
obs-xwalk-cand-001096,codepoint_crosswalk_candidate,corpus/001_oracle-characters/122_001001-001100_obs-xwalk-bucket_codepoint-xwalk/096_obs-xwalk-cand-001096_xwalk-001096_codepoint-xwalk,hust-obimd-evobc-xwalk-001096,hust-obimd-evobc-xwalk-001096;hust-obc-cat-1225,src-hust-obc,source_marked_risk_noted,needs_cross_source_review,2026-06-28
obs-xwalk-cand-001097,codepoint_crosswalk_candidate,corpus/001_oracle-characters/122_001001-001100_obs-xwalk-bucket_codepoint-xwalk/097_obs-xwalk-cand-001097_xwalk-001097_codepoint-xwalk,hust-obimd-evobc-xwalk-001097,hust-obimd-evobc-xwalk-001097;hust-obc-cat-1226,src-hust-obc,source_marked_risk_noted,needs_cross_source_review,2026-06-28
obs-xwalk-cand-001098,codepoint_crosswalk_candidate,corpus/001_oracle-characters/122_001001-001100_obs-xwalk-bucket_codepoint-xwalk/098_obs-xwalk-cand-001098_xwalk-001098_codepoint-xwalk,hust-obimd-evobc-xwalk-001098,hust-obimd-evobc-xwalk-001098;hust-obc-cat-1227,src-hust-obc,source_marked_risk_noted,needs_cross_source_review,2026-06-28
obs-xwalk-cand-001099,codepoint_crosswalk_candidate,corpus/001_oracle-characters/122_001001-001100_obs-xwalk-bucket_codepoint-xwalk/099_obs-xwalk-cand-001099_xwalk-001099_codepoint-xwalk,hust-obimd-evobc-xwalk-001099,hust-obimd-evobc-xwalk-001099;hust-obc-cat-1228,src-hust-obc,source_marked_risk_noted,needs_cross_source_review,2026-06-28
obs-xwalk-cand-001100,codepoint_crosswalk_candidate,corpus/001_oracle-characters/122_001001-001100_obs-xwalk-bucket_codepoint-xwalk/100_obs-xwalk-cand-001100_xwalk-001100_codepoint-xwalk,hust-obimd-evobc-xwalk-001100,hust-obimd-evobc-xwalk-001100;hust-obc-cat-1229,src-hust-obc,source_marked_risk_noted,needs_cross_source_review,2026-06-28
obs-xwalk-cand-001101,codepoint_crosswalk_candidate,corpus/001_oracle-characters/123_001101-001200_obs-xwalk-bucket_codepoint-xwalk/001_obs-xwalk-cand-001101_xwalk-001101_codepoint-xwalk,hust-obimd-evobc-xwalk-001101,hust-obimd-evobc-xwalk-001101;hust-obc-cat-1230,src-hust-obc,source_marked_risk_noted,needs_cross_source_review,2026-06-28
obs-xwalk-cand-001102,codepoint_crosswalk_candidate,corpus/001_oracle-characters/123_001101-001200_obs-xwalk-bucket_codepoint-xwalk/002_obs-xwalk-cand-001102_xwalk-001102_codepoint-xwalk,hust-obimd-evobc-xwalk-001102,hust-obimd-evobc-xwalk-001102;hust-obc-cat-1231_1232,src-hust-obc,source_marked_risk_noted,needs_cross_source_review,2026-06-28
obs-xwalk-cand-001103,codepoint_crosswalk_candidate,corpus/001_oracle-characters/123_001101-001200_obs-xwalk-bucket_codepoint-xwalk/003_obs-xwalk-cand-001103_xwalk-001103_codepoint-xwalk,hust-obimd-evobc-xwalk-001103,hust-obimd-evobc-xwalk-001103;hust-obc-cat-1233;evobc-cat-00105,src-hust-obc;src-evobc,source_marked_risk_noted,needs_cross_source_review,2026-06-28
obs-xwalk-cand-001104,codepoint_crosswalk_candidate,corpus/001_oracle-characters/123_001101-001200_obs-xwalk-bucket_codepoint-xwalk/004_obs-xwalk-cand-001104_xwalk-001104_codepoint-xwalk,hust-obimd-evobc-xwalk-001104,hust-obimd-evobc-xwalk-001104;hust-obc-cat-1234;evobc-cat-00106,src-hust-obc;src-evobc,source_marked_risk_noted,needs_cross_source_review,2026-06-28
obs-xwalk-cand-001105,codepoint_crosswalk_candidate,corpus/001_oracle-characters/123_001101-001200_obs-xwalk-bucket_codepoint-xwalk/005_obs-xwalk-cand-001105_xwalk-001105_codepoint-xwalk,hust-obimd-evobc-xwalk-001105,hust-obimd-evobc-xwalk-001105;hust-obc-cat-1235,src-hust-obc,source_marked_risk_noted,needs_cross_source_review,2026-06-28
obs-xwalk-cand-001106,codepoint_crosswalk_candidate,corpus/001_oracle-characters/123_001101-001200_obs-xwalk-bucket_codepoint-xwalk/006_obs-xwalk-cand-001106_xwalk-001106_codepoint-xwalk,hust-obimd-evobc-xwalk-001106,hust-obimd-evobc-xwalk-001106;hust-obc-cat-1236,src-hust-obc,source_marked_risk_noted,needs_cross_source_review,2026-06-28
obs-xwalk-cand-001107,codepoint_crosswalk_candidate,corpus/001_oracle-characters/123_001101-001200_obs-xwalk-bucket_codepoint-xwalk/007_obs-xwalk-cand-001107_xwalk-001107_codepoint-xwalk,hust-obimd-evobc-xwalk-001107,hust-obimd-evobc-xwalk-001107;hust-obc-cat-1237,src-hust-obc,source_marked_risk_noted,needs_cross_source_review,2026-06-28
obs-xwalk-cand-001108,codepoint_crosswalk_candidate,corpus/001_oracle-characters/123_001101-001200_obs-xwalk-bucket_codepoint-xwalk/008_obs-xwalk-cand-001108_xwalk-001108_codepoint-xwalk,hust-obimd-evobc-xwalk-001108,hust-obimd-evobc-xwalk-001108;hust-obc-cat-1238,src-hust-obc,source_marked_risk_noted,needs_cross_source_review,2026-06-28
obs-xwalk-cand-001109,codepoint_crosswalk_candidate,corpus/001_oracle-characters/123_001101-001200_obs-xwalk-bucket_codepoint-xwalk/009_obs-xwalk-cand-001109_xwalk-001109_codepoint-xwalk,hust-obimd-evobc-xwalk-001109,hust-obimd-evobc-xwalk-001109;hust-obc-cat-1239_1240,src-hust-obc,source_marked_risk_noted,needs_cross_source_review,2026-06-28
obs-xwalk-cand-001110,codepoint_crosswalk_candidate,corpus/001_oracle-characters/123_001101-001200_obs-xwalk-bucket_codepoint-xwalk/010_obs-xwalk-cand-001110_xwalk-001110_codepoint-xwalk,hust-obimd-evobc-xwalk-001110,hust-obimd-evobc-xwalk-001110;hust-obc-cat-1241,src-hust-obc,source_marked_risk_noted,needs_cross_source_review,2026-06-28
obs-xwalk-cand-001111,codepoint_crosswalk_candidate,corpus/001_oracle-characters/123_001101-001200_obs-xwalk-bucket_codepoint-xwalk/011_obs-xwalk-cand-001111_xwalk-001111_codepoint-xwalk,hust-obimd-evobc-xwalk-001111,hust-obimd-evobc-xwalk-001111;hust-obc-cat-1242,src-hust-obc,source_marked_risk_noted,needs_cross_source_review,2026-06-28
obs-xwalk-cand-001112,codepoint_crosswalk_candidate,corpus/001_oracle-characters/123_001101-001200_obs-xwalk-bucket_codepoint-xwalk/012_obs-xwalk-cand-001112_xwalk-001112_codepoint-xwalk,hust-obimd-evobc-xwalk-001112,hust-obimd-evobc-xwalk-001112;hust-obc-cat-1243,src-hust-obc,source_marked_risk_noted,needs_cross_source_review,2026-06-28
obs-xwalk-cand-001113,codepoint_crosswalk_candidate,corpus/001_oracle-characters/123_001101-001200_obs-xwalk-bucket_codepoint-xwalk/013_obs-xwalk-cand-001113_xwalk-001113_codepoint-xwalk,hust-obimd-evobc-xwalk-001113,hust-obimd-evobc-xwalk-001113;hust-obc-cat-1244,src-hust-obc,source_marked_risk_noted,needs_cross_source_review,2026-06-28
obs-xwalk-cand-001114,codepoint_crosswalk_candidate,corpus/001_oracle-characters/123_001101-001200_obs-xwalk-bucket_codepoint-xwalk/014_obs-xwalk-cand-001114_xwalk-001114_codepoint-xwalk,hust-obimd-evobc-xwalk-001114,hust-obimd-evobc-xwalk-001114;hust-obc-cat-1245,src-hust-obc,source_marked_risk_noted,needs_cross_source_review,2026-06-28
obs-xwalk-cand-001115,codepoint_crosswalk_candidate,corpus/001_oracle-characters/123_001101-001200_obs-xwalk-bucket_codepoint-xwalk/015_obs-xwalk-cand-001115_xwalk-001115_codepoint-xwalk,hust-obimd-evobc-xwalk-001115,hust-obimd-evobc-xwalk-001115;hust-obc-cat-1246,src-hust-obc,source_marked_risk_noted,needs_cross_source_review,2026-06-28
obs-xwalk-cand-001116,codepoint_crosswalk_candidate,corpus/001_oracle-characters/123_001101-001200_obs-xwalk-bucket_codepoint-xwalk/016_obs-xwalk-cand-001116_xwalk-001116_codepoint-xwalk,hust-obimd-evobc-xwalk-001116,hust-obimd-evobc-xwalk-001116;hust-obc-cat-1247,src-hust-obc,source_marked_risk_noted,needs_cross_source_review,2026-06-28
obs-xwalk-cand-001117,codepoint_crosswalk_candidate,corpus/001_oracle-characters/123_001101-001200_obs-xwalk-bucket_codepoint-xwalk/017_obs-xwalk-cand-001117_xwalk-001117_codepoint-xwalk,hust-obimd-evobc-xwalk-001117,hust-obimd-evobc-xwalk-001117;hust-obc-cat-1248,src-hust-obc,source_marked_risk_noted,needs_cross_source_review,2026-06-28
obs-xwalk-cand-001118,codepoint_crosswalk_candidate,corpus/001_oracle-characters/123_001101-001200_obs-xwalk-bucket_codepoint-xwalk/018_obs-xwalk-cand-001118_xwalk-001118_codepoint-xwalk,hust-obimd-evobc-xwalk-001118,hust-obimd-evobc-xwalk-001118;hust-obc-cat-1249,src-hust-obc,source_marked_risk_noted,needs_cross_source_review,2026-06-28
obs-xwalk-cand-001119,codepoint_crosswalk_candidate,corpus/001_oracle-characters/123_001101-001200_obs-xwalk-bucket_codepoint-xwalk/019_obs-xwalk-cand-001119_xwalk-001119_codepoint-xwalk,hust-obimd-evobc-xwalk-001119,hust-obimd-evobc-xwalk-001119;hust-obc-cat-1250,src-hust-obc,source_marked_risk_noted,needs_cross_source_review,2026-06-28
obs-xwalk-cand-001120,codepoint_crosswalk_candidate,corpus/001_oracle-characters/123_001101-001200_obs-xwalk-bucket_codepoint-xwalk/020_obs-xwalk-cand-001120_xwalk-001120_codepoint-xwalk,hust-obimd-evobc-xwalk-001120,hust-obimd-evobc-xwalk-001120;hust-obc-cat-1251;obimd-main-vha0ssegay;evobc-cat-00107,src-hust-obc;src-obimd;src-evobc,source_marked_risk_noted,needs_cross_source_review,2026-06-28
obs-xwalk-cand-001121,codepoint_crosswalk_candidate,corpus/001_oracle-characters/123_001101-001200_obs-xwalk-bucket_codepoint-xwalk/021_obs-xwalk-cand-001121_xwalk-001121_codepoint-xwalk,hust-obimd-evobc-xwalk-001121,hust-obimd-evobc-xwalk-001121;hust-obc-cat-1252;evobc-cat-00108,src-hust-obc;src-evobc,source_marked_risk_noted,needs_cross_source_review,2026-06-28
obs-xwalk-cand-001122,codepoint_crosswalk_candidate,corpus/001_oracle-characters/123_001101-001200_obs-xwalk-bucket_codepoint-xwalk/022_obs-xwalk-cand-001122_xwalk-001122_codepoint-xwalk,hust-obimd-evobc-xwalk-001122,hust-obimd-evobc-xwalk-001122;hust-obc-cat-1253;obimd-main-swd7pw3btv,src-hust-obc;src-obimd,source_marked_risk_noted,needs_cross_source_review,2026-06-28
obs-xwalk-cand-001123,codepoint_crosswalk_candidate,corpus/001_oracle-characters/123_001101-001200_obs-xwalk-bucket_codepoint-xwalk/023_obs-xwalk-cand-001123_xwalk-001123_codepoint-xwalk,hust-obimd-evobc-xwalk-001123,hust-obimd-evobc-xwalk-001123;hust-obc-cat-1254,src-hust-obc,source_marked_risk_noted,needs_cross_source_review,2026-06-28
obs-xwalk-cand-001124,codepoint_crosswalk_candidate,corpus/001_oracle-characters/123_001101-001200_obs-xwalk-bucket_codepoint-xwalk/024_obs-xwalk-cand-001124_xwalk-001124_codepoint-xwalk,hust-obimd-evobc-xwalk-001124,hust-obimd-evobc-xwalk-001124;hust-obc-cat-1255,src-hust-obc,source_marked_risk_noted,needs_cross_source_review,2026-06-28
obs-xwalk-cand-001125,codepoint_crosswalk_candidate,corpus/001_oracle-characters/123_001101-001200_obs-xwalk-bucket_codepoint-xwalk/025_obs-xwalk-cand-001125_xwalk-001125_codepoint-xwalk,hust-obimd-evobc-xwalk-001125,hust-obimd-evobc-xwalk-001125;hust-obc-cat-1256,src-hust-obc,source_marked_risk_noted,needs_cross_source_review,2026-06-28
obs-xwalk-cand-001126,codepoint_crosswalk_candidate,corpus/001_oracle-characters/123_001101-001200_obs-xwalk-bucket_codepoint-xwalk/026_obs-xwalk-cand-001126_xwalk-001126_codepoint-xwalk,hust-obimd-evobc-xwalk-001126,hust-obimd-evobc-xwalk-001126;hust-obc-cat-1257,src-hust-obc,source_marked_risk_noted,needs_cross_source_review,2026-06-28
obs-xwalk-cand-001127,codepoint_crosswalk_candidate,corpus/001_oracle-characters/123_001101-001200_obs-xwalk-bucket_codepoint-xwalk/027_obs-xwalk-cand-001127_xwalk-001127_codepoint-xwalk,hust-obimd-evobc-xwalk-001127,hust-obimd-evobc-xwalk-001127;hust-obc-cat-1258,src-hust-obc,source_marked_risk_noted,needs_cross_source_review,2026-06-28
obs-xwalk-cand-001128,codepoint_crosswalk_candidate,corpus/001_oracle-characters/123_001101-001200_obs-xwalk-bucket_codepoint-xwalk/028_obs-xwalk-cand-001128_xwalk-001128_codepoint-xwalk,hust-obimd-evobc-xwalk-001128,hust-obimd-evobc-xwalk-001128;hust-obc-cat-1259,src-hust-obc,source_marked_risk_noted,needs_cross_source_review,2026-06-28
obs-xwalk-cand-001129,codepoint_crosswalk_candidate,corpus/001_oracle-characters/123_001101-001200_obs-xwalk-bucket_codepoint-xwalk/029_obs-xwalk-cand-001129_xwalk-001129_codepoint-xwalk,hust-obimd-evobc-xwalk-001129,hust-obimd-evobc-xwalk-001129;hust-obc-cat-1260,src-hust-obc,source_marked_risk_noted,needs_cross_source_review,2026-06-28
obs-xwalk-cand-001130,codepoint_crosswalk_candidate,corpus/001_oracle-characters/123_001101-001200_obs-xwalk-bucket_codepoint-xwalk/030_obs-xwalk-cand-001130_xwalk-001130_codepoint-xwalk,hust-obimd-evobc-xwalk-001130,hust-obimd-evobc-xwalk-001130;hust-obc-cat-1261_1262_1263,src-hust-obc,source_marked_risk_noted,needs_cross_source_review,2026-06-28
obs-xwalk-cand-001131,codepoint_crosswalk_candidate,corpus/001_oracle-characters/123_001101-001200_obs-xwalk-bucket_codepoint-xwalk/031_obs-xwalk-cand-001131_xwalk-001131_codepoint-xwalk,hust-obimd-evobc-xwalk-001131,hust-obimd-evobc-xwalk-001131;hust-obc-cat-1264,src-hust-obc,source_marked_risk_noted,needs_cross_source_review,2026-06-28
obs-xwalk-cand-001132,codepoint_crosswalk_candidate,corpus/001_oracle-characters/123_001101-001200_obs-xwalk-bucket_codepoint-xwalk/032_obs-xwalk-cand-001132_xwalk-001132_codepoint-xwalk,hust-obimd-evobc-xwalk-001132,hust-obimd-evobc-xwalk-001132;hust-obc-cat-1265,src-hust-obc,source_marked_risk_noted,needs_cross_source_review,2026-06-28
obs-xwalk-cand-001133,codepoint_crosswalk_candidate,corpus/001_oracle-characters/123_001101-001200_obs-xwalk-bucket_codepoint-xwalk/033_obs-xwalk-cand-001133_xwalk-001133_codepoint-xwalk,hust-obimd-evobc-xwalk-001133,hust-obimd-evobc-xwalk-001133;hust-obc-cat-1266,src-hust-obc,source_marked_risk_noted,needs_cross_source_review,2026-06-28
obs-xwalk-cand-001134,codepoint_crosswalk_candidate,corpus/001_oracle-characters/123_001101-001200_obs-xwalk-bucket_codepoint-xwalk/034_obs-xwalk-cand-001134_xwalk-001134_codepoint-xwalk,hust-obimd-evobc-xwalk-001134,hust-obimd-evobc-xwalk-001134;hust-obc-cat-1267,src-hust-obc,source_marked_risk_noted,needs_cross_source_review,2026-06-28
obs-xwalk-cand-001135,codepoint_crosswalk_candidate,corpus/001_oracle-characters/123_001101-001200_obs-xwalk-bucket_codepoint-xwalk/035_obs-xwalk-cand-001135_xwalk-001135_codepoint-xwalk,hust-obimd-evobc-xwalk-001135,hust-obimd-evobc-xwalk-001135;hust-obc-cat-1268;obimd-main-lgmn04qz1f,src-hust-obc;src-obimd,source_marked_risk_noted,needs_cross_source_review,2026-06-28
obs-xwalk-cand-001136,codepoint_crosswalk_candidate,corpus/001_oracle-characters/123_001101-001200_obs-xwalk-bucket_codepoint-xwalk/036_obs-xwalk-cand-001136_xwalk-001136_codepoint-xwalk,hust-obimd-evobc-xwalk-001136,hust-obimd-evobc-xwalk-001136;hust-obc-cat-1269,src-hust-obc,source_marked_risk_noted,needs_cross_source_review,2026-06-28
obs-xwalk-cand-001137,codepoint_crosswalk_candidate,corpus/001_oracle-characters/123_001101-001200_obs-xwalk-bucket_codepoint-xwalk/037_obs-xwalk-cand-001137_xwalk-001137_codepoint-xwalk,hust-obimd-evobc-xwalk-001137,hust-obimd-evobc-xwalk-001137;hust-obc-cat-1270,src-hust-obc,source_marked_risk_noted,needs_cross_source_review,2026-06-28
obs-xwalk-cand-001138,codepoint_crosswalk_candidate,corpus/001_oracle-characters/123_001101-001200_obs-xwalk-bucket_codepoint-xwalk/038_obs-xwalk-cand-001138_xwalk-001138_codepoint-xwalk,hust-obimd-evobc-xwalk-001138,hust-obimd-evobc-xwalk-001138;hust-obc-cat-1271_1272,src-hust-obc,source_marked_risk_noted,needs_cross_source_review,2026-06-28
obs-xwalk-cand-001139,codepoint_crosswalk_candidate,corpus/001_oracle-characters/123_001101-001200_obs-xwalk-bucket_codepoint-xwalk/039_obs-xwalk-cand-001139_xwalk-001139_codepoint-xwalk,hust-obimd-evobc-xwalk-001139,hust-obimd-evobc-xwalk-001139;hust-obc-cat-1273,src-hust-obc,source_marked_risk_noted,needs_cross_source_review,2026-06-28
obs-xwalk-cand-001140,codepoint_crosswalk_candidate,corpus/001_oracle-characters/123_001101-001200_obs-xwalk-bucket_codepoint-xwalk/040_obs-xwalk-cand-001140_xwalk-001140_codepoint-xwalk,hust-obimd-evobc-xwalk-001140,hust-obimd-evobc-xwalk-001140;hust-obc-cat-1274,src-hust-obc,source_marked_risk_noted,needs_cross_source_review,2026-06-28
obs-xwalk-cand-001141,codepoint_crosswalk_candidate,corpus/001_oracle-characters/123_001101-001200_obs-xwalk-bucket_codepoint-xwalk/041_obs-xwalk-cand-001141_xwalk-001141_codepoint-xwalk,hust-obimd-evobc-xwalk-001141,hust-obimd-evobc-xwalk-001141;hust-obc-cat-1275,src-hust-obc,source_marked_risk_noted,needs_cross_source_review,2026-06-28
obs-xwalk-cand-001142,codepoint_crosswalk_candidate,corpus/001_oracle-characters/123_001101-001200_obs-xwalk-bucket_codepoint-xwalk/042_obs-xwalk-cand-001142_xwalk-001142_codepoint-xwalk,hust-obimd-evobc-xwalk-001142,hust-obimd-evobc-xwalk-001142;hust-obc-cat-1276,src-hust-obc,source_marked_risk_noted,needs_cross_source_review,2026-06-28
obs-xwalk-cand-001143,codepoint_crosswalk_candidate,corpus/001_oracle-characters/123_001101-001200_obs-xwalk-bucket_codepoint-xwalk/043_obs-xwalk-cand-001143_xwalk-001143_codepoint-xwalk,hust-obimd-evobc-xwalk-001143,hust-obimd-evobc-xwalk-001143;hust-obc-cat-1277,src-hust-obc,source_marked_risk_noted,needs_cross_source_review,2026-06-28
obs-xwalk-cand-001144,codepoint_crosswalk_candidate,corpus/001_oracle-characters/123_001101-001200_obs-xwalk-bucket_codepoint-xwalk/044_obs-xwalk-cand-001144_xwalk-001144_codepoint-xwalk,hust-obimd-evobc-xwalk-001144,hust-obimd-evobc-xwalk-001144;hust-obc-cat-1278,src-hust-obc,source_marked_risk_noted,needs_cross_source_review,2026-06-28
obs-xwalk-cand-001145,codepoint_crosswalk_candidate,corpus/001_oracle-characters/123_001101-001200_obs-xwalk-bucket_codepoint-xwalk/045_obs-xwalk-cand-001145_xwalk-001145_codepoint-xwalk,hust-obimd-evobc-xwalk-001145,hust-obimd-evobc-xwalk-001145;hust-obc-cat-1279,src-hust-obc,source_marked_risk_noted,needs_cross_source_review,2026-06-28
obs-xwalk-cand-001146,codepoint_crosswalk_candidate,corpus/001_oracle-characters/123_001101-001200_obs-xwalk-bucket_codepoint-xwalk/046_obs-xwalk-cand-001146_xwalk-001146_codepoint-xwalk,hust-obimd-evobc-xwalk-001146,hust-obimd-evobc-xwalk-001146;hust-obc-cat-1280_1281,src-hust-obc,source_marked_risk_noted,needs_cross_source_review,2026-06-28
obs-xwalk-cand-001147,codepoint_crosswalk_candidate,corpus/001_oracle-characters/123_001101-001200_obs-xwalk-bucket_codepoint-xwalk/047_obs-xwalk-cand-001147_xwalk-001147_codepoint-xwalk,hust-obimd-evobc-xwalk-001147,hust-obimd-evobc-xwalk-001147;hust-obc-cat-1282,src-hust-obc,source_marked_risk_noted,needs_cross_source_review,2026-06-28
obs-xwalk-cand-001148,codepoint_crosswalk_candidate,corpus/001_oracle-characters/123_001101-001200_obs-xwalk-bucket_codepoint-xwalk/048_obs-xwalk-cand-001148_xwalk-001148_codepoint-xwalk,hust-obimd-evobc-xwalk-001148,hust-obimd-evobc-xwalk-001148;hust-obc-cat-1283,src-hust-obc,source_marked_risk_noted,needs_cross_source_review,2026-06-28
obs-xwalk-cand-001149,codepoint_crosswalk_candidate,corpus/001_oracle-characters/123_001101-001200_obs-xwalk-bucket_codepoint-xwalk/049_obs-xwalk-cand-001149_xwalk-001149_codepoint-xwalk,hust-obimd-evobc-xwalk-001149,hust-obimd-evobc-xwalk-001149;hust-obc-cat-1284_1285_1286,src-hust-obc,source_marked_risk_noted,needs_cross_source_review,2026-06-28
obs-xwalk-cand-001150,codepoint_crosswalk_candidate,corpus/001_oracle-characters/123_001101-001200_obs-xwalk-bucket_codepoint-xwalk/050_obs-xwalk-cand-001150_xwalk-001150_codepoint-xwalk,hust-obimd-evobc-xwalk-001150,hust-obimd-evobc-xwalk-001150;hust-obc-cat-1287,src-hust-obc,source_marked_risk_noted,needs_cross_source_review,2026-06-28
obs-xwalk-cand-001151,codepoint_crosswalk_candidate,corpus/001_oracle-characters/123_001101-001200_obs-xwalk-bucket_codepoint-xwalk/051_obs-xwalk-cand-001151_xwalk-001151_codepoint-xwalk,hust-obimd-evobc-xwalk-001151,hust-obimd-evobc-xwalk-001151;hust-obc-cat-1288,src-hust-obc,source_marked_risk_noted,needs_cross_source_review,2026-06-28
obs-xwalk-cand-001152,codepoint_crosswalk_candidate,corpus/001_oracle-characters/123_001101-001200_obs-xwalk-bucket_codepoint-xwalk/052_obs-xwalk-cand-001152_xwalk-001152_codepoint-xwalk,hust-obimd-evobc-xwalk-001152,hust-obimd-evobc-xwalk-001152;hust-obc-cat-1289,src-hust-obc,source_marked_risk_noted,needs_cross_source_review,2026-06-28
obs-xwalk-cand-001153,codepoint_crosswalk_candidate,corpus/001_oracle-characters/123_001101-001200_obs-xwalk-bucket_codepoint-xwalk/053_obs-xwalk-cand-001153_xwalk-001153_codepoint-xwalk,hust-obimd-evobc-xwalk-001153,hust-obimd-evobc-xwalk-001153;hust-obc-cat-1290_1291_1292,src-hust-obc,source_marked_risk_noted,needs_cross_source_review,2026-06-28
obs-xwalk-cand-001154,codepoint_crosswalk_candidate,corpus/001_oracle-characters/123_001101-001200_obs-xwalk-bucket_codepoint-xwalk/054_obs-xwalk-cand-001154_xwalk-001154_codepoint-xwalk,hust-obimd-evobc-xwalk-001154,hust-obimd-evobc-xwalk-001154;hust-obc-cat-1293,src-hust-obc,source_marked_risk_noted,needs_cross_source_review,2026-06-28
obs-xwalk-cand-001155,codepoint_crosswalk_candidate,corpus/001_oracle-characters/123_001101-001200_obs-xwalk-bucket_codepoint-xwalk/055_obs-xwalk-cand-001155_xwalk-001155_codepoint-xwalk,hust-obimd-evobc-xwalk-001155,hust-obimd-evobc-xwalk-001155;hust-obc-cat-1294,src-hust-obc,source_marked_risk_noted,needs_cross_source_review,2026-06-28
obs-xwalk-cand-001156,codepoint_crosswalk_candidate,corpus/001_oracle-characters/123_001101-001200_obs-xwalk-bucket_codepoint-xwalk/056_obs-xwalk-cand-001156_xwalk-001156_codepoint-xwalk,hust-obimd-evobc-xwalk-001156,hust-obimd-evobc-xwalk-001156;hust-obc-cat-1295;evobc-cat-00113,src-hust-obc;src-evobc,source_marked_risk_noted,needs_cross_source_review,2026-06-28
obs-xwalk-cand-001157,codepoint_crosswalk_candidate,corpus/001_oracle-characters/123_001101-001200_obs-xwalk-bucket_codepoint-xwalk/057_obs-xwalk-cand-001157_xwalk-001157_codepoint-xwalk,hust-obimd-evobc-xwalk-001157,hust-obimd-evobc-xwalk-001157;hust-obc-cat-1296;evobc-cat-00114,src-hust-obc;src-evobc,source_marked_risk_noted,needs_cross_source_review,2026-06-28
obs-xwalk-cand-001158,codepoint_crosswalk_candidate,corpus/001_oracle-characters/123_001101-001200_obs-xwalk-bucket_codepoint-xwalk/058_obs-xwalk-cand-001158_xwalk-001158_codepoint-xwalk,hust-obimd-evobc-xwalk-001158,hust-obimd-evobc-xwalk-001158;hust-obc-cat-1297,src-hust-obc,source_marked_risk_noted,needs_cross_source_review,2026-06-28
obs-xwalk-cand-001159,codepoint_crosswalk_candidate,corpus/001_oracle-characters/123_001101-001200_obs-xwalk-bucket_codepoint-xwalk/059_obs-xwalk-cand-001159_xwalk-001159_codepoint-xwalk,hust-obimd-evobc-xwalk-001159,hust-obimd-evobc-xwalk-001159;hust-obc-cat-1298,src-hust-obc,source_marked_risk_noted,needs_cross_source_review,2026-06-28
obs-xwalk-cand-001160,codepoint_crosswalk_candidate,corpus/001_oracle-characters/123_001101-001200_obs-xwalk-bucket_codepoint-xwalk/060_obs-xwalk-cand-001160_xwalk-001160_codepoint-xwalk,hust-obimd-evobc-xwalk-001160,hust-obimd-evobc-xwalk-001160;hust-obc-cat-1299,src-hust-obc,source_marked_risk_noted,needs_cross_source_review,2026-06-28
obs-xwalk-cand-001161,codepoint_crosswalk_candidate,corpus/001_oracle-characters/123_001101-001200_obs-xwalk-bucket_codepoint-xwalk/061_obs-xwalk-cand-001161_xwalk-001161_codepoint-xwalk,hust-obimd-evobc-xwalk-001161,hust-obimd-evobc-xwalk-001161;hust-obc-cat-1300,src-hust-obc,source_marked_risk_noted,needs_cross_source_review,2026-06-28
obs-xwalk-cand-001162,codepoint_crosswalk_candidate,corpus/001_oracle-characters/123_001101-001200_obs-xwalk-bucket_codepoint-xwalk/062_obs-xwalk-cand-001162_xwalk-001162_codepoint-xwalk,hust-obimd-evobc-xwalk-001162,hust-obimd-evobc-xwalk-001162;hust-obc-cat-1301,src-hust-obc,source_marked_risk_noted,needs_cross_source_review,2026-06-28
obs-xwalk-cand-001163,codepoint_crosswalk_candidate,corpus/001_oracle-characters/123_001101-001200_obs-xwalk-bucket_codepoint-xwalk/063_obs-xwalk-cand-001163_xwalk-001163_codepoint-xwalk,hust-obimd-evobc-xwalk-001163,hust-obimd-evobc-xwalk-001163;hust-obc-cat-1302,src-hust-obc,source_marked_risk_noted,needs_cross_source_review,2026-06-28
obs-xwalk-cand-001164,codepoint_crosswalk_candidate,corpus/001_oracle-characters/123_001101-001200_obs-xwalk-bucket_codepoint-xwalk/064_obs-xwalk-cand-001164_xwalk-001164_codepoint-xwalk,hust-obimd-evobc-xwalk-001164,hust-obimd-evobc-xwalk-001164;hust-obc-cat-1303,src-hust-obc,source_marked_risk_noted,needs_cross_source_review,2026-06-28
obs-xwalk-cand-001165,codepoint_crosswalk_candidate,corpus/001_oracle-characters/123_001101-001200_obs-xwalk-bucket_codepoint-xwalk/065_obs-xwalk-cand-001165_xwalk-001165_codepoint-xwalk,hust-obimd-evobc-xwalk-001165,hust-obimd-evobc-xwalk-001165;hust-obc-cat-1304_1305,src-hust-obc,source_marked_risk_noted,needs_cross_source_review,2026-06-28
obs-xwalk-cand-001166,codepoint_crosswalk_candidate,corpus/001_oracle-characters/123_001101-001200_obs-xwalk-bucket_codepoint-xwalk/066_obs-xwalk-cand-001166_xwalk-001166_codepoint-xwalk,hust-obimd-evobc-xwalk-001166,hust-obimd-evobc-xwalk-001166;hust-obc-cat-1306,src-hust-obc,source_marked_risk_noted,needs_cross_source_review,2026-06-28
obs-xwalk-cand-001167,codepoint_crosswalk_candidate,corpus/001_oracle-characters/123_001101-001200_obs-xwalk-bucket_codepoint-xwalk/067_obs-xwalk-cand-001167_xwalk-001167_codepoint-xwalk,hust-obimd-evobc-xwalk-001167,hust-obimd-evobc-xwalk-001167;hust-obc-cat-1307,src-hust-obc,source_marked_risk_noted,needs_cross_source_review,2026-06-28
obs-xwalk-cand-001168,codepoint_crosswalk_candidate,corpus/001_oracle-characters/123_001101-001200_obs-xwalk-bucket_codepoint-xwalk/068_obs-xwalk-cand-001168_xwalk-001168_codepoint-xwalk,hust-obimd-evobc-xwalk-001168,hust-obimd-evobc-xwalk-001168;hust-obc-cat-1308,src-hust-obc,source_marked_risk_noted,needs_cross_source_review,2026-06-28
obs-xwalk-cand-001169,codepoint_crosswalk_candidate,corpus/001_oracle-characters/123_001101-001200_obs-xwalk-bucket_codepoint-xwalk/069_obs-xwalk-cand-001169_xwalk-001169_codepoint-xwalk,hust-obimd-evobc-xwalk-001169,hust-obimd-evobc-xwalk-001169;hust-obc-cat-1309,src-hust-obc,source_marked_risk_noted,needs_cross_source_review,2026-06-28
obs-xwalk-cand-001170,codepoint_crosswalk_candidate,corpus/001_oracle-characters/123_001101-001200_obs-xwalk-bucket_codepoint-xwalk/070_obs-xwalk-cand-001170_xwalk-001170_codepoint-xwalk,hust-obimd-evobc-xwalk-001170,hust-obimd-evobc-xwalk-001170;hust-obc-cat-1310,src-hust-obc,source_marked_risk_noted,needs_cross_source_review,2026-06-28
obs-xwalk-cand-001171,codepoint_crosswalk_candidate,corpus/001_oracle-characters/123_001101-001200_obs-xwalk-bucket_codepoint-xwalk/071_obs-xwalk-cand-001171_xwalk-001171_codepoint-xwalk,hust-obimd-evobc-xwalk-001171,hust-obimd-evobc-xwalk-001171;hust-obc-cat-1311,src-hust-obc,source_marked_risk_noted,needs_cross_source_review,2026-06-28
obs-xwalk-cand-001172,codepoint_crosswalk_candidate,corpus/001_oracle-characters/123_001101-001200_obs-xwalk-bucket_codepoint-xwalk/072_obs-xwalk-cand-001172_xwalk-001172_codepoint-xwalk,hust-obimd-evobc-xwalk-001172,hust-obimd-evobc-xwalk-001172;hust-obc-cat-1312,src-hust-obc,source_marked_risk_noted,needs_cross_source_review,2026-06-28
obs-xwalk-cand-001173,codepoint_crosswalk_candidate,corpus/001_oracle-characters/123_001101-001200_obs-xwalk-bucket_codepoint-xwalk/073_obs-xwalk-cand-001173_xwalk-001173_codepoint-xwalk,hust-obimd-evobc-xwalk-001173,hust-obimd-evobc-xwalk-001173;hust-obc-cat-1313,src-hust-obc,source_marked_risk_noted,needs_cross_source_review,2026-06-28
obs-xwalk-cand-001174,codepoint_crosswalk_candidate,corpus/001_oracle-characters/123_001101-001200_obs-xwalk-bucket_codepoint-xwalk/074_obs-xwalk-cand-001174_xwalk-001174_codepoint-xwalk,hust-obimd-evobc-xwalk-001174,hust-obimd-evobc-xwalk-001174;hust-obc-cat-1314,src-hust-obc,source_marked_risk_noted,needs_cross_source_review,2026-06-28
obs-xwalk-cand-001175,codepoint_crosswalk_candidate,corpus/001_oracle-characters/123_001101-001200_obs-xwalk-bucket_codepoint-xwalk/075_obs-xwalk-cand-001175_xwalk-001175_codepoint-xwalk,hust-obimd-evobc-xwalk-001175,hust-obimd-evobc-xwalk-001175;hust-obc-cat-1315,src-hust-obc,source_marked_risk_noted,needs_cross_source_review,2026-06-28
obs-xwalk-cand-001176,codepoint_crosswalk_candidate,corpus/001_oracle-characters/123_001101-001200_obs-xwalk-bucket_codepoint-xwalk/076_obs-xwalk-cand-001176_xwalk-001176_codepoint-xwalk,hust-obimd-evobc-xwalk-001176,hust-obimd-evobc-xwalk-001176;hust-obc-cat-1316,src-hust-obc,source_marked_risk_noted,needs_cross_source_review,2026-06-28
obs-xwalk-cand-001177,codepoint_crosswalk_candidate,corpus/001_oracle-characters/123_001101-001200_obs-xwalk-bucket_codepoint-xwalk/077_obs-xwalk-cand-001177_xwalk-001177_codepoint-xwalk,hust-obimd-evobc-xwalk-001177,hust-obimd-evobc-xwalk-001177;hust-obc-cat-1317,src-hust-obc,source_marked_risk_noted,needs_cross_source_review,2026-06-28
obs-xwalk-cand-001178,codepoint_crosswalk_candidate,corpus/001_oracle-characters/123_001101-001200_obs-xwalk-bucket_codepoint-xwalk/078_obs-xwalk-cand-001178_xwalk-001178_codepoint-xwalk,hust-obimd-evobc-xwalk-001178,hust-obimd-evobc-xwalk-001178;hust-obc-cat-1318,src-hust-obc,source_marked_risk_noted,needs_cross_source_review,2026-06-28
obs-xwalk-cand-001179,codepoint_crosswalk_candidate,corpus/001_oracle-characters/123_001101-001200_obs-xwalk-bucket_codepoint-xwalk/079_obs-xwalk-cand-001179_xwalk-001179_codepoint-xwalk,hust-obimd-evobc-xwalk-001179,hust-obimd-evobc-xwalk-001179;hust-obc-cat-1319,src-hust-obc,source_marked_risk_noted,needs_cross_source_review,2026-06-28
obs-xwalk-cand-001180,codepoint_crosswalk_candidate,corpus/001_oracle-characters/123_001101-001200_obs-xwalk-bucket_codepoint-xwalk/080_obs-xwalk-cand-001180_xwalk-001180_codepoint-xwalk,hust-obimd-evobc-xwalk-001180,hust-obimd-evobc-xwalk-001180;hust-obc-cat-1320;evobc-cat-00115,src-hust-obc;src-evobc,source_marked_risk_noted,needs_cross_source_review,2026-06-28
obs-xwalk-cand-001181,codepoint_crosswalk_candidate,corpus/001_oracle-characters/123_001101-001200_obs-xwalk-bucket_codepoint-xwalk/081_obs-xwalk-cand-001181_xwalk-001181_codepoint-xwalk,hust-obimd-evobc-xwalk-001181,hust-obimd-evobc-xwalk-001181;hust-obc-cat-1321,src-hust-obc,source_marked_risk_noted,needs_cross_source_review,2026-06-28
obs-xwalk-cand-001182,codepoint_crosswalk_candidate,corpus/001_oracle-characters/123_001101-001200_obs-xwalk-bucket_codepoint-xwalk/082_obs-xwalk-cand-001182_xwalk-001182_codepoint-xwalk,hust-obimd-evobc-xwalk-001182,hust-obimd-evobc-xwalk-001182;hust-obc-cat-1322,src-hust-obc,source_marked_risk_noted,needs_cross_source_review,2026-06-28
obs-xwalk-cand-001183,codepoint_crosswalk_candidate,corpus/001_oracle-characters/123_001101-001200_obs-xwalk-bucket_codepoint-xwalk/083_obs-xwalk-cand-001183_xwalk-001183_codepoint-xwalk,hust-obimd-evobc-xwalk-001183,hust-obimd-evobc-xwalk-001183;hust-obc-cat-1323,src-hust-obc,source_marked_risk_noted,needs_cross_source_review,2026-06-28
obs-xwalk-cand-001184,codepoint_crosswalk_candidate,corpus/001_oracle-characters/123_001101-001200_obs-xwalk-bucket_codepoint-xwalk/084_obs-xwalk-cand-001184_xwalk-001184_codepoint-xwalk,hust-obimd-evobc-xwalk-001184,hust-obimd-evobc-xwalk-001184;hust-obc-cat-1324,src-hust-obc,source_marked_risk_noted,needs_cross_source_review,2026-06-28
obs-xwalk-cand-001185,codepoint_crosswalk_candidate,corpus/001_oracle-characters/123_001101-001200_obs-xwalk-bucket_codepoint-xwalk/085_obs-xwalk-cand-001185_xwalk-001185_codepoint-xwalk,hust-obimd-evobc-xwalk-001185,hust-obimd-evobc-xwalk-001185;hust-obc-cat-1325;evobc-cat-00116,src-hust-obc;src-evobc,source_marked_risk_noted,needs_cross_source_review,2026-06-28
obs-xwalk-cand-001186,codepoint_crosswalk_candidate,corpus/001_oracle-characters/123_001101-001200_obs-xwalk-bucket_codepoint-xwalk/086_obs-xwalk-cand-001186_xwalk-001186_codepoint-xwalk,hust-obimd-evobc-xwalk-001186,hust-obimd-evobc-xwalk-001186;hust-obc-cat-1326,src-hust-obc,source_marked_risk_noted,needs_cross_source_review,2026-06-28
obs-xwalk-cand-001187,codepoint_crosswalk_candidate,corpus/001_oracle-characters/123_001101-001200_obs-xwalk-bucket_codepoint-xwalk/087_obs-xwalk-cand-001187_xwalk-001187_codepoint-xwalk,hust-obimd-evobc-xwalk-001187,hust-obimd-evobc-xwalk-001187;hust-obc-cat-1327_1328,src-hust-obc,source_marked_risk_noted,needs_cross_source_review,2026-06-28
obs-xwalk-cand-001188,codepoint_crosswalk_candidate,corpus/001_oracle-characters/123_001101-001200_obs-xwalk-bucket_codepoint-xwalk/088_obs-xwalk-cand-001188_xwalk-001188_codepoint-xwalk,hust-obimd-evobc-xwalk-001188,hust-obimd-evobc-xwalk-001188;hust-obc-cat-1329,src-hust-obc,source_marked_risk_noted,needs_cross_source_review,2026-06-28
obs-xwalk-cand-001189,codepoint_crosswalk_candidate,corpus/001_oracle-characters/123_001101-001200_obs-xwalk-bucket_codepoint-xwalk/089_obs-xwalk-cand-001189_xwalk-001189_codepoint-xwalk,hust-obimd-evobc-xwalk-001189,hust-obimd-evobc-xwalk-001189;hust-obc-cat-1330,src-hust-obc,source_marked_risk_noted,needs_cross_source_review,2026-06-28
obs-xwalk-cand-001190,codepoint_crosswalk_candidate,corpus/001_oracle-characters/123_001101-001200_obs-xwalk-bucket_codepoint-xwalk/090_obs-xwalk-cand-001190_xwalk-001190_codepoint-xwalk,hust-obimd-evobc-xwalk-001190,hust-obimd-evobc-xwalk-001190;hust-obc-cat-1331,src-hust-obc,source_marked_risk_noted,needs_cross_source_review,2026-06-28
obs-xwalk-cand-001191,codepoint_crosswalk_candidate,corpus/001_oracle-characters/123_001101-001200_obs-xwalk-bucket_codepoint-xwalk/091_obs-xwalk-cand-001191_xwalk-001191_codepoint-xwalk,hust-obimd-evobc-xwalk-001191,hust-obimd-evobc-xwalk-001191;hust-obc-cat-1332,src-hust-obc,source_marked_risk_noted,needs_cross_source_review,2026-06-28
obs-xwalk-cand-001192,codepoint_crosswalk_candidate,corpus/001_oracle-characters/123_001101-001200_obs-xwalk-bucket_codepoint-xwalk/092_obs-xwalk-cand-001192_xwalk-001192_codepoint-xwalk,hust-obimd-evobc-xwalk-001192,hust-obimd-evobc-xwalk-001192;hust-obc-cat-1333,src-hust-obc,source_marked_risk_noted,needs_cross_source_review,2026-06-28
obs-xwalk-cand-001193,codepoint_crosswalk_candidate,corpus/001_oracle-characters/123_001101-001200_obs-xwalk-bucket_codepoint-xwalk/093_obs-xwalk-cand-001193_xwalk-001193_codepoint-xwalk,hust-obimd-evobc-xwalk-001193,hust-obimd-evobc-xwalk-001193;hust-obc-cat-1334,src-hust-obc,source_marked_risk_noted,needs_cross_source_review,2026-06-28
obs-xwalk-cand-001194,codepoint_crosswalk_candidate,corpus/001_oracle-characters/123_001101-001200_obs-xwalk-bucket_codepoint-xwalk/094_obs-xwalk-cand-001194_xwalk-001194_codepoint-xwalk,hust-obimd-evobc-xwalk-001194,hust-obimd-evobc-xwalk-001194;hust-obc-cat-1335,src-hust-obc,source_marked_risk_noted,needs_cross_source_review,2026-06-28
obs-xwalk-cand-001195,codepoint_crosswalk_candidate,corpus/001_oracle-characters/123_001101-001200_obs-xwalk-bucket_codepoint-xwalk/095_obs-xwalk-cand-001195_xwalk-001195_codepoint-xwalk,hust-obimd-evobc-xwalk-001195,hust-obimd-evobc-xwalk-001195;hust-obc-cat-1336,src-hust-obc,source_marked_risk_noted,needs_cross_source_review,2026-06-28
obs-xwalk-cand-001196,codepoint_crosswalk_candidate,corpus/001_oracle-characters/123_001101-001200_obs-xwalk-bucket_codepoint-xwalk/096_obs-xwalk-cand-001196_xwalk-001196_codepoint-xwalk,hust-obimd-evobc-xwalk-001196,hust-obimd-evobc-xwalk-001196;hust-obc-cat-1337,src-hust-obc,source_marked_risk_noted,needs_cross_source_review,2026-06-28
obs-xwalk-cand-001197,codepoint_crosswalk_candidate,corpus/001_oracle-characters/123_001101-001200_obs-xwalk-bucket_codepoint-xwalk/097_obs-xwalk-cand-001197_xwalk-001197_codepoint-xwalk,hust-obimd-evobc-xwalk-001197,hust-obimd-evobc-xwalk-001197;hust-obc-cat-1338,src-hust-obc,source_marked_risk_noted,needs_cross_source_review,2026-06-28
obs-xwalk-cand-001198,codepoint_crosswalk_candidate,corpus/001_oracle-characters/123_001101-001200_obs-xwalk-bucket_codepoint-xwalk/098_obs-xwalk-cand-001198_xwalk-001198_codepoint-xwalk,hust-obimd-evobc-xwalk-001198,hust-obimd-evobc-xwalk-001198;hust-obc-cat-1339,src-hust-obc,source_marked_risk_noted,needs_cross_source_review,2026-06-28
obs-xwalk-cand-001199,codepoint_crosswalk_candidate,corpus/001_oracle-characters/123_001101-001200_obs-xwalk-bucket_codepoint-xwalk/099_obs-xwalk-cand-001199_xwalk-001199_codepoint-xwalk,hust-obimd-evobc-xwalk-001199,hust-obimd-evobc-xwalk-001199;hust-obc-cat-1340;evobc-cat-00117,src-hust-obc;src-evobc,source_marked_risk_noted,needs_cross_source_review,2026-06-28
obs-xwalk-cand-001200,codepoint_crosswalk_candidate,corpus/001_oracle-characters/123_001101-001200_obs-xwalk-bucket_codepoint-xwalk/100_obs-xwalk-cand-001200_xwalk-001200_codepoint-xwalk,hust-obimd-evobc-xwalk-001200,hust-obimd-evobc-xwalk-001200;hust-obc-cat-1341_1342,src-hust-obc,source_marked_risk_noted,needs_cross_source_review,2026-06-28
obs-xwalk-cand-001201,codepoint_crosswalk_candidate,corpus/001_oracle-characters/124_001201-001300_obs-xwalk-bucket_codepoint-xwalk/001_obs-xwalk-cand-001201_xwalk-001201_codepoint-xwalk,hust-obimd-evobc-xwalk-001201,hust-obimd-evobc-xwalk-001201;hust-obc-cat-1343;evobc-cat-00119,src-hust-obc;src-evobc,source_marked_risk_noted,needs_cross_source_review,2026-06-28
obs-xwalk-cand-001202,codepoint_crosswalk_candidate,corpus/001_oracle-characters/124_001201-001300_obs-xwalk-bucket_codepoint-xwalk/002_obs-xwalk-cand-001202_xwalk-001202_codepoint-xwalk,hust-obimd-evobc-xwalk-001202,hust-obimd-evobc-xwalk-001202;hust-obc-cat-1344_1345,src-hust-obc,source_marked_risk_noted,needs_cross_source_review,2026-06-28
obs-xwalk-cand-001203,codepoint_crosswalk_candidate,corpus/001_oracle-characters/124_001201-001300_obs-xwalk-bucket_codepoint-xwalk/003_obs-xwalk-cand-001203_xwalk-001203_codepoint-xwalk,hust-obimd-evobc-xwalk-001203,hust-obimd-evobc-xwalk-001203;hust-obc-cat-1346,src-hust-obc,source_marked_risk_noted,needs_cross_source_review,2026-06-28
obs-xwalk-cand-001204,codepoint_crosswalk_candidate,corpus/001_oracle-characters/124_001201-001300_obs-xwalk-bucket_codepoint-xwalk/004_obs-xwalk-cand-001204_xwalk-001204_codepoint-xwalk,hust-obimd-evobc-xwalk-001204,hust-obimd-evobc-xwalk-001204;hust-obc-cat-1347_1348,src-hust-obc,source_marked_risk_noted,needs_cross_source_review,2026-06-28
obs-xwalk-cand-001205,codepoint_crosswalk_candidate,corpus/001_oracle-characters/124_001201-001300_obs-xwalk-bucket_codepoint-xwalk/005_obs-xwalk-cand-001205_xwalk-001205_codepoint-xwalk,hust-obimd-evobc-xwalk-001205,hust-obimd-evobc-xwalk-001205;hust-obc-cat-1349_1350,src-hust-obc,source_marked_risk_noted,needs_cross_source_review,2026-06-28
obs-xwalk-cand-001206,codepoint_crosswalk_candidate,corpus/001_oracle-characters/124_001201-001300_obs-xwalk-bucket_codepoint-xwalk/006_obs-xwalk-cand-001206_xwalk-001206_codepoint-xwalk,hust-obimd-evobc-xwalk-001206,hust-obimd-evobc-xwalk-001206;hust-obc-cat-1351,src-hust-obc,source_marked_risk_noted,needs_cross_source_review,2026-06-28
obs-xwalk-cand-001207,codepoint_crosswalk_candidate,corpus/001_oracle-characters/124_001201-001300_obs-xwalk-bucket_codepoint-xwalk/007_obs-xwalk-cand-001207_xwalk-001207_codepoint-xwalk,hust-obimd-evobc-xwalk-001207,hust-obimd-evobc-xwalk-001207;hust-obc-cat-1352,src-hust-obc,source_marked_risk_noted,needs_cross_source_review,2026-06-28
obs-xwalk-cand-001208,codepoint_crosswalk_candidate,corpus/001_oracle-characters/124_001201-001300_obs-xwalk-bucket_codepoint-xwalk/008_obs-xwalk-cand-001208_xwalk-001208_codepoint-xwalk,hust-obimd-evobc-xwalk-001208,hust-obimd-evobc-xwalk-001208;hust-obc-cat-1353,src-hust-obc,source_marked_risk_noted,needs_cross_source_review,2026-06-28
obs-xwalk-cand-001209,codepoint_crosswalk_candidate,corpus/001_oracle-characters/124_001201-001300_obs-xwalk-bucket_codepoint-xwalk/009_obs-xwalk-cand-001209_xwalk-001209_codepoint-xwalk,hust-obimd-evobc-xwalk-001209,hust-obimd-evobc-xwalk-001209;hust-obc-cat-1354,src-hust-obc,source_marked_risk_noted,needs_cross_source_review,2026-06-28
obs-xwalk-cand-001210,codepoint_crosswalk_candidate,corpus/001_oracle-characters/124_001201-001300_obs-xwalk-bucket_codepoint-xwalk/010_obs-xwalk-cand-001210_xwalk-001210_codepoint-xwalk,hust-obimd-evobc-xwalk-001210,hust-obimd-evobc-xwalk-001210;hust-obc-cat-1355,src-hust-obc,source_marked_risk_noted,needs_cross_source_review,2026-06-28
obs-xwalk-cand-001211,codepoint_crosswalk_candidate,corpus/001_oracle-characters/124_001201-001300_obs-xwalk-bucket_codepoint-xwalk/011_obs-xwalk-cand-001211_xwalk-001211_codepoint-xwalk,hust-obimd-evobc-xwalk-001211,hust-obimd-evobc-xwalk-001211;hust-obc-cat-1356,src-hust-obc,source_marked_risk_noted,needs_cross_source_review,2026-06-28
obs-xwalk-cand-001212,codepoint_crosswalk_candidate,corpus/001_oracle-characters/124_001201-001300_obs-xwalk-bucket_codepoint-xwalk/012_obs-xwalk-cand-001212_xwalk-001212_codepoint-xwalk,hust-obimd-evobc-xwalk-001212,hust-obimd-evobc-xwalk-001212;hust-obc-cat-1357,src-hust-obc,source_marked_risk_noted,needs_cross_source_review,2026-06-28
obs-xwalk-cand-001213,codepoint_crosswalk_candidate,corpus/001_oracle-characters/124_001201-001300_obs-xwalk-bucket_codepoint-xwalk/013_obs-xwalk-cand-001213_xwalk-001213_codepoint-xwalk,hust-obimd-evobc-xwalk-001213,hust-obimd-evobc-xwalk-001213;hust-obc-cat-1358,src-hust-obc,source_marked_risk_noted,needs_cross_source_review,2026-06-28
obs-xwalk-cand-001214,codepoint_crosswalk_candidate,corpus/001_oracle-characters/124_001201-001300_obs-xwalk-bucket_codepoint-xwalk/014_obs-xwalk-cand-001214_xwalk-001214_codepoint-xwalk,hust-obimd-evobc-xwalk-001214,hust-obimd-evobc-xwalk-001214;hust-obc-cat-1359;evobc-cat-00123,src-hust-obc;src-evobc,source_marked_risk_noted,needs_cross_source_review,2026-06-28
obs-xwalk-cand-001215,codepoint_crosswalk_candidate,corpus/001_oracle-characters/124_001201-001300_obs-xwalk-bucket_codepoint-xwalk/015_obs-xwalk-cand-001215_xwalk-001215_codepoint-xwalk,hust-obimd-evobc-xwalk-001215,hust-obimd-evobc-xwalk-001215;hust-obc-cat-1360;evobc-cat-00124,src-hust-obc;src-evobc,source_marked_risk_noted,needs_cross_source_review,2026-06-28
obs-xwalk-cand-001216,codepoint_crosswalk_candidate,corpus/001_oracle-characters/124_001201-001300_obs-xwalk-bucket_codepoint-xwalk/016_obs-xwalk-cand-001216_xwalk-001216_codepoint-xwalk,hust-obimd-evobc-xwalk-001216,hust-obimd-evobc-xwalk-001216;hust-obc-cat-1361;evobc-cat-00125,src-hust-obc;src-evobc,source_marked_risk_noted,needs_cross_source_review,2026-06-28
obs-xwalk-cand-001217,codepoint_crosswalk_candidate,corpus/001_oracle-characters/124_001201-001300_obs-xwalk-bucket_codepoint-xwalk/017_obs-xwalk-cand-001217_xwalk-001217_codepoint-xwalk,hust-obimd-evobc-xwalk-001217,hust-obimd-evobc-xwalk-001217;hust-obc-cat-1362,src-hust-obc,source_marked_risk_noted,needs_cross_source_review,2026-06-28
obs-xwalk-cand-001218,codepoint_crosswalk_candidate,corpus/001_oracle-characters/124_001201-001300_obs-xwalk-bucket_codepoint-xwalk/018_obs-xwalk-cand-001218_xwalk-001218_codepoint-xwalk,hust-obimd-evobc-xwalk-001218,hust-obimd-evobc-xwalk-001218;hust-obc-cat-1363,src-hust-obc,source_marked_risk_noted,needs_cross_source_review,2026-06-28
obs-xwalk-cand-001219,codepoint_crosswalk_candidate,corpus/001_oracle-characters/124_001201-001300_obs-xwalk-bucket_codepoint-xwalk/019_obs-xwalk-cand-001219_xwalk-001219_codepoint-xwalk,hust-obimd-evobc-xwalk-001219,hust-obimd-evobc-xwalk-001219;hust-obc-cat-1364;evobc-cat-00126,src-hust-obc;src-evobc,source_marked_risk_noted,needs_cross_source_review,2026-06-28
obs-xwalk-cand-001220,codepoint_crosswalk_candidate,corpus/001_oracle-characters/124_001201-001300_obs-xwalk-bucket_codepoint-xwalk/020_obs-xwalk-cand-001220_xwalk-001220_codepoint-xwalk,hust-obimd-evobc-xwalk-001220,hust-obimd-evobc-xwalk-001220;hust-obc-cat-1365,src-hust-obc,source_marked_risk_noted,needs_cross_source_review,2026-06-28
obs-xwalk-cand-001221,codepoint_crosswalk_candidate,corpus/001_oracle-characters/124_001201-001300_obs-xwalk-bucket_codepoint-xwalk/021_obs-xwalk-cand-001221_xwalk-001221_codepoint-xwalk,hust-obimd-evobc-xwalk-001221,hust-obimd-evobc-xwalk-001221;hust-obc-cat-1366,src-hust-obc,source_marked_risk_noted,needs_cross_source_review,2026-06-28
obs-xwalk-cand-001222,codepoint_crosswalk_candidate,corpus/001_oracle-characters/124_001201-001300_obs-xwalk-bucket_codepoint-xwalk/022_obs-xwalk-cand-001222_xwalk-001222_codepoint-xwalk,hust-obimd-evobc-xwalk-001222,hust-obimd-evobc-xwalk-001222;hust-obc-cat-1367,src-hust-obc,source_marked_risk_noted,needs_cross_source_review,2026-06-28
obs-xwalk-cand-001223,codepoint_crosswalk_candidate,corpus/001_oracle-characters/124_001201-001300_obs-xwalk-bucket_codepoint-xwalk/023_obs-xwalk-cand-001223_xwalk-001223_codepoint-xwalk,hust-obimd-evobc-xwalk-001223,hust-obimd-evobc-xwalk-001223;hust-obc-cat-1368,src-hust-obc,source_marked_risk_noted,needs_cross_source_review,2026-06-28
obs-xwalk-cand-001224,codepoint_crosswalk_candidate,corpus/001_oracle-characters/124_001201-001300_obs-xwalk-bucket_codepoint-xwalk/024_obs-xwalk-cand-001224_xwalk-001224_codepoint-xwalk,hust-obimd-evobc-xwalk-001224,hust-obimd-evobc-xwalk-001224;hust-obc-cat-1369,src-hust-obc,source_marked_risk_noted,needs_cross_source_review,2026-06-28
obs-xwalk-cand-001225,codepoint_crosswalk_candidate,corpus/001_oracle-characters/124_001201-001300_obs-xwalk-bucket_codepoint-xwalk/025_obs-xwalk-cand-001225_xwalk-001225_codepoint-xwalk,hust-obimd-evobc-xwalk-001225,hust-obimd-evobc-xwalk-001225;hust-obc-cat-1370,src-hust-obc,source_marked_risk_noted,needs_cross_source_review,2026-06-28
obs-xwalk-cand-001226,codepoint_crosswalk_candidate,corpus/001_oracle-characters/124_001201-001300_obs-xwalk-bucket_codepoint-xwalk/026_obs-xwalk-cand-001226_xwalk-001226_codepoint-xwalk,hust-obimd-evobc-xwalk-001226,hust-obimd-evobc-xwalk-001226;hust-obc-cat-1371,src-hust-obc,source_marked_risk_noted,needs_cross_source_review,2026-06-28
obs-xwalk-cand-001227,codepoint_crosswalk_candidate,corpus/001_oracle-characters/124_001201-001300_obs-xwalk-bucket_codepoint-xwalk/027_obs-xwalk-cand-001227_xwalk-001227_codepoint-xwalk,hust-obimd-evobc-xwalk-001227,hust-obimd-evobc-xwalk-001227;hust-obc-cat-1372;evobc-cat-00127,src-hust-obc;src-evobc,source_marked_risk_noted,needs_cross_source_review,2026-06-28
obs-xwalk-cand-001228,codepoint_crosswalk_candidate,corpus/001_oracle-characters/124_001201-001300_obs-xwalk-bucket_codepoint-xwalk/028_obs-xwalk-cand-001228_xwalk-001228_codepoint-xwalk,hust-obimd-evobc-xwalk-001228,hust-obimd-evobc-xwalk-001228;hust-obc-cat-1373,src-hust-obc,source_marked_risk_noted,needs_cross_source_review,2026-06-28
obs-xwalk-cand-001229,codepoint_crosswalk_candidate,corpus/001_oracle-characters/124_001201-001300_obs-xwalk-bucket_codepoint-xwalk/029_obs-xwalk-cand-001229_xwalk-001229_codepoint-xwalk,hust-obimd-evobc-xwalk-001229,hust-obimd-evobc-xwalk-001229;hust-obc-cat-1374_1375,src-hust-obc,source_marked_risk_noted,needs_cross_source_review,2026-06-28
obs-xwalk-cand-001230,codepoint_crosswalk_candidate,corpus/001_oracle-characters/124_001201-001300_obs-xwalk-bucket_codepoint-xwalk/030_obs-xwalk-cand-001230_xwalk-001230_codepoint-xwalk,hust-obimd-evobc-xwalk-001230,hust-obimd-evobc-xwalk-001230;hust-obc-cat-1376,src-hust-obc,source_marked_risk_noted,needs_cross_source_review,2026-06-28
obs-xwalk-cand-001231,codepoint_crosswalk_candidate,corpus/001_oracle-characters/124_001201-001300_obs-xwalk-bucket_codepoint-xwalk/031_obs-xwalk-cand-001231_xwalk-001231_codepoint-xwalk,hust-obimd-evobc-xwalk-001231,hust-obimd-evobc-xwalk-001231;hust-obc-cat-1377,src-hust-obc,source_marked_risk_noted,needs_cross_source_review,2026-06-28
obs-xwalk-cand-001232,codepoint_crosswalk_candidate,corpus/001_oracle-characters/124_001201-001300_obs-xwalk-bucket_codepoint-xwalk/032_obs-xwalk-cand-001232_xwalk-001232_codepoint-xwalk,hust-obimd-evobc-xwalk-001232,hust-obimd-evobc-xwalk-001232;hust-obc-cat-1378_1379,src-hust-obc,source_marked_risk_noted,needs_cross_source_review,2026-06-28
obs-xwalk-cand-001233,codepoint_crosswalk_candidate,corpus/001_oracle-characters/124_001201-001300_obs-xwalk-bucket_codepoint-xwalk/033_obs-xwalk-cand-001233_xwalk-001233_codepoint-xwalk,hust-obimd-evobc-xwalk-001233,hust-obimd-evobc-xwalk-001233;hust-obc-cat-1380,src-hust-obc,source_marked_risk_noted,needs_cross_source_review,2026-06-28
obs-xwalk-cand-001234,codepoint_crosswalk_candidate,corpus/001_oracle-characters/124_001201-001300_obs-xwalk-bucket_codepoint-xwalk/034_obs-xwalk-cand-001234_xwalk-001234_codepoint-xwalk,hust-obimd-evobc-xwalk-001234,hust-obimd-evobc-xwalk-001234;hust-obc-cat-1381;evobc-cat-00128,src-hust-obc;src-evobc,source_marked_risk_noted,needs_cross_source_review,2026-06-28
obs-xwalk-cand-001235,codepoint_crosswalk_candidate,corpus/001_oracle-characters/124_001201-001300_obs-xwalk-bucket_codepoint-xwalk/035_obs-xwalk-cand-001235_xwalk-001235_codepoint-xwalk,hust-obimd-evobc-xwalk-001235,hust-obimd-evobc-xwalk-001235;hust-obc-cat-1382,src-hust-obc,source_marked_risk_noted,needs_cross_source_review,2026-06-28
obs-xwalk-cand-001236,codepoint_crosswalk_candidate,corpus/001_oracle-characters/124_001201-001300_obs-xwalk-bucket_codepoint-xwalk/036_obs-xwalk-cand-001236_xwalk-001236_codepoint-xwalk,hust-obimd-evobc-xwalk-001236,hust-obimd-evobc-xwalk-001236;hust-obc-cat-1383,src-hust-obc,source_marked_risk_noted,needs_cross_source_review,2026-06-28
obs-xwalk-cand-001237,codepoint_crosswalk_candidate,corpus/001_oracle-characters/124_001201-001300_obs-xwalk-bucket_codepoint-xwalk/037_obs-xwalk-cand-001237_xwalk-001237_codepoint-xwalk,hust-obimd-evobc-xwalk-001237,hust-obimd-evobc-xwalk-001237;hust-obc-cat-1384,src-hust-obc,source_marked_risk_noted,needs_cross_source_review,2026-06-28
obs-xwalk-cand-001238,codepoint_crosswalk_candidate,corpus/001_oracle-characters/124_001201-001300_obs-xwalk-bucket_codepoint-xwalk/038_obs-xwalk-cand-001238_xwalk-001238_codepoint-xwalk,hust-obimd-evobc-xwalk-001238,hust-obimd-evobc-xwalk-001238;hust-obc-cat-1385,src-hust-obc,source_marked_risk_noted,needs_cross_source_review,2026-06-28
obs-xwalk-cand-001239,codepoint_crosswalk_candidate,corpus/001_oracle-characters/124_001201-001300_obs-xwalk-bucket_codepoint-xwalk/039_obs-xwalk-cand-001239_xwalk-001239_codepoint-xwalk,hust-obimd-evobc-xwalk-001239,hust-obimd-evobc-xwalk-001239;hust-obc-cat-1386;evobc-cat-00129,src-hust-obc;src-evobc,source_marked_risk_noted,needs_cross_source_review,2026-06-28
obs-xwalk-cand-001240,codepoint_crosswalk_candidate,corpus/001_oracle-characters/124_001201-001300_obs-xwalk-bucket_codepoint-xwalk/040_obs-xwalk-cand-001240_xwalk-001240_codepoint-xwalk,hust-obimd-evobc-xwalk-001240,hust-obimd-evobc-xwalk-001240;hust-obc-cat-1387,src-hust-obc,source_marked_risk_noted,needs_cross_source_review,2026-06-28
obs-xwalk-cand-001241,codepoint_crosswalk_candidate,corpus/001_oracle-characters/124_001201-001300_obs-xwalk-bucket_codepoint-xwalk/041_obs-xwalk-cand-001241_xwalk-001241_codepoint-xwalk,hust-obimd-evobc-xwalk-001241,hust-obimd-evobc-xwalk-001241;hust-obc-cat-1388,src-hust-obc,source_marked_risk_noted,needs_cross_source_review,2026-06-28
obs-xwalk-cand-001242,codepoint_crosswalk_candidate,corpus/001_oracle-characters/124_001201-001300_obs-xwalk-bucket_codepoint-xwalk/042_obs-xwalk-cand-001242_xwalk-001242_codepoint-xwalk,hust-obimd-evobc-xwalk-001242,hust-obimd-evobc-xwalk-001242;hust-obc-cat-1389_1390,src-hust-obc,source_marked_risk_noted,needs_cross_source_review,2026-06-28
obs-xwalk-cand-001243,codepoint_crosswalk_candidate,corpus/001_oracle-characters/124_001201-001300_obs-xwalk-bucket_codepoint-xwalk/043_obs-xwalk-cand-001243_xwalk-001243_codepoint-xwalk,hust-obimd-evobc-xwalk-001243,hust-obimd-evobc-xwalk-001243;hust-obc-cat-1391,src-hust-obc,source_marked_risk_noted,needs_cross_source_review,2026-06-28
obs-xwalk-cand-001244,codepoint_crosswalk_candidate,corpus/001_oracle-characters/124_001201-001300_obs-xwalk-bucket_codepoint-xwalk/044_obs-xwalk-cand-001244_xwalk-001244_codepoint-xwalk,hust-obimd-evobc-xwalk-001244,hust-obimd-evobc-xwalk-001244;hust-obc-cat-1392,src-hust-obc,source_marked_risk_noted,needs_cross_source_review,2026-06-28
obs-xwalk-cand-001245,codepoint_crosswalk_candidate,corpus/001_oracle-characters/124_001201-001300_obs-xwalk-bucket_codepoint-xwalk/045_obs-xwalk-cand-001245_xwalk-001245_codepoint-xwalk,hust-obimd-evobc-xwalk-001245,hust-obimd-evobc-xwalk-001245;hust-obc-cat-1393,src-hust-obc,source_marked_risk_noted,needs_cross_source_review,2026-06-28
obs-xwalk-cand-001246,codepoint_crosswalk_candidate,corpus/001_oracle-characters/124_001201-001300_obs-xwalk-bucket_codepoint-xwalk/046_obs-xwalk-cand-001246_xwalk-001246_codepoint-xwalk,hust-obimd-evobc-xwalk-001246,hust-obimd-evobc-xwalk-001246;hust-obc-cat-1394,src-hust-obc,source_marked_risk_noted,needs_cross_source_review,2026-06-28
obs-xwalk-cand-001247,codepoint_crosswalk_candidate,corpus/001_oracle-characters/124_001201-001300_obs-xwalk-bucket_codepoint-xwalk/047_obs-xwalk-cand-001247_xwalk-001247_codepoint-xwalk,hust-obimd-evobc-xwalk-001247,hust-obimd-evobc-xwalk-001247;hust-obc-cat-1395,src-hust-obc,source_marked_risk_noted,needs_cross_source_review,2026-06-28
obs-xwalk-cand-001248,codepoint_crosswalk_candidate,corpus/001_oracle-characters/124_001201-001300_obs-xwalk-bucket_codepoint-xwalk/048_obs-xwalk-cand-001248_xwalk-001248_codepoint-xwalk,hust-obimd-evobc-xwalk-001248,hust-obimd-evobc-xwalk-001248;hust-obc-cat-1396,src-hust-obc,source_marked_risk_noted,needs_cross_source_review,2026-06-28
obs-xwalk-cand-001249,codepoint_crosswalk_candidate,corpus/001_oracle-characters/124_001201-001300_obs-xwalk-bucket_codepoint-xwalk/049_obs-xwalk-cand-001249_xwalk-001249_codepoint-xwalk,hust-obimd-evobc-xwalk-001249,hust-obimd-evobc-xwalk-001249;hust-obc-cat-1397;evobc-cat-00130,src-hust-obc;src-evobc,source_marked_risk_noted,needs_cross_source_review,2026-06-28
obs-xwalk-cand-001250,codepoint_crosswalk_candidate,corpus/001_oracle-characters/124_001201-001300_obs-xwalk-bucket_codepoint-xwalk/050_obs-xwalk-cand-001250_xwalk-001250_codepoint-xwalk,hust-obimd-evobc-xwalk-001250,hust-obimd-evobc-xwalk-001250;hust-obc-cat-1398,src-hust-obc,source_marked_risk_noted,needs_cross_source_review,2026-06-28
obs-xwalk-cand-001251,codepoint_crosswalk_candidate,corpus/001_oracle-characters/124_001201-001300_obs-xwalk-bucket_codepoint-xwalk/051_obs-xwalk-cand-001251_xwalk-001251_codepoint-xwalk,hust-obimd-evobc-xwalk-001251,hust-obimd-evobc-xwalk-001251;hust-obc-cat-1399,src-hust-obc,source_marked_risk_noted,needs_cross_source_review,2026-06-28
obs-xwalk-cand-001252,codepoint_crosswalk_candidate,corpus/001_oracle-characters/124_001201-001300_obs-xwalk-bucket_codepoint-xwalk/052_obs-xwalk-cand-001252_xwalk-001252_codepoint-xwalk,hust-obimd-evobc-xwalk-001252,hust-obimd-evobc-xwalk-001252;hust-obc-cat-1400,src-hust-obc,source_marked_risk_noted,needs_cross_source_review,2026-06-28
obs-xwalk-cand-001253,codepoint_crosswalk_candidate,corpus/001_oracle-characters/124_001201-001300_obs-xwalk-bucket_codepoint-xwalk/053_obs-xwalk-cand-001253_xwalk-001253_codepoint-xwalk,hust-obimd-evobc-xwalk-001253,hust-obimd-evobc-xwalk-001253;hust-obc-cat-1401,src-hust-obc,source_marked_risk_noted,needs_cross_source_review,2026-06-28
obs-xwalk-cand-001254,codepoint_crosswalk_candidate,corpus/001_oracle-characters/124_001201-001300_obs-xwalk-bucket_codepoint-xwalk/054_obs-xwalk-cand-001254_xwalk-001254_codepoint-xwalk,hust-obimd-evobc-xwalk-001254,hust-obimd-evobc-xwalk-001254;hust-obc-cat-1402,src-hust-obc,source_marked_risk_noted,needs_cross_source_review,2026-06-28
obs-xwalk-cand-001255,codepoint_crosswalk_candidate,corpus/001_oracle-characters/124_001201-001300_obs-xwalk-bucket_codepoint-xwalk/055_obs-xwalk-cand-001255_xwalk-001255_codepoint-xwalk,hust-obimd-evobc-xwalk-001255,hust-obimd-evobc-xwalk-001255;hust-obc-cat-1403,src-hust-obc,source_marked_risk_noted,needs_cross_source_review,2026-06-28
obs-xwalk-cand-001256,codepoint_crosswalk_candidate,corpus/001_oracle-characters/124_001201-001300_obs-xwalk-bucket_codepoint-xwalk/056_obs-xwalk-cand-001256_xwalk-001256_codepoint-xwalk,hust-obimd-evobc-xwalk-001256,hust-obimd-evobc-xwalk-001256;hust-obc-cat-1404;evobc-cat-00131,src-hust-obc;src-evobc,source_marked_risk_noted,needs_cross_source_review,2026-06-28
obs-xwalk-cand-001257,codepoint_crosswalk_candidate,corpus/001_oracle-characters/124_001201-001300_obs-xwalk-bucket_codepoint-xwalk/057_obs-xwalk-cand-001257_xwalk-001257_codepoint-xwalk,hust-obimd-evobc-xwalk-001257,hust-obimd-evobc-xwalk-001257;hust-obc-cat-1405,src-hust-obc,source_marked_risk_noted,needs_cross_source_review,2026-06-28
obs-xwalk-cand-001258,codepoint_crosswalk_candidate,corpus/001_oracle-characters/124_001201-001300_obs-xwalk-bucket_codepoint-xwalk/058_obs-xwalk-cand-001258_xwalk-001258_codepoint-xwalk,hust-obimd-evobc-xwalk-001258,hust-obimd-evobc-xwalk-001258;hust-obc-cat-1406_1407,src-hust-obc,source_marked_risk_noted,needs_cross_source_review,2026-06-28
obs-xwalk-cand-001259,codepoint_crosswalk_candidate,corpus/001_oracle-characters/124_001201-001300_obs-xwalk-bucket_codepoint-xwalk/059_obs-xwalk-cand-001259_xwalk-001259_codepoint-xwalk,hust-obimd-evobc-xwalk-001259,hust-obimd-evobc-xwalk-001259;hust-obc-cat-1408;evobc-cat-00132,src-hust-obc;src-evobc,source_marked_risk_noted,needs_cross_source_review,2026-06-28
obs-xwalk-cand-001260,codepoint_crosswalk_candidate,corpus/001_oracle-characters/124_001201-001300_obs-xwalk-bucket_codepoint-xwalk/060_obs-xwalk-cand-001260_xwalk-001260_codepoint-xwalk,hust-obimd-evobc-xwalk-001260,hust-obimd-evobc-xwalk-001260;hust-obc-cat-1409,src-hust-obc,source_marked_risk_noted,needs_cross_source_review,2026-06-28
obs-xwalk-cand-001261,codepoint_crosswalk_candidate,corpus/001_oracle-characters/124_001201-001300_obs-xwalk-bucket_codepoint-xwalk/061_obs-xwalk-cand-001261_xwalk-001261_codepoint-xwalk,hust-obimd-evobc-xwalk-001261,hust-obimd-evobc-xwalk-001261;hust-obc-cat-1410,src-hust-obc,source_marked_risk_noted,needs_cross_source_review,2026-06-28
obs-xwalk-cand-001262,codepoint_crosswalk_candidate,corpus/001_oracle-characters/124_001201-001300_obs-xwalk-bucket_codepoint-xwalk/062_obs-xwalk-cand-001262_xwalk-001262_codepoint-xwalk,hust-obimd-evobc-xwalk-001262,hust-obimd-evobc-xwalk-001262;hust-obc-cat-1411,src-hust-obc,source_marked_risk_noted,needs_cross_source_review,2026-06-28
obs-xwalk-cand-001263,codepoint_crosswalk_candidate,corpus/001_oracle-characters/124_001201-001300_obs-xwalk-bucket_codepoint-xwalk/063_obs-xwalk-cand-001263_xwalk-001263_codepoint-xwalk,hust-obimd-evobc-xwalk-001263,hust-obimd-evobc-xwalk-001263;hust-obc-cat-1412,src-hust-obc,source_marked_risk_noted,needs_cross_source_review,2026-06-28
obs-xwalk-cand-001264,codepoint_crosswalk_candidate,corpus/001_oracle-characters/124_001201-001300_obs-xwalk-bucket_codepoint-xwalk/064_obs-xwalk-cand-001264_xwalk-001264_codepoint-xwalk,hust-obimd-evobc-xwalk-001264,hust-obimd-evobc-xwalk-001264;hust-obc-cat-1413,src-hust-obc,source_marked_risk_noted,needs_cross_source_review,2026-06-28
obs-xwalk-cand-001265,codepoint_crosswalk_candidate,corpus/001_oracle-characters/124_001201-001300_obs-xwalk-bucket_codepoint-xwalk/065_obs-xwalk-cand-001265_xwalk-001265_codepoint-xwalk,hust-obimd-evobc-xwalk-001265,hust-obimd-evobc-xwalk-001265;hust-obc-cat-1414,src-hust-obc,source_marked_risk_noted,needs_cross_source_review,2026-06-28
obs-xwalk-cand-001266,codepoint_crosswalk_candidate,corpus/001_oracle-characters/124_001201-001300_obs-xwalk-bucket_codepoint-xwalk/066_obs-xwalk-cand-001266_xwalk-001266_codepoint-xwalk,hust-obimd-evobc-xwalk-001266,hust-obimd-evobc-xwalk-001266;hust-obc-cat-1415_1416,src-hust-obc,source_marked_risk_noted,needs_cross_source_review,2026-06-28
obs-xwalk-cand-001267,codepoint_crosswalk_candidate,corpus/001_oracle-characters/124_001201-001300_obs-xwalk-bucket_codepoint-xwalk/067_obs-xwalk-cand-001267_xwalk-001267_codepoint-xwalk,hust-obimd-evobc-xwalk-001267,hust-obimd-evobc-xwalk-001267;hust-obc-cat-1417;evobc-cat-00133,src-hust-obc;src-evobc,source_marked_risk_noted,needs_cross_source_review,2026-06-28
obs-xwalk-cand-001268,codepoint_crosswalk_candidate,corpus/001_oracle-characters/124_001201-001300_obs-xwalk-bucket_codepoint-xwalk/068_obs-xwalk-cand-001268_xwalk-001268_codepoint-xwalk,hust-obimd-evobc-xwalk-001268,hust-obimd-evobc-xwalk-001268;hust-obc-cat-1418,src-hust-obc,source_marked_risk_noted,needs_cross_source_review,2026-06-28
obs-xwalk-cand-001269,codepoint_crosswalk_candidate,corpus/001_oracle-characters/124_001201-001300_obs-xwalk-bucket_codepoint-xwalk/069_obs-xwalk-cand-001269_xwalk-001269_codepoint-xwalk,hust-obimd-evobc-xwalk-001269,hust-obimd-evobc-xwalk-001269;hust-obc-cat-1419,src-hust-obc,source_marked_risk_noted,needs_cross_source_review,2026-06-28
obs-xwalk-cand-001270,codepoint_crosswalk_candidate,corpus/001_oracle-characters/124_001201-001300_obs-xwalk-bucket_codepoint-xwalk/070_obs-xwalk-cand-001270_xwalk-001270_codepoint-xwalk,hust-obimd-evobc-xwalk-001270,hust-obimd-evobc-xwalk-001270;hust-obc-cat-1420;evobc-cat-00134,src-hust-obc;src-evobc,source_marked_risk_noted,needs_cross_source_review,2026-06-28
obs-xwalk-cand-001271,codepoint_crosswalk_candidate,corpus/001_oracle-characters/124_001201-001300_obs-xwalk-bucket_codepoint-xwalk/071_obs-xwalk-cand-001271_xwalk-001271_codepoint-xwalk,hust-obimd-evobc-xwalk-001271,hust-obimd-evobc-xwalk-001271;hust-obc-cat-1421_1422,src-hust-obc,source_marked_risk_noted,needs_cross_source_review,2026-06-28
obs-xwalk-cand-001272,codepoint_crosswalk_candidate,corpus/001_oracle-characters/124_001201-001300_obs-xwalk-bucket_codepoint-xwalk/072_obs-xwalk-cand-001272_xwalk-001272_codepoint-xwalk,hust-obimd-evobc-xwalk-001272,hust-obimd-evobc-xwalk-001272;hust-obc-cat-1423,src-hust-obc,source_marked_risk_noted,needs_cross_source_review,2026-06-28
obs-xwalk-cand-001273,codepoint_crosswalk_candidate,corpus/001_oracle-characters/124_001201-001300_obs-xwalk-bucket_codepoint-xwalk/073_obs-xwalk-cand-001273_xwalk-001273_codepoint-xwalk,hust-obimd-evobc-xwalk-001273,hust-obimd-evobc-xwalk-001273;hust-obc-cat-1424,src-hust-obc,source_marked_risk_noted,needs_cross_source_review,2026-06-28
obs-xwalk-cand-001274,codepoint_crosswalk_candidate,corpus/001_oracle-characters/124_001201-001300_obs-xwalk-bucket_codepoint-xwalk/074_obs-xwalk-cand-001274_xwalk-001274_codepoint-xwalk,hust-obimd-evobc-xwalk-001274,hust-obimd-evobc-xwalk-001274;hust-obc-cat-1425,src-hust-obc,source_marked_risk_noted,needs_cross_source_review,2026-06-28
obs-xwalk-cand-001275,codepoint_crosswalk_candidate,corpus/001_oracle-characters/124_001201-001300_obs-xwalk-bucket_codepoint-xwalk/075_obs-xwalk-cand-001275_xwalk-001275_codepoint-xwalk,hust-obimd-evobc-xwalk-001275,hust-obimd-evobc-xwalk-001275;hust-obc-cat-1426,src-hust-obc,source_marked_risk_noted,needs_cross_source_review,2026-06-28
obs-xwalk-cand-001276,codepoint_crosswalk_candidate,corpus/001_oracle-characters/124_001201-001300_obs-xwalk-bucket_codepoint-xwalk/076_obs-xwalk-cand-001276_xwalk-001276_codepoint-xwalk,hust-obimd-evobc-xwalk-001276,hust-obimd-evobc-xwalk-001276;hust-obc-cat-1427,src-hust-obc,source_marked_risk_noted,needs_cross_source_review,2026-06-28
obs-xwalk-cand-001277,codepoint_crosswalk_candidate,corpus/001_oracle-characters/124_001201-001300_obs-xwalk-bucket_codepoint-xwalk/077_obs-xwalk-cand-001277_xwalk-001277_codepoint-xwalk,hust-obimd-evobc-xwalk-001277,hust-obimd-evobc-xwalk-001277;hust-obc-cat-1428,src-hust-obc,source_marked_risk_noted,needs_cross_source_review,2026-06-28
obs-xwalk-cand-001278,codepoint_crosswalk_candidate,corpus/001_oracle-characters/124_001201-001300_obs-xwalk-bucket_codepoint-xwalk/078_obs-xwalk-cand-001278_xwalk-001278_codepoint-xwalk,hust-obimd-evobc-xwalk-001278,hust-obimd-evobc-xwalk-001278;hust-obc-cat-1429_1430,src-hust-obc,source_marked_risk_noted,needs_cross_source_review,2026-06-28
obs-xwalk-cand-001279,codepoint_crosswalk_candidate,corpus/001_oracle-characters/124_001201-001300_obs-xwalk-bucket_codepoint-xwalk/079_obs-xwalk-cand-001279_xwalk-001279_codepoint-xwalk,hust-obimd-evobc-xwalk-001279,hust-obimd-evobc-xwalk-001279;hust-obc-cat-1431,src-hust-obc,source_marked_risk_noted,needs_cross_source_review,2026-06-28
obs-xwalk-cand-001280,codepoint_crosswalk_candidate,corpus/001_oracle-characters/124_001201-001300_obs-xwalk-bucket_codepoint-xwalk/080_obs-xwalk-cand-001280_xwalk-001280_codepoint-xwalk,hust-obimd-evobc-xwalk-001280,hust-obimd-evobc-xwalk-001280;hust-obc-cat-1432,src-hust-obc,source_marked_risk_noted,needs_cross_source_review,2026-06-28
obs-xwalk-cand-001281,codepoint_crosswalk_candidate,corpus/001_oracle-characters/124_001201-001300_obs-xwalk-bucket_codepoint-xwalk/081_obs-xwalk-cand-001281_xwalk-001281_codepoint-xwalk,hust-obimd-evobc-xwalk-001281,hust-obimd-evobc-xwalk-001281;hust-obc-cat-1433,src-hust-obc,source_marked_risk_noted,needs_cross_source_review,2026-06-28
obs-xwalk-cand-001282,codepoint_crosswalk_candidate,corpus/001_oracle-characters/124_001201-001300_obs-xwalk-bucket_codepoint-xwalk/082_obs-xwalk-cand-001282_xwalk-001282_codepoint-xwalk,hust-obimd-evobc-xwalk-001282,hust-obimd-evobc-xwalk-001282;hust-obc-cat-1434,src-hust-obc,source_marked_risk_noted,needs_cross_source_review,2026-06-28
obs-xwalk-cand-001283,codepoint_crosswalk_candidate,corpus/001_oracle-characters/124_001201-001300_obs-xwalk-bucket_codepoint-xwalk/083_obs-xwalk-cand-001283_xwalk-001283_codepoint-xwalk,hust-obimd-evobc-xwalk-001283,hust-obimd-evobc-xwalk-001283;hust-obc-cat-1435,src-hust-obc,source_marked_risk_noted,needs_cross_source_review,2026-06-28
obs-xwalk-cand-001284,codepoint_crosswalk_candidate,corpus/001_oracle-characters/124_001201-001300_obs-xwalk-bucket_codepoint-xwalk/084_obs-xwalk-cand-001284_xwalk-001284_codepoint-xwalk,hust-obimd-evobc-xwalk-001284,hust-obimd-evobc-xwalk-001284;hust-obc-cat-1436,src-hust-obc,source_marked_risk_noted,needs_cross_source_review,2026-06-28
obs-xwalk-cand-001285,codepoint_crosswalk_candidate,corpus/001_oracle-characters/124_001201-001300_obs-xwalk-bucket_codepoint-xwalk/085_obs-xwalk-cand-001285_xwalk-001285_codepoint-xwalk,hust-obimd-evobc-xwalk-001285,hust-obimd-evobc-xwalk-001285;hust-obc-cat-1437,src-hust-obc,source_marked_risk_noted,needs_cross_source_review,2026-06-28
obs-xwalk-cand-001286,codepoint_crosswalk_candidate,corpus/001_oracle-characters/124_001201-001300_obs-xwalk-bucket_codepoint-xwalk/086_obs-xwalk-cand-001286_xwalk-001286_codepoint-xwalk,hust-obimd-evobc-xwalk-001286,hust-obimd-evobc-xwalk-001286;hust-obc-cat-1438,src-hust-obc,source_marked_risk_noted,needs_cross_source_review,2026-06-28
obs-xwalk-cand-001287,codepoint_crosswalk_candidate,corpus/001_oracle-characters/124_001201-001300_obs-xwalk-bucket_codepoint-xwalk/087_obs-xwalk-cand-001287_xwalk-001287_codepoint-xwalk,hust-obimd-evobc-xwalk-001287,hust-obimd-evobc-xwalk-001287;hust-obc-cat-1439,src-hust-obc,source_marked_risk_noted,needs_cross_source_review,2026-06-28
obs-xwalk-cand-001288,codepoint_crosswalk_candidate,corpus/001_oracle-characters/124_001201-001300_obs-xwalk-bucket_codepoint-xwalk/088_obs-xwalk-cand-001288_xwalk-001288_codepoint-xwalk,hust-obimd-evobc-xwalk-001288,hust-obimd-evobc-xwalk-001288;hust-obc-cat-1440,src-hust-obc,source_marked_risk_noted,needs_cross_source_review,2026-06-28
obs-xwalk-cand-001289,codepoint_crosswalk_candidate,corpus/001_oracle-characters/124_001201-001300_obs-xwalk-bucket_codepoint-xwalk/089_obs-xwalk-cand-001289_xwalk-001289_codepoint-xwalk,hust-obimd-evobc-xwalk-001289,hust-obimd-evobc-xwalk-001289;hust-obc-cat-1441,src-hust-obc,source_marked_risk_noted,needs_cross_source_review,2026-06-28
obs-xwalk-cand-001290,codepoint_crosswalk_candidate,corpus/001_oracle-characters/124_001201-001300_obs-xwalk-bucket_codepoint-xwalk/090_obs-xwalk-cand-001290_xwalk-001290_codepoint-xwalk,hust-obimd-evobc-xwalk-001290,hust-obimd-evobc-xwalk-001290;hust-obc-cat-1442,src-hust-obc,source_marked_risk_noted,needs_cross_source_review,2026-06-28
obs-xwalk-cand-001291,codepoint_crosswalk_candidate,corpus/001_oracle-characters/124_001201-001300_obs-xwalk-bucket_codepoint-xwalk/091_obs-xwalk-cand-001291_xwalk-001291_codepoint-xwalk,hust-obimd-evobc-xwalk-001291,hust-obimd-evobc-xwalk-001291;hust-obc-cat-1443,src-hust-obc,source_marked_risk_noted,needs_cross_source_review,2026-06-28
obs-xwalk-cand-001292,codepoint_crosswalk_candidate,corpus/001_oracle-characters/124_001201-001300_obs-xwalk-bucket_codepoint-xwalk/092_obs-xwalk-cand-001292_xwalk-001292_codepoint-xwalk,hust-obimd-evobc-xwalk-001292,hust-obimd-evobc-xwalk-001292;hust-obc-cat-1444,src-hust-obc,source_marked_risk_noted,needs_cross_source_review,2026-06-28
obs-xwalk-cand-001293,codepoint_crosswalk_candidate,corpus/001_oracle-characters/124_001201-001300_obs-xwalk-bucket_codepoint-xwalk/093_obs-xwalk-cand-001293_xwalk-001293_codepoint-xwalk,hust-obimd-evobc-xwalk-001293,hust-obimd-evobc-xwalk-001293;hust-obc-cat-1445;evobc-cat-00136,src-hust-obc;src-evobc,source_marked_risk_noted,needs_cross_source_review,2026-06-28
obs-xwalk-cand-001294,codepoint_crosswalk_candidate,corpus/001_oracle-characters/124_001201-001300_obs-xwalk-bucket_codepoint-xwalk/094_obs-xwalk-cand-001294_xwalk-001294_codepoint-xwalk,hust-obimd-evobc-xwalk-001294,hust-obimd-evobc-xwalk-001294;hust-obc-cat-1446_1447,src-hust-obc,source_marked_risk_noted,needs_cross_source_review,2026-06-28
obs-xwalk-cand-001295,codepoint_crosswalk_candidate,corpus/001_oracle-characters/124_001201-001300_obs-xwalk-bucket_codepoint-xwalk/095_obs-xwalk-cand-001295_xwalk-001295_codepoint-xwalk,hust-obimd-evobc-xwalk-001295,hust-obimd-evobc-xwalk-001295;hust-obc-cat-1448,src-hust-obc,source_marked_risk_noted,needs_cross_source_review,2026-06-28
obs-xwalk-cand-001296,codepoint_crosswalk_candidate,corpus/001_oracle-characters/124_001201-001300_obs-xwalk-bucket_codepoint-xwalk/096_obs-xwalk-cand-001296_xwalk-001296_codepoint-xwalk,hust-obimd-evobc-xwalk-001296,hust-obimd-evobc-xwalk-001296;hust-obc-cat-1449,src-hust-obc,source_marked_risk_noted,needs_cross_source_review,2026-06-28
obs-xwalk-cand-001297,codepoint_crosswalk_candidate,corpus/001_oracle-characters/124_001201-001300_obs-xwalk-bucket_codepoint-xwalk/097_obs-xwalk-cand-001297_xwalk-001297_codepoint-xwalk,hust-obimd-evobc-xwalk-001297,hust-obimd-evobc-xwalk-001297;hust-obc-cat-1450,src-hust-obc,source_marked_risk_noted,needs_cross_source_review,2026-06-28
obs-xwalk-cand-001298,codepoint_crosswalk_candidate,corpus/001_oracle-characters/124_001201-001300_obs-xwalk-bucket_codepoint-xwalk/098_obs-xwalk-cand-001298_xwalk-001298_codepoint-xwalk,hust-obimd-evobc-xwalk-001298,hust-obimd-evobc-xwalk-001298;hust-obc-cat-1451,src-hust-obc,source_marked_risk_noted,needs_cross_source_review,2026-06-28
obs-xwalk-cand-001299,codepoint_crosswalk_candidate,corpus/001_oracle-characters/124_001201-001300_obs-xwalk-bucket_codepoint-xwalk/099_obs-xwalk-cand-001299_xwalk-001299_codepoint-xwalk,hust-obimd-evobc-xwalk-001299,hust-obimd-evobc-xwalk-001299;hust-obc-cat-1452,src-hust-obc,source_marked_risk_noted,needs_cross_source_review,2026-06-28
obs-xwalk-cand-001300,codepoint_crosswalk_candidate,corpus/001_oracle-characters/124_001201-001300_obs-xwalk-bucket_codepoint-xwalk/100_obs-xwalk-cand-001300_xwalk-001300_codepoint-xwalk,hust-obimd-evobc-xwalk-001300,hust-obimd-evobc-xwalk-001300;hust-obc-cat-1453,src-hust-obc,source_marked_risk_noted,needs_cross_source_review,2026-06-28
obs-xwalk-cand-001301,codepoint_crosswalk_candidate,corpus/001_oracle-characters/125_001301-001400_obs-xwalk-bucket_codepoint-xwalk/001_obs-xwalk-cand-001301_xwalk-001301_codepoint-xwalk,hust-obimd-evobc-xwalk-001301,hust-obimd-evobc-xwalk-001301;hust-obc-cat-1454,src-hust-obc,source_marked_risk_noted,needs_cross_source_review,2026-06-28
obs-xwalk-cand-001302,codepoint_crosswalk_candidate,corpus/001_oracle-characters/125_001301-001400_obs-xwalk-bucket_codepoint-xwalk/002_obs-xwalk-cand-001302_xwalk-001302_codepoint-xwalk,hust-obimd-evobc-xwalk-001302,hust-obimd-evobc-xwalk-001302;hust-obc-cat-1455,src-hust-obc,source_marked_risk_noted,needs_cross_source_review,2026-06-28
obs-xwalk-cand-001303,codepoint_crosswalk_candidate,corpus/001_oracle-characters/125_001301-001400_obs-xwalk-bucket_codepoint-xwalk/003_obs-xwalk-cand-001303_xwalk-001303_codepoint-xwalk,hust-obimd-evobc-xwalk-001303,hust-obimd-evobc-xwalk-001303;hust-obc-cat-1456,src-hust-obc,source_marked_risk_noted,needs_cross_source_review,2026-06-28
obs-xwalk-cand-001304,codepoint_crosswalk_candidate,corpus/001_oracle-characters/125_001301-001400_obs-xwalk-bucket_codepoint-xwalk/004_obs-xwalk-cand-001304_xwalk-001304_codepoint-xwalk,hust-obimd-evobc-xwalk-001304,hust-obimd-evobc-xwalk-001304;hust-obc-cat-1457,src-hust-obc,source_marked_risk_noted,needs_cross_source_review,2026-06-28
obs-xwalk-cand-001305,codepoint_crosswalk_candidate,corpus/001_oracle-characters/125_001301-001400_obs-xwalk-bucket_codepoint-xwalk/005_obs-xwalk-cand-001305_xwalk-001305_codepoint-xwalk,hust-obimd-evobc-xwalk-001305,hust-obimd-evobc-xwalk-001305;hust-obc-cat-1458,src-hust-obc,source_marked_risk_noted,needs_cross_source_review,2026-06-28
obs-xwalk-cand-001306,codepoint_crosswalk_candidate,corpus/001_oracle-characters/125_001301-001400_obs-xwalk-bucket_codepoint-xwalk/006_obs-xwalk-cand-001306_xwalk-001306_codepoint-xwalk,hust-obimd-evobc-xwalk-001306,hust-obimd-evobc-xwalk-001306;hust-obc-cat-1459,src-hust-obc,source_marked_risk_noted,needs_cross_source_review,2026-06-28
obs-xwalk-cand-001307,codepoint_crosswalk_candidate,corpus/001_oracle-characters/125_001301-001400_obs-xwalk-bucket_codepoint-xwalk/007_obs-xwalk-cand-001307_xwalk-001307_codepoint-xwalk,hust-obimd-evobc-xwalk-001307,hust-obimd-evobc-xwalk-001307;hust-obc-cat-1460,src-hust-obc,source_marked_risk_noted,needs_cross_source_review,2026-06-28
obs-xwalk-cand-001308,codepoint_crosswalk_candidate,corpus/001_oracle-characters/125_001301-001400_obs-xwalk-bucket_codepoint-xwalk/008_obs-xwalk-cand-001308_xwalk-001308_codepoint-xwalk,hust-obimd-evobc-xwalk-001308,hust-obimd-evobc-xwalk-001308;hust-obc-cat-1461,src-hust-obc,source_marked_risk_noted,needs_cross_source_review,2026-06-28
obs-xwalk-cand-001309,codepoint_crosswalk_candidate,corpus/001_oracle-characters/125_001301-001400_obs-xwalk-bucket_codepoint-xwalk/009_obs-xwalk-cand-001309_xwalk-001309_codepoint-xwalk,hust-obimd-evobc-xwalk-001309,hust-obimd-evobc-xwalk-001309;hust-obc-cat-1462,src-hust-obc,source_marked_risk_noted,needs_cross_source_review,2026-06-28
obs-xwalk-cand-001310,codepoint_crosswalk_candidate,corpus/001_oracle-characters/125_001301-001400_obs-xwalk-bucket_codepoint-xwalk/010_obs-xwalk-cand-001310_xwalk-001310_codepoint-xwalk,hust-obimd-evobc-xwalk-001310,hust-obimd-evobc-xwalk-001310;hust-obc-cat-1463,src-hust-obc,source_marked_risk_noted,needs_cross_source_review,2026-06-28
obs-xwalk-cand-001311,codepoint_crosswalk_candidate,corpus/001_oracle-characters/125_001301-001400_obs-xwalk-bucket_codepoint-xwalk/011_obs-xwalk-cand-001311_xwalk-001311_codepoint-xwalk,hust-obimd-evobc-xwalk-001311,hust-obimd-evobc-xwalk-001311;hust-obc-cat-1464_1465_1466,src-hust-obc,source_marked_risk_noted,needs_cross_source_review,2026-06-28
obs-xwalk-cand-001312,codepoint_crosswalk_candidate,corpus/001_oracle-characters/125_001301-001400_obs-xwalk-bucket_codepoint-xwalk/012_obs-xwalk-cand-001312_xwalk-001312_codepoint-xwalk,hust-obimd-evobc-xwalk-001312,hust-obimd-evobc-xwalk-001312;hust-obc-cat-1467,src-hust-obc,source_marked_risk_noted,needs_cross_source_review,2026-06-28
obs-xwalk-cand-001313,codepoint_crosswalk_candidate,corpus/001_oracle-characters/125_001301-001400_obs-xwalk-bucket_codepoint-xwalk/013_obs-xwalk-cand-001313_xwalk-001313_codepoint-xwalk,hust-obimd-evobc-xwalk-001313,hust-obimd-evobc-xwalk-001313;hust-obc-cat-1468,src-hust-obc,source_marked_risk_noted,needs_cross_source_review,2026-06-28
obs-xwalk-cand-001314,codepoint_crosswalk_candidate,corpus/001_oracle-characters/125_001301-001400_obs-xwalk-bucket_codepoint-xwalk/014_obs-xwalk-cand-001314_xwalk-001314_codepoint-xwalk,hust-obimd-evobc-xwalk-001314,hust-obimd-evobc-xwalk-001314;hust-obc-cat-1469;evobc-cat-00138,src-hust-obc;src-evobc,source_marked_risk_noted,needs_cross_source_review,2026-06-28
obs-xwalk-cand-001315,codepoint_crosswalk_candidate,corpus/001_oracle-characters/125_001301-001400_obs-xwalk-bucket_codepoint-xwalk/015_obs-xwalk-cand-001315_xwalk-001315_codepoint-xwalk,hust-obimd-evobc-xwalk-001315,hust-obimd-evobc-xwalk-001315;hust-obc-cat-1470,src-hust-obc,source_marked_risk_noted,needs_cross_source_review,2026-06-28
obs-xwalk-cand-001316,codepoint_crosswalk_candidate,corpus/001_oracle-characters/125_001301-001400_obs-xwalk-bucket_codepoint-xwalk/016_obs-xwalk-cand-001316_xwalk-001316_codepoint-xwalk,hust-obimd-evobc-xwalk-001316,hust-obimd-evobc-xwalk-001316;hust-obc-cat-1471_1472,src-hust-obc,source_marked_risk_noted,needs_cross_source_review,2026-06-28
obs-xwalk-cand-001317,codepoint_crosswalk_candidate,corpus/001_oracle-characters/125_001301-001400_obs-xwalk-bucket_codepoint-xwalk/017_obs-xwalk-cand-001317_xwalk-001317_codepoint-xwalk,hust-obimd-evobc-xwalk-001317,hust-obimd-evobc-xwalk-001317;hust-obc-cat-1473,src-hust-obc,source_marked_risk_noted,needs_cross_source_review,2026-06-28
obs-xwalk-cand-001318,codepoint_crosswalk_candidate,corpus/001_oracle-characters/125_001301-001400_obs-xwalk-bucket_codepoint-xwalk/018_obs-xwalk-cand-001318_xwalk-001318_codepoint-xwalk,hust-obimd-evobc-xwalk-001318,hust-obimd-evobc-xwalk-001318;hust-obc-cat-1474,src-hust-obc,source_marked_risk_noted,needs_cross_source_review,2026-06-28
obs-xwalk-cand-001319,codepoint_crosswalk_candidate,corpus/001_oracle-characters/125_001301-001400_obs-xwalk-bucket_codepoint-xwalk/019_obs-xwalk-cand-001319_xwalk-001319_codepoint-xwalk,hust-obimd-evobc-xwalk-001319,hust-obimd-evobc-xwalk-001319;hust-obc-cat-1475;evobc-cat-00140,src-hust-obc;src-evobc,source_marked_risk_noted,needs_cross_source_review,2026-06-28
obs-xwalk-cand-001320,codepoint_crosswalk_candidate,corpus/001_oracle-characters/125_001301-001400_obs-xwalk-bucket_codepoint-xwalk/020_obs-xwalk-cand-001320_xwalk-001320_codepoint-xwalk,hust-obimd-evobc-xwalk-001320,hust-obimd-evobc-xwalk-001320;hust-obc-cat-1476,src-hust-obc,source_marked_risk_noted,needs_cross_source_review,2026-06-28
obs-xwalk-cand-001321,codepoint_crosswalk_candidate,corpus/001_oracle-characters/125_001301-001400_obs-xwalk-bucket_codepoint-xwalk/021_obs-xwalk-cand-001321_xwalk-001321_codepoint-xwalk,hust-obimd-evobc-xwalk-001321,hust-obimd-evobc-xwalk-001321;hust-obc-cat-1477,src-hust-obc,source_marked_risk_noted,needs_cross_source_review,2026-06-28
obs-xwalk-cand-001322,codepoint_crosswalk_candidate,corpus/001_oracle-characters/125_001301-001400_obs-xwalk-bucket_codepoint-xwalk/022_obs-xwalk-cand-001322_xwalk-001322_codepoint-xwalk,hust-obimd-evobc-xwalk-001322,hust-obimd-evobc-xwalk-001322;hust-obc-cat-1478,src-hust-obc,source_marked_risk_noted,needs_cross_source_review,2026-06-28
obs-xwalk-cand-001323,codepoint_crosswalk_candidate,corpus/001_oracle-characters/125_001301-001400_obs-xwalk-bucket_codepoint-xwalk/023_obs-xwalk-cand-001323_xwalk-001323_codepoint-xwalk,hust-obimd-evobc-xwalk-001323,hust-obimd-evobc-xwalk-001323;hust-obc-cat-1479,src-hust-obc,source_marked_risk_noted,needs_cross_source_review,2026-06-28
obs-xwalk-cand-001324,codepoint_crosswalk_candidate,corpus/001_oracle-characters/125_001301-001400_obs-xwalk-bucket_codepoint-xwalk/024_obs-xwalk-cand-001324_xwalk-001324_codepoint-xwalk,hust-obimd-evobc-xwalk-001324,hust-obimd-evobc-xwalk-001324;hust-obc-cat-1480,src-hust-obc,source_marked_risk_noted,needs_cross_source_review,2026-06-28
obs-xwalk-cand-001325,codepoint_crosswalk_candidate,corpus/001_oracle-characters/125_001301-001400_obs-xwalk-bucket_codepoint-xwalk/025_obs-xwalk-cand-001325_xwalk-001325_codepoint-xwalk,hust-obimd-evobc-xwalk-001325,hust-obimd-evobc-xwalk-001325;hust-obc-cat-1481;evobc-cat-00141,src-hust-obc;src-evobc,source_marked_risk_noted,needs_cross_source_review,2026-06-28
obs-xwalk-cand-001326,codepoint_crosswalk_candidate,corpus/001_oracle-characters/125_001301-001400_obs-xwalk-bucket_codepoint-xwalk/026_obs-xwalk-cand-001326_xwalk-001326_codepoint-xwalk,hust-obimd-evobc-xwalk-001326,hust-obimd-evobc-xwalk-001326;hust-obc-cat-1482,src-hust-obc,source_marked_risk_noted,needs_cross_source_review,2026-06-28
obs-xwalk-cand-001327,codepoint_crosswalk_candidate,corpus/001_oracle-characters/125_001301-001400_obs-xwalk-bucket_codepoint-xwalk/027_obs-xwalk-cand-001327_xwalk-001327_codepoint-xwalk,hust-obimd-evobc-xwalk-001327,hust-obimd-evobc-xwalk-001327;hust-obc-cat-1483,src-hust-obc,source_marked_risk_noted,needs_cross_source_review,2026-06-28
obs-xwalk-cand-001328,codepoint_crosswalk_candidate,corpus/001_oracle-characters/125_001301-001400_obs-xwalk-bucket_codepoint-xwalk/028_obs-xwalk-cand-001328_xwalk-001328_codepoint-xwalk,hust-obimd-evobc-xwalk-001328,hust-obimd-evobc-xwalk-001328;hust-obc-cat-1484,src-hust-obc,source_marked_risk_noted,needs_cross_source_review,2026-06-28
obs-xwalk-cand-001329,codepoint_crosswalk_candidate,corpus/001_oracle-characters/125_001301-001400_obs-xwalk-bucket_codepoint-xwalk/029_obs-xwalk-cand-001329_xwalk-001329_codepoint-xwalk,hust-obimd-evobc-xwalk-001329,hust-obimd-evobc-xwalk-001329;hust-obc-cat-1485,src-hust-obc,source_marked_risk_noted,needs_cross_source_review,2026-06-28
obs-xwalk-cand-001330,codepoint_crosswalk_candidate,corpus/001_oracle-characters/125_001301-001400_obs-xwalk-bucket_codepoint-xwalk/030_obs-xwalk-cand-001330_xwalk-001330_codepoint-xwalk,hust-obimd-evobc-xwalk-001330,hust-obimd-evobc-xwalk-001330;hust-obc-cat-1486,src-hust-obc,source_marked_risk_noted,needs_cross_source_review,2026-06-28
obs-xwalk-cand-001331,codepoint_crosswalk_candidate,corpus/001_oracle-characters/125_001301-001400_obs-xwalk-bucket_codepoint-xwalk/031_obs-xwalk-cand-001331_xwalk-001331_codepoint-xwalk,hust-obimd-evobc-xwalk-001331,hust-obimd-evobc-xwalk-001331;hust-obc-cat-1487,src-hust-obc,source_marked_risk_noted,needs_cross_source_review,2026-06-28
obs-xwalk-cand-001332,codepoint_crosswalk_candidate,corpus/001_oracle-characters/125_001301-001400_obs-xwalk-bucket_codepoint-xwalk/032_obs-xwalk-cand-001332_xwalk-001332_codepoint-xwalk,hust-obimd-evobc-xwalk-001332,hust-obimd-evobc-xwalk-001332;hust-obc-cat-1488,src-hust-obc,source_marked_risk_noted,needs_cross_source_review,2026-06-28
obs-xwalk-cand-001333,codepoint_crosswalk_candidate,corpus/001_oracle-characters/125_001301-001400_obs-xwalk-bucket_codepoint-xwalk/033_obs-xwalk-cand-001333_xwalk-001333_codepoint-xwalk,hust-obimd-evobc-xwalk-001333,hust-obimd-evobc-xwalk-001333;hust-obc-cat-1489,src-hust-obc,source_marked_risk_noted,needs_cross_source_review,2026-06-28
obs-xwalk-cand-001334,codepoint_crosswalk_candidate,corpus/001_oracle-characters/125_001301-001400_obs-xwalk-bucket_codepoint-xwalk/034_obs-xwalk-cand-001334_xwalk-001334_codepoint-xwalk,hust-obimd-evobc-xwalk-001334,hust-obimd-evobc-xwalk-001334;hust-obc-cat-1490,src-hust-obc,source_marked_risk_noted,needs_cross_source_review,2026-06-28
obs-xwalk-cand-001335,codepoint_crosswalk_candidate,corpus/001_oracle-characters/125_001301-001400_obs-xwalk-bucket_codepoint-xwalk/035_obs-xwalk-cand-001335_xwalk-001335_codepoint-xwalk,hust-obimd-evobc-xwalk-001335,hust-obimd-evobc-xwalk-001335;hust-obc-cat-1491,src-hust-obc,source_marked_risk_noted,needs_cross_source_review,2026-06-28
obs-xwalk-cand-001336,codepoint_crosswalk_candidate,corpus/001_oracle-characters/125_001301-001400_obs-xwalk-bucket_codepoint-xwalk/036_obs-xwalk-cand-001336_xwalk-001336_codepoint-xwalk,hust-obimd-evobc-xwalk-001336,hust-obimd-evobc-xwalk-001336;hust-obc-cat-1492,src-hust-obc,source_marked_risk_noted,needs_cross_source_review,2026-06-28
obs-xwalk-cand-001337,codepoint_crosswalk_candidate,corpus/001_oracle-characters/125_001301-001400_obs-xwalk-bucket_codepoint-xwalk/037_obs-xwalk-cand-001337_xwalk-001337_codepoint-xwalk,hust-obimd-evobc-xwalk-001337,hust-obimd-evobc-xwalk-001337;hust-obc-cat-1493,src-hust-obc,source_marked_risk_noted,needs_cross_source_review,2026-06-28
obs-xwalk-cand-001338,codepoint_crosswalk_candidate,corpus/001_oracle-characters/125_001301-001400_obs-xwalk-bucket_codepoint-xwalk/038_obs-xwalk-cand-001338_xwalk-001338_codepoint-xwalk,hust-obimd-evobc-xwalk-001338,hust-obimd-evobc-xwalk-001338;hust-obc-cat-1494,src-hust-obc,source_marked_risk_noted,needs_cross_source_review,2026-06-28
obs-xwalk-cand-001339,codepoint_crosswalk_candidate,corpus/001_oracle-characters/125_001301-001400_obs-xwalk-bucket_codepoint-xwalk/039_obs-xwalk-cand-001339_xwalk-001339_codepoint-xwalk,hust-obimd-evobc-xwalk-001339,hust-obimd-evobc-xwalk-001339;hust-obc-cat-1495;evobc-cat-00142,src-hust-obc;src-evobc,source_marked_risk_noted,needs_cross_source_review,2026-06-28
obs-xwalk-cand-001340,codepoint_crosswalk_candidate,corpus/001_oracle-characters/125_001301-001400_obs-xwalk-bucket_codepoint-xwalk/040_obs-xwalk-cand-001340_xwalk-001340_codepoint-xwalk,hust-obimd-evobc-xwalk-001340,hust-obimd-evobc-xwalk-001340;hust-obc-cat-1496,src-hust-obc,source_marked_risk_noted,needs_cross_source_review,2026-06-28
obs-xwalk-cand-001341,codepoint_crosswalk_candidate,corpus/001_oracle-characters/125_001301-001400_obs-xwalk-bucket_codepoint-xwalk/041_obs-xwalk-cand-001341_xwalk-001341_codepoint-xwalk,hust-obimd-evobc-xwalk-001341,hust-obimd-evobc-xwalk-001341;hust-obc-cat-1497,src-hust-obc,source_marked_risk_noted,needs_cross_source_review,2026-06-28
obs-xwalk-cand-001342,codepoint_crosswalk_candidate,corpus/001_oracle-characters/125_001301-001400_obs-xwalk-bucket_codepoint-xwalk/042_obs-xwalk-cand-001342_xwalk-001342_codepoint-xwalk,hust-obimd-evobc-xwalk-001342,hust-obimd-evobc-xwalk-001342;hust-obc-cat-1498,src-hust-obc,source_marked_risk_noted,needs_cross_source_review,2026-06-28
obs-xwalk-cand-001343,codepoint_crosswalk_candidate,corpus/001_oracle-characters/125_001301-001400_obs-xwalk-bucket_codepoint-xwalk/043_obs-xwalk-cand-001343_xwalk-001343_codepoint-xwalk,hust-obimd-evobc-xwalk-001343,hust-obimd-evobc-xwalk-001343;hust-obc-cat-1499_1500,src-hust-obc,source_marked_risk_noted,needs_cross_source_review,2026-06-28
obs-xwalk-cand-001344,codepoint_crosswalk_candidate,corpus/001_oracle-characters/125_001301-001400_obs-xwalk-bucket_codepoint-xwalk/044_obs-xwalk-cand-001344_xwalk-001344_codepoint-xwalk,hust-obimd-evobc-xwalk-001344,hust-obimd-evobc-xwalk-001344;hust-obc-cat-1501,src-hust-obc,source_marked_risk_noted,needs_cross_source_review,2026-06-28
obs-xwalk-cand-001345,codepoint_crosswalk_candidate,corpus/001_oracle-characters/125_001301-001400_obs-xwalk-bucket_codepoint-xwalk/045_obs-xwalk-cand-001345_xwalk-001345_codepoint-xwalk,hust-obimd-evobc-xwalk-001345,hust-obimd-evobc-xwalk-001345;hust-obc-cat-1502;evobc-cat-00143,src-hust-obc;src-evobc,source_marked_risk_noted,needs_cross_source_review,2026-06-28
obs-xwalk-cand-001346,codepoint_crosswalk_candidate,corpus/001_oracle-characters/125_001301-001400_obs-xwalk-bucket_codepoint-xwalk/046_obs-xwalk-cand-001346_xwalk-001346_codepoint-xwalk,hust-obimd-evobc-xwalk-001346,hust-obimd-evobc-xwalk-001346;hust-obc-cat-1503,src-hust-obc,source_marked_risk_noted,needs_cross_source_review,2026-06-28
obs-xwalk-cand-001347,codepoint_crosswalk_candidate,corpus/001_oracle-characters/125_001301-001400_obs-xwalk-bucket_codepoint-xwalk/047_obs-xwalk-cand-001347_xwalk-001347_codepoint-xwalk,hust-obimd-evobc-xwalk-001347,hust-obimd-evobc-xwalk-001347;hust-obc-cat-1504,src-hust-obc,source_marked_risk_noted,needs_cross_source_review,2026-06-28
obs-xwalk-cand-001348,codepoint_crosswalk_candidate,corpus/001_oracle-characters/125_001301-001400_obs-xwalk-bucket_codepoint-xwalk/048_obs-xwalk-cand-001348_xwalk-001348_codepoint-xwalk,hust-obimd-evobc-xwalk-001348,hust-obimd-evobc-xwalk-001348;hust-obc-cat-1505,src-hust-obc,source_marked_risk_noted,needs_cross_source_review,2026-06-28
obs-xwalk-cand-001349,codepoint_crosswalk_candidate,corpus/001_oracle-characters/125_001301-001400_obs-xwalk-bucket_codepoint-xwalk/049_obs-xwalk-cand-001349_xwalk-001349_codepoint-xwalk,hust-obimd-evobc-xwalk-001349,hust-obimd-evobc-xwalk-001349;hust-obc-cat-1506,src-hust-obc,source_marked_risk_noted,needs_cross_source_review,2026-06-28
obs-xwalk-cand-001350,codepoint_crosswalk_candidate,corpus/001_oracle-characters/125_001301-001400_obs-xwalk-bucket_codepoint-xwalk/050_obs-xwalk-cand-001350_xwalk-001350_codepoint-xwalk,hust-obimd-evobc-xwalk-001350,hust-obimd-evobc-xwalk-001350;hust-obc-cat-1507,src-hust-obc,source_marked_risk_noted,needs_cross_source_review,2026-06-28
obs-xwalk-cand-001351,codepoint_crosswalk_candidate,corpus/001_oracle-characters/125_001301-001400_obs-xwalk-bucket_codepoint-xwalk/051_obs-xwalk-cand-001351_xwalk-001351_codepoint-xwalk,hust-obimd-evobc-xwalk-001351,hust-obimd-evobc-xwalk-001351;hust-obc-cat-1508,src-hust-obc,source_marked_risk_noted,needs_cross_source_review,2026-06-28
obs-xwalk-cand-001352,codepoint_crosswalk_candidate,corpus/001_oracle-characters/125_001301-001400_obs-xwalk-bucket_codepoint-xwalk/052_obs-xwalk-cand-001352_xwalk-001352_codepoint-xwalk,hust-obimd-evobc-xwalk-001352,hust-obimd-evobc-xwalk-001352;hust-obc-cat-1509,src-hust-obc,source_marked_risk_noted,needs_cross_source_review,2026-06-28
obs-xwalk-cand-001353,codepoint_crosswalk_candidate,corpus/001_oracle-characters/125_001301-001400_obs-xwalk-bucket_codepoint-xwalk/053_obs-xwalk-cand-001353_xwalk-001353_codepoint-xwalk,hust-obimd-evobc-xwalk-001353,hust-obimd-evobc-xwalk-001353;hust-obc-cat-1510,src-hust-obc,source_marked_risk_noted,needs_cross_source_review,2026-06-28
obs-xwalk-cand-001354,codepoint_crosswalk_candidate,corpus/001_oracle-characters/125_001301-001400_obs-xwalk-bucket_codepoint-xwalk/054_obs-xwalk-cand-001354_xwalk-001354_codepoint-xwalk,hust-obimd-evobc-xwalk-001354,hust-obimd-evobc-xwalk-001354;hust-obc-cat-1511,src-hust-obc,source_marked_risk_noted,needs_cross_source_review,2026-06-28
obs-xwalk-cand-001355,codepoint_crosswalk_candidate,corpus/001_oracle-characters/125_001301-001400_obs-xwalk-bucket_codepoint-xwalk/055_obs-xwalk-cand-001355_xwalk-001355_codepoint-xwalk,hust-obimd-evobc-xwalk-001355,hust-obimd-evobc-xwalk-001355;hust-obc-cat-1512,src-hust-obc,source_marked_risk_noted,needs_cross_source_review,2026-06-28
obs-xwalk-cand-001356,codepoint_crosswalk_candidate,corpus/001_oracle-characters/125_001301-001400_obs-xwalk-bucket_codepoint-xwalk/056_obs-xwalk-cand-001356_xwalk-001356_codepoint-xwalk,hust-obimd-evobc-xwalk-001356,hust-obimd-evobc-xwalk-001356;hust-obc-cat-1513,src-hust-obc,source_marked_risk_noted,needs_cross_source_review,2026-06-28
obs-xwalk-cand-001357,codepoint_crosswalk_candidate,corpus/001_oracle-characters/125_001301-001400_obs-xwalk-bucket_codepoint-xwalk/057_obs-xwalk-cand-001357_xwalk-001357_codepoint-xwalk,hust-obimd-evobc-xwalk-001357,hust-obimd-evobc-xwalk-001357;hust-obc-cat-1514,src-hust-obc,source_marked_risk_noted,needs_cross_source_review,2026-06-28
obs-xwalk-cand-001358,codepoint_crosswalk_candidate,corpus/001_oracle-characters/125_001301-001400_obs-xwalk-bucket_codepoint-xwalk/058_obs-xwalk-cand-001358_xwalk-001358_codepoint-xwalk,hust-obimd-evobc-xwalk-001358,hust-obimd-evobc-xwalk-001358;hust-obc-cat-1515,src-hust-obc,source_marked_risk_noted,needs_cross_source_review,2026-06-28
obs-xwalk-cand-001359,codepoint_crosswalk_candidate,corpus/001_oracle-characters/125_001301-001400_obs-xwalk-bucket_codepoint-xwalk/059_obs-xwalk-cand-001359_xwalk-001359_codepoint-xwalk,hust-obimd-evobc-xwalk-001359,hust-obimd-evobc-xwalk-001359;hust-obc-cat-1516,src-hust-obc,source_marked_risk_noted,needs_cross_source_review,2026-06-28
obs-xwalk-cand-001360,codepoint_crosswalk_candidate,corpus/001_oracle-characters/125_001301-001400_obs-xwalk-bucket_codepoint-xwalk/060_obs-xwalk-cand-001360_xwalk-001360_codepoint-xwalk,hust-obimd-evobc-xwalk-001360,hust-obimd-evobc-xwalk-001360;hust-obc-cat-1517,src-hust-obc,source_marked_risk_noted,needs_cross_source_review,2026-06-28
obs-xwalk-cand-001361,codepoint_crosswalk_candidate,corpus/001_oracle-characters/125_001301-001400_obs-xwalk-bucket_codepoint-xwalk/061_obs-xwalk-cand-001361_xwalk-001361_codepoint-xwalk,hust-obimd-evobc-xwalk-001361,hust-obimd-evobc-xwalk-001361;hust-obc-cat-1518,src-hust-obc,source_marked_risk_noted,needs_cross_source_review,2026-06-28
obs-xwalk-cand-001362,codepoint_crosswalk_candidate,corpus/001_oracle-characters/125_001301-001400_obs-xwalk-bucket_codepoint-xwalk/062_obs-xwalk-cand-001362_xwalk-001362_codepoint-xwalk,hust-obimd-evobc-xwalk-001362,hust-obimd-evobc-xwalk-001362;hust-obc-cat-1519,src-hust-obc,source_marked_risk_noted,needs_cross_source_review,2026-06-28
obs-xwalk-cand-001363,codepoint_crosswalk_candidate,corpus/001_oracle-characters/125_001301-001400_obs-xwalk-bucket_codepoint-xwalk/063_obs-xwalk-cand-001363_xwalk-001363_codepoint-xwalk,hust-obimd-evobc-xwalk-001363,hust-obimd-evobc-xwalk-001363;hust-obc-cat-1520_1521,src-hust-obc,source_marked_risk_noted,needs_cross_source_review,2026-06-28
obs-xwalk-cand-001364,codepoint_crosswalk_candidate,corpus/001_oracle-characters/125_001301-001400_obs-xwalk-bucket_codepoint-xwalk/064_obs-xwalk-cand-001364_xwalk-001364_codepoint-xwalk,hust-obimd-evobc-xwalk-001364,hust-obimd-evobc-xwalk-001364;hust-obc-cat-1522,src-hust-obc,source_marked_risk_noted,needs_cross_source_review,2026-06-28
obs-xwalk-cand-001365,codepoint_crosswalk_candidate,corpus/001_oracle-characters/125_001301-001400_obs-xwalk-bucket_codepoint-xwalk/065_obs-xwalk-cand-001365_xwalk-001365_codepoint-xwalk,hust-obimd-evobc-xwalk-001365,hust-obimd-evobc-xwalk-001365;hust-obc-cat-1523,src-hust-obc,source_marked_risk_noted,needs_cross_source_review,2026-06-28
obs-xwalk-cand-001366,codepoint_crosswalk_candidate,corpus/001_oracle-characters/125_001301-001400_obs-xwalk-bucket_codepoint-xwalk/066_obs-xwalk-cand-001366_xwalk-001366_codepoint-xwalk,hust-obimd-evobc-xwalk-001366,hust-obimd-evobc-xwalk-001366;hust-obc-cat-1524,src-hust-obc,source_marked_risk_noted,needs_cross_source_review,2026-06-28
obs-xwalk-cand-001367,codepoint_crosswalk_candidate,corpus/001_oracle-characters/125_001301-001400_obs-xwalk-bucket_codepoint-xwalk/067_obs-xwalk-cand-001367_xwalk-001367_codepoint-xwalk,hust-obimd-evobc-xwalk-001367,hust-obimd-evobc-xwalk-001367;hust-obc-cat-1525_1526,src-hust-obc,source_marked_risk_noted,needs_cross_source_review,2026-06-28
obs-xwalk-cand-001368,codepoint_crosswalk_candidate,corpus/001_oracle-characters/125_001301-001400_obs-xwalk-bucket_codepoint-xwalk/068_obs-xwalk-cand-001368_xwalk-001368_codepoint-xwalk,hust-obimd-evobc-xwalk-001368,hust-obimd-evobc-xwalk-001368;hust-obc-cat-1527,src-hust-obc,source_marked_risk_noted,needs_cross_source_review,2026-06-28
obs-xwalk-cand-001369,codepoint_crosswalk_candidate,corpus/001_oracle-characters/125_001301-001400_obs-xwalk-bucket_codepoint-xwalk/069_obs-xwalk-cand-001369_xwalk-001369_codepoint-xwalk,hust-obimd-evobc-xwalk-001369,hust-obimd-evobc-xwalk-001369;hust-obc-cat-1528,src-hust-obc,source_marked_risk_noted,needs_cross_source_review,2026-06-28
obs-xwalk-cand-001370,codepoint_crosswalk_candidate,corpus/001_oracle-characters/125_001301-001400_obs-xwalk-bucket_codepoint-xwalk/070_obs-xwalk-cand-001370_xwalk-001370_codepoint-xwalk,hust-obimd-evobc-xwalk-001370,hust-obimd-evobc-xwalk-001370;hust-obc-cat-1529,src-hust-obc,source_marked_risk_noted,needs_cross_source_review,2026-06-28
obs-xwalk-cand-001371,codepoint_crosswalk_candidate,corpus/001_oracle-characters/125_001301-001400_obs-xwalk-bucket_codepoint-xwalk/071_obs-xwalk-cand-001371_xwalk-001371_codepoint-xwalk,hust-obimd-evobc-xwalk-001371,hust-obimd-evobc-xwalk-001371;hust-obc-cat-1530,src-hust-obc,source_marked_risk_noted,needs_cross_source_review,2026-06-28
obs-xwalk-cand-001372,codepoint_crosswalk_candidate,corpus/001_oracle-characters/125_001301-001400_obs-xwalk-bucket_codepoint-xwalk/072_obs-xwalk-cand-001372_xwalk-001372_codepoint-xwalk,hust-obimd-evobc-xwalk-001372,hust-obimd-evobc-xwalk-001372;hust-obc-cat-1531,src-hust-obc,source_marked_risk_noted,needs_cross_source_review,2026-06-28
obs-xwalk-cand-001373,codepoint_crosswalk_candidate,corpus/001_oracle-characters/125_001301-001400_obs-xwalk-bucket_codepoint-xwalk/073_obs-xwalk-cand-001373_xwalk-001373_codepoint-xwalk,hust-obimd-evobc-xwalk-001373,hust-obimd-evobc-xwalk-001373;hust-obc-cat-1532,src-hust-obc,source_marked_risk_noted,needs_cross_source_review,2026-06-28
obs-xwalk-cand-001374,codepoint_crosswalk_candidate,corpus/001_oracle-characters/125_001301-001400_obs-xwalk-bucket_codepoint-xwalk/074_obs-xwalk-cand-001374_xwalk-001374_codepoint-xwalk,hust-obimd-evobc-xwalk-001374,hust-obimd-evobc-xwalk-001374;hust-obc-cat-1533_1534_1535,src-hust-obc,source_marked_risk_noted,needs_cross_source_review,2026-06-28
obs-xwalk-cand-001375,codepoint_crosswalk_candidate,corpus/001_oracle-characters/125_001301-001400_obs-xwalk-bucket_codepoint-xwalk/075_obs-xwalk-cand-001375_xwalk-001375_codepoint-xwalk,hust-obimd-evobc-xwalk-001375,hust-obimd-evobc-xwalk-001375;hust-obc-cat-1536,src-hust-obc,source_marked_risk_noted,needs_cross_source_review,2026-06-28
obs-xwalk-cand-001376,codepoint_crosswalk_candidate,corpus/001_oracle-characters/125_001301-001400_obs-xwalk-bucket_codepoint-xwalk/076_obs-xwalk-cand-001376_xwalk-001376_codepoint-xwalk,hust-obimd-evobc-xwalk-001376,hust-obimd-evobc-xwalk-001376;hust-obc-cat-1537,src-hust-obc,source_marked_risk_noted,needs_cross_source_review,2026-06-28
obs-xwalk-cand-001377,codepoint_crosswalk_candidate,corpus/001_oracle-characters/125_001301-001400_obs-xwalk-bucket_codepoint-xwalk/077_obs-xwalk-cand-001377_xwalk-001377_codepoint-xwalk,hust-obimd-evobc-xwalk-001377,hust-obimd-evobc-xwalk-001377;hust-obc-cat-1538,src-hust-obc,source_marked_risk_noted,needs_cross_source_review,2026-06-28
obs-xwalk-cand-001378,codepoint_crosswalk_candidate,corpus/001_oracle-characters/125_001301-001400_obs-xwalk-bucket_codepoint-xwalk/078_obs-xwalk-cand-001378_xwalk-001378_codepoint-xwalk,hust-obimd-evobc-xwalk-001378,hust-obimd-evobc-xwalk-001378;hust-obc-cat-1539,src-hust-obc,source_marked_risk_noted,needs_cross_source_review,2026-06-28
obs-xwalk-cand-001379,codepoint_crosswalk_candidate,corpus/001_oracle-characters/125_001301-001400_obs-xwalk-bucket_codepoint-xwalk/079_obs-xwalk-cand-001379_xwalk-001379_codepoint-xwalk,hust-obimd-evobc-xwalk-001379,hust-obimd-evobc-xwalk-001379;hust-obc-cat-1540,src-hust-obc,source_marked_risk_noted,needs_cross_source_review,2026-06-28
obs-xwalk-cand-001380,codepoint_crosswalk_candidate,corpus/001_oracle-characters/125_001301-001400_obs-xwalk-bucket_codepoint-xwalk/080_obs-xwalk-cand-001380_xwalk-001380_codepoint-xwalk,hust-obimd-evobc-xwalk-001380,hust-obimd-evobc-xwalk-001380;hust-obc-cat-1541_1542,src-hust-obc,source_marked_risk_noted,needs_cross_source_review,2026-06-28
obs-xwalk-cand-001381,codepoint_crosswalk_candidate,corpus/001_oracle-characters/125_001301-001400_obs-xwalk-bucket_codepoint-xwalk/081_obs-xwalk-cand-001381_xwalk-001381_codepoint-xwalk,hust-obimd-evobc-xwalk-001381,hust-obimd-evobc-xwalk-001381;hust-obc-cat-1543,src-hust-obc,source_marked_risk_noted,needs_cross_source_review,2026-06-28
obs-xwalk-cand-001382,codepoint_crosswalk_candidate,corpus/001_oracle-characters/125_001301-001400_obs-xwalk-bucket_codepoint-xwalk/082_obs-xwalk-cand-001382_xwalk-001382_codepoint-xwalk,hust-obimd-evobc-xwalk-001382,hust-obimd-evobc-xwalk-001382;hust-obc-cat-1544,src-hust-obc,source_marked_risk_noted,needs_cross_source_review,2026-06-28
obs-xwalk-cand-001383,codepoint_crosswalk_candidate,corpus/001_oracle-characters/125_001301-001400_obs-xwalk-bucket_codepoint-xwalk/083_obs-xwalk-cand-001383_xwalk-001383_codepoint-xwalk,hust-obimd-evobc-xwalk-001383,hust-obimd-evobc-xwalk-001383;hust-obc-cat-1545_1546,src-hust-obc,source_marked_risk_noted,needs_cross_source_review,2026-06-28
obs-xwalk-cand-001384,codepoint_crosswalk_candidate,corpus/001_oracle-characters/125_001301-001400_obs-xwalk-bucket_codepoint-xwalk/084_obs-xwalk-cand-001384_xwalk-001384_codepoint-xwalk,hust-obimd-evobc-xwalk-001384,hust-obimd-evobc-xwalk-001384;hust-obc-cat-1547,src-hust-obc,source_marked_risk_noted,needs_cross_source_review,2026-06-28
obs-xwalk-cand-001385,codepoint_crosswalk_candidate,corpus/001_oracle-characters/125_001301-001400_obs-xwalk-bucket_codepoint-xwalk/085_obs-xwalk-cand-001385_xwalk-001385_codepoint-xwalk,hust-obimd-evobc-xwalk-001385,hust-obimd-evobc-xwalk-001385;hust-obc-cat-1548,src-hust-obc,source_marked_risk_noted,needs_cross_source_review,2026-06-28
obs-xwalk-cand-001386,codepoint_crosswalk_candidate,corpus/001_oracle-characters/125_001301-001400_obs-xwalk-bucket_codepoint-xwalk/086_obs-xwalk-cand-001386_xwalk-001386_codepoint-xwalk,hust-obimd-evobc-xwalk-001386,hust-obimd-evobc-xwalk-001386;hust-obc-cat-1549_1550,src-hust-obc,source_marked_risk_noted,needs_cross_source_review,2026-06-28
obs-xwalk-cand-001387,codepoint_crosswalk_candidate,corpus/001_oracle-characters/125_001301-001400_obs-xwalk-bucket_codepoint-xwalk/087_obs-xwalk-cand-001387_xwalk-001387_codepoint-xwalk,hust-obimd-evobc-xwalk-001387,hust-obimd-evobc-xwalk-001387;hust-obc-cat-1551,src-hust-obc,source_marked_risk_noted,needs_cross_source_review,2026-06-28
obs-xwalk-cand-001388,codepoint_crosswalk_candidate,corpus/001_oracle-characters/125_001301-001400_obs-xwalk-bucket_codepoint-xwalk/088_obs-xwalk-cand-001388_xwalk-001388_codepoint-xwalk,hust-obimd-evobc-xwalk-001388,hust-obimd-evobc-xwalk-001388;hust-obc-cat-1552_1553,src-hust-obc,source_marked_risk_noted,needs_cross_source_review,2026-06-28
obs-xwalk-cand-001389,codepoint_crosswalk_candidate,corpus/001_oracle-characters/125_001301-001400_obs-xwalk-bucket_codepoint-xwalk/089_obs-xwalk-cand-001389_xwalk-001389_codepoint-xwalk,hust-obimd-evobc-xwalk-001389,hust-obimd-evobc-xwalk-001389;hust-obc-cat-1554,src-hust-obc,source_marked_risk_noted,needs_cross_source_review,2026-06-28
obs-xwalk-cand-001390,codepoint_crosswalk_candidate,corpus/001_oracle-characters/125_001301-001400_obs-xwalk-bucket_codepoint-xwalk/090_obs-xwalk-cand-001390_xwalk-001390_codepoint-xwalk,hust-obimd-evobc-xwalk-001390,hust-obimd-evobc-xwalk-001390;hust-obc-cat-1555,src-hust-obc,source_marked_risk_noted,needs_cross_source_review,2026-06-28
obs-xwalk-cand-001391,codepoint_crosswalk_candidate,corpus/001_oracle-characters/125_001301-001400_obs-xwalk-bucket_codepoint-xwalk/091_obs-xwalk-cand-001391_xwalk-001391_codepoint-xwalk,hust-obimd-evobc-xwalk-001391,hust-obimd-evobc-xwalk-001391;hust-obc-cat-1556,src-hust-obc,source_marked_risk_noted,needs_cross_source_review,2026-06-28
obs-xwalk-cand-001392,codepoint_crosswalk_candidate,corpus/001_oracle-characters/125_001301-001400_obs-xwalk-bucket_codepoint-xwalk/092_obs-xwalk-cand-001392_xwalk-001392_codepoint-xwalk,hust-obimd-evobc-xwalk-001392,hust-obimd-evobc-xwalk-001392;hust-obc-cat-1557,src-hust-obc,source_marked_risk_noted,needs_cross_source_review,2026-06-28
obs-xwalk-cand-001393,codepoint_crosswalk_candidate,corpus/001_oracle-characters/125_001301-001400_obs-xwalk-bucket_codepoint-xwalk/093_obs-xwalk-cand-001393_xwalk-001393_codepoint-xwalk,hust-obimd-evobc-xwalk-001393,hust-obimd-evobc-xwalk-001393;hust-obc-cat-1558,src-hust-obc,source_marked_risk_noted,needs_cross_source_review,2026-06-28
obs-xwalk-cand-001394,codepoint_crosswalk_candidate,corpus/001_oracle-characters/125_001301-001400_obs-xwalk-bucket_codepoint-xwalk/094_obs-xwalk-cand-001394_xwalk-001394_codepoint-xwalk,hust-obimd-evobc-xwalk-001394,hust-obimd-evobc-xwalk-001394;hust-obc-cat-1559,src-hust-obc,source_marked_risk_noted,needs_cross_source_review,2026-06-28
obs-xwalk-cand-001395,codepoint_crosswalk_candidate,corpus/001_oracle-characters/125_001301-001400_obs-xwalk-bucket_codepoint-xwalk/095_obs-xwalk-cand-001395_xwalk-001395_codepoint-xwalk,hust-obimd-evobc-xwalk-001395,hust-obimd-evobc-xwalk-001395;hust-obc-cat-1560,src-hust-obc,source_marked_risk_noted,needs_cross_source_review,2026-06-28
obs-xwalk-cand-001396,codepoint_crosswalk_candidate,corpus/001_oracle-characters/125_001301-001400_obs-xwalk-bucket_codepoint-xwalk/096_obs-xwalk-cand-001396_xwalk-001396_codepoint-xwalk,hust-obimd-evobc-xwalk-001396,hust-obimd-evobc-xwalk-001396;hust-obc-cat-1561,src-hust-obc,source_marked_risk_noted,needs_cross_source_review,2026-06-28
obs-xwalk-cand-001397,codepoint_crosswalk_candidate,corpus/001_oracle-characters/125_001301-001400_obs-xwalk-bucket_codepoint-xwalk/097_obs-xwalk-cand-001397_xwalk-001397_codepoint-xwalk,hust-obimd-evobc-xwalk-001397,hust-obimd-evobc-xwalk-001397;hust-obc-cat-1562_1563,src-hust-obc,source_marked_risk_noted,needs_cross_source_review,2026-06-28
obs-xwalk-cand-001398,codepoint_crosswalk_candidate,corpus/001_oracle-characters/125_001301-001400_obs-xwalk-bucket_codepoint-xwalk/098_obs-xwalk-cand-001398_xwalk-001398_codepoint-xwalk,hust-obimd-evobc-xwalk-001398,hust-obimd-evobc-xwalk-001398;hust-obc-cat-1564_1565,src-hust-obc,source_marked_risk_noted,needs_cross_source_review,2026-06-28
obs-xwalk-cand-001399,codepoint_crosswalk_candidate,corpus/001_oracle-characters/125_001301-001400_obs-xwalk-bucket_codepoint-xwalk/099_obs-xwalk-cand-001399_xwalk-001399_codepoint-xwalk,hust-obimd-evobc-xwalk-001399,hust-obimd-evobc-xwalk-001399;hust-obc-cat-1566_1567,src-hust-obc,source_marked_risk_noted,needs_cross_source_review,2026-06-28
obs-xwalk-cand-001400,codepoint_crosswalk_candidate,corpus/001_oracle-characters/125_001301-001400_obs-xwalk-bucket_codepoint-xwalk/100_obs-xwalk-cand-001400_xwalk-001400_codepoint-xwalk,hust-obimd-evobc-xwalk-001400,hust-obimd-evobc-xwalk-001400;hust-obc-cat-1568,src-hust-obc,source_marked_risk_noted,needs_cross_source_review,2026-06-28
obs-xwalk-cand-001401,codepoint_crosswalk_candidate,corpus/001_oracle-characters/126_001401-001500_obs-xwalk-bucket_codepoint-xwalk/001_obs-xwalk-cand-001401_xwalk-001401_codepoint-xwalk,hust-obimd-evobc-xwalk-001401,hust-obimd-evobc-xwalk-001401;hust-obc-cat-1569,src-hust-obc,source_marked_risk_noted,needs_cross_source_review,2026-06-28
obs-xwalk-cand-001402,codepoint_crosswalk_candidate,corpus/001_oracle-characters/126_001401-001500_obs-xwalk-bucket_codepoint-xwalk/002_obs-xwalk-cand-001402_xwalk-001402_codepoint-xwalk,hust-obimd-evobc-xwalk-001402,hust-obimd-evobc-xwalk-001402;hust-obc-cat-1570,src-hust-obc,source_marked_risk_noted,needs_cross_source_review,2026-06-28
obs-xwalk-cand-001403,codepoint_crosswalk_candidate,corpus/001_oracle-characters/126_001401-001500_obs-xwalk-bucket_codepoint-xwalk/003_obs-xwalk-cand-001403_xwalk-001403_codepoint-xwalk,hust-obimd-evobc-xwalk-001403,hust-obimd-evobc-xwalk-001403;hust-obc-cat-1571_1572,src-hust-obc,source_marked_risk_noted,needs_cross_source_review,2026-06-28
obs-xwalk-cand-001404,codepoint_crosswalk_candidate,corpus/001_oracle-characters/126_001401-001500_obs-xwalk-bucket_codepoint-xwalk/004_obs-xwalk-cand-001404_xwalk-001404_codepoint-xwalk,hust-obimd-evobc-xwalk-001404,hust-obimd-evobc-xwalk-001404;hust-obc-cat-1573,src-hust-obc,source_marked_risk_noted,needs_cross_source_review,2026-06-28
obs-xwalk-cand-001405,codepoint_crosswalk_candidate,corpus/001_oracle-characters/126_001401-001500_obs-xwalk-bucket_codepoint-xwalk/005_obs-xwalk-cand-001405_xwalk-001405_codepoint-xwalk,hust-obimd-evobc-xwalk-001405,hust-obimd-evobc-xwalk-001405;hust-obc-cat-1574,src-hust-obc,source_marked_risk_noted,needs_cross_source_review,2026-06-28
obs-xwalk-cand-001406,codepoint_crosswalk_candidate,corpus/001_oracle-characters/126_001401-001500_obs-xwalk-bucket_codepoint-xwalk/006_obs-xwalk-cand-001406_xwalk-001406_codepoint-xwalk,hust-obimd-evobc-xwalk-001406,hust-obimd-evobc-xwalk-001406;hust-obc-cat-1575,src-hust-obc,source_marked_risk_noted,needs_cross_source_review,2026-06-28
obs-xwalk-cand-001407,codepoint_crosswalk_candidate,corpus/001_oracle-characters/126_001401-001500_obs-xwalk-bucket_codepoint-xwalk/007_obs-xwalk-cand-001407_xwalk-001407_codepoint-xwalk,hust-obimd-evobc-xwalk-001407,hust-obimd-evobc-xwalk-001407;hust-obc-cat-1576,src-hust-obc,source_marked_risk_noted,needs_cross_source_review,2026-06-28
obs-xwalk-cand-001408,codepoint_crosswalk_candidate,corpus/001_oracle-characters/126_001401-001500_obs-xwalk-bucket_codepoint-xwalk/008_obs-xwalk-cand-001408_xwalk-001408_codepoint-xwalk,hust-obimd-evobc-xwalk-001408,hust-obimd-evobc-xwalk-001408;hust-obc-cat-1577,src-hust-obc,source_marked_risk_noted,needs_cross_source_review,2026-06-28
obs-xwalk-cand-001409,codepoint_crosswalk_candidate,corpus/001_oracle-characters/126_001401-001500_obs-xwalk-bucket_codepoint-xwalk/009_obs-xwalk-cand-001409_xwalk-001409_codepoint-xwalk,hust-obimd-evobc-xwalk-001409,hust-obimd-evobc-xwalk-001409;hust-obc-cat-1578,src-hust-obc,source_marked_risk_noted,needs_cross_source_review,2026-06-28
obs-xwalk-cand-001410,codepoint_crosswalk_candidate,corpus/001_oracle-characters/126_001401-001500_obs-xwalk-bucket_codepoint-xwalk/010_obs-xwalk-cand-001410_xwalk-001410_codepoint-xwalk,hust-obimd-evobc-xwalk-001410,hust-obimd-evobc-xwalk-001410;hust-obc-cat-1579,src-hust-obc,source_marked_risk_noted,needs_cross_source_review,2026-06-28
obs-xwalk-cand-001411,codepoint_crosswalk_candidate,corpus/001_oracle-characters/126_001401-001500_obs-xwalk-bucket_codepoint-xwalk/011_obs-xwalk-cand-001411_xwalk-001411_codepoint-xwalk,hust-obimd-evobc-xwalk-001411,hust-obimd-evobc-xwalk-001411;hust-obc-cat-1580,src-hust-obc,source_marked_risk_noted,needs_cross_source_review,2026-06-28
obs-xwalk-cand-001412,codepoint_crosswalk_candidate,corpus/001_oracle-characters/126_001401-001500_obs-xwalk-bucket_codepoint-xwalk/012_obs-xwalk-cand-001412_xwalk-001412_codepoint-xwalk,hust-obimd-evobc-xwalk-001412,hust-obimd-evobc-xwalk-001412;hust-obc-cat-1581,src-hust-obc,source_marked_risk_noted,needs_cross_source_review,2026-06-28
obs-xwalk-cand-001413,codepoint_crosswalk_candidate,corpus/001_oracle-characters/126_001401-001500_obs-xwalk-bucket_codepoint-xwalk/013_obs-xwalk-cand-001413_xwalk-001413_codepoint-xwalk,hust-obimd-evobc-xwalk-001413,hust-obimd-evobc-xwalk-001413;hust-obc-cat-1582,src-hust-obc,source_marked_risk_noted,needs_cross_source_review,2026-06-28
obs-xwalk-cand-001414,codepoint_crosswalk_candidate,corpus/001_oracle-characters/126_001401-001500_obs-xwalk-bucket_codepoint-xwalk/014_obs-xwalk-cand-001414_xwalk-001414_codepoint-xwalk,hust-obimd-evobc-xwalk-001414,hust-obimd-evobc-xwalk-001414;hust-obc-cat-1583,src-hust-obc,source_marked_risk_noted,needs_cross_source_review,2026-06-28
obs-xwalk-cand-001415,codepoint_crosswalk_candidate,corpus/001_oracle-characters/126_001401-001500_obs-xwalk-bucket_codepoint-xwalk/015_obs-xwalk-cand-001415_xwalk-001415_codepoint-xwalk,hust-obimd-evobc-xwalk-001415,hust-obimd-evobc-xwalk-001415;hust-obc-cat-1584,src-hust-obc,source_marked_risk_noted,needs_cross_source_review,2026-06-28
obs-xwalk-cand-001416,codepoint_crosswalk_candidate,corpus/001_oracle-characters/126_001401-001500_obs-xwalk-bucket_codepoint-xwalk/016_obs-xwalk-cand-001416_xwalk-001416_codepoint-xwalk,hust-obimd-evobc-xwalk-001416,hust-obimd-evobc-xwalk-001416;hust-obc-cat-1585,src-hust-obc,source_marked_risk_noted,needs_cross_source_review,2026-06-28
obs-xwalk-cand-001417,codepoint_crosswalk_candidate,corpus/001_oracle-characters/126_001401-001500_obs-xwalk-bucket_codepoint-xwalk/017_obs-xwalk-cand-001417_xwalk-001417_codepoint-xwalk,hust-obimd-evobc-xwalk-001417,hust-obimd-evobc-xwalk-001417;hust-obc-cat-1586,src-hust-obc,source_marked_risk_noted,needs_cross_source_review,2026-06-28
obs-xwalk-cand-001418,codepoint_crosswalk_candidate,corpus/001_oracle-characters/126_001401-001500_obs-xwalk-bucket_codepoint-xwalk/018_obs-xwalk-cand-001418_xwalk-001418_codepoint-xwalk,hust-obimd-evobc-xwalk-001418,hust-obimd-evobc-xwalk-001418;hust-obc-cat-1587,src-hust-obc,source_marked_risk_noted,needs_cross_source_review,2026-06-28
obs-xwalk-cand-001419,codepoint_crosswalk_candidate,corpus/001_oracle-characters/126_001401-001500_obs-xwalk-bucket_codepoint-xwalk/019_obs-xwalk-cand-001419_xwalk-001419_codepoint-xwalk,hust-obimd-evobc-xwalk-001419,hust-obimd-evobc-xwalk-001419;hust-obc-cat-1588,src-hust-obc,source_marked_risk_noted,needs_cross_source_review,2026-06-28
obs-xwalk-cand-001420,codepoint_crosswalk_candidate,corpus/001_oracle-characters/126_001401-001500_obs-xwalk-bucket_codepoint-xwalk/020_obs-xwalk-cand-001420_xwalk-001420_codepoint-xwalk,hust-obimd-evobc-xwalk-001420,hust-obimd-evobc-xwalk-001420;hust-obc-cat-1589_1590_1591,src-hust-obc,source_marked_risk_noted,needs_cross_source_review,2026-06-28
obs-xwalk-cand-001421,codepoint_crosswalk_candidate,corpus/001_oracle-characters/126_001401-001500_obs-xwalk-bucket_codepoint-xwalk/021_obs-xwalk-cand-001421_xwalk-001421_codepoint-xwalk,hust-obimd-evobc-xwalk-001421,hust-obimd-evobc-xwalk-001421;hust-obc-cat-1592,src-hust-obc,source_marked_risk_noted,needs_cross_source_review,2026-06-28
obs-xwalk-cand-001422,codepoint_crosswalk_candidate,corpus/001_oracle-characters/126_001401-001500_obs-xwalk-bucket_codepoint-xwalk/022_obs-xwalk-cand-001422_xwalk-001422_codepoint-xwalk,hust-obimd-evobc-xwalk-001422,hust-obimd-evobc-xwalk-001422;hust-obc-cat-1593,src-hust-obc,source_marked_risk_noted,needs_cross_source_review,2026-06-28
obs-xwalk-cand-001423,codepoint_crosswalk_candidate,corpus/001_oracle-characters/126_001401-001500_obs-xwalk-bucket_codepoint-xwalk/023_obs-xwalk-cand-001423_xwalk-001423_codepoint-xwalk,hust-obimd-evobc-xwalk-001423,hust-obimd-evobc-xwalk-001423;hust-obc-cat-1594_1595,src-hust-obc,source_marked_risk_noted,needs_cross_source_review,2026-06-28
obs-xwalk-cand-001424,codepoint_crosswalk_candidate,corpus/001_oracle-characters/126_001401-001500_obs-xwalk-bucket_codepoint-xwalk/024_obs-xwalk-cand-001424_xwalk-001424_codepoint-xwalk,hust-obimd-evobc-xwalk-001424,hust-obimd-evobc-xwalk-001424;hust-obc-cat-1596,src-hust-obc,source_marked_risk_noted,needs_cross_source_review,2026-06-28
obs-xwalk-cand-001425,codepoint_crosswalk_candidate,corpus/001_oracle-characters/126_001401-001500_obs-xwalk-bucket_codepoint-xwalk/025_obs-xwalk-cand-001425_xwalk-001425_codepoint-xwalk,hust-obimd-evobc-xwalk-001425,hust-obimd-evobc-xwalk-001425;hust-obc-cat-1597,src-hust-obc,source_marked_risk_noted,needs_cross_source_review,2026-06-28
obs-xwalk-cand-001426,codepoint_crosswalk_candidate,corpus/001_oracle-characters/126_001401-001500_obs-xwalk-bucket_codepoint-xwalk/026_obs-xwalk-cand-001426_xwalk-001426_codepoint-xwalk,hust-obimd-evobc-xwalk-001426,hust-obimd-evobc-xwalk-001426;hust-obc-cat-1598,src-hust-obc,source_marked_risk_noted,needs_cross_source_review,2026-06-28
obs-xwalk-cand-001427,codepoint_crosswalk_candidate,corpus/001_oracle-characters/126_001401-001500_obs-xwalk-bucket_codepoint-xwalk/027_obs-xwalk-cand-001427_xwalk-001427_codepoint-xwalk,hust-obimd-evobc-xwalk-001427,hust-obimd-evobc-xwalk-001427;hust-obc-cat-1599,src-hust-obc,source_marked_risk_noted,needs_cross_source_review,2026-06-28
obs-xwalk-cand-001428,codepoint_crosswalk_candidate,corpus/001_oracle-characters/126_001401-001500_obs-xwalk-bucket_codepoint-xwalk/028_obs-xwalk-cand-001428_xwalk-001428_codepoint-xwalk,hust-obimd-evobc-xwalk-001428,hust-obimd-evobc-xwalk-001428;hust-obc-cat-1600,src-hust-obc,source_marked_risk_noted,needs_cross_source_review,2026-06-28
obs-xwalk-cand-001429,codepoint_crosswalk_candidate,corpus/001_oracle-characters/126_001401-001500_obs-xwalk-bucket_codepoint-xwalk/029_obs-xwalk-cand-001429_xwalk-001429_codepoint-xwalk,hust-obimd-evobc-xwalk-001429,hust-obimd-evobc-xwalk-001429;hust-obc-cat-1601,src-hust-obc,source_marked_risk_noted,needs_cross_source_review,2026-06-28
obs-xwalk-cand-001430,codepoint_crosswalk_candidate,corpus/001_oracle-characters/126_001401-001500_obs-xwalk-bucket_codepoint-xwalk/030_obs-xwalk-cand-001430_xwalk-001430_codepoint-xwalk,hust-obimd-evobc-xwalk-001430,hust-obimd-evobc-xwalk-001430;hust-obc-cat-1602,src-hust-obc,source_marked_risk_noted,needs_cross_source_review,2026-06-28
obs-xwalk-cand-001431,codepoint_crosswalk_candidate,corpus/001_oracle-characters/126_001401-001500_obs-xwalk-bucket_codepoint-xwalk/031_obs-xwalk-cand-001431_xwalk-001431_codepoint-xwalk,hust-obimd-evobc-xwalk-001431,hust-obimd-evobc-xwalk-001431;hust-obc-cat-1603,src-hust-obc,source_marked_risk_noted,needs_cross_source_review,2026-06-28
obs-xwalk-cand-001432,codepoint_crosswalk_candidate,corpus/001_oracle-characters/126_001401-001500_obs-xwalk-bucket_codepoint-xwalk/032_obs-xwalk-cand-001432_xwalk-001432_codepoint-xwalk,hust-obimd-evobc-xwalk-001432,hust-obimd-evobc-xwalk-001432;hust-obc-cat-1604,src-hust-obc,source_marked_risk_noted,needs_cross_source_review,2026-06-28
obs-xwalk-cand-001433,codepoint_crosswalk_candidate,corpus/001_oracle-characters/126_001401-001500_obs-xwalk-bucket_codepoint-xwalk/033_obs-xwalk-cand-001433_xwalk-001433_codepoint-xwalk,hust-obimd-evobc-xwalk-001433,hust-obimd-evobc-xwalk-001433;hust-obc-cat-1605_1606,src-hust-obc,source_marked_risk_noted,needs_cross_source_review,2026-06-28
obs-xwalk-cand-001434,codepoint_crosswalk_candidate,corpus/001_oracle-characters/126_001401-001500_obs-xwalk-bucket_codepoint-xwalk/034_obs-xwalk-cand-001434_xwalk-001434_codepoint-xwalk,hust-obimd-evobc-xwalk-001434,hust-obimd-evobc-xwalk-001434;hust-obc-cat-1607,src-hust-obc,source_marked_risk_noted,needs_cross_source_review,2026-06-28
obs-xwalk-cand-001435,codepoint_crosswalk_candidate,corpus/001_oracle-characters/126_001401-001500_obs-xwalk-bucket_codepoint-xwalk/035_obs-xwalk-cand-001435_xwalk-001435_codepoint-xwalk,hust-obimd-evobc-xwalk-001435,hust-obimd-evobc-xwalk-001435;hust-obc-cat-1608,src-hust-obc,source_marked_risk_noted,needs_cross_source_review,2026-06-28
obs-xwalk-cand-001436,codepoint_crosswalk_candidate,corpus/001_oracle-characters/126_001401-001500_obs-xwalk-bucket_codepoint-xwalk/036_obs-xwalk-cand-001436_xwalk-001436_codepoint-xwalk,hust-obimd-evobc-xwalk-001436,hust-obimd-evobc-xwalk-001436;hust-obc-cat-1609,src-hust-obc,source_marked_risk_noted,needs_cross_source_review,2026-06-28
obs-xwalk-cand-001437,codepoint_crosswalk_candidate,corpus/001_oracle-characters/126_001401-001500_obs-xwalk-bucket_codepoint-xwalk/037_obs-xwalk-cand-001437_xwalk-001437_codepoint-xwalk,hust-obimd-evobc-xwalk-001437,hust-obimd-evobc-xwalk-001437;hust-obc-cat-1610,src-hust-obc,source_marked_risk_noted,needs_cross_source_review,2026-06-28
obs-xwalk-cand-001438,codepoint_crosswalk_candidate,corpus/001_oracle-characters/126_001401-001500_obs-xwalk-bucket_codepoint-xwalk/038_obs-xwalk-cand-001438_xwalk-001438_codepoint-xwalk,hust-obimd-evobc-xwalk-001438,hust-obimd-evobc-xwalk-001438;hust-obc-cat-1611,src-hust-obc,source_marked_risk_noted,needs_cross_source_review,2026-06-28
obs-xwalk-cand-001439,codepoint_crosswalk_candidate,corpus/001_oracle-characters/126_001401-001500_obs-xwalk-bucket_codepoint-xwalk/039_obs-xwalk-cand-001439_xwalk-001439_codepoint-xwalk,hust-obimd-evobc-xwalk-001439,hust-obimd-evobc-xwalk-001439;hust-obc-cat-1612,src-hust-obc,source_marked_risk_noted,needs_cross_source_review,2026-06-28
obs-xwalk-cand-001440,codepoint_crosswalk_candidate,corpus/001_oracle-characters/126_001401-001500_obs-xwalk-bucket_codepoint-xwalk/040_obs-xwalk-cand-001440_xwalk-001440_codepoint-xwalk,hust-obimd-evobc-xwalk-001440,hust-obimd-evobc-xwalk-001440;hust-obc-cat-1613,src-hust-obc,source_marked_risk_noted,needs_cross_source_review,2026-06-28
obs-xwalk-cand-001441,codepoint_crosswalk_candidate,corpus/001_oracle-characters/126_001401-001500_obs-xwalk-bucket_codepoint-xwalk/041_obs-xwalk-cand-001441_xwalk-001441_codepoint-xwalk,hust-obimd-evobc-xwalk-001441,hust-obimd-evobc-xwalk-001441;hust-obc-cat-1614_1615,src-hust-obc,source_marked_risk_noted,needs_cross_source_review,2026-06-28
obs-xwalk-cand-001442,codepoint_crosswalk_candidate,corpus/001_oracle-characters/126_001401-001500_obs-xwalk-bucket_codepoint-xwalk/042_obs-xwalk-cand-001442_xwalk-001442_codepoint-xwalk,hust-obimd-evobc-xwalk-001442,hust-obimd-evobc-xwalk-001442;hust-obc-cat-1616,src-hust-obc,source_marked_risk_noted,needs_cross_source_review,2026-06-28
obs-xwalk-cand-001443,codepoint_crosswalk_candidate,corpus/001_oracle-characters/126_001401-001500_obs-xwalk-bucket_codepoint-xwalk/043_obs-xwalk-cand-001443_xwalk-001443_codepoint-xwalk,hust-obimd-evobc-xwalk-001443,hust-obimd-evobc-xwalk-001443;hust-obc-cat-1617,src-hust-obc,source_marked_risk_noted,needs_cross_source_review,2026-06-28
obs-xwalk-cand-001444,codepoint_crosswalk_candidate,corpus/001_oracle-characters/126_001401-001500_obs-xwalk-bucket_codepoint-xwalk/044_obs-xwalk-cand-001444_xwalk-001444_codepoint-xwalk,hust-obimd-evobc-xwalk-001444,hust-obimd-evobc-xwalk-001444;hust-obc-cat-1618_1619,src-hust-obc,source_marked_risk_noted,needs_cross_source_review,2026-06-28
obs-xwalk-cand-001445,codepoint_crosswalk_candidate,corpus/001_oracle-characters/126_001401-001500_obs-xwalk-bucket_codepoint-xwalk/045_obs-xwalk-cand-001445_xwalk-001445_codepoint-xwalk,hust-obimd-evobc-xwalk-001445,hust-obimd-evobc-xwalk-001445;hust-obc-cat-1620,src-hust-obc,source_marked_risk_noted,needs_cross_source_review,2026-06-28
obs-xwalk-cand-001446,codepoint_crosswalk_candidate,corpus/001_oracle-characters/126_001401-001500_obs-xwalk-bucket_codepoint-xwalk/046_obs-xwalk-cand-001446_xwalk-001446_codepoint-xwalk,hust-obimd-evobc-xwalk-001446,hust-obimd-evobc-xwalk-001446;hust-obc-cat-1621,src-hust-obc,source_marked_risk_noted,needs_cross_source_review,2026-06-28
obs-xwalk-cand-001447,codepoint_crosswalk_candidate,corpus/001_oracle-characters/126_001401-001500_obs-xwalk-bucket_codepoint-xwalk/047_obs-xwalk-cand-001447_xwalk-001447_codepoint-xwalk,hust-obimd-evobc-xwalk-001447,hust-obimd-evobc-xwalk-001447;hust-obc-cat-1622,src-hust-obc,source_marked_risk_noted,needs_cross_source_review,2026-06-28
obs-xwalk-cand-001448,codepoint_crosswalk_candidate,corpus/001_oracle-characters/126_001401-001500_obs-xwalk-bucket_codepoint-xwalk/048_obs-xwalk-cand-001448_xwalk-001448_codepoint-xwalk,hust-obimd-evobc-xwalk-001448,hust-obimd-evobc-xwalk-001448;hust-obc-cat-1623_1624,src-hust-obc,source_marked_risk_noted,needs_cross_source_review,2026-06-28
obs-xwalk-cand-001449,codepoint_crosswalk_candidate,corpus/001_oracle-characters/126_001401-001500_obs-xwalk-bucket_codepoint-xwalk/049_obs-xwalk-cand-001449_xwalk-001449_codepoint-xwalk,hust-obimd-evobc-xwalk-001449,hust-obimd-evobc-xwalk-001449;hust-obc-cat-1625,src-hust-obc,source_marked_risk_noted,needs_cross_source_review,2026-06-28
obs-xwalk-cand-001450,codepoint_crosswalk_candidate,corpus/001_oracle-characters/126_001401-001500_obs-xwalk-bucket_codepoint-xwalk/050_obs-xwalk-cand-001450_xwalk-001450_codepoint-xwalk,hust-obimd-evobc-xwalk-001450,hust-obimd-evobc-xwalk-001450;hust-obc-cat-1626,src-hust-obc,source_marked_risk_noted,needs_cross_source_review,2026-06-28
obs-xwalk-cand-001451,codepoint_crosswalk_candidate,corpus/001_oracle-characters/126_001401-001500_obs-xwalk-bucket_codepoint-xwalk/051_obs-xwalk-cand-001451_xwalk-001451_codepoint-xwalk,hust-obimd-evobc-xwalk-001451,hust-obimd-evobc-xwalk-001451;hust-obc-cat-1627,src-hust-obc,source_marked_risk_noted,needs_cross_source_review,2026-06-28
obs-xwalk-cand-001452,codepoint_crosswalk_candidate,corpus/001_oracle-characters/126_001401-001500_obs-xwalk-bucket_codepoint-xwalk/052_obs-xwalk-cand-001452_xwalk-001452_codepoint-xwalk,hust-obimd-evobc-xwalk-001452,hust-obimd-evobc-xwalk-001452;hust-obc-cat-1628,src-hust-obc,source_marked_risk_noted,needs_cross_source_review,2026-06-28
obs-xwalk-cand-001453,codepoint_crosswalk_candidate,corpus/001_oracle-characters/126_001401-001500_obs-xwalk-bucket_codepoint-xwalk/053_obs-xwalk-cand-001453_xwalk-001453_codepoint-xwalk,hust-obimd-evobc-xwalk-001453,hust-obimd-evobc-xwalk-001453;hust-obc-cat-1629,src-hust-obc,source_marked_risk_noted,needs_cross_source_review,2026-06-28
obs-xwalk-cand-001454,codepoint_crosswalk_candidate,corpus/001_oracle-characters/126_001401-001500_obs-xwalk-bucket_codepoint-xwalk/054_obs-xwalk-cand-001454_xwalk-001454_codepoint-xwalk,hust-obimd-evobc-xwalk-001454,hust-obimd-evobc-xwalk-001454;hust-obc-cat-1630,src-hust-obc,source_marked_risk_noted,needs_cross_source_review,2026-06-28
obs-xwalk-cand-001455,codepoint_crosswalk_candidate,corpus/001_oracle-characters/126_001401-001500_obs-xwalk-bucket_codepoint-xwalk/055_obs-xwalk-cand-001455_xwalk-001455_codepoint-xwalk,hust-obimd-evobc-xwalk-001455,hust-obimd-evobc-xwalk-001455;hust-obc-cat-1631,src-hust-obc,source_marked_risk_noted,needs_cross_source_review,2026-06-28
obs-xwalk-cand-001456,codepoint_crosswalk_candidate,corpus/001_oracle-characters/126_001401-001500_obs-xwalk-bucket_codepoint-xwalk/056_obs-xwalk-cand-001456_xwalk-001456_codepoint-xwalk,hust-obimd-evobc-xwalk-001456,hust-obimd-evobc-xwalk-001456;hust-obc-cat-1632,src-hust-obc,source_marked_risk_noted,needs_cross_source_review,2026-06-28
obs-xwalk-cand-001457,codepoint_crosswalk_candidate,corpus/001_oracle-characters/126_001401-001500_obs-xwalk-bucket_codepoint-xwalk/057_obs-xwalk-cand-001457_xwalk-001457_codepoint-xwalk,hust-obimd-evobc-xwalk-001457,hust-obimd-evobc-xwalk-001457;hust-obc-cat-1633,src-hust-obc,source_marked_risk_noted,needs_cross_source_review,2026-06-28
obs-xwalk-cand-001458,codepoint_crosswalk_candidate,corpus/001_oracle-characters/126_001401-001500_obs-xwalk-bucket_codepoint-xwalk/058_obs-xwalk-cand-001458_xwalk-001458_codepoint-xwalk,hust-obimd-evobc-xwalk-001458,hust-obimd-evobc-xwalk-001458;hust-obc-cat-1634,src-hust-obc,source_marked_risk_noted,needs_cross_source_review,2026-06-28
obs-xwalk-cand-001459,codepoint_crosswalk_candidate,corpus/001_oracle-characters/126_001401-001500_obs-xwalk-bucket_codepoint-xwalk/059_obs-xwalk-cand-001459_xwalk-001459_codepoint-xwalk,hust-obimd-evobc-xwalk-001459,hust-obimd-evobc-xwalk-001459;hust-obc-cat-1635_1636,src-hust-obc,source_marked_risk_noted,needs_cross_source_review,2026-06-28
obs-xwalk-cand-001460,codepoint_crosswalk_candidate,corpus/001_oracle-characters/126_001401-001500_obs-xwalk-bucket_codepoint-xwalk/060_obs-xwalk-cand-001460_xwalk-001460_codepoint-xwalk,hust-obimd-evobc-xwalk-001460,hust-obimd-evobc-xwalk-001460;hust-obc-cat-1637,src-hust-obc,source_marked_risk_noted,needs_cross_source_review,2026-06-28
obs-xwalk-cand-001461,codepoint_crosswalk_candidate,corpus/001_oracle-characters/126_001401-001500_obs-xwalk-bucket_codepoint-xwalk/061_obs-xwalk-cand-001461_xwalk-001461_codepoint-xwalk,hust-obimd-evobc-xwalk-001461,hust-obimd-evobc-xwalk-001461;hust-obc-cat-1638;evobc-cat-00144,src-hust-obc;src-evobc,source_marked_risk_noted,needs_cross_source_review,2026-06-28
obs-xwalk-cand-001462,codepoint_crosswalk_candidate,corpus/001_oracle-characters/126_001401-001500_obs-xwalk-bucket_codepoint-xwalk/062_obs-xwalk-cand-001462_xwalk-001462_codepoint-xwalk,hust-obimd-evobc-xwalk-001462,hust-obimd-evobc-xwalk-001462;hust-obc-cat-1639_1640_1641,src-hust-obc,source_marked_risk_noted,needs_cross_source_review,2026-06-28
obs-xwalk-cand-001463,codepoint_crosswalk_candidate,corpus/001_oracle-characters/126_001401-001500_obs-xwalk-bucket_codepoint-xwalk/063_obs-xwalk-cand-001463_xwalk-001463_codepoint-xwalk,hust-obimd-evobc-xwalk-001463,hust-obimd-evobc-xwalk-001463;hust-obc-cat-1642_1643,src-hust-obc,source_marked_risk_noted,needs_cross_source_review,2026-06-28
obs-xwalk-cand-001464,codepoint_crosswalk_candidate,corpus/001_oracle-characters/126_001401-001500_obs-xwalk-bucket_codepoint-xwalk/064_obs-xwalk-cand-001464_xwalk-001464_codepoint-xwalk,hust-obimd-evobc-xwalk-001464,hust-obimd-evobc-xwalk-001464;hust-obc-cat-1644,src-hust-obc,source_marked_risk_noted,needs_cross_source_review,2026-06-28
obs-xwalk-cand-001465,codepoint_crosswalk_candidate,corpus/001_oracle-characters/126_001401-001500_obs-xwalk-bucket_codepoint-xwalk/065_obs-xwalk-cand-001465_xwalk-001465_codepoint-xwalk,hust-obimd-evobc-xwalk-001465,hust-obimd-evobc-xwalk-001465;hust-obc-cat-1645,src-hust-obc,source_marked_risk_noted,needs_cross_source_review,2026-06-28
obs-xwalk-cand-001466,codepoint_crosswalk_candidate,corpus/001_oracle-characters/126_001401-001500_obs-xwalk-bucket_codepoint-xwalk/066_obs-xwalk-cand-001466_xwalk-001466_codepoint-xwalk,hust-obimd-evobc-xwalk-001466,hust-obimd-evobc-xwalk-001466;hust-obc-cat-1646,src-hust-obc,source_marked_risk_noted,needs_cross_source_review,2026-06-28
obs-xwalk-cand-001467,codepoint_crosswalk_candidate,corpus/001_oracle-characters/126_001401-001500_obs-xwalk-bucket_codepoint-xwalk/067_obs-xwalk-cand-001467_xwalk-001467_codepoint-xwalk,hust-obimd-evobc-xwalk-001467,hust-obimd-evobc-xwalk-001467;hust-obc-cat-1647,src-hust-obc,source_marked_risk_noted,needs_cross_source_review,2026-06-28
obs-xwalk-cand-001468,codepoint_crosswalk_candidate,corpus/001_oracle-characters/126_001401-001500_obs-xwalk-bucket_codepoint-xwalk/068_obs-xwalk-cand-001468_xwalk-001468_codepoint-xwalk,hust-obimd-evobc-xwalk-001468,hust-obimd-evobc-xwalk-001468;hust-obc-cat-1648,src-hust-obc,source_marked_risk_noted,needs_cross_source_review,2026-06-28
obs-xwalk-cand-001469,codepoint_crosswalk_candidate,corpus/001_oracle-characters/126_001401-001500_obs-xwalk-bucket_codepoint-xwalk/069_obs-xwalk-cand-001469_xwalk-001469_codepoint-xwalk,hust-obimd-evobc-xwalk-001469,hust-obimd-evobc-xwalk-001469;hust-obc-cat-1649,src-hust-obc,source_marked_risk_noted,needs_cross_source_review,2026-06-28
obs-xwalk-cand-001470,codepoint_crosswalk_candidate,corpus/001_oracle-characters/126_001401-001500_obs-xwalk-bucket_codepoint-xwalk/070_obs-xwalk-cand-001470_xwalk-001470_codepoint-xwalk,hust-obimd-evobc-xwalk-001470,hust-obimd-evobc-xwalk-001470;hust-obc-cat-1650,src-hust-obc,source_marked_risk_noted,needs_cross_source_review,2026-06-28
obs-xwalk-cand-001471,codepoint_crosswalk_candidate,corpus/001_oracle-characters/126_001401-001500_obs-xwalk-bucket_codepoint-xwalk/071_obs-xwalk-cand-001471_xwalk-001471_codepoint-xwalk,hust-obimd-evobc-xwalk-001471,hust-obimd-evobc-xwalk-001471;hust-obc-cat-1651,src-hust-obc,source_marked_risk_noted,needs_cross_source_review,2026-06-28
obs-xwalk-cand-001472,codepoint_crosswalk_candidate,corpus/001_oracle-characters/126_001401-001500_obs-xwalk-bucket_codepoint-xwalk/072_obs-xwalk-cand-001472_xwalk-001472_codepoint-xwalk,hust-obimd-evobc-xwalk-001472,hust-obimd-evobc-xwalk-001472;hust-obc-cat-1652_1653,src-hust-obc,source_marked_risk_noted,needs_cross_source_review,2026-06-28
obs-xwalk-cand-001473,codepoint_crosswalk_candidate,corpus/001_oracle-characters/126_001401-001500_obs-xwalk-bucket_codepoint-xwalk/073_obs-xwalk-cand-001473_xwalk-001473_codepoint-xwalk,hust-obimd-evobc-xwalk-001473,hust-obimd-evobc-xwalk-001473;hust-obc-cat-1654,src-hust-obc,source_marked_risk_noted,needs_cross_source_review,2026-06-28
obs-xwalk-cand-001474,codepoint_crosswalk_candidate,corpus/001_oracle-characters/126_001401-001500_obs-xwalk-bucket_codepoint-xwalk/074_obs-xwalk-cand-001474_xwalk-001474_codepoint-xwalk,hust-obimd-evobc-xwalk-001474,hust-obimd-evobc-xwalk-001474;hust-obc-cat-1655,src-hust-obc,source_marked_risk_noted,needs_cross_source_review,2026-06-28
obs-xwalk-cand-001475,codepoint_crosswalk_candidate,corpus/001_oracle-characters/126_001401-001500_obs-xwalk-bucket_codepoint-xwalk/075_obs-xwalk-cand-001475_xwalk-001475_codepoint-xwalk,hust-obimd-evobc-xwalk-001475,hust-obimd-evobc-xwalk-001475;hust-obc-cat-1656,src-hust-obc,source_marked_risk_noted,needs_cross_source_review,2026-06-28
obs-xwalk-cand-001476,codepoint_crosswalk_candidate,corpus/001_oracle-characters/126_001401-001500_obs-xwalk-bucket_codepoint-xwalk/076_obs-xwalk-cand-001476_xwalk-001476_codepoint-xwalk,hust-obimd-evobc-xwalk-001476,hust-obimd-evobc-xwalk-001476;hust-obc-cat-1657,src-hust-obc,source_marked_risk_noted,needs_cross_source_review,2026-06-28
obs-xwalk-cand-001477,codepoint_crosswalk_candidate,corpus/001_oracle-characters/126_001401-001500_obs-xwalk-bucket_codepoint-xwalk/077_obs-xwalk-cand-001477_xwalk-001477_codepoint-xwalk,hust-obimd-evobc-xwalk-001477,hust-obimd-evobc-xwalk-001477;hust-obc-cat-1658_1659,src-hust-obc,source_marked_risk_noted,needs_cross_source_review,2026-06-28
obs-xwalk-cand-001478,codepoint_crosswalk_candidate,corpus/001_oracle-characters/126_001401-001500_obs-xwalk-bucket_codepoint-xwalk/078_obs-xwalk-cand-001478_xwalk-001478_codepoint-xwalk,hust-obimd-evobc-xwalk-001478,hust-obimd-evobc-xwalk-001478;hust-obc-cat-1660,src-hust-obc,source_marked_risk_noted,needs_cross_source_review,2026-06-28
obs-xwalk-cand-001479,codepoint_crosswalk_candidate,corpus/001_oracle-characters/126_001401-001500_obs-xwalk-bucket_codepoint-xwalk/079_obs-xwalk-cand-001479_xwalk-001479_codepoint-xwalk,hust-obimd-evobc-xwalk-001479,hust-obimd-evobc-xwalk-001479;hust-obc-cat-1661,src-hust-obc,source_marked_risk_noted,needs_cross_source_review,2026-06-28
obs-xwalk-cand-001480,codepoint_crosswalk_candidate,corpus/001_oracle-characters/126_001401-001500_obs-xwalk-bucket_codepoint-xwalk/080_obs-xwalk-cand-001480_xwalk-001480_codepoint-xwalk,hust-obimd-evobc-xwalk-001480,hust-obimd-evobc-xwalk-001480;hust-obc-cat-1662,src-hust-obc,source_marked_risk_noted,needs_cross_source_review,2026-06-28
obs-xwalk-cand-001481,codepoint_crosswalk_candidate,corpus/001_oracle-characters/126_001401-001500_obs-xwalk-bucket_codepoint-xwalk/081_obs-xwalk-cand-001481_xwalk-001481_codepoint-xwalk,hust-obimd-evobc-xwalk-001481,hust-obimd-evobc-xwalk-001481;hust-obc-cat-1663,src-hust-obc,source_marked_risk_noted,needs_cross_source_review,2026-06-28
obs-xwalk-cand-001482,codepoint_crosswalk_candidate,corpus/001_oracle-characters/126_001401-001500_obs-xwalk-bucket_codepoint-xwalk/082_obs-xwalk-cand-001482_xwalk-001482_codepoint-xwalk,hust-obimd-evobc-xwalk-001482,hust-obimd-evobc-xwalk-001482;hust-obc-cat-1664,src-hust-obc,source_marked_risk_noted,needs_cross_source_review,2026-06-28
obs-xwalk-cand-001483,codepoint_crosswalk_candidate,corpus/001_oracle-characters/126_001401-001500_obs-xwalk-bucket_codepoint-xwalk/083_obs-xwalk-cand-001483_xwalk-001483_codepoint-xwalk,hust-obimd-evobc-xwalk-001483,hust-obimd-evobc-xwalk-001483;hust-obc-cat-1665,src-hust-obc,source_marked_risk_noted,needs_cross_source_review,2026-06-28
obs-xwalk-cand-001484,codepoint_crosswalk_candidate,corpus/001_oracle-characters/126_001401-001500_obs-xwalk-bucket_codepoint-xwalk/084_obs-xwalk-cand-001484_xwalk-001484_codepoint-xwalk,hust-obimd-evobc-xwalk-001484,hust-obimd-evobc-xwalk-001484;hust-obc-cat-1666,src-hust-obc,source_marked_risk_noted,needs_cross_source_review,2026-06-28
obs-xwalk-cand-001485,codepoint_crosswalk_candidate,corpus/001_oracle-characters/126_001401-001500_obs-xwalk-bucket_codepoint-xwalk/085_obs-xwalk-cand-001485_xwalk-001485_codepoint-xwalk,hust-obimd-evobc-xwalk-001485,hust-obimd-evobc-xwalk-001485;hust-obc-cat-1667,src-hust-obc,source_marked_risk_noted,needs_cross_source_review,2026-06-28
obs-xwalk-cand-001486,codepoint_crosswalk_candidate,corpus/001_oracle-characters/126_001401-001500_obs-xwalk-bucket_codepoint-xwalk/086_obs-xwalk-cand-001486_xwalk-001486_codepoint-xwalk,hust-obimd-evobc-xwalk-001486,hust-obimd-evobc-xwalk-001486;hust-obc-cat-1668;evobc-cat-00145,src-hust-obc;src-evobc,source_marked_risk_noted,needs_cross_source_review,2026-06-28
obs-xwalk-cand-001487,codepoint_crosswalk_candidate,corpus/001_oracle-characters/126_001401-001500_obs-xwalk-bucket_codepoint-xwalk/087_obs-xwalk-cand-001487_xwalk-001487_codepoint-xwalk,hust-obimd-evobc-xwalk-001487,hust-obimd-evobc-xwalk-001487;hust-obc-cat-1669,src-hust-obc,source_marked_risk_noted,needs_cross_source_review,2026-06-28
obs-xwalk-cand-001488,codepoint_crosswalk_candidate,corpus/001_oracle-characters/126_001401-001500_obs-xwalk-bucket_codepoint-xwalk/088_obs-xwalk-cand-001488_xwalk-001488_codepoint-xwalk,hust-obimd-evobc-xwalk-001488,hust-obimd-evobc-xwalk-001488;hust-obc-cat-1670,src-hust-obc,source_marked_risk_noted,needs_cross_source_review,2026-06-28
obs-xwalk-cand-001489,codepoint_crosswalk_candidate,corpus/001_oracle-characters/126_001401-001500_obs-xwalk-bucket_codepoint-xwalk/089_obs-xwalk-cand-001489_xwalk-001489_codepoint-xwalk,hust-obimd-evobc-xwalk-001489,hust-obimd-evobc-xwalk-001489;hust-obc-cat-1671,src-hust-obc,source_marked_risk_noted,needs_cross_source_review,2026-06-28
obs-xwalk-cand-001490,codepoint_crosswalk_candidate,corpus/001_oracle-characters/126_001401-001500_obs-xwalk-bucket_codepoint-xwalk/090_obs-xwalk-cand-001490_xwalk-001490_codepoint-xwalk,hust-obimd-evobc-xwalk-001490,hust-obimd-evobc-xwalk-001490;hust-obc-cat-1672,src-hust-obc,source_marked_risk_noted,needs_cross_source_review,2026-06-28
obs-xwalk-cand-001491,codepoint_crosswalk_candidate,corpus/001_oracle-characters/126_001401-001500_obs-xwalk-bucket_codepoint-xwalk/091_obs-xwalk-cand-001491_xwalk-001491_codepoint-xwalk,hust-obimd-evobc-xwalk-001491,hust-obimd-evobc-xwalk-001491;hust-obc-cat-1673,src-hust-obc,source_marked_risk_noted,needs_cross_source_review,2026-06-28
obs-xwalk-cand-001492,codepoint_crosswalk_candidate,corpus/001_oracle-characters/126_001401-001500_obs-xwalk-bucket_codepoint-xwalk/092_obs-xwalk-cand-001492_xwalk-001492_codepoint-xwalk,hust-obimd-evobc-xwalk-001492,hust-obimd-evobc-xwalk-001492;hust-obc-cat-1674,src-hust-obc,source_marked_risk_noted,needs_cross_source_review,2026-06-28
obs-xwalk-cand-001493,codepoint_crosswalk_candidate,corpus/001_oracle-characters/126_001401-001500_obs-xwalk-bucket_codepoint-xwalk/093_obs-xwalk-cand-001493_xwalk-001493_codepoint-xwalk,hust-obimd-evobc-xwalk-001493,hust-obimd-evobc-xwalk-001493;hust-obc-cat-1675,src-hust-obc,source_marked_risk_noted,needs_cross_source_review,2026-06-28
obs-xwalk-cand-001494,codepoint_crosswalk_candidate,corpus/001_oracle-characters/126_001401-001500_obs-xwalk-bucket_codepoint-xwalk/094_obs-xwalk-cand-001494_xwalk-001494_codepoint-xwalk,hust-obimd-evobc-xwalk-001494,hust-obimd-evobc-xwalk-001494;hust-obc-cat-1676,src-hust-obc,source_marked_risk_noted,needs_cross_source_review,2026-06-28
obs-xwalk-cand-001495,codepoint_crosswalk_candidate,corpus/001_oracle-characters/126_001401-001500_obs-xwalk-bucket_codepoint-xwalk/095_obs-xwalk-cand-001495_xwalk-001495_codepoint-xwalk,hust-obimd-evobc-xwalk-001495,hust-obimd-evobc-xwalk-001495;hust-obc-cat-1677,src-hust-obc,source_marked_risk_noted,needs_cross_source_review,2026-06-28
obs-xwalk-cand-001496,codepoint_crosswalk_candidate,corpus/001_oracle-characters/126_001401-001500_obs-xwalk-bucket_codepoint-xwalk/096_obs-xwalk-cand-001496_xwalk-001496_codepoint-xwalk,hust-obimd-evobc-xwalk-001496,hust-obimd-evobc-xwalk-001496;hust-obc-cat-1678,src-hust-obc,source_marked_risk_noted,needs_cross_source_review,2026-06-28
obs-xwalk-cand-001497,codepoint_crosswalk_candidate,corpus/001_oracle-characters/126_001401-001500_obs-xwalk-bucket_codepoint-xwalk/097_obs-xwalk-cand-001497_xwalk-001497_codepoint-xwalk,hust-obimd-evobc-xwalk-001497,hust-obimd-evobc-xwalk-001497;hust-obc-cat-1679,src-hust-obc,source_marked_risk_noted,needs_cross_source_review,2026-06-28
obs-xwalk-cand-001498,codepoint_crosswalk_candidate,corpus/001_oracle-characters/126_001401-001500_obs-xwalk-bucket_codepoint-xwalk/098_obs-xwalk-cand-001498_xwalk-001498_codepoint-xwalk,hust-obimd-evobc-xwalk-001498,hust-obimd-evobc-xwalk-001498;hust-obc-cat-1680;evobc-cat-00146,src-hust-obc;src-evobc,source_marked_risk_noted,needs_cross_source_review,2026-06-28
obs-xwalk-cand-001499,codepoint_crosswalk_candidate,corpus/001_oracle-characters/126_001401-001500_obs-xwalk-bucket_codepoint-xwalk/099_obs-xwalk-cand-001499_xwalk-001499_codepoint-xwalk,hust-obimd-evobc-xwalk-001499,hust-obimd-evobc-xwalk-001499;hust-obc-cat-1681;evobc-cat-00147,src-hust-obc;src-evobc,source_marked_risk_noted,needs_cross_source_review,2026-06-28
obs-xwalk-cand-001500,codepoint_crosswalk_candidate,corpus/001_oracle-characters/126_001401-001500_obs-xwalk-bucket_codepoint-xwalk/100_obs-xwalk-cand-001500_xwalk-001500_codepoint-xwalk,hust-obimd-evobc-xwalk-001500,hust-obimd-evobc-xwalk-001500;hust-obc-cat-1682_1683_1684,src-hust-obc,source_marked_risk_noted,needs_cross_source_review,2026-06-28
obs-xwalk-cand-001501,codepoint_crosswalk_candidate,corpus/001_oracle-characters/127_001501-001588_obs-xwalk-bucket_codepoint-xwalk/001_obs-xwalk-cand-001501_xwalk-001501_codepoint-xwalk,hust-obimd-evobc-xwalk-001501,hust-obimd-evobc-xwalk-001501;hust-obc-cat-1685,src-hust-obc,source_marked_risk_noted,needs_cross_source_review,2026-06-28
obs-xwalk-cand-001502,codepoint_crosswalk_candidate,corpus/001_oracle-characters/127_001501-001588_obs-xwalk-bucket_codepoint-xwalk/002_obs-xwalk-cand-001502_xwalk-001502_codepoint-xwalk,hust-obimd-evobc-xwalk-001502,hust-obimd-evobc-xwalk-001502;hust-obc-cat-1686,src-hust-obc,source_marked_risk_noted,needs_cross_source_review,2026-06-28
obs-xwalk-cand-001503,codepoint_crosswalk_candidate,corpus/001_oracle-characters/127_001501-001588_obs-xwalk-bucket_codepoint-xwalk/003_obs-xwalk-cand-001503_xwalk-001503_codepoint-xwalk,hust-obimd-evobc-xwalk-001503,hust-obimd-evobc-xwalk-001503;hust-obc-cat-1687_1688,src-hust-obc,source_marked_risk_noted,needs_cross_source_review,2026-06-28
obs-xwalk-cand-001504,codepoint_crosswalk_candidate,corpus/001_oracle-characters/127_001501-001588_obs-xwalk-bucket_codepoint-xwalk/004_obs-xwalk-cand-001504_xwalk-001504_codepoint-xwalk,hust-obimd-evobc-xwalk-001504,hust-obimd-evobc-xwalk-001504;hust-obc-cat-1689,src-hust-obc,source_marked_risk_noted,needs_cross_source_review,2026-06-28
obs-xwalk-cand-001505,codepoint_crosswalk_candidate,corpus/001_oracle-characters/127_001501-001588_obs-xwalk-bucket_codepoint-xwalk/005_obs-xwalk-cand-001505_xwalk-001505_codepoint-xwalk,hust-obimd-evobc-xwalk-001505,hust-obimd-evobc-xwalk-001505;hust-obc-cat-1690,src-hust-obc,source_marked_risk_noted,needs_cross_source_review,2026-06-28
obs-xwalk-cand-001506,codepoint_crosswalk_candidate,corpus/001_oracle-characters/127_001501-001588_obs-xwalk-bucket_codepoint-xwalk/006_obs-xwalk-cand-001506_xwalk-001506_codepoint-xwalk,hust-obimd-evobc-xwalk-001506,hust-obimd-evobc-xwalk-001506;hust-obc-cat-1691,src-hust-obc,source_marked_risk_noted,needs_cross_source_review,2026-06-28
obs-xwalk-cand-001507,codepoint_crosswalk_candidate,corpus/001_oracle-characters/127_001501-001588_obs-xwalk-bucket_codepoint-xwalk/007_obs-xwalk-cand-001507_xwalk-001507_codepoint-xwalk,hust-obimd-evobc-xwalk-001507,hust-obimd-evobc-xwalk-001507;hust-obc-cat-1692,src-hust-obc,source_marked_risk_noted,needs_cross_source_review,2026-06-28
obs-xwalk-cand-001508,codepoint_crosswalk_candidate,corpus/001_oracle-characters/127_001501-001588_obs-xwalk-bucket_codepoint-xwalk/008_obs-xwalk-cand-001508_xwalk-001508_codepoint-xwalk,hust-obimd-evobc-xwalk-001508,hust-obimd-evobc-xwalk-001508;hust-obc-cat-1693,src-hust-obc,source_marked_risk_noted,needs_cross_source_review,2026-06-28
obs-xwalk-cand-001509,codepoint_crosswalk_candidate,corpus/001_oracle-characters/127_001501-001588_obs-xwalk-bucket_codepoint-xwalk/009_obs-xwalk-cand-001509_xwalk-001509_codepoint-xwalk,hust-obimd-evobc-xwalk-001509,hust-obimd-evobc-xwalk-001509;hust-obc-cat-1694;evobc-cat-00148,src-hust-obc;src-evobc,source_marked_risk_noted,needs_cross_source_review,2026-06-28
obs-xwalk-cand-001510,codepoint_crosswalk_candidate,corpus/001_oracle-characters/127_001501-001588_obs-xwalk-bucket_codepoint-xwalk/010_obs-xwalk-cand-001510_xwalk-001510_codepoint-xwalk,hust-obimd-evobc-xwalk-001510,hust-obimd-evobc-xwalk-001510;hust-obc-cat-1695,src-hust-obc,source_marked_risk_noted,needs_cross_source_review,2026-06-28
obs-xwalk-cand-001511,codepoint_crosswalk_candidate,corpus/001_oracle-characters/127_001501-001588_obs-xwalk-bucket_codepoint-xwalk/011_obs-xwalk-cand-001511_xwalk-001511_codepoint-xwalk,hust-obimd-evobc-xwalk-001511,hust-obimd-evobc-xwalk-001511;hust-obc-cat-1696,src-hust-obc,source_marked_risk_noted,needs_cross_source_review,2026-06-28
obs-xwalk-cand-001512,codepoint_crosswalk_candidate,corpus/001_oracle-characters/127_001501-001588_obs-xwalk-bucket_codepoint-xwalk/012_obs-xwalk-cand-001512_xwalk-001512_codepoint-xwalk,hust-obimd-evobc-xwalk-001512,hust-obimd-evobc-xwalk-001512;hust-obc-cat-1697,src-hust-obc,source_marked_risk_noted,needs_cross_source_review,2026-06-28
obs-xwalk-cand-001513,codepoint_crosswalk_candidate,corpus/001_oracle-characters/127_001501-001588_obs-xwalk-bucket_codepoint-xwalk/013_obs-xwalk-cand-001513_xwalk-001513_codepoint-xwalk,hust-obimd-evobc-xwalk-001513,hust-obimd-evobc-xwalk-001513;hust-obc-cat-1698,src-hust-obc,source_marked_risk_noted,needs_cross_source_review,2026-06-28
obs-xwalk-cand-001514,codepoint_crosswalk_candidate,corpus/001_oracle-characters/127_001501-001588_obs-xwalk-bucket_codepoint-xwalk/014_obs-xwalk-cand-001514_xwalk-001514_codepoint-xwalk,hust-obimd-evobc-xwalk-001514,hust-obimd-evobc-xwalk-001514;hust-obc-cat-1699;evobc-cat-00149,src-hust-obc;src-evobc,source_marked_risk_noted,needs_cross_source_review,2026-06-28
obs-xwalk-cand-001515,codepoint_crosswalk_candidate,corpus/001_oracle-characters/127_001501-001588_obs-xwalk-bucket_codepoint-xwalk/015_obs-xwalk-cand-001515_xwalk-001515_codepoint-xwalk,hust-obimd-evobc-xwalk-001515,hust-obimd-evobc-xwalk-001515;hust-obc-cat-1700;evobc-cat-00150,src-hust-obc;src-evobc,source_marked_risk_noted,needs_cross_source_review,2026-06-28
obs-xwalk-cand-001516,codepoint_crosswalk_candidate,corpus/001_oracle-characters/127_001501-001588_obs-xwalk-bucket_codepoint-xwalk/016_obs-xwalk-cand-001516_xwalk-001516_codepoint-xwalk,hust-obimd-evobc-xwalk-001516,hust-obimd-evobc-xwalk-001516;hust-obc-cat-1701,src-hust-obc,source_marked_risk_noted,needs_cross_source_review,2026-06-28
obs-xwalk-cand-001517,codepoint_crosswalk_candidate,corpus/001_oracle-characters/127_001501-001588_obs-xwalk-bucket_codepoint-xwalk/017_obs-xwalk-cand-001517_xwalk-001517_codepoint-xwalk,hust-obimd-evobc-xwalk-001517,hust-obimd-evobc-xwalk-001517;hust-obc-cat-1702,src-hust-obc,source_marked_risk_noted,needs_cross_source_review,2026-06-28
obs-xwalk-cand-001518,codepoint_crosswalk_candidate,corpus/001_oracle-characters/127_001501-001588_obs-xwalk-bucket_codepoint-xwalk/018_obs-xwalk-cand-001518_xwalk-001518_codepoint-xwalk,hust-obimd-evobc-xwalk-001518,hust-obimd-evobc-xwalk-001518;hust-obc-cat-1703,src-hust-obc,source_marked_risk_noted,needs_cross_source_review,2026-06-28
obs-xwalk-cand-001519,codepoint_crosswalk_candidate,corpus/001_oracle-characters/127_001501-001588_obs-xwalk-bucket_codepoint-xwalk/019_obs-xwalk-cand-001519_xwalk-001519_codepoint-xwalk,hust-obimd-evobc-xwalk-001519,hust-obimd-evobc-xwalk-001519;hust-obc-cat-1704,src-hust-obc,source_marked_risk_noted,needs_cross_source_review,2026-06-28
obs-xwalk-cand-001520,codepoint_crosswalk_candidate,corpus/001_oracle-characters/127_001501-001588_obs-xwalk-bucket_codepoint-xwalk/020_obs-xwalk-cand-001520_xwalk-001520_codepoint-xwalk,hust-obimd-evobc-xwalk-001520,hust-obimd-evobc-xwalk-001520;hust-obc-cat-1705_1706,src-hust-obc,source_marked_risk_noted,needs_cross_source_review,2026-06-28
obs-xwalk-cand-001521,codepoint_crosswalk_candidate,corpus/001_oracle-characters/127_001501-001588_obs-xwalk-bucket_codepoint-xwalk/021_obs-xwalk-cand-001521_xwalk-001521_codepoint-xwalk,hust-obimd-evobc-xwalk-001521,hust-obimd-evobc-xwalk-001521;hust-obc-cat-1707,src-hust-obc,source_marked_risk_noted,needs_cross_source_review,2026-06-28
obs-xwalk-cand-001522,codepoint_crosswalk_candidate,corpus/001_oracle-characters/127_001501-001588_obs-xwalk-bucket_codepoint-xwalk/022_obs-xwalk-cand-001522_xwalk-001522_codepoint-xwalk,hust-obimd-evobc-xwalk-001522,hust-obimd-evobc-xwalk-001522;hust-obc-cat-1708,src-hust-obc,source_marked_risk_noted,needs_cross_source_review,2026-06-28
obs-xwalk-cand-001523,codepoint_crosswalk_candidate,corpus/001_oracle-characters/127_001501-001588_obs-xwalk-bucket_codepoint-xwalk/023_obs-xwalk-cand-001523_xwalk-001523_codepoint-xwalk,hust-obimd-evobc-xwalk-001523,hust-obimd-evobc-xwalk-001523;hust-obc-cat-1709,src-hust-obc,source_marked_risk_noted,needs_cross_source_review,2026-06-28
obs-xwalk-cand-001524,codepoint_crosswalk_candidate,corpus/001_oracle-characters/127_001501-001588_obs-xwalk-bucket_codepoint-xwalk/024_obs-xwalk-cand-001524_xwalk-001524_codepoint-xwalk,hust-obimd-evobc-xwalk-001524,hust-obimd-evobc-xwalk-001524;hust-obc-cat-1710;evobc-cat-00151,src-hust-obc;src-evobc,source_marked_risk_noted,needs_cross_source_review,2026-06-28
obs-xwalk-cand-001525,codepoint_crosswalk_candidate,corpus/001_oracle-characters/127_001501-001588_obs-xwalk-bucket_codepoint-xwalk/025_obs-xwalk-cand-001525_xwalk-001525_codepoint-xwalk,hust-obimd-evobc-xwalk-001525,hust-obimd-evobc-xwalk-001525;hust-obc-cat-1711,src-hust-obc,source_marked_risk_noted,needs_cross_source_review,2026-06-28
obs-xwalk-cand-001526,codepoint_crosswalk_candidate,corpus/001_oracle-characters/127_001501-001588_obs-xwalk-bucket_codepoint-xwalk/026_obs-xwalk-cand-001526_xwalk-001526_codepoint-xwalk,hust-obimd-evobc-xwalk-001526,hust-obimd-evobc-xwalk-001526;hust-obc-cat-1712,src-hust-obc,source_marked_risk_noted,needs_cross_source_review,2026-06-28
obs-xwalk-cand-001527,codepoint_crosswalk_candidate,corpus/001_oracle-characters/127_001501-001588_obs-xwalk-bucket_codepoint-xwalk/027_obs-xwalk-cand-001527_xwalk-001527_codepoint-xwalk,hust-obimd-evobc-xwalk-001527,hust-obimd-evobc-xwalk-001527;hust-obc-cat-1713,src-hust-obc,source_marked_risk_noted,needs_cross_source_review,2026-06-28
obs-xwalk-cand-001528,codepoint_crosswalk_candidate,corpus/001_oracle-characters/127_001501-001588_obs-xwalk-bucket_codepoint-xwalk/028_obs-xwalk-cand-001528_xwalk-001528_codepoint-xwalk,hust-obimd-evobc-xwalk-001528,hust-obimd-evobc-xwalk-001528;hust-obc-cat-1714,src-hust-obc,source_marked_risk_noted,needs_cross_source_review,2026-06-28
obs-xwalk-cand-001529,codepoint_crosswalk_candidate,corpus/001_oracle-characters/127_001501-001588_obs-xwalk-bucket_codepoint-xwalk/029_obs-xwalk-cand-001529_xwalk-001529_codepoint-xwalk,hust-obimd-evobc-xwalk-001529,hust-obimd-evobc-xwalk-001529;hust-obc-cat-1715,src-hust-obc,source_marked_risk_noted,needs_cross_source_review,2026-06-28
obs-xwalk-cand-001530,codepoint_crosswalk_candidate,corpus/001_oracle-characters/127_001501-001588_obs-xwalk-bucket_codepoint-xwalk/030_obs-xwalk-cand-001530_xwalk-001530_codepoint-xwalk,hust-obimd-evobc-xwalk-001530,hust-obimd-evobc-xwalk-001530;hust-obc-cat-1716,src-hust-obc,source_marked_risk_noted,needs_cross_source_review,2026-06-28
obs-xwalk-cand-001531,codepoint_crosswalk_candidate,corpus/001_oracle-characters/127_001501-001588_obs-xwalk-bucket_codepoint-xwalk/031_obs-xwalk-cand-001531_xwalk-001531_codepoint-xwalk,hust-obimd-evobc-xwalk-001531,hust-obimd-evobc-xwalk-001531;hust-obc-cat-1717,src-hust-obc,source_marked_risk_noted,needs_cross_source_review,2026-06-28
obs-xwalk-cand-001532,codepoint_crosswalk_candidate,corpus/001_oracle-characters/127_001501-001588_obs-xwalk-bucket_codepoint-xwalk/032_obs-xwalk-cand-001532_xwalk-001532_codepoint-xwalk,hust-obimd-evobc-xwalk-001532,hust-obimd-evobc-xwalk-001532;hust-obc-cat-1718,src-hust-obc,source_marked_risk_noted,needs_cross_source_review,2026-06-28
obs-xwalk-cand-001533,codepoint_crosswalk_candidate,corpus/001_oracle-characters/127_001501-001588_obs-xwalk-bucket_codepoint-xwalk/033_obs-xwalk-cand-001533_xwalk-001533_codepoint-xwalk,hust-obimd-evobc-xwalk-001533,hust-obimd-evobc-xwalk-001533;hust-obc-cat-1719,src-hust-obc,source_marked_risk_noted,needs_cross_source_review,2026-06-28
obs-xwalk-cand-001534,codepoint_crosswalk_candidate,corpus/001_oracle-characters/127_001501-001588_obs-xwalk-bucket_codepoint-xwalk/034_obs-xwalk-cand-001534_xwalk-001534_codepoint-xwalk,hust-obimd-evobc-xwalk-001534,hust-obimd-evobc-xwalk-001534;hust-obc-cat-1720,src-hust-obc,source_marked_risk_noted,needs_cross_source_review,2026-06-28
obs-xwalk-cand-001535,codepoint_crosswalk_candidate,corpus/001_oracle-characters/127_001501-001588_obs-xwalk-bucket_codepoint-xwalk/035_obs-xwalk-cand-001535_xwalk-001535_codepoint-xwalk,hust-obimd-evobc-xwalk-001535,hust-obimd-evobc-xwalk-001535;hust-obc-cat-1721,src-hust-obc,source_marked_risk_noted,needs_cross_source_review,2026-06-28
obs-xwalk-cand-001536,codepoint_crosswalk_candidate,corpus/001_oracle-characters/127_001501-001588_obs-xwalk-bucket_codepoint-xwalk/036_obs-xwalk-cand-001536_xwalk-001536_codepoint-xwalk,hust-obimd-evobc-xwalk-001536,hust-obimd-evobc-xwalk-001536;hust-obc-cat-1722,src-hust-obc,source_marked_risk_noted,needs_cross_source_review,2026-06-28
obs-xwalk-cand-001537,codepoint_crosswalk_candidate,corpus/001_oracle-characters/127_001501-001588_obs-xwalk-bucket_codepoint-xwalk/037_obs-xwalk-cand-001537_xwalk-001537_codepoint-xwalk,hust-obimd-evobc-xwalk-001537,hust-obimd-evobc-xwalk-001537;hust-obc-cat-1723_1724_1725,src-hust-obc,source_marked_risk_noted,needs_cross_source_review,2026-06-28
obs-xwalk-cand-001538,codepoint_crosswalk_candidate,corpus/001_oracle-characters/127_001501-001588_obs-xwalk-bucket_codepoint-xwalk/038_obs-xwalk-cand-001538_xwalk-001538_codepoint-xwalk,hust-obimd-evobc-xwalk-001538,hust-obimd-evobc-xwalk-001538;hust-obc-cat-1726,src-hust-obc,source_marked_risk_noted,needs_cross_source_review,2026-06-28
obs-xwalk-cand-001539,codepoint_crosswalk_candidate,corpus/001_oracle-characters/127_001501-001588_obs-xwalk-bucket_codepoint-xwalk/039_obs-xwalk-cand-001539_xwalk-001539_codepoint-xwalk,hust-obimd-evobc-xwalk-001539,hust-obimd-evobc-xwalk-001539;hust-obc-cat-1727_1728,src-hust-obc,source_marked_risk_noted,needs_cross_source_review,2026-06-28
obs-xwalk-cand-001540,codepoint_crosswalk_candidate,corpus/001_oracle-characters/127_001501-001588_obs-xwalk-bucket_codepoint-xwalk/040_obs-xwalk-cand-001540_xwalk-001540_codepoint-xwalk,hust-obimd-evobc-xwalk-001540,hust-obimd-evobc-xwalk-001540;hust-obc-cat-1729,src-hust-obc,source_marked_risk_noted,needs_cross_source_review,2026-06-28
obs-xwalk-cand-001541,codepoint_crosswalk_candidate,corpus/001_oracle-characters/127_001501-001588_obs-xwalk-bucket_codepoint-xwalk/041_obs-xwalk-cand-001541_xwalk-001541_codepoint-xwalk,hust-obimd-evobc-xwalk-001541,hust-obimd-evobc-xwalk-001541;hust-obc-cat-1730,src-hust-obc,source_marked_risk_noted,needs_cross_source_review,2026-06-28
obs-xwalk-cand-001542,codepoint_crosswalk_candidate,corpus/001_oracle-characters/127_001501-001588_obs-xwalk-bucket_codepoint-xwalk/042_obs-xwalk-cand-001542_xwalk-001542_codepoint-xwalk,hust-obimd-evobc-xwalk-001542,hust-obimd-evobc-xwalk-001542;hust-obc-cat-1731,src-hust-obc,source_marked_risk_noted,needs_cross_source_review,2026-06-28
obs-xwalk-cand-001543,codepoint_crosswalk_candidate,corpus/001_oracle-characters/127_001501-001588_obs-xwalk-bucket_codepoint-xwalk/043_obs-xwalk-cand-001543_xwalk-001543_codepoint-xwalk,hust-obimd-evobc-xwalk-001543,hust-obimd-evobc-xwalk-001543;hust-obc-cat-1732,src-hust-obc,source_marked_risk_noted,needs_cross_source_review,2026-06-28
obs-xwalk-cand-001544,codepoint_crosswalk_candidate,corpus/001_oracle-characters/127_001501-001588_obs-xwalk-bucket_codepoint-xwalk/044_obs-xwalk-cand-001544_xwalk-001544_codepoint-xwalk,hust-obimd-evobc-xwalk-001544,hust-obimd-evobc-xwalk-001544;hust-obc-cat-1733,src-hust-obc,source_marked_risk_noted,needs_cross_source_review,2026-06-28
obs-xwalk-cand-001545,codepoint_crosswalk_candidate,corpus/001_oracle-characters/127_001501-001588_obs-xwalk-bucket_codepoint-xwalk/045_obs-xwalk-cand-001545_xwalk-001545_codepoint-xwalk,hust-obimd-evobc-xwalk-001545,hust-obimd-evobc-xwalk-001545;hust-obc-cat-1734,src-hust-obc,source_marked_risk_noted,needs_cross_source_review,2026-06-28
obs-xwalk-cand-001546,codepoint_crosswalk_candidate,corpus/001_oracle-characters/127_001501-001588_obs-xwalk-bucket_codepoint-xwalk/046_obs-xwalk-cand-001546_xwalk-001546_codepoint-xwalk,hust-obimd-evobc-xwalk-001546,hust-obimd-evobc-xwalk-001546;hust-obc-cat-1735,src-hust-obc,source_marked_risk_noted,needs_cross_source_review,2026-06-28
obs-xwalk-cand-001547,codepoint_crosswalk_candidate,corpus/001_oracle-characters/127_001501-001588_obs-xwalk-bucket_codepoint-xwalk/047_obs-xwalk-cand-001547_xwalk-001547_codepoint-xwalk,hust-obimd-evobc-xwalk-001547,hust-obimd-evobc-xwalk-001547;hust-obc-cat-1736_1737_1738,src-hust-obc,source_marked_risk_noted,needs_cross_source_review,2026-06-28
obs-xwalk-cand-001548,codepoint_crosswalk_candidate,corpus/001_oracle-characters/127_001501-001588_obs-xwalk-bucket_codepoint-xwalk/048_obs-xwalk-cand-001548_xwalk-001548_codepoint-xwalk,hust-obimd-evobc-xwalk-001548,hust-obimd-evobc-xwalk-001548;hust-obc-cat-1739,src-hust-obc,source_marked_risk_noted,needs_cross_source_review,2026-06-28
obs-xwalk-cand-001549,codepoint_crosswalk_candidate,corpus/001_oracle-characters/127_001501-001588_obs-xwalk-bucket_codepoint-xwalk/049_obs-xwalk-cand-001549_xwalk-001549_codepoint-xwalk,hust-obimd-evobc-xwalk-001549,hust-obimd-evobc-xwalk-001549;hust-obc-cat-1740,src-hust-obc,source_marked_risk_noted,needs_cross_source_review,2026-06-28
obs-xwalk-cand-001550,codepoint_crosswalk_candidate,corpus/001_oracle-characters/127_001501-001588_obs-xwalk-bucket_codepoint-xwalk/050_obs-xwalk-cand-001550_xwalk-001550_codepoint-xwalk,hust-obimd-evobc-xwalk-001550,hust-obimd-evobc-xwalk-001550;hust-obc-cat-1741;obimd-main-mm49eilaqb;evobc-cat-00154,src-hust-obc;src-obimd;src-evobc,source_marked_risk_noted,needs_cross_source_review,2026-06-28
obs-xwalk-cand-001551,codepoint_crosswalk_candidate,corpus/001_oracle-characters/127_001501-001588_obs-xwalk-bucket_codepoint-xwalk/051_obs-xwalk-cand-001551_xwalk-001551_codepoint-xwalk,hust-obimd-evobc-xwalk-001551,hust-obimd-evobc-xwalk-001551;hust-obc-cat-1742,src-hust-obc,source_marked_risk_noted,needs_cross_source_review,2026-06-28
obs-xwalk-cand-001552,codepoint_crosswalk_candidate,corpus/001_oracle-characters/127_001501-001588_obs-xwalk-bucket_codepoint-xwalk/052_obs-xwalk-cand-001552_xwalk-001552_codepoint-xwalk,hust-obimd-evobc-xwalk-001552,hust-obimd-evobc-xwalk-001552;hust-obc-cat-1743,src-hust-obc,source_marked_risk_noted,needs_cross_source_review,2026-06-28
obs-xwalk-cand-001553,codepoint_crosswalk_candidate,corpus/001_oracle-characters/127_001501-001588_obs-xwalk-bucket_codepoint-xwalk/053_obs-xwalk-cand-001553_xwalk-001553_codepoint-xwalk,hust-obimd-evobc-xwalk-001553,hust-obimd-evobc-xwalk-001553;hust-obc-cat-1744,src-hust-obc,source_marked_risk_noted,needs_cross_source_review,2026-06-28
obs-xwalk-cand-001554,codepoint_crosswalk_candidate,corpus/001_oracle-characters/127_001501-001588_obs-xwalk-bucket_codepoint-xwalk/054_obs-xwalk-cand-001554_xwalk-001554_codepoint-xwalk,hust-obimd-evobc-xwalk-001554,hust-obimd-evobc-xwalk-001554;hust-obc-cat-1745,src-hust-obc,source_marked_risk_noted,needs_cross_source_review,2026-06-28
obs-xwalk-cand-001555,codepoint_crosswalk_candidate,corpus/001_oracle-characters/127_001501-001588_obs-xwalk-bucket_codepoint-xwalk/055_obs-xwalk-cand-001555_xwalk-001555_codepoint-xwalk,hust-obimd-evobc-xwalk-001555,hust-obimd-evobc-xwalk-001555;hust-obc-cat-1746,src-hust-obc,source_marked_risk_noted,needs_cross_source_review,2026-06-28
obs-xwalk-cand-001556,codepoint_crosswalk_candidate,corpus/001_oracle-characters/127_001501-001588_obs-xwalk-bucket_codepoint-xwalk/056_obs-xwalk-cand-001556_xwalk-001556_codepoint-xwalk,hust-obimd-evobc-xwalk-001556,hust-obimd-evobc-xwalk-001556;hust-obc-cat-1747,src-hust-obc,source_marked_risk_noted,needs_cross_source_review,2026-06-28
obs-xwalk-cand-001557,codepoint_crosswalk_candidate,corpus/001_oracle-characters/127_001501-001588_obs-xwalk-bucket_codepoint-xwalk/057_obs-xwalk-cand-001557_xwalk-001557_codepoint-xwalk,hust-obimd-evobc-xwalk-001557,hust-obimd-evobc-xwalk-001557;hust-obc-cat-1748;evobc-cat-00155,src-hust-obc;src-evobc,source_marked_risk_noted,needs_cross_source_review,2026-06-28
obs-xwalk-cand-001558,codepoint_crosswalk_candidate,corpus/001_oracle-characters/127_001501-001588_obs-xwalk-bucket_codepoint-xwalk/058_obs-xwalk-cand-001558_xwalk-001558_codepoint-xwalk,hust-obimd-evobc-xwalk-001558,hust-obimd-evobc-xwalk-001558;hust-obc-cat-1749,src-hust-obc,source_marked_risk_noted,needs_cross_source_review,2026-06-28
obs-xwalk-cand-001559,codepoint_crosswalk_candidate,corpus/001_oracle-characters/127_001501-001588_obs-xwalk-bucket_codepoint-xwalk/059_obs-xwalk-cand-001559_xwalk-001559_codepoint-xwalk,hust-obimd-evobc-xwalk-001559,hust-obimd-evobc-xwalk-001559;hust-obc-cat-1750,src-hust-obc,source_marked_risk_noted,needs_cross_source_review,2026-06-28
obs-xwalk-cand-001560,codepoint_crosswalk_candidate,corpus/001_oracle-characters/127_001501-001588_obs-xwalk-bucket_codepoint-xwalk/060_obs-xwalk-cand-001560_xwalk-001560_codepoint-xwalk,hust-obimd-evobc-xwalk-001560,hust-obimd-evobc-xwalk-001560;hust-obc-cat-1751;evobc-cat-00156,src-hust-obc;src-evobc,source_marked_risk_noted,needs_cross_source_review,2026-06-28
obs-xwalk-cand-001561,codepoint_crosswalk_candidate,corpus/001_oracle-characters/127_001501-001588_obs-xwalk-bucket_codepoint-xwalk/061_obs-xwalk-cand-001561_xwalk-001561_codepoint-xwalk,hust-obimd-evobc-xwalk-001561,hust-obimd-evobc-xwalk-001561;hust-obc-cat-1752,src-hust-obc,source_marked_risk_noted,needs_cross_source_review,2026-06-28
obs-xwalk-cand-001562,codepoint_crosswalk_candidate,corpus/001_oracle-characters/127_001501-001588_obs-xwalk-bucket_codepoint-xwalk/062_obs-xwalk-cand-001562_xwalk-001562_codepoint-xwalk,hust-obimd-evobc-xwalk-001562,hust-obimd-evobc-xwalk-001562;hust-obc-cat-1753;evobc-cat-00157,src-hust-obc;src-evobc,source_marked_risk_noted,needs_cross_source_review,2026-06-28
obs-xwalk-cand-001563,codepoint_crosswalk_candidate,corpus/001_oracle-characters/127_001501-001588_obs-xwalk-bucket_codepoint-xwalk/063_obs-xwalk-cand-001563_xwalk-001563_codepoint-xwalk,hust-obimd-evobc-xwalk-001563,hust-obimd-evobc-xwalk-001563;hust-obc-cat-1754,src-hust-obc,source_marked_risk_noted,needs_cross_source_review,2026-06-28
obs-xwalk-cand-001564,codepoint_crosswalk_candidate,corpus/001_oracle-characters/127_001501-001588_obs-xwalk-bucket_codepoint-xwalk/064_obs-xwalk-cand-001564_xwalk-001564_codepoint-xwalk,hust-obimd-evobc-xwalk-001564,hust-obimd-evobc-xwalk-001564;hust-obc-cat-1755,src-hust-obc,source_marked_risk_noted,needs_cross_source_review,2026-06-28
obs-xwalk-cand-001565,codepoint_crosswalk_candidate,corpus/001_oracle-characters/127_001501-001588_obs-xwalk-bucket_codepoint-xwalk/065_obs-xwalk-cand-001565_xwalk-001565_codepoint-xwalk,hust-obimd-evobc-xwalk-001565,hust-obimd-evobc-xwalk-001565;hust-obc-cat-1756_1757,src-hust-obc,source_marked_risk_noted,needs_cross_source_review,2026-06-28
obs-xwalk-cand-001566,codepoint_crosswalk_candidate,corpus/001_oracle-characters/127_001501-001588_obs-xwalk-bucket_codepoint-xwalk/066_obs-xwalk-cand-001566_xwalk-001566_codepoint-xwalk,hust-obimd-evobc-xwalk-001566,hust-obimd-evobc-xwalk-001566;hust-obc-cat-1758,src-hust-obc,source_marked_risk_noted,needs_cross_source_review,2026-06-28
obs-xwalk-cand-001567,codepoint_crosswalk_candidate,corpus/001_oracle-characters/127_001501-001588_obs-xwalk-bucket_codepoint-xwalk/067_obs-xwalk-cand-001567_xwalk-001567_codepoint-xwalk,hust-obimd-evobc-xwalk-001567,hust-obimd-evobc-xwalk-001567;hust-obc-cat-1759,src-hust-obc,source_marked_risk_noted,needs_cross_source_review,2026-06-28
obs-xwalk-cand-001568,codepoint_crosswalk_candidate,corpus/001_oracle-characters/127_001501-001588_obs-xwalk-bucket_codepoint-xwalk/068_obs-xwalk-cand-001568_xwalk-001568_codepoint-xwalk,hust-obimd-evobc-xwalk-001568,hust-obimd-evobc-xwalk-001568;hust-obc-cat-1760,src-hust-obc,source_marked_risk_noted,needs_cross_source_review,2026-06-28
obs-xwalk-cand-001569,codepoint_crosswalk_candidate,corpus/001_oracle-characters/127_001501-001588_obs-xwalk-bucket_codepoint-xwalk/069_obs-xwalk-cand-001569_xwalk-001569_codepoint-xwalk,hust-obimd-evobc-xwalk-001569,hust-obimd-evobc-xwalk-001569;hust-obc-cat-1761,src-hust-obc,source_marked_risk_noted,needs_cross_source_review,2026-06-28
obs-xwalk-cand-001570,codepoint_crosswalk_candidate,corpus/001_oracle-characters/127_001501-001588_obs-xwalk-bucket_codepoint-xwalk/070_obs-xwalk-cand-001570_xwalk-001570_codepoint-xwalk,hust-obimd-evobc-xwalk-001570,hust-obimd-evobc-xwalk-001570;hust-obc-cat-1762;evobc-cat-00159,src-hust-obc;src-evobc,source_marked_risk_noted,needs_cross_source_review,2026-06-28
obs-xwalk-cand-001571,codepoint_crosswalk_candidate,corpus/001_oracle-characters/127_001501-001588_obs-xwalk-bucket_codepoint-xwalk/071_obs-xwalk-cand-001571_xwalk-001571_codepoint-xwalk,hust-obimd-evobc-xwalk-001571,hust-obimd-evobc-xwalk-001571;hust-obc-cat-1763,src-hust-obc,source_marked_risk_noted,needs_cross_source_review,2026-06-28
obs-xwalk-cand-001572,codepoint_crosswalk_candidate,corpus/001_oracle-characters/127_001501-001588_obs-xwalk-bucket_codepoint-xwalk/072_obs-xwalk-cand-001572_xwalk-001572_codepoint-xwalk,hust-obimd-evobc-xwalk-001572,hust-obimd-evobc-xwalk-001572;hust-obc-cat-1764,src-hust-obc,source_marked_risk_noted,needs_cross_source_review,2026-06-28
obs-xwalk-cand-001573,codepoint_crosswalk_candidate,corpus/001_oracle-characters/127_001501-001588_obs-xwalk-bucket_codepoint-xwalk/073_obs-xwalk-cand-001573_xwalk-001573_codepoint-xwalk,hust-obimd-evobc-xwalk-001573,hust-obimd-evobc-xwalk-001573;hust-obc-cat-1765,src-hust-obc,source_marked_risk_noted,needs_cross_source_review,2026-06-28
obs-xwalk-cand-001574,codepoint_crosswalk_candidate,corpus/001_oracle-characters/127_001501-001588_obs-xwalk-bucket_codepoint-xwalk/074_obs-xwalk-cand-001574_xwalk-001574_codepoint-xwalk,hust-obimd-evobc-xwalk-001574,hust-obimd-evobc-xwalk-001574;hust-obc-cat-1766,src-hust-obc,source_marked_risk_noted,needs_cross_source_review,2026-06-28
obs-xwalk-cand-001575,codepoint_crosswalk_candidate,corpus/001_oracle-characters/127_001501-001588_obs-xwalk-bucket_codepoint-xwalk/075_obs-xwalk-cand-001575_xwalk-001575_codepoint-xwalk,hust-obimd-evobc-xwalk-001575,hust-obimd-evobc-xwalk-001575;hust-obc-cat-1767,src-hust-obc,source_marked_risk_noted,needs_cross_source_review,2026-06-28
obs-xwalk-cand-001576,codepoint_crosswalk_candidate,corpus/001_oracle-characters/127_001501-001588_obs-xwalk-bucket_codepoint-xwalk/076_obs-xwalk-cand-001576_xwalk-001576_codepoint-xwalk,hust-obimd-evobc-xwalk-001576,hust-obimd-evobc-xwalk-001576;hust-obc-cat-1768,src-hust-obc,source_marked_risk_noted,needs_cross_source_review,2026-06-28
obs-xwalk-cand-001577,codepoint_crosswalk_candidate,corpus/001_oracle-characters/127_001501-001588_obs-xwalk-bucket_codepoint-xwalk/077_obs-xwalk-cand-001577_xwalk-001577_codepoint-xwalk,hust-obimd-evobc-xwalk-001577,hust-obimd-evobc-xwalk-001577;hust-obc-cat-1769,src-hust-obc,source_marked_risk_noted,needs_cross_source_review,2026-06-28
obs-xwalk-cand-001578,codepoint_crosswalk_candidate,corpus/001_oracle-characters/127_001501-001588_obs-xwalk-bucket_codepoint-xwalk/078_obs-xwalk-cand-001578_xwalk-001578_codepoint-xwalk,hust-obimd-evobc-xwalk-001578,hust-obimd-evobc-xwalk-001578;hust-obc-cat-1770,src-hust-obc,source_marked_risk_noted,needs_cross_source_review,2026-06-28
obs-xwalk-cand-001579,codepoint_crosswalk_candidate,corpus/001_oracle-characters/127_001501-001588_obs-xwalk-bucket_codepoint-xwalk/079_obs-xwalk-cand-001579_xwalk-001579_codepoint-xwalk,hust-obimd-evobc-xwalk-001579,hust-obimd-evobc-xwalk-001579;hust-obc-cat-1771,src-hust-obc,source_marked_risk_noted,needs_cross_source_review,2026-06-28
obs-xwalk-cand-001580,codepoint_crosswalk_candidate,corpus/001_oracle-characters/127_001501-001588_obs-xwalk-bucket_codepoint-xwalk/080_obs-xwalk-cand-001580_xwalk-001580_codepoint-xwalk,hust-obimd-evobc-xwalk-001580,hust-obimd-evobc-xwalk-001580;hust-obc-cat-1772,src-hust-obc,source_marked_risk_noted,needs_cross_source_review,2026-06-28
obs-xwalk-cand-001581,codepoint_crosswalk_candidate,corpus/001_oracle-characters/127_001501-001588_obs-xwalk-bucket_codepoint-xwalk/081_obs-xwalk-cand-001581_xwalk-001581_codepoint-xwalk,hust-obimd-evobc-xwalk-001581,hust-obimd-evobc-xwalk-001581;hust-obc-cat-1773,src-hust-obc,source_marked_risk_noted,needs_cross_source_review,2026-06-28
obs-xwalk-cand-001582,codepoint_crosswalk_candidate,corpus/001_oracle-characters/127_001501-001588_obs-xwalk-bucket_codepoint-xwalk/082_obs-xwalk-cand-001582_xwalk-001582_codepoint-xwalk,hust-obimd-evobc-xwalk-001582,hust-obimd-evobc-xwalk-001582;hust-obc-cat-1774,src-hust-obc,source_marked_risk_noted,needs_cross_source_review,2026-06-28
obs-xwalk-cand-001583,codepoint_crosswalk_candidate,corpus/001_oracle-characters/127_001501-001588_obs-xwalk-bucket_codepoint-xwalk/083_obs-xwalk-cand-001583_xwalk-001583_codepoint-xwalk,hust-obimd-evobc-xwalk-001583,hust-obimd-evobc-xwalk-001583;hust-obc-cat-1775,src-hust-obc,source_marked_risk_noted,needs_cross_source_review,2026-06-28
obs-xwalk-cand-001584,codepoint_crosswalk_candidate,corpus/001_oracle-characters/127_001501-001588_obs-xwalk-bucket_codepoint-xwalk/084_obs-xwalk-cand-001584_xwalk-001584_codepoint-xwalk,hust-obimd-evobc-xwalk-001584,hust-obimd-evobc-xwalk-001584;hust-obc-cat-1776,src-hust-obc,source_marked_risk_noted,needs_cross_source_review,2026-06-28
obs-xwalk-cand-001585,codepoint_crosswalk_candidate,corpus/001_oracle-characters/127_001501-001588_obs-xwalk-bucket_codepoint-xwalk/085_obs-xwalk-cand-001585_xwalk-001585_codepoint-xwalk,hust-obimd-evobc-xwalk-001585,hust-obimd-evobc-xwalk-001585;hust-obc-cat-1777,src-hust-obc,source_marked_risk_noted,needs_cross_source_review,2026-06-28
obs-xwalk-cand-001586,codepoint_crosswalk_candidate,corpus/001_oracle-characters/127_001501-001588_obs-xwalk-bucket_codepoint-xwalk/086_obs-xwalk-cand-001586_xwalk-001586_codepoint-xwalk,hust-obimd-evobc-xwalk-001586,hust-obimd-evobc-xwalk-001586;hust-obc-cat-1778,src-hust-obc,source_marked_risk_noted,needs_cross_source_review,2026-06-28
obs-xwalk-cand-001587,codepoint_crosswalk_candidate,corpus/001_oracle-characters/127_001501-001588_obs-xwalk-bucket_codepoint-xwalk/087_obs-xwalk-cand-001587_xwalk-001587_codepoint-xwalk,hust-obimd-evobc-xwalk-001587,hust-obimd-evobc-xwalk-001587;hust-obc-cat-1779_1780,src-hust-obc,source_marked_risk_noted,needs_cross_source_review,2026-06-28
obs-xwalk-cand-001588,codepoint_crosswalk_candidate,corpus/001_oracle-characters/127_001501-001588_obs-xwalk-bucket_codepoint-xwalk/088_obs-xwalk-cand-001588_xwalk-001588_codepoint-xwalk,hust-obimd-evobc-xwalk-001588,hust-obimd-evobc-xwalk-001588;hust-obc-cat-1781,src-hust-obc,source_marked_risk_noted,needs_cross_source_review,2026-06-28
